{
"type": "Feature",
"properties": {"id":"cshapes-20-1886-01-01","edge_precision":"unknown","cshapes_gwcode":20,"cshapes_name":"Canada","cshapes_first_day":"1886-01-01","cshapes_last_day":"1948-07-21","cshapes_status":"independent","cshapes_owner":20,"cshapes_borders_defined":true},
"geometry": {"type": "MultiPolygon", "coordinates": [
[
[
[-141.003,69.6424],
[-141.0017,60.9664],
[-140.9955,60.3072],
[-140.5214,60.2222],
[-140.4508,60.3097],
[-139.9794,60.1878],
[-139.6767,60.3405],
[-139.0669,60.3447],
[-139.0822,60.2875],
[-139.1864,60.0956],
[-139.1614,60.0703],
[-139.0478,59.9975],
[-138.6903,59.9069],
[-138.667,59.8384],
[-138.651,59.8101],
[-138.6158,59.7742],
[-137.5908,59.2386],
[-137.4991,59.0414],
[-137.4837,58.9903],
[-137.5063,58.9379],
[-137.4976,58.9144],
[-137.4718,58.9067],
[-137.4239,58.9128],
[-137.2961,58.99],
[-136.9697,59.0983],
[-136.8089,59.1653],
[-136.5839,59.1633],
[-136.4865,59.2558],
[-136.4626,59.296],
[-136.4636,59.4697],
[-136.3716,59.4525],
[-136.2965,59.4736],
[-136.2339,59.5258],
[-136.2392,59.5614],
[-136.3451,59.6017],
[-136.3105,59.6125],
[-136.2078,59.6394],
[-135.9492,59.6692],
[-135.4736,59.8019],
[-135.1775,59.6369],
[-135.1542,59.6272],
[-135.0972,59.6214],
[-135.0145,59.5675],
[-135.0178,59.4989],
[-135.0281,59.4693],
[-135.0633,59.458],
[-135.0917,59.4269],
[-134.9519,59.28],
[-134.688,59.2433],
[-134.6735,59.2075],
[-134.6508,59.1855],
[-134.5664,59.1305],
[-134.4667,59.1291],
[-134.3828,59.0536],
[-134.3256,58.9711],
[-134.3275,58.9255],
[-134.2383,58.8544],
[-133.8269,58.7261],
[-133.7358,58.6447],
[-133.5589,58.528],
[-133.43,58.4592],
[-133.3879,58.4121],
[-133.4089,58.4003],
[-133.4303,58.36],
[-133.3611,58.2805],
[-133.3061,58.2572],
[-133.2336,58.2114],
[-133.137,58.1358],
[-133.0708,58.0122],
[-132.8773,57.8594],
[-132.8159,57.798],
[-132.7628,57.7201],
[-132.4982,57.4704],
[-132.3744,57.3751],
[-132.2267,57.2047],
[-132.3242,57.0892],
[-132.0275,57.0364],
[-132.1031,56.8667],
[-131.8617,56.7958],
[-131.858,56.7189],
[-131.8244,56.5984],
[-131.5486,56.5994],
[-131.29,56.5005],
[-131.0628,56.4008],
[-130.7744,56.3661],
[-130.6272,56.2586],
[-130.4619,56.2353],
[-130.4475,56.2064],
[-130.3653,56.1239],
[-130.2292,56.0903],
[-130.0886,56.118],
[-130.0145,56.0249],
[-130.0149,55.9096],
[-129.9954,55.9266],
[-129.9661,55.9225],
[-130.0395,55.8383],
[-130.1149,55.7766],
[-130.1283,55.736],
[-130.1026,55.5615],
[-130.0086,55.3708],
[-129.9464,55.2854],
[-130.0422,55.2061],
[-130.0724,55.19],
[-130.1164,55.1454],
[-130.1606,55.0805],
[-130.1278,55.0139],
[-130.109,54.9939],
[-130.0788,54.9926],
[-130.0284,55.0364],
[-129.915,55.1586],
[-129.8157,55.2865],
[-129.7814,55.3567],
[-129.7722,55.4794],
[-129.7826,55.4982],
[-129.787,55.5667],
[-129.7077,55.453],
[-129.6826,55.4703],
[-129.6286,55.458],
[-129.4782,55.4708],
[-129.5086,55.4444],
[-129.5325,55.439],
[-129.6137,55.4439],
[-129.6403,55.4361],
[-129.9589,55.0957],
[-129.9756,55.0669],
[-129.9815,55.0133],
[-129.9099,54.9971],
[-129.877,55.0055],
[-129.8,55.0069],
[-129.6237,55.0001],
[-129.6455,54.9837],
[-130.032,54.9653],
[-130.0521,54.9564],
[-130.1679,54.8541],
[-130.1996,54.7288],
[-130.0281,54.6419],
[-129.9103,54.6056],
[-129.9808,54.61],
[-130.0269,54.623],
[-130.1603,54.7003],
[-130.2328,54.7087],
[-130.3324,54.6899],
[-130.3557,54.6794],
[-130.3714,54.6614],
[-130.3697,54.64],
[-130.3138,54.5863],
[-130.0375,54.3423],
[-129.9601,54.3196],
[-129.9879,54.3117],
[-130.0604,54.338],
[-130.2228,54.4719],
[-130.3322,54.5786],
[-130.3825,54.62],
[-130.4119,54.6287],
[-130.4379,54.6202],
[-130.43,54.5625],
[-130.4336,54.4967],
[-130.475,54.4332],
[-130.4839,54.4017],
[-130.4811,54.3647],
[-130.4554,54.3376],
[-130.3408,54.3283],
[-130.3087,54.318],
[-130.2755,54.3463],
[-130.2386,54.295],
[-130.2281,54.2586],
[-130.1917,54.1933],
[-130.1179,54.155],
[-130.0375,54.173],
[-129.9735,54.2039],
[-129.8714,54.2353],
[-129.7766,54.2348],
[-129.6853,54.2224],
[-129.5646,54.2254],
[-129.5152,54.243],
[-129.4743,54.2394],
[-129.6142,54.1789],
[-129.8319,54.2194],
[-130.0492,54.151],
[-130.0701,54.1249],
[-130.0911,54.0689],
[-130.1003,53.9443],
[-130.0477,53.885],
[-129.8308,53.7472],
[-129.6292,53.5878],
[-129.3536,53.4078],
[-129.2728,53.3792],
[-129.2375,53.4336],
[-129.2314,53.5008],
[-129.2374,53.6108],
[-129.2175,53.6403],
[-129.1176,53.7137],
[-128.9319,53.7747],
[-128.7266,53.9386],
[-128.6871,53.9937],
[-128.6062,54.0298],
[-128.6438,53.955],
[-128.6789,53.9092],
[-128.6629,53.8861],
[-128.6173,53.8685],
[-128.5021,53.8574],
[-128.4767,53.8385],
[-128.6694,53.8429],
[-128.7706,53.7958],
[-128.7924,53.7722],
[-128.7728,53.7333],
[-128.7842,53.6756],
[-128.8146,53.6534],
[-128.8148,53.6212],
[-128.5442,53.4797],
[-128.4859,53.4867],
[-128.4545,53.4992],
[-128.3014,53.4783],
[-128.1269,53.4811],
[-127.9881,53.3539],
[-127.925,53.3245],
[-127.933,53.2933],
[-127.9226,53.2737],
[-127.8709,53.2372],
[-127.9486,53.2543],
[-127.9561,53.2736],
[-127.9519,53.3154],
[-128.0708,53.3941],
[-128.0996,53.4368],
[-128.1319,53.4489],
[-128.1897,53.46],
[-128.4295,53.4298],
[-128.4456,53.4146],
[-128.5236,53.3967],
[-128.6925,53.4853],
[-128.7863,53.5616],
[-128.9696,53.5532],
[-128.9592,53.5028],
[-128.9219,53.4536],
[-128.888,53.425],
[-128.8783,53.3164],
[-128.8539,53.2797],
[-128.7011,53.1955],
[-128.672,53.1915],
[-128.6255,53.2022],
[-128.5397,53.1319],
[-128.4939,52.8869],
[-128.4324,52.8192],
[-128.3003,52.8003],
[-128.2342,52.8071],
[-128.1317,52.8764],
[-128.1205,52.7572],
[-128.1853,52.6711],
[-128.2406,52.5608],
[-128.222,52.4702],
[-128.2599,52.4006],
[-128.2858,52.4003],
[-128.3297,52.3803],
[-128.3939,52.2914],
[-128.2958,52.2724],
[-128.2292,52.3264],
[-128.1483,52.4222],
[-128.1023,52.4977],
[-128.035,52.5387],
[-127.8837,52.5774],
[-127.8908,52.5477],
[-128.0095,52.5086],
[-128.0553,52.4746],
[-128.0676,52.4508],
[-128.0582,52.3975],
[-128.007,52.3374],
[-127.9666,52.3232],
[-127.9093,52.4054],
[-127.9273,52.4292],
[-127.8934,52.5115],
[-127.8701,52.503],
[-127.9053,52.2789],
[-127.873,52.2233],
[-127.8573,52.2126],
[-127.8047,52.2489],
[-127.7416,52.2765],
[-127.615,52.2933],
[-127.4894,52.3621],
[-127.4654,52.3955],
[-127.4008,52.4244],
[-127.3335,52.4339],
[-127.2613,52.4705],
[-127.2784,52.502],
[-127.2572,52.5458],
[-127.1345,52.6094],
[-127.047,52.6452],
[-126.982,52.7185],
[-127.0196,52.8367],
[-126.9742,52.8337],
[-126.9228,52.7226],
[-126.9854,52.636],
[-127.0739,52.6158],
[-127.1917,52.5539],
[-127.2358,52.51],
[-127.2281,52.453],
[-127.1864,52.3808],
[-127.1494,52.3503],
[-127.0825,52.335],
[-127.0028,52.335],
[-126.9713,52.343],
[-126.9446,52.3651],
[-126.7928,52.3955],
[-126.7577,52.3908],
[-126.7343,52.3715],
[-126.8175,52.3646],
[-126.8736,52.3508],
[-126.9324,52.3235],
[-126.9408,52.3039],
[-126.9036,52.2103],
[-126.8636,52.1819],
[-126.8242,52.169],
[-126.7636,52.1325],
[-126.667,52.0353],
[-126.6754,51.9909],
[-126.6926,52.0264],
[-126.752,52.0786],
[-126.8275,52.128],
[-126.9644,52.2717],
[-127.0072,52.3037],
[-127.1746,52.3092],
[-127.2424,52.2505],
[-127.294,52.2295],
[-127.3542,52.2247],
[-127.4515,52.1764],
[-127.4272,52.126],
[-127.5901,52.0368],
[-127.6137,52.0342],
[-127.5867,52.0917],
[-127.5672,52.0999],
[-127.5131,52.0942],
[-127.4717,52.1042],
[-127.4711,52.1446],
[-127.4994,52.1517],
[-127.5803,52.1292],
[-127.6255,52.0929],
[-127.6515,52.0501],
[-127.6644,51.9539],
[-127.7931,51.9398],
[-127.8648,51.9009],
[-127.8854,51.8554],
[-127.8897,51.8031],
[-127.8761,51.6686],
[-127.7872,51.5603],
[-127.7128,51.5044],
[-127.7514,51.4927],
[-127.7192,51.459],
[-127.6592,51.4575],
[-127.6381,51.4596],
[-127.5778,51.5142],
[-127.5599,51.5412],
[-127.5464,51.6275],
[-127.5856,51.6778],
[-127.572,51.7069],
[-127.4483,51.7772],
[-127.3473,51.8579],
[-127.3613,51.7736],
[-127.4275,51.7319],
[-127.4375,51.6752],
[-127.4079,51.6678],
[-127.0539,51.6978],
[-126.6981,51.6646],
[-126.6449,51.7033],
[-126.666,51.7694],
[-126.6603,51.7922],
[-126.6375,51.7718],
[-126.6065,51.7161],
[-126.62,51.68],
[-126.6593,51.6501],
[-126.7081,51.6419],
[-127.0958,51.6681],
[-127.2333,51.6625],
[-127.3761,51.645],
[-127.4964,51.6143],
[-127.5157,51.5908],
[-127.5211,51.5639],
[-127.5142,51.533],
[-127.5517,51.4683],
[-127.6506,51.408],
[-127.6889,51.3908],
[-127.7343,51.3829],
[-127.7833,51.35],
[-127.7676,51.3212],
[-127.4628,51.3417],
[-127.4522,51.3158],
[-127.3958,51.3022],
[-127.2856,51.3008],
[-127.1853,51.3253],
[-127.121,51.3834],
[-127.1178,51.3575],
[-127.1326,51.3285],
[-127.2206,51.2886],
[-127.3701,51.2743],
[-127.4514,51.2919],
[-127.5656,51.2931],
[-127.7619,51.2494],
[-127.786,51.2287],
[-127.796,51.1997],
[-127.79,51.1655],
[-127.673,51.0982],
[-127.6407,51.0921],
[-127.5561,51.1],
[-127.5013,51.1161],
[-127.3886,51.0681],
[-127.2383,51.0569],
[-127.1411,51.0603],
[-126.8497,51.0931],
[-126.7175,51.1328],
[-126.6875,51.1608],
[-126.6798,51.1879],
[-126.6576,51.1903],
[-126.6516,51.1546],
[-126.6893,51.1126],
[-126.8217,51.0659],
[-126.8701,51.0728],
[-126.9484,51.0671],
[-127.0961,51.0439],
[-127.2186,51.0408],
[-127.3306,51.0483],
[-127.3749,51.0575],
[-127.4775,51.0975],
[-127.4989,51.0983],
[-127.5374,51.0057],
[-127.4306,50.9405],
[-127.3344,50.9069],
[-127.2436,50.8967],
[-127.1328,50.8622],
[-127.0403,50.8197],
[-127.0186,50.8185],
[-126.9688,50.8666],
[-127.0132,50.8681],
[-127.1731,50.9222],
[-127.1122,50.9311],
[-127.0147,50.9039],
[-126.8128,50.9125],
[-126.7217,50.8761],
[-126.6696,50.8672],
[-126.5731,50.9022],
[-126.4193,50.9374],
[-126.2455,50.9233],
[-126.1793,50.948],
[-126.1797,50.9222],
[-126.2113,50.9031],
[-126.2464,50.8986],
[-126.3633,50.9017],
[-126.4884,50.9177],
[-126.5338,50.9],
[-126.5555,50.879],
[-126.5573,50.8403],
[-126.4933,50.8164],
[-126.4316,50.8252],
[-126.3761,50.8553],
[-126.1989,50.8558],
[-126.1117,50.7539],
[-126.212,50.7035],
[-126.1356,50.6815],
[-125.9638,50.6887],
[-125.8153,50.7072],
[-125.7311,50.7355],
[-125.6911,50.7714],
[-125.6103,50.8989],
[-125.5833,50.9747],
[-125.6381,51.0661],
[-125.6373,51.0902],
[-125.6108,51.0878],
[-125.5586,51.0493],
[-125.5079,50.9415],
[-125.5404,50.8679],
[-125.6201,50.7521],
[-125.7383,50.6822],
[-125.9086,50.664],
[-126.0174,50.662],
[-126.2702,50.6274],
[-126.2381,50.5914],
[-126.1861,50.5574],
[-126.2769,50.5163],
[-126.1933,50.4903],
[-126.0633,50.4708],
[-125.9604,50.4689],
[-125.8557,50.499],
[-125.7037,50.4295],
[-125.6444,50.4435],
[-125.6113,50.4879],
[-125.5862,50.5367],
[-125.5611,50.6426],
[-125.5425,50.666],
[-125.468,50.7112],
[-125.4325,50.7111],
[-125.4538,50.6769],
[-125.5098,50.6571],
[-125.5322,50.6272],
[-125.5485,50.4976],
[-125.4883,50.4564],
[-125.3361,50.4797],
[-125.2461,50.4622],
[-125.2047,50.419],
[-125.1828,50.4128],
[-125.1175,50.438],
[-125.1167,50.4773],
[-125.1018,50.4985],
[-124.9289,50.5964],
[-124.9045,50.6216],
[-124.9122,50.6994],
[-124.945,50.7753],
[-124.9244,50.8347],
[-124.8567,50.9321],
[-124.8069,50.9196],
[-124.7878,50.886],
[-124.8728,50.8146],
[-124.8544,50.6914],
[-124.8589,50.5882],
[-124.8808,50.5605],
[-124.9682,50.4996],
[-125.0451,50.481],
[-125.087,50.3476],
[-125.0696,50.3194],
[-124.9392,50.3253],
[-124.83,50.3094],
[-124.7392,50.3519],
[-124.7117,50.3755],
[-124.4275,50.4622],
[-124.3565,50.4959],
[-124.3908,50.4564],
[-124.4274,50.4344],
[-124.52,50.4],
[-124.5418,50.3949],
[-124.6019,50.4028],
[-124.6549,50.3876],
[-124.7131,50.3238],
[-124.635,50.2833],
[-124.6029,50.2404],
[-124.6169,50.1792],
[-124.7033,49.9955],
[-124.8181,50.0639],
[-124.8033,50.0203],
[-124.7731,49.9858],
[-124.7028,49.935],
[-124.572,49.8744],
[-124.5297,49.8394],
[-124.521,49.8056],
[-124.4328,49.7676],
[-124.1814,49.7732],
[-124.0874,49.7975],
[-124.0601,49.8405],
[-124.0704,49.8726],
[-124.0351,49.918],
[-124.0083,49.8475],
[-124.0042,49.8105],
[-123.9822,49.8037],
[-123.9243,49.8301],
[-123.9142,49.8728],
[-123.9735,49.9115],
[-123.9919,49.9433],
[-123.9984,50.0022],
[-123.9547,50.0292],
[-123.8701,50.0579],
[-123.8136,50.0907],
[-123.8772,50.1482],
[-123.9305,50.161],
[-123.9872,50.2109],
[-123.826,50.1546],
[-123.749,50.0851],
[-123.8022,50.0424],
[-123.9262,49.9916],
[-123.9568,49.9576],
[-123.9453,49.94],
[-123.8924,49.9235],
[-123.8728,49.8724],
[-123.8802,49.8341],
[-123.9347,49.7761],
[-123.8064,49.6435],
[-123.6832,49.652],
[-123.5788,49.6785],
[-123.5358,49.6971],
[-123.5551,49.6722],
[-123.615,49.6392],
[-123.737,49.6054],
[-123.7706,49.576],
[-123.7539,49.5378],
[-123.7653,49.5098],
[-123.7916,49.5101],
[-123.8232,49.5839],
[-123.8311,49.6222],
[-123.8769,49.6833],
[-123.938,49.7407],
[-123.9661,49.7457],
[-124.0132,49.7311],
[-124.0306,49.7165],
[-124.07,49.6415],
[-123.9617,49.5119],
[-123.8905,49.4689],
[-123.775,49.4583],
[-123.5403,49.3824],
[-123.5165,49.3855],
[-123.4803,49.4143],
[-123.4737,49.446],
[-123.4878,49.462],
[-123.4917,49.5084],
[-123.3878,49.5543],
[-123.3433,49.5614],
[-123.2684,49.6021],
[-123.2465,49.6471],
[-123.1656,49.7012],
[-123.154,49.6828],
[-123.2016,49.6157],
[-123.2511,49.5265],
[-123.2542,49.3847],
[-123.2364,49.3389],
[-123.041,49.3129],
[-122.9314,49.328],
[-122.9014,49.3605],
[-122.8825,49.4004],
[-122.8756,49.448],
[-122.8551,49.4381],
[-122.8771,49.3453],
[-122.9181,49.2908],
[-122.9433,49.2842],
[-123.0945,49.2839],
[-123.2479,49.2725],
[-123.2074,49.1254],
[-123.1436,49.1078],
[-123.0937,48.9994],
[-123.0357,49.0011],
[-123.0478,49.0253],
[-123.0306,49.0471],
[-122.9417,49.0825],
[-122.9094,49.0872],
[-122.8676,49.0791],
[-122.8753,49.0319],
[-122.8224,49.0069],
[-122.7578,48.9974],
[-117.0366,49.0031],
[-95.1542,48.9994],
[-95.1498,49.3716],
[-95.0819,49.3596],
[-94.932,49.3585],
[-94.8178,49.3055],
[-94.7983,49.1575],
[-94.7058,48.9332],
[-94.701,48.9025],
[-94.7081,48.7968],
[-94.695,48.7787],
[-94.6058,48.7244],
[-94.5008,48.6969],
[-94.461,48.695],
[-94.4004,48.7108],
[-94.2985,48.7072],
[-94.2674,48.6959],
[-94.2479,48.661],
[-94.1342,48.6428],
[-93.8587,48.6286],
[-93.834,48.6164],
[-93.8048,48.5319],
[-93.7858,48.5171],
[-93.6607,48.5151],
[-93.4963,48.5386],
[-93.4642,48.5517],
[-93.4541,48.5843],
[-93.4083,48.6086],
[-93.245,48.6405],
[-92.9513,48.6226],
[-92.7153,48.5414],
[-92.6978,48.4853],
[-92.4553,48.3942],
[-92.4264,48.3117],
[-92.3599,48.2317],
[-92.2914,48.2489],
[-92.2861,48.27],
[-92.2998,48.2994],
[-92.2768,48.335],
[-92.2572,48.3469],
[-92.1417,48.3572],
[-92.0394,48.3453],
[-92.0081,48.281],
[-91.9637,48.2405],
[-91.8506,48.2039],
[-91.7401,48.1914],
[-91.6451,48.0983],
[-91.5736,48.093],
[-91.4183,48.0411],
[-91.3868,48.0589],
[-91.2406,48.0836],
[-91.1261,48.155],
[-90.9283,48.2286],
[-90.8686,48.2375],
[-90.8352,48.2271],
[-90.8358,48.2045],
[-90.7739,48.1037],
[-90.7499,48.0928],
[-90.1465,48.1214],
[-90.0656,48.1065],
[-89.9942,48.0253],
[-89.8998,47.9906],
[-89.7556,48.0296],
[-89.5729,48.0023],
[-89.4478,48.0033],
[-89.3567,47.9797],
[-88.6917,48.2556],
[-88.3681,48.3122],
[-86.5689,47.6083],
[-84.8646,46.9058],
[-84.775,46.653],
[-84.565,46.4664],
[-84.484,46.4602],
[-84.4314,46.5017],
[-84.4086,46.5086],
[-84.1928,46.5467],
[-84.1253,46.5294],
[-84.1201,46.5071],
[-84.1603,46.425],
[-84.1576,46.3942],
[-84.1025,46.2403],
[-84.0767,46.203],
[-83.9543,46.0705],
[-83.9238,46.0706],
[-83.8383,46.1255],
[-83.6631,46.1261],
[-83.5961,46.1142],
[-83.479,46.0401],
[-83.4478,46.0119],
[-83.5978,45.8272],
[-82.5431,45.3558],
[-82.1303,43.5853],
[-82.4188,43.0186],
[-82.4635,42.9014],
[-82.4815,42.8264],
[-82.4729,42.7608],
[-82.5174,42.6276],
[-82.5358,42.5994],
[-82.579,42.5637],
[-82.6627,42.5453],
[-82.8012,42.418],
[-82.9406,42.3575],
[-83.0272,42.3319],
[-83.0845,42.2994],
[-83.1129,42.2653],
[-83.1325,42.2208],
[-83.1686,42.0461],
[-83.0764,41.8674],
[-82.6967,41.6839],
[-82.4253,41.6756],
[-81.2492,42.225],
[-80.5103,42.3292],
[-80.0915,42.3982],
[-78.9869,42.82],
[-78.9342,42.866],
[-78.9178,42.9019],
[-78.9203,42.9362],
[-79.0138,42.9822],
[-79.0421,43.0097],
[-79.0811,43.0855],
[-79.0449,43.163],
[-79.0537,43.2596],
[-79.1847,43.4655],
[-78.7247,43.6294],
[-78.6631,43.6375],
[-77.8872,43.6394],
[-76.8094,43.6333],
[-76.4374,44.1021],
[-76.0611,44.3432],
[-75.99,44.3571],
[-75.8721,44.398],
[-75.8453,44.4189],
[-75.8226,44.4725],
[-75.7361,44.5464],
[-75.5625,44.6739],
[-75.3097,44.8419],
[-75.1705,44.8986],
[-74.9961,44.9836],
[-74.8205,45.0185],
[-74.7511,45.0022],
[-74.682,45.0067],
[-74.2492,44.9922],
[-72.7789,45.0208],
[-71.4942,45.0205],
[-71.4981,45.0494],
[-71.4887,45.078],
[-71.4343,45.1278],
[-71.4014,45.2144],
[-71.4244,45.25],
[-71.3211,45.2969],
[-71.2957,45.3037],
[-71.2117,45.2661],
[-71.1432,45.2528],
[-71.0851,45.3077],
[-71.0211,45.3267],
[-70.8766,45.241],
[-70.6971,45.4636],
[-70.725,45.4972],
[-70.7203,45.5283],
[-70.6931,45.5719],
[-70.6319,45.6278],
[-70.5553,45.6728],
[-70.4667,45.7119],
[-70.2581,45.9091],
[-70.2449,45.9604],
[-70.3049,45.98],
[-70.3056,46.0789],
[-70.2878,46.203],
[-70.2003,46.3364],
[-70.0571,46.4314],
[-70.0478,46.4539],
[-70.0092,46.698],
[-69.2361,47.4679],
[-69.1283,47.4592],
[-69.0456,47.431],
[-69.0558,47.3421],
[-69.0527,47.2899],
[-69.0322,47.2556],
[-68.8915,47.189],
[-68.3431,47.3618],
[-68.3149,47.3651],
[-68.1858,47.3328],
[-67.961,47.1905],
[-67.95,47.1686],
[-67.8922,47.1144],
[-67.795,47.07],
[-67.7725,45.9575],
[-67.8064,45.7847],
[-67.8044,45.7314],
[-67.7945,45.6958],
[-67.6606,45.6321],
[-67.5075,45.6014],
[-67.4581,45.6136],
[-67.4131,45.5855],
[-67.4212,45.525],
[-67.4818,45.4958],
[-67.4506,45.3331],
[-67.4643,45.2839],
[-67.406,45.1964],
[-67.3387,45.1503],
[-67.3058,45.1549],
[-67.2901,45.1801],
[-67.2642,45.2],
[-67.2065,45.183],
[-67.1869,45.1922],
[-67.1294,45.1722],
[-67.0464,45.1269],
[-67.0246,45.1692],
[-66.9656,45.1794],
[-66.7785,45.0934],
[-66.7925,45.0553],
[-66.7547,45.0555],
[-66.6451,45.085],
[-66.5344,45.1462],
[-66.4926,45.1499],
[-66.4278,45.085],
[-66.2111,45.1615],
[-66.1472,45.1922],
[-66.0584,45.2576],
[-66.0803,45.2771],
[-66.1402,45.2644],
[-66.1776,45.3039],
[-66.1919,45.3313],
[-65.9999,45.4592],
[-66.002,45.398],
[-66.0224,45.371],
[-66.0514,45.351],
[-66.081,45.3442],
[-66.0924,45.2995],
[-65.9867,45.2214],
[-65.913,45.2058],
[-65.8868,45.2083],
[-65.532,45.3425],
[-65.3331,45.4549],
[-65.1549,45.515],
[-65.015,45.5489],
[-64.9042,45.6278],
[-64.8253,45.6333],
[-64.782,45.6103],
[-64.7564,45.6225],
[-64.5831,45.8269],
[-64.6343,45.9241],
[-64.7042,45.9928],
[-64.7508,46.0867],
[-64.6919,46.0504],
[-64.6819,46.0217],
[-64.4917,45.8067],
[-64.4783,45.7505],
[-64.4181,45.7961],
[-64.3596,45.8678],
[-64.3288,45.8814],
[-64.2751,45.8407],
[-64.2743,45.8058],
[-64.2899,45.77],
[-64.4303,45.7155],
[-64.4706,45.6703],
[-64.5689,45.6042],
[-64.6992,45.5311],
[-64.8314,45.4792],
[-64.9135,45.4133],
[-64.9353,45.3317],
[-64.8158,45.3486],
[-64.53,45.408],
[-64.3578,45.3811],
[-64.3128,45.3914],
[-64.0745,45.4097],
[-63.9881,45.3844],
[-63.8378,45.3856],
[-63.7472,45.3974],
[-63.3696,45.3599],
[-63.4708,45.3217],
[-63.8058,45.3019],
[-63.9822,45.243],
[-64.1061,45.2132],
[-64.1582,45.189],
[-64.1958,45.1505],
[-64.1946,45.1133],
[-64.139,45.0765],
[-64.118,45.0524],
[-64.1169,45.0092],
[-64.1564,44.9783],
[-64.1488,45.0427],
[-64.2157,45.1071],
[-64.2442,45.1239],
[-64.3036,45.1414],
[-64.3268,45.1379],
[-64.3347,45.1189],
[-64.3557,45.0995],
[-64.3831,45.1383],
[-64.3533,45.2392],
[-64.3276,45.2668],
[-64.321,45.2909],
[-64.3457,45.3132],
[-64.4406,45.3317],
[-64.4857,45.3303],
[-64.4039,45.3116],
[-64.3936,45.2898],
[-64.4261,45.2621],
[-64.4601,45.2461],
[-64.5506,45.2167],
[-64.745,45.1783],
[-64.8707,45.1353],
[-65.1142,45.0117],
[-65.6526,44.7619],
[-65.7092,44.7174],
[-65.6974,44.6956],
[-65.5225,44.7378],
[-65.6894,44.6152],
[-65.7529,44.6092],
[-65.7973,44.6174],
[-65.8121,44.6517],
[-65.9717,44.5919],
[-66.1031,44.5],
[-66.1949,44.418],
[-66.1878,44.3883],
[-66.1233,44.4489],
[-65.9371,44.58],
[-65.8516,44.5811],
[-65.8658,44.5389],
[-65.9721,44.4818],
[-66.1186,44.338],
[-66.1892,44.1562],
[-66.2045,44.0867],
[-66.1819,44.0675],
[-66.1495,44.0061],
[-66.1501,43.928],
[-66.1633,43.9058],
[-66.1675,43.8608],
[-66.1217,43.7622],
[-66.0929,43.764],
[-66.034,43.739],
[-66.0169,43.6914],
[-65.9747,43.7093],
[-65.9407,43.8222],
[-65.9178,43.8256],
[-65.8689,43.7864],
[-65.7726,43.6837],
[-65.7703,43.6329],
[-65.7816,43.5744],
[-65.7212,43.5007],
[-65.6461,43.5119],
[-65.6128,43.527],
[-65.5881,43.555],
[-65.5629,43.566],
[-65.4814,43.4644],
[-65.4758,43.5058],
[-65.4512,43.5574],
[-65.3753,43.5753],
[-65.3258,43.675],
[-65.0306,43.7042],
[-64.9064,43.8005],
[-64.8138,43.9482],
[-64.7402,43.9497],
[-64.6689,43.9883],
[-64.6186,44.0719],
[-64.6164,44.133],
[-64.4447,44.1903],
[-64.4301,44.226],
[-64.3558,44.2733],
[-64.2833,44.2531],
[-64.2557,44.2726],
[-64.2394,44.2942],
[-64.2671,44.3272],
[-64.3297,44.3289],
[-64.3464,44.3599],
[-64.3375,44.4119],
[-64.3053,44.5333],
[-64.2008,44.5764],
[-64.1703,44.5861],
[-64.1262,44.5492],
[-64.1161,44.4818],
[-64.0875,44.4678],
[-64.0096,44.5106],
[-64.0365,44.5678],
[-64.0609,44.5863],
[-64.0503,44.6276],
[-63.9086,44.678],
[-63.9382,44.6189],
[-63.9439,44.5361],
[-63.9319,44.5136],
[-63.9103,44.4969],
[-63.6349,44.4364],
[-63.5479,44.473],
[-63.5206,44.5103],
[-63.5583,44.6124],
[-63.5951,44.6646],
[-63.6383,44.6736],
[-63.6537,44.7112],
[-63.6158,44.7025],
[-63.495,44.6147],
[-63.4444,44.5919],
[-63.2831,44.6272],
[-63.1406,44.6908],
[-63.1141,44.732],
[-63.0515,44.6747],
[-63.0161,44.7046],
[-63.0588,44.7626],
[-63.0167,44.7736],
[-62.9286,44.7339],
[-62.8511,44.7183],
[-62.8119,44.7428],
[-62.7981,44.7796],
[-62.5461,44.8217],
[-62.4764,44.8955],
[-62.2864,44.928],
[-62.0267,44.9847],
[-61.6381,45.1203],
[-61.5439,45.1417],
[-61.4547,45.1451],
[-61.391,45.1576],
[-61.3505,45.1763],
[-61.3681,45.1964],
[-61.3185,45.2394],
[-61.2675,45.2464],
[-61.1165,45.2097],
[-61.0508,45.2311],
[-60.9703,45.2697],
[-60.9667,45.3121],
[-60.9885,45.326],
[-61.0472,45.3355],
[-61.139,45.3485],
[-61.4606,45.3453],
[-61.4751,45.3721],
[-61.404,45.4097],
[-61.3714,45.4154],
[-61.3682,45.4098],
[-61.2324,45.4612],
[-61.26,45.5103],
[-61.3161,45.5332],
[-61.3917,45.6228],
[-61.4687,45.6807],
[-61.5261,45.6853],
[-61.5601,45.6754],
[-61.6039,45.6353],
[-61.6181,45.6105],
[-61.73,45.6221],
[-61.7878,45.6379],
[-61.8846,45.6913],
[-61.923,45.8412],
[-61.8989,45.8683],
[-61.9194,45.884],
[-61.9733,45.8672],
[-62.0928,45.7811],
[-62.4619,45.6125],
[-62.5039,45.6275],
[-62.6778,45.7642],
[-62.9896,45.7957],
[-63.0867,45.7968],
[-63.1208,45.7594],
[-63.1897,45.7344],
[-63.3136,45.7369],
[-63.3617,45.7466],
[-63.3725,45.7642],
[-63.3168,45.7687],
[-63.2381,45.801],
[-63.2792,45.8078],
[-63.3358,45.7979],
[-63.4296,45.7993],
[-63.5175,45.8139],
[-63.4401,45.8207],
[-63.4087,45.8582],
[-63.4785,45.8771],
[-63.6003,45.87],
[-63.6317,45.8594],
[-63.6458,45.8333],
[-63.6671,45.8167],
[-63.7147,45.8405],
[-63.8461,45.9308],
[-63.8616,45.9512],
[-63.9131,45.98],
[-64.0089,46.0057],
[-64.0428,45.9919],
[-64.0939,46.0217],
[-64.0703,46.0571],
[-63.9232,46.0528],
[-63.8025,46.0903],
[-63.7766,46.1082],
[-63.8263,46.1451],
[-63.9626,46.1793],
[-64.1169,46.1819],
[-64.2375,46.2292],
[-64.5042,46.2403],
[-64.6131,46.3661],
[-64.6149,46.4153],
[-64.6564,46.4643],
[-64.6733,46.5008],
[-64.7179,46.6884],
[-64.7444,46.7026],
[-64.8181,46.7217],
[-64.8772,46.7911],
[-64.9043,46.846],
[-64.9064,46.8725],
[-64.8942,46.9117],
[-64.8646,46.9461],
[-64.8064,46.985],
[-64.8021,47.0815],
[-65.0172,47.0914],
[-65.2189,47.0536],
[-65.3662,47.0855],
[-65.2326,47.1378],
[-65.1381,47.1922],
[-64.91,47.3531],
[-64.8836,47.4233],
[-64.8597,47.5767],
[-64.8033,47.6305],
[-64.6749,47.7249],
[-64.7162,47.7628],
[-64.8039,47.8082],
[-65.0208,47.845],
[-65.2028,47.8186],
[-65.3328,47.7669],
[-65.6315,47.6219],
[-65.6699,47.6436],
[-65.7179,47.815],
[-65.7464,47.8528],
[-65.7936,47.8908],
[-65.8803,47.9205],
[-65.9796,47.9224],
[-66.0422,47.9358],
[-66.2592,47.9994],
[-66.3554,48.0703],
[-66.4274,48.069],
[-66.6108,48.0111],
[-66.75,47.98],
[-66.8342,47.9889],
[-66.8437,47.9967],
[-66.6704,48.0272],
[-66.5278,48.083],
[-66.4821,48.1156],
[-66.1297,48.1072],
[-66.0247,48.1392],
[-66.007,48.1592],
[-65.9532,48.19],
[-65.8965,48.2025],
[-65.7645,48.11],
[-65.496,48.0435],
[-65.4597,48.0015],
[-65.3058,48.0056],
[-65.1997,48.0325],
[-65.1531,48.0522],
[-64.9725,48.1353],
[-64.9317,48.1717],
[-64.7742,48.1973],
[-64.6864,48.3383],
[-64.3225,48.4372],
[-64.2464,48.488],
[-64.2192,48.5283],
[-64.2458,48.5467],
[-64.2688,48.5499],
[-64.2814,48.5655],
[-64.2722,48.5987],
[-64.2556,48.6169],
[-64.1655,48.6278],
[-64.2618,48.7097],
[-64.3742,48.7878],
[-64.4644,48.8244],
[-64.5304,48.8737],
[-64.3865,48.8487],
[-64.2946,48.8225],
[-64.1576,48.7599],
[-64.2117,48.885],
[-64.2286,48.9043],
[-64.3764,48.9978],
[-64.5974,49.1147],
[-64.6608,49.123],
[-64.7404,49.1451],
[-64.8256,49.1878],
[-64.9969,49.2203],
[-65.3945,49.2597],
[-65.4969,49.2617],
[-65.8325,49.2314],
[-66.0817,49.2192],
[-66.3061,49.1869],
[-66.7225,49.09],
[-66.9196,49.0278],
[-67.0878,48.9608],
[-67.5314,48.8592],
[-67.9736,48.6955],
[-68.1187,48.6499],
[-68.2022,48.6399],
[-68.2833,48.6003],
[-68.3615,48.5494],
[-68.4078,48.548],
[-68.4536,48.5325],
[-68.5354,48.4543],
[-68.8317,48.3447],
[-68.9406,48.295],
[-69.0542,48.2286],
[-69.2753,48.0678],
[-69.4506,47.9792],
[-69.5267,47.9042],
[-69.5931,47.8089],
[-69.6594,47.7447],
[-69.8992,47.5392],
[-69.9675,47.5058],
[-70.0435,47.3942],
[-70.0789,47.3611],
[-70.2731,47.2136],
[-70.3342,47.1555],
[-70.507,47.0203],
[-70.5388,47.004],
[-70.6381,46.9817],
[-70.7436,46.943],
[-70.7693,46.9174],
[-70.9869,46.8542],
[-71.1451,46.8434],
[-71.2042,46.7857],
[-71.2992,46.7422],
[-71.1943,46.8524],
[-70.9736,47.0033],
[-70.8933,47.0453],
[-70.8206,47.0579],
[-70.7274,47.0985],
[-70.5861,47.2578],
[-70.5558,47.3228],
[-70.4619,47.43],
[-70.2997,47.4669],
[-70.2261,47.4974],
[-70.2081,47.5301],
[-70.2066,47.571],
[-70.1851,47.6037],
[-70.1328,47.645],
[-70.0089,47.7074],
[-69.9308,47.7687],
[-69.7864,47.9947],
[-69.7325,48.1076],
[-69.9287,48.2192],
[-69.9955,48.24],
[-70.0254,48.2453],
[-70.0614,48.24],
[-70.2043,48.2661],
[-70.2728,48.2983],
[-70.4642,48.3492],
[-70.548,48.3564],
[-70.7753,48.3493],
[-70.7848,48.3873],
[-70.9064,48.4233],
[-71.0396,48.4439],
[-71.0188,48.4596],
[-70.9547,48.4597],
[-70.78,48.4355],
[-70.635,48.3905],
[-70.424,48.3612],
[-70.2725,48.3256],
[-70.1415,48.2721],
[-69.9683,48.2719],
[-69.8818,48.2225],
[-69.8403,48.176],
[-69.8055,48.1547],
[-69.6848,48.1392],
[-69.5978,48.2075],
[-69.4353,48.3054],
[-69.2969,48.4522],
[-69.2653,48.5417],
[-69.2283,48.5863],
[-69.1542,48.5887],
[-69.1239,48.6147],
[-69.1028,48.6542],
[-69.0871,48.7155],
[-69.0594,48.7664],
[-68.6964,48.94],
[-68.6261,49.0239],
[-68.5906,49.0542],
[-68.4425,49.0955],
[-68.3694,49.0694],
[-68.1944,49.1101],
[-68.1343,49.2593],
[-67.9753,49.285],
[-67.5736,49.3296],
[-67.3945,49.3217],
[-67.3721,49.33],
[-67.2319,49.4751],
[-67.2289,49.5103],
[-67.2399,49.5847],
[-67.1742,49.7647],
[-67.1419,49.8169],
[-67.0958,49.8436],
[-67.0164,49.8547],
[-66.9644,49.9171],
[-66.9753,49.9436],
[-66.9506,49.9803],
[-66.8893,50.0143],
[-66.7233,50.0783],
[-66.7008,50.1025],
[-66.5119,50.2392],
[-66.4697,50.2619],
[-66.4214,50.2656],
[-66.4067,50.2426],
[-66.3142,50.2097],
[-66.0865,50.1925],
[-66.0433,50.2222],
[-66.0247,50.2514],
[-65.9986,50.2718],
[-65.9525,50.2889],
[-65.8981,50.285],
[-65.8376,50.2561],
[-65.7478,50.2569],
[-65.59,50.2753],
[-65.4644,50.2994],
[-65.275,50.308],
[-65.2363,50.3043],
[-65.1853,50.2861],
[-64.9,50.2708],
[-64.62,50.2803],
[-64.4502,50.3189],
[-64.2628,50.2717],
[-64.1582,50.2624],
[-64.0672,50.2922],
[-63.9761,50.3055],
[-63.8124,50.3119],
[-63.6969,50.2919],
[-63.6167,50.2667],
[-63.4694,50.2572],
[-63.3719,50.2367],
[-63.2326,50.2346],
[-63.1587,50.2575],
[-63.1125,50.2914],
[-62.7469,50.2847],
[-62.4406,50.2613],
[-62.4008,50.2933],
[-62.3229,50.2826],
[-62.2025,50.2344],
[-61.9987,50.2242],
[-61.9703,50.234],
[-61.9028,50.2339],
[-61.8568,50.2255],
[-61.7978,50.1719],
[-61.7394,50.1443],
[-61.6136,50.1694],
[-61.5835,50.1855],
[-61.5798,50.1633],
[-61.6714,50.1369],
[-61.7421,50.1061],
[-61.7208,50.0919],
[-61.5056,50.1525],
[-61.2894,50.1992],
[-61.0522,50.2155],
[-60.8386,50.215],
[-60.7106,50.2228],
[-60.5876,50.2082],
[-60.4963,50.2481],
[-60.36,50.2508],
[-60.2951,50.2443],
[-60.1844,50.2797],
[-60.1478,50.2742],
[-60.1144,50.233],
[-60.005,50.2489],
[-59.8281,50.3237],
[-59.8227,50.3461],
[-59.8488,50.3265],
[-59.8793,50.3714],
[-59.8131,50.4349],
[-59.7336,50.445],
[-59.5902,50.478],
[-59.4571,50.6196],
[-59.3972,50.6572],
[-59.2289,50.7383],
[-59.1864,50.7422],
[-59.1189,50.8036],
[-59.0946,50.8074],
[-59.0901,50.7824],
[-59.0649,50.7574],
[-59.0129,50.7514],
[-58.9474,50.8311],
[-58.9587,50.9983],
[-58.9937,51.0061],
[-58.9214,51.0505],
[-58.7268,51.1005],
[-58.6233,51.1505],
[-58.5922,51.1847],
[-58.6286,51.1944],
[-58.6726,51.223],
[-58.6789,51.2459],
[-58.6243,51.2764],
[-58.4078,51.2955],
[-58.3014,51.2686],
[-58.2114,51.2717],
[-58.0142,51.3107],
[-57.9867,51.3194],
[-57.8869,51.3907],
[-57.7394,51.4717],
[-57.6948,51.463],
[-57.6849,51.433],
[-57.5944,51.4289],
[-57.4477,51.4496],
[-57.4214,51.4805],
[-57.2432,51.5024],
[-57.1422,51.4242],
[-57.1029,51.4175],
[-57.1096,52.0001],
[-63.7511,51.9997],
[-63.8183,52.0522],
[-63.8507,52.0967],
[-63.853,52.1599],
[-63.8239,52.2401],
[-63.8307,52.2625],
[-63.9303,52.4178],
[-63.9652,52.4525],
[-63.9936,52.4575],
[-64.0331,52.4349],
[-64.079,52.4655],
[-64.0342,52.5272],
[-64.002,52.5547],
[-63.8631,52.6128],
[-63.5031,52.6468],
[-63.4231,52.6392],
[-63.3861,52.6447],
[-63.3782,52.6655],
[-63.4199,52.7054],
[-63.4465,52.7194],
[-63.5958,52.7708],
[-63.5461,52.9044],
[-63.5376,52.9498],
[-63.545,52.9779],
[-63.6329,53.0919],
[-63.6883,53.1129],
[-63.7508,53.1192],
[-63.8735,53.1035],
[-63.9258,53.0744],
[-63.9334,53.0551],
[-63.9153,52.9957],
[-63.9538,52.874],
[-63.9789,52.8642],
[-64.0892,52.8805],
[-64.1422,52.8686],
[-64.1706,52.8511],
[-64.1979,52.8044],
[-64.2057,52.5421],
[-64.1389,52.4705],
[-64.0831,52.3764],
[-64.1197,52.3175],
[-64.1324,52.2733],
[-64.1311,52.219],
[-64.2286,52.1358],
[-64.254,52.1294],
[-64.2922,52.0485],
[-64.2833,51.9922],
[-64.3206,51.9305],
[-64.3551,51.8457],
[-64.2999,51.7699],
[-64.3375,51.6892],
[-64.515,51.5899],
[-64.5822,51.5615],
[-64.6013,51.6382],
[-64.6369,51.6705],
[-64.6972,51.6907],
[-64.7122,51.7586],
[-64.6676,51.7787],
[-64.6069,51.7904],
[-64.5863,51.8156],
[-64.6049,51.8399],
[-64.7336,51.8733],
[-64.8426,51.929],
[-64.8555,51.9449],
[-64.8337,51.9921],
[-64.8533,52.0219],
[-65.1047,52.1693],
[-65.1581,52.18],
[-65.3077,52.1826],
[-65.3356,52.2049],
[-65.3778,52.2119],
[-65.4593,52.2063],
[-65.4897,52.1907],
[-65.5419,52.1176],
[-65.6367,52.0842],
[-65.7562,52.1112],
[-65.7874,52.1076],
[-65.7988,52.0899],
[-65.7997,52.0497],
[-65.9258,52.0536],
[-66.0308,52.096],
[-66.0622,52.1176],
[-66.0621,52.2028],
[-66.0814,52.2226],
[-66.2389,52.2708],
[-66.3039,52.2228],
[-66.3326,52.1386],
[-66.4111,52.1769],
[-66.4387,52.2014],
[-66.4856,52.3155],
[-66.461,52.3636],
[-66.3683,52.4144],
[-66.3819,52.5331],
[-66.4335,52.6192],
[-66.4356,52.699],
[-66.3793,52.8339],
[-66.3521,52.8506],
[-66.3068,52.8564],
[-66.2741,52.8737],
[-66.3488,52.9771],
[-66.4543,53.03],
[-66.4916,53.0274],
[-66.4996,52.9669],
[-66.5222,52.945],
[-66.5765,52.9342],
[-66.606,52.9396],
[-66.6531,52.8953],
[-66.6592,52.7479],
[-66.6704,52.7261],
[-66.7786,52.6958],
[-66.8956,52.7322],
[-66.9536,52.7025],
[-67.0617,52.6987],
[-67.0914,52.7301],
[-67.0704,52.9626],
[-67.0479,52.9868],
[-66.9861,53.0203],
[-66.9503,53.1105],
[-66.9844,53.1561],
[-66.9916,53.1885],
[-66.9672,53.2447],
[-66.906,53.3113],
[-66.9091,53.3378],
[-66.9672,53.3936],
[-67.0661,53.4239],
[-67.1251,53.4626],
[-67.1312,53.4915],
[-67.1268,53.5146],
[-67.1328,53.5343],
[-67.1495,53.5454],
[-67.2142,53.5622],
[-67.3769,53.5719],
[-67.452,53.5847],
[-67.4937,53.6062],
[-67.4996,53.6274],
[-67.4939,53.6478],
[-67.444,53.7285],
[-67.4315,53.7596],
[-67.4349,53.7875],
[-67.5925,53.9058],
[-67.73,53.9922],
[-67.7779,54.0418],
[-67.7798,54.0671],
[-67.7213,54.1258],
[-67.6472,54.1653],
[-67.4904,54.2272],
[-67.4941,54.308],
[-67.5922,54.3761],
[-67.63,54.4697],
[-67.6308,54.4912],
[-67.6057,54.561],
[-67.5569,54.5794],
[-67.4875,54.5808],
[-67.4567,54.5717],
[-67.3342,54.5069],
[-67.2975,54.5057],
[-67.2724,54.5229],
[-67.2712,54.5604],
[-67.2221,54.6054],
[-67.1995,54.6117],
[-67.1294,54.5989],
[-67.0734,54.6015],
[-67.0419,54.6174],
[-67.0432,54.6407],
[-67.1411,54.665],
[-67.3054,54.7886],
[-67.3308,54.8583],
[-67.4522,55.0289],
[-67.4386,55.061],
[-67.4221,55.0744],
[-67.3744,55.089],
[-67.2764,55.0629],
[-67.2611,54.9992],
[-67.0317,54.8994],
[-66.9957,54.8386],
[-66.9504,54.8035],
[-66.7429,54.7339],
[-66.7111,54.735],
[-66.6056,54.7966],
[-66.715,54.9683],
[-66.7645,55.1061],
[-66.7469,55.165],
[-66.7349,55.1815],
[-66.7781,55.2697],
[-66.8379,55.3213],
[-66.8083,55.3387],
[-66.7728,55.338],
[-66.6992,55.3092],
[-66.5294,55.2158],
[-66.3754,55.1017],
[-66.2892,55.0207],
[-66.2333,54.9892],
[-66.0078,54.9218],
[-65.9672,54.9292],
[-65.8692,54.9113],
[-65.8508,54.8935],
[-65.8476,54.8554],
[-65.831,54.8275],
[-65.6994,54.7169],
[-65.674,54.7107],
[-65.4482,54.7455],
[-65.3061,54.7328],
[-65.1567,54.6958],
[-65.0945,54.6955],
[-64.8117,54.7492],
[-64.7344,54.748],
[-64.6164,54.7222],
[-64.5614,54.7207],
[-64.4043,54.7525],
[-64.3571,54.7553],
[-64.3311,54.7531],
[-63.9762,54.6265],
[-63.8006,54.6005],
[-63.7208,54.5967],
[-63.6746,54.6082],
[-63.6208,54.6714],
[-63.5436,54.8376],
[-63.439,54.9706],
[-63.4501,54.9999],
[-63.5631,55.0584],
[-63.5688,55.0811],
[-63.5611,55.1053],
[-63.5143,55.1896],
[-63.4944,55.2086],
[-63.4663,55.2196],
[-63.3281,55.2378],
[-63.1018,55.3257],
[-63.0954,55.3476],
[-63.1626,55.3961],
[-63.1751,55.4227],
[-63.1361,55.4953],
[-63.1481,55.5265],
[-63.3026,55.5247],
[-63.4575,55.6102],
[-63.4744,55.6764],
[-63.4957,55.7029],
[-63.6664,55.808],
[-63.7085,55.848],
[-63.7181,55.8669],
[-63.7203,55.8993],
[-63.6996,55.9371],
[-63.5797,55.9858],
[-63.4833,55.9989],
[-63.4514,56.0187],
[-63.4769,56.0308],
[-63.5858,56.0164],
[-63.7908,56.0392],
[-63.8217,56.0457],
[-63.88,56.0769],
[-64.0159,56.0795],
[-64.0225,56.1142],
[-64.0121,56.1569],
[-63.9917,56.1711],
[-63.9204,56.1844],
[-63.8791,56.2113],
[-63.9007,56.2353],
[-63.9747,56.2592],
[-64.0869,56.2599],
[-64.1354,56.3012],
[-64.1172,56.3942],
[-64.0958,56.4278],
[-63.9752,56.4135],
[-63.8814,56.4342],
[-63.8694,56.4519],
[-63.9471,56.5518],
[-64.1227,56.6886],
[-64.1257,56.7147],
[-64.0772,56.767],
[-63.9922,56.7858],
[-64.0122,56.8374],
[-63.9136,56.9533],
[-63.8665,57.0744],
[-63.8117,57.09],
[-63.788,57.1128],
[-63.7465,57.241],
[-63.7969,57.2771],
[-63.8219,57.2714],
[-63.8378,57.2051],
[-63.8663,57.2027],
[-63.876,57.2374],
[-63.8351,57.3267],
[-63.7833,57.3542],
[-63.7358,57.4132],
[-63.7594,57.4421],
[-63.7654,57.5686],
[-63.7449,57.5928],
[-63.6419,57.6369],
[-63.6019,57.6692],
[-63.5919,57.6869],
[-63.5995,57.7321],
[-63.6541,57.7285],
[-63.68,57.6701],
[-63.7213,57.6677],
[-63.8201,57.689],
[-63.889,57.7283],
[-64.0431,57.7674],
[-64.076,57.7839],
[-64.0967,57.8083],
[-64.2131,57.9751],
[-64.2201,57.9953],
[-64.2104,58.0168],
[-64.2144,58.0375],
[-64.3394,58.0653],
[-64.414,58.0665],
[-64.4301,58.0892],
[-64.4018,58.1754],
[-64.3806,58.1957],
[-64.3549,58.2058],
[-64.257,58.2161],
[-64.2176,58.2324],
[-64.1955,58.2536],
[-64.1799,58.313],
[-64.1623,58.3435],
[-63.9988,58.4268],
[-63.9619,58.4371],
[-63.8667,58.4354],
[-63.8461,58.4455],
[-63.8206,58.4832],
[-63.8779,58.5597],
[-63.9238,58.5626],
[-63.9524,58.5417],
[-64.0353,58.5223],
[-64.0885,58.5599],
[-64.1006,58.5849],
[-64.0915,58.6254],
[-64.0475,58.6783],
[-64.0292,58.6869],
[-63.9042,58.7017],
[-63.8183,58.6969],
[-63.565,58.7172],
[-63.4993,58.7351],
[-63.4803,58.7599],
[-63.5028,58.7867],
[-63.5883,58.8464],
[-63.7057,58.8786],
[-63.7431,58.878],
[-63.7867,58.8703],
[-63.8376,58.8311],
[-63.9747,58.8261],
[-64.0069,58.8161],
[-64.1171,58.7526],
[-64.1469,58.7457],
[-64.248,58.774],
[-64.2678,58.7904],
[-64.2584,58.8446],
[-64.2708,58.866],
[-64.302,58.8821],
[-64.4586,58.8939],
[-64.5681,58.8872],
[-64.6257,58.9017],
[-64.6461,58.9153],
[-64.757,58.9297],
[-64.8144,58.9108],
[-64.8768,58.9294],
[-64.8575,58.9817],
[-64.8183,59.039],
[-64.7553,59.0618],
[-64.7069,59.0683],
[-64.4608,58.9844],
[-64.3628,58.9833],
[-64.322,58.9889],
[-64.2964,59.0024],
[-64.2969,59.0251],
[-64.3458,59.0647],
[-64.3872,59.0783],
[-64.4636,59.0871],
[-64.4881,59.1],
[-64.5317,59.2142],
[-64.5383,59.2881],
[-64.5253,59.383],
[-64.5035,59.4307],
[-64.3669,59.4805],
[-64.3442,59.4983],
[-64.3789,59.5193],
[-64.4325,59.5294],
[-64.4882,59.5165],
[-64.5847,59.474],
[-64.7072,59.4468],
[-64.7575,59.4739],
[-64.8326,59.5444],
[-64.81,59.6386],
[-64.7738,59.7001],
[-64.8128,59.7794],
[-64.8142,59.8189],
[-64.7707,59.8776],
[-64.741,59.8857],
[-64.7353,59.9489],
[-64.8583,59.9894],
[-64.9021,60.0507],
[-64.88,60.0575],
[-64.8014,60.0393],
[-64.71,60.0603],
[-64.6004,60.1221],
[-64.6147,60.1535],
[-64.6407,60.1785],
[-64.6747,60.1851],
[-64.749,60.1733],
[-64.7713,60.1767],
[-64.8566,60.2351],
[-64.8476,60.2635],
[-64.7328,60.2935],
[-64.5407,60.306],
[-64.5767,60.3228],
[-64.6474,60.3458],
[-64.8448,60.3611],
[-64.8368,60.3329],
[-64.9211,60.195],
[-65.0297,60.0772],
[-65.11,60.0431],
[-65.1433,59.95],
[-65.2238,59.8859],
[-65.2036,59.8385],
[-65.1328,59.7969],
[-64.9898,59.7642],
[-65.0331,59.7614],
[-65.1557,59.7811],
[-65.2278,59.8169],
[-65.3288,59.8464],
[-65.4333,59.798],
[-65.502,59.7472],
[-65.5278,59.7169],
[-65.4979,59.6329],
[-65.4158,59.5132],
[-65.2997,59.5083],
[-65.2208,59.4883],
[-65.1643,59.4671],
[-65.149,59.4418],
[-65.115,59.4222],
[-64.9894,59.3744],
[-65.0508,59.3815],
[-65.1272,59.4085],
[-65.1967,59.4491],
[-65.2606,59.4664],
[-65.3539,59.4812],
[-65.5496,59.4881],
[-65.4953,59.4339],
[-65.4378,59.3939],
[-65.364,59.2785],
[-65.4533,59.3169],
[-65.4912,59.3489],
[-65.569,59.3767],
[-65.6139,59.2437],
[-65.5875,59.2025],
[-65.6807,59.2628],
[-65.7412,59.2644],
[-65.7424,59.2226],
[-65.7165,59.1507],
[-65.6519,59.0792],
[-65.3494,59.0661],
[-65.3275,59.0464],
[-65.4547,59.0422],
[-65.517,59.066],
[-65.5706,59.0439],
[-65.5476,59.0171],
[-65.5129,59.0096],
[-65.4978,58.9885],
[-65.565,58.9936],
[-65.6604,59.0438],
[-65.7775,59.03],
[-65.8856,59.0019],
[-65.9886,58.9036],
[-65.9611,58.8881],
[-65.8711,58.8639],
[-65.7961,58.8608],
[-65.8428,58.8269],
[-65.9523,58.8368],
[-65.9875,58.8521],
[-66.0372,58.8517],
[-66.082,58.8097],
[-66.1026,58.7724],
[-66.0322,58.7105],
[-65.88,58.6272],
[-65.8814,58.5806],
[-65.9786,58.4777],
[-65.9326,58.4571],
[-65.9683,58.3919],
[-66.0209,58.38],
[-66.0478,58.3576],
[-66.0589,58.3203],
[-66.0693,58.3237],
[-66.0909,58.3581],
[-66.0219,58.4869],
[-65.9403,58.5886],
[-65.939,58.6113],
[-66.0678,58.6501],
[-66.1104,58.6924],
[-66.3513,58.8367],
[-66.3886,58.8505],
[-66.4674,58.8182],
[-66.5519,58.7114],
[-66.6517,58.5428],
[-66.6297,58.5036],
[-66.8011,58.4736],
[-66.8794,58.4768],
[-66.9379,58.501],
[-66.9789,58.4683],
[-67.0931,58.3497],
[-67.1447,58.3749],
[-67.1704,58.3772],
[-67.3328,58.3161],
[-67.474,58.2768],
[-67.5661,58.2236],
[-67.6565,58.1165],
[-67.7093,57.979],
[-67.7139,57.923],
[-67.7286,57.9767],
[-67.6533,58.2126],
[-67.6481,58.2537],
[-67.7365,58.3187],
[-67.6996,58.3955],
[-67.6717,58.4235],
[-67.7239,58.4589],
[-67.7775,58.4685],
[-67.8159,58.4078],
[-67.8281,58.3312],
[-67.8085,58.3028],
[-67.9783,58.1636],
[-68.0067,58.1319],
[-68.1181,58.076],
[-68.0985,58.1358],
[-67.9159,58.2549],
[-67.8618,58.3254],
[-67.9028,58.3545],
[-67.9237,58.4079],
[-67.9157,58.4491],
[-67.8981,58.4721],
[-67.8935,58.493],
[-67.9592,58.558],
[-67.9762,58.5694],
[-68.0082,58.575],
[-68.1371,58.5226],
[-68.1749,58.4851],
[-68.1675,58.4196],
[-68.1858,58.3605],
[-68.2308,58.2689],
[-68.2897,58.215],
[-68.3049,58.1824],
[-68.3075,58.111],
[-68.4106,58.0371],
[-68.5453,58.0005],
[-68.6773,57.9895],
[-68.9653,57.9339],
[-69.1119,57.8858],
[-69.2103,57.8294],
[-69.3636,57.7678],
[-69.2214,57.8589],
[-69.1311,57.8982],
[-68.8742,57.9692],
[-68.7299,57.9997],
[-68.5036,58.0314],
[-68.4719,58.0428],
[-68.3467,58.1262],
[-68.3465,58.1563],
[-68.3225,58.2269],
[-68.2879,58.2921],
[-68.2507,58.3307],
[-68.204,58.4422],
[-68.2167,58.4908],
[-68.2908,58.5411],
[-68.3458,58.6269],
[-68.3664,58.6875],
[-68.3586,58.7701],
[-68.3935,58.8139],
[-68.6469,58.8985],
[-68.757,58.9125],
[-68.8417,58.8911],
[-68.9922,58.8839],
[-69.13,58.9017],
[-69.2792,58.888],
[-69.3883,58.859],
[-69.4455,58.8083],
[-69.5032,58.7767],
[-69.5763,58.7676],
[-69.608,58.7547],
[-69.7244,58.6689],
[-69.816,58.5889],
[-69.8631,58.6162],
[-69.9311,58.733],
[-69.9747,58.7556],
[-70.0497,58.7436],
[-70.1562,58.7693],
[-69.9728,58.8086],
[-69.8158,58.8239],
[-69.8328,58.9517],
[-69.8656,58.9778],
[-69.874,59.0334],
[-69.8639,59.051],
[-69.7094,58.9728],
[-69.67,58.9282],
[-69.6694,58.8991],
[-69.7114,58.8621],
[-69.6808,58.8003],
[-69.6636,58.79],
[-69.6111,58.7922],
[-69.5525,58.8058],
[-69.4582,58.8815],
[-69.4551,58.9026],
[-69.4933,59.0375],
[-69.4661,59.0442],
[-69.4319,59.0253],
[-69.3528,59.0808],
[-69.3496,59.1011],
[-69.3758,59.1176],
[-69.4614,59.1285],
[-69.5085,59.1037],
[-69.5297,59.1112],
[-69.5374,59.1707],
[-69.5122,59.1928],
[-69.444,59.2236],
[-69.4204,59.22],
[-69.4155,59.1953],
[-69.3701,59.1901],
[-69.2858,59.2083],
[-69.2381,59.2318],
[-69.2546,59.3251],
[-69.4125,59.355],
[-69.4408,59.355],
[-69.5503,59.3297],
[-69.6298,59.3003],
[-69.7461,59.3114],
[-69.7404,59.3443],
[-69.6432,59.36],
[-69.6315,59.3764],
[-69.6474,59.424],
[-69.6676,59.4536],
[-69.6994,59.4811],
[-69.7583,59.4806],
[-69.7539,59.5019],
[-69.698,59.553],
[-69.6185,59.5861],
[-69.5408,59.6711],
[-69.61,59.7286],
[-69.6006,59.8331],
[-69.7229,59.9617],
[-69.7589,59.9678],
[-69.9478,59.9589],
[-70.0557,59.9451],
[-70.1125,59.9497],
[-70.2253,59.9855],
[-70.5072,59.9667],
[-70.576,59.9703],
[-70.9003,60.0403],
[-70.9458,60.063],
[-70.5864,59.9957],
[-70.5347,59.9919],
[-70.2964,60.0112],
[-69.8922,59.9997],
[-69.7067,60.0575],
[-69.6308,60.0664],
[-69.6036,60.1031],
[-69.596,60.1789],
[-69.637,60.179],
[-69.6105,60.2116],
[-69.6964,60.2789],
[-69.7647,60.3107],
[-69.7544,60.3331],
[-69.7249,60.3592],
[-69.7489,60.4617],
[-69.7781,60.476],
[-69.8197,60.526],
[-69.6964,60.5468],
[-69.6554,60.5842],
[-69.7101,60.6792],
[-69.6158,60.7303],
[-69.5331,60.7572],
[-69.4129,60.7807],
[-69.3836,60.7926],
[-69.3703,60.8078],
[-69.3681,60.903],
[-69.4536,60.975],
[-69.5134,61.0661],
[-69.5542,61.0806],
[-69.6065,61.0806],
[-69.6553,61.0553],
[-69.6783,61.0212],
[-69.6862,60.954],
[-69.6524,60.918],
[-69.6449,60.8982],
[-69.6543,60.8803],
[-69.6829,60.8714],
[-69.7106,60.8739],
[-69.7442,60.8888],
[-69.7467,60.918],
[-69.7789,60.9114],
[-69.8297,60.8917],
[-69.8892,60.8504],
[-69.8581,60.8478],
[-69.8881,60.8192],
[-69.9275,60.8078],
[-70.0881,60.8978],
[-70.0858,60.955],
[-70.1072,61.0644],
[-70.1485,61.0846],
[-70.3156,61.095],
[-70.4168,61.086],
[-70.5375,61.0576],
[-70.5531,61.025],
[-70.7733,61.0817],
[-70.9294,61.0999],
[-71.0114,61.1217],
[-71.2852,61.1501],
[-71.39,61.1378],
[-71.5989,61.2542],
[-71.6719,61.3306],
[-71.6761,61.3722],
[-71.6926,61.4054],
[-71.8533,61.4144],
[-71.8802,61.4265],
[-71.7467,61.4686],
[-71.7894,61.5219],
[-71.7511,61.538],
[-71.6533,61.5432],
[-71.5503,61.5637],
[-71.5733,61.6071],
[-71.6447,61.6394],
[-71.7953,61.6822],
[-71.9289,61.7058],
[-71.9486,61.6935],
[-71.936,61.659],
[-71.9735,61.6051],
[-72.0836,61.5825],
[-72.3035,61.5685],
[-72.2628,61.6124],
[-72.2321,61.6197],
[-72.1144,61.5961],
[-72.0842,61.6004],
[-72.0381,61.6247],
[-72.0101,61.6753],
[-72.0414,61.7225],
[-72.2033,61.8618],
[-72.235,61.8722],
[-72.3918,61.8886],
[-72.5197,61.9205],
[-72.5889,61.9214],
[-72.6258,61.8672],
[-72.5943,61.8132],
[-72.7486,61.8564],
[-72.69,61.8919],
[-72.6657,61.9284],
[-72.6193,61.9725],
[-72.5961,62.0492],
[-72.6219,62.1121],
[-72.7239,62.1422],
[-72.8994,62.1383],
[-73.07,62.1975],
[-73.185,62.2499],
[-73.2074,62.2759],
[-73.2124,62.3109],
[-73.37,62.3636],
[-73.5028,62.3867],
[-73.6483,62.4677],
[-73.6835,62.48],
[-73.8381,62.4575],
[-73.8889,62.4405],
[-73.9738,62.3864],
[-74.1417,62.3267],
[-74.3839,62.2586],
[-74.4675,62.2436],
[-74.7003,62.2508],
[-74.7217,62.2464],
[-74.7569,62.2059],
[-74.6932,62.1593],
[-74.5555,62.1077],
[-74.5717,62.1031],
[-74.6208,62.1072],
[-74.6969,62.1294],
[-74.7672,62.1611],
[-74.886,62.2344],
[-74.9186,62.2455],
[-75.3147,62.3107],
[-75.483,62.2969],
[-75.5765,62.2432],
[-75.8314,62.1585],
[-75.889,62.1615],
[-75.8199,62.2057],
[-75.7192,62.2425],
[-75.7097,62.2964],
[-76.6556,62.47],
[-76.752,62.506],
[-76.9258,62.5264],
[-77.355,62.558],
[-77.5083,62.5617],
[-77.6872,62.4767],
[-77.9631,62.3928],
[-78.0113,62.3914],
[-78.085,62.3533],
[-78.1533,62.2801],
[-78.1606,62.1596],
[-78.1416,62.0231],
[-78.0794,61.9458],
[-78.0744,61.9172],
[-77.9978,61.7215],
[-77.979,61.7047],
[-77.9314,61.6919],
[-77.8167,61.685],
[-77.7442,61.6403],
[-77.7036,61.6042],
[-77.5853,61.6025],
[-77.4771,61.5415],
[-77.5172,61.5397],
[-77.5961,61.5558],
[-77.6139,61.5042],
[-77.5456,61.4837],
[-77.5621,61.4674],
[-77.6789,61.4611],
[-77.7611,61.4103],
[-77.74,61.2986],
[-77.7017,61.2175],
[-77.858,61.0503],
[-77.9256,61.0189],
[-78.1656,60.861],
[-78.1799,60.7879],
[-77.9753,60.8228],
[-77.8955,60.8211],
[-77.9205,60.7914],
[-77.8564,60.7644],
[-77.5717,60.8283],
[-77.5189,60.8328],
[-77.61,60.7556],
[-77.7195,60.6932],
[-77.8292,60.6424],
[-77.7872,60.5967],
[-77.6756,60.551],
[-77.6387,60.5508],
[-77.5494,60.5714],
[-77.4861,60.5664],
[-77.43,60.5479],
[-77.5675,60.5297],
[-77.6919,60.4667],
[-77.7389,60.4262],
[-77.7455,60.3979],
[-77.6917,60.3702],
[-77.6463,60.3644],
[-77.4719,60.2151],
[-77.4969,60.1561],
[-77.5944,60.1121],
[-77.5922,60.0642],
[-77.5192,60.0442],
[-77.3158,60.0305],
[-77.2325,60.0539],
[-77.1955,60.144],
[-77.1739,60.1503],
[-77.0649,60.1407],
[-77.0039,60.1219],
[-76.9244,60.1117],
[-76.8595,60.1213],
[-76.8542,60.1455],
[-76.8185,60.1586],
[-76.7589,60.1592],
[-76.7733,60.134],
[-76.8481,60.0992],
[-77.207,60.0428],
[-77.4275,59.9147],
[-77.3738,59.8978],
[-77.3005,59.7978],
[-77.3336,59.7853],
[-77.4328,59.7842],
[-77.5376,59.7518],
[-77.5023,59.6782],
[-77.4362,59.6223],
[-77.3163,59.5662],
[-77.4269,59.5714],
[-77.456,59.5814],
[-77.5142,59.6197],
[-77.5296,59.6472],
[-77.7106,59.7047],
[-77.7678,59.7099],
[-77.799,59.6764],
[-77.7247,59.5939],
[-77.7214,59.5397],
[-77.7989,59.525],
[-77.8656,59.4999],
[-77.9098,59.4119],
[-77.8917,59.3982],
[-77.7906,59.4264],
[-77.6797,59.3993],
[-77.8267,59.2824],
[-77.9554,59.2601],
[-78.0962,59.207],
[-78.0867,59.1567],
[-78.1275,59.1083],
[-78.2056,59.0505],
[-78.3078,58.9292],
[-78.3383,58.9128],
[-78.3585,58.9132],
[-78.349,58.9493],
[-78.3964,58.9647],
[-78.564,58.9631],
[-78.5386,58.8869],
[-78.4883,58.7864],
[-78.4685,58.6986],
[-78.5147,58.6794],
[-78.5584,58.6765],
[-78.573,58.6289],
[-78.5565,58.6069],
[-78.3897,58.5447],
[-78.3478,58.5367],
[-78.4234,58.622],
[-78.3972,58.6208],
[-78.1306,58.4628],
[-78.0241,58.3853],
[-77.9144,58.3455],
[-77.8153,58.3272],
[-77.6458,58.2786],
[-77.4608,58.1999],
[-77.4458,58.1789],
[-77.4444,58.1525],
[-77.3494,58.1019],
[-77.2467,58.0739],
[-77.1472,58.0228],
[-76.923,57.7861],
[-76.8619,57.7192],
[-76.8085,57.6372],
[-76.7365,57.4968],
[-76.688,57.4305],
[-76.6557,57.404],
[-76.5644,57.2072],
[-76.5314,57.0919],
[-76.5546,57.0442],
[-76.5546,57.0083],
[-76.5053,56.7914],
[-76.507,56.7108],
[-76.5264,56.6058],
[-76.5189,56.4061],
[-76.5383,56.2978],
[-76.6544,56.0664],
[-76.6798,56.0364],
[-76.7107,56.0128],
[-76.8114,55.9711],
[-77.0683,55.7547],
[-77.0869,55.7057],
[-77.11,55.679],
[-77.2203,55.5918],
[-77.6222,55.3828],
[-77.7486,55.3008],
[-77.8725,55.2436],
[-78.1822,55.1253],
[-78.2561,55.0822],
[-78.3739,55.0303],
[-78.7328,54.9311],
[-78.8386,54.9144],
[-78.9125,54.8842],
[-78.9728,54.8442],
[-79.1011,54.8272],
[-79.4942,54.7447],
[-79.6317,54.7028],
[-79.7618,54.6517],
[-79.6808,54.6265],
[-79.6189,54.6239],
[-79.5249,54.5901],
[-79.4881,54.4554],
[-79.505,54.4258],
[-79.4253,54.2824],
[-79.3453,54.1994],
[-79.2764,54.1669],
[-79.2381,54.1589],
[-79.1998,54.1614],
[-79.1825,54.1739],
[-79.0506,54.181],
[-79.1114,54.1072],
[-79.1194,54.0786],
[-78.9679,54.0064],
[-79.0697,54.001],
[-79.1036,53.9036],
[-79.0567,53.873],
[-79.0119,53.8567],
[-78.9697,53.8514],
[-78.9094,53.8217],
[-78.9406,53.8182],
[-78.981,53.836],
[-79.0478,53.8343],
[-79.1484,53.7047],
[-79.0897,53.6917],
[-79.0033,53.6417],
[-78.9506,53.5997],
[-78.9188,53.5628],
[-78.9628,53.5089],
[-79.008,53.4971],
[-79.0414,53.5257],
[-79.0842,53.5225],
[-79.1074,53.5025],
[-79.0917,53.4726],
[-79.0573,53.4401],
[-79.0001,53.437],
[-78.9461,53.3925],
[-78.8951,53.2625],
[-78.8881,53.2247],
[-78.923,53.0689],
[-78.9158,53],
[-78.8647,52.9636],
[-78.88,52.904],
[-78.8561,52.8778],
[-78.7944,52.8614],
[-78.7383,52.8722],
[-78.7256,52.8194],
[-78.7278,52.786],
[-78.797,52.7739],
[-78.7908,52.7375],
[-78.6919,52.5961],
[-78.7608,52.5684],
[-78.571,52.5335],
[-78.5453,52.5147],
[-78.5071,52.4575],
[-78.5244,52.3111],
[-78.5011,52.2558],
[-78.5795,52.1114],
[-78.6958,52.008],
[-78.7422,51.9764],
[-78.8561,51.9518],
[-78.892,51.9355],
[-78.8611,51.8789],
[-78.8387,51.8619],
[-78.8422,51.8371],
[-78.9126,51.7962],
[-79.0021,51.7987],
[-79.0332,51.7732],
[-78.9442,51.6705],
[-78.794,51.6062],
[-78.8226,51.548],
[-78.8226,51.5165],
[-78.7792,51.475],
[-78.8881,51.3947],
[-78.9175,51.2289],
[-78.8447,51.1636],
[-78.9178,51.1829],
[-78.9549,51.223],
[-78.9601,51.2491],
[-78.9503,51.2922],
[-78.9633,51.3533],
[-79.0225,51.4748],
[-79.1324,51.537],
[-79.1793,51.5204],
[-79.2719,51.5271],
[-79.2853,51.5594],
[-79.2399,51.6277],
[-79.327,51.6623],
[-79.3539,51.6561],
[-79.4742,51.5792],
[-79.5336,51.505],
[-79.5471,51.4601],
[-79.586,51.4528],
[-79.6686,51.3986],
[-79.6828,51.2943],
[-79.744,51.2115],
[-79.7512,51.1823],
[-79.7018,51.08],
[-79.6678,51.049],
[-79.5374,50.9838],
[-79.515,50.9567],
[-79.4208,50.8797],
[-79.3306,50.7642],
[-79.3459,50.735],
[-79.4132,50.8447],
[-79.5179,50.9282],
[-79.5376,50.9584],
[-79.6851,51.0454],
[-79.7369,51.1194],
[-79.9964,51.2547],
[-80.1251,51.2971],
[-80.1906,51.2975],
[-80.3717,51.3367],
[-80.4053,51.3352],
[-80.536,51.2801],
[-80.61,51.2142],
[-80.6915,51.1576],
[-80.7444,51.1378],
[-80.8562,51.1193],
[-80.9281,51.0458],
[-81.0092,51.0335],
[-80.9881,51.0575],
[-80.6525,51.2783],
[-80.5686,51.3142],
[-80.431,51.3562],
[-80.4382,51.4664],
[-80.5088,51.5183],
[-80.5881,51.6689],
[-80.5894,51.6949],
[-80.6128,51.7283],
[-80.6986,51.7947],
[-80.8097,51.8575],
[-80.8974,51.8935],
[-80.9243,51.9172],
[-80.9914,52.0097],
[-81.1181,52.0455],
[-81.1675,52.0442],
[-81.2647,52.0828],
[-81.3653,52.1072],
[-81.4142,52.1452],
[-81.4726,52.221],
[-81.5115,52.2346],
[-81.555,52.2375],
[-81.7629,52.2374],
[-81.8344,52.1969],
[-81.8789,52.1879],
[-81.8576,52.2406],
[-81.5614,52.3164],
[-81.5425,52.3389],
[-81.5534,52.4489],
[-81.7264,52.5442],
[-81.9514,52.7369],
[-81.9757,52.7828],
[-82.1017,52.88],
[-82.2595,52.935],
[-82.2967,53.0186],
[-82.3009,53.0539],
[-82.2735,53.1555],
[-82.2483,53.1939],
[-82.1171,53.2714],
[-82.1149,53.2925],
[-82.1478,53.4217],
[-82.2103,53.5306],
[-82.2147,53.6133],
[-82.1942,53.6694],
[-82.1336,53.7583],
[-82.1319,53.8178],
[-82.1603,53.8989],
[-82.2459,54.0685],
[-82.3628,54.1436],
[-82.4279,54.2033],
[-82.4417,54.3308],
[-82.4322,54.3706],
[-82.4039,54.4108],
[-82.3208,54.5714],
[-82.2211,54.7875],
[-82.2439,54.8806],
[-82.269,54.9258],
[-82.2855,55.0394],
[-82.2478,55.0877],
[-82.2542,55.1114],
[-82.3078,55.1489],
[-82.3431,55.1555],
[-82.3104,55.1231],
[-82.3356,55.071],
[-82.4008,55.0828],
[-82.4111,55.1104],
[-82.4494,55.133],
[-82.5083,55.1528],
[-82.6627,55.1689],
[-82.7783,55.1415],
[-82.8744,55.1544],
[-82.9361,55.2221],
[-82.985,55.2364],
[-83.0333,55.2386],
[-83.0821,55.2292],
[-83.1242,55.2092],
[-83.1797,55.1972],
[-83.4942,55.2347],
[-83.5742,55.2622],
[-83.7009,55.2728],
[-83.6776,55.2515],
[-83.5906,55.2329],
[-83.5576,55.1822],
[-83.5593,55.1325],
[-83.5853,55.1521],
[-83.5695,55.1842],
[-83.6557,55.2358],
[-83.8975,55.3169],
[-83.9603,55.3157],
[-84.0842,55.2739],
[-84.1626,55.28],
[-84.2005,55.2951],
[-84.3228,55.29],
[-84.5992,55.2417],
[-84.7182,55.2487],
[-84.8694,55.2797],
[-85.002,55.2967],
[-85.1167,55.2767],
[-85.1869,55.2489],
[-85.3157,55.1301],
[-85.3478,55.0808],
[-85.3687,55.0271],
[-85.3932,55.0029],
[-85.42,54.9991],
[-85.3836,55.0675],
[-85.3984,55.097],
[-85.2153,55.2686],
[-85.1367,55.294],
[-85.1183,55.3121],
[-85.1302,55.3453],
[-85.1733,55.3635],
[-85.2257,55.3647],
[-85.3885,55.4069],
[-85.4742,55.4547],
[-85.5631,55.5544],
[-85.7319,55.6362],
[-86.2725,55.7279],
[-86.3186,55.7433],
[-86.3728,55.775],
[-86.4822,55.8101],
[-86.8378,55.8914],
[-86.9747,55.9307],
[-87.1008,55.9285],
[-87.1983,55.9403],
[-87.3481,55.9771],
[-87.3604,55.9968],
[-87.5486,56.05],
[-87.7101,56.1607],
[-87.7205,56.1992],
[-87.9792,56.4396],
[-88.0489,56.4655],
[-88.2189,56.5044],
[-88.3658,56.5617],
[-88.4406,56.6036],
[-88.6547,56.6964],
[-88.815,56.8244],
[-89.0681,56.8522],
[-89.4392,56.9239],
[-89.7153,56.9572],
[-89.9703,57.0042],
[-90.025,57.0314],
[-90.3108,57.135],
[-90.4086,57.1817],
[-90.5633,57.2122],
[-90.7144,57.2272],
[-90.8247,57.2565],
[-90.9972,57.2614],
[-91.1558,57.24],
[-91.9522,57.0572],
[-92.1803,57.0308],
[-92.2353,57.0128],
[-92.3031,56.9675],
[-92.4679,56.9337],
[-92.4254,56.9589],
[-92.3411,56.9794],
[-92.2186,57.0599],
[-92.2446,57.0658],
[-92.4006,57.0522],
[-92.5144,57.0236],
[-92.6911,56.9336],
[-92.8683,56.9067],
[-92.8724,56.9112],
[-92.8372,56.9244],
[-92.7215,56.9462],
[-92.5701,57.0629],
[-92.4411,57.2305],
[-92.4287,57.2576],
[-92.4187,57.3327],
[-92.4486,57.4378],
[-92.7247,57.8014],
[-92.7536,57.8508],
[-92.8053,58.0069],
[-92.8017,58.0497],
[-92.8117,58.0717],
[-92.9311,58.2117],
[-93.1181,58.5089],
[-93.1265,58.5301],
[-93.1411,58.6919],
[-93.1539,58.739],
[-93.2367,58.7669],
[-93.4756,58.7325],
[-93.5756,58.7639],
[-93.7189,58.7849],
[-93.9492,58.7625],
[-94.1439,58.7636],
[-94.2451,58.588],
[-94.2294,58.3959],
[-94.3633,58.2189],
[-94.3501,58.2817],
[-94.2912,58.426],
[-94.2853,58.5125],
[-94.2347,58.7147],
[-94.2289,58.785],
[-94.2792,58.7711],
[-94.2911,58.7436],
[-94.3353,58.7186],
[-94.4161,58.7153],
[-94.4463,58.7354],
[-94.4553,58.7683],
[-94.4804,58.8088],
[-94.6764,58.9344],
[-94.6808,58.9736],
[-94.7897,59.0922],
[-94.7818,59.261],
[-94.7725,59.2958],
[-94.7153,59.3233],
[-94.6806,59.3572],
[-94.7353,59.4264],
[-94.7886,59.5153],
[-94.8192,59.6364],
[-94.8033,59.7111],
[-94.8033,59.8778],
[-94.821,59.9556],
[-94.8039,60.006],
[-94.7688,60.0585],
[-94.7101,60.0845],
[-94.6736,60.1911],
[-94.6819,60.2242],
[-94.6161,60.3774],
[-94.6279,60.416],
[-94.6717,60.4661],
[-94.6733,60.5225],
[-94.6114,60.5278],
[-94.5694,60.5212],
[-94.5072,60.5471],
[-94.4151,60.7594],
[-94.3512,60.8561],
[-94.2269,60.9428],
[-94.1481,61.0436],
[-94.0572,61.1783],
[-93.9364,61.2958],
[-93.8453,61.3169],
[-93.8193,61.3526],
[-93.8628,61.3874],
[-93.9272,61.3862],
[-93.9686,61.3967],
[-93.985,61.4551],
[-93.8567,61.5492],
[-93.655,61.6292],
[-93.3569,61.7072],
[-93.2556,61.7425],
[-93.2444,61.7785],
[-93.4358,61.8089],
[-93.6172,61.8619],
[-93.6003,61.8792],
[-93.6161,61.94],
[-93.4617,61.9225],
[-93.3306,61.8864],
[-93.282,61.8914],
[-93.2233,61.9558],
[-93.3189,61.998],
[-93.3869,62.0112],
[-93.4122,62.0285],
[-93.3253,62.0514],
[-93.1408,62.0097],
[-92.9683,62.0772],
[-92.9368,62.111],
[-93.0234,62.1245],
[-93.0729,62.1046],
[-93.1226,62.1331],
[-93.1122,62.1554],
[-93.0724,62.1735],
[-92.9545,62.1928],
[-92.8488,62.176],
[-92.7943,62.1752],
[-92.765,62.2219],
[-92.7803,62.2369],
[-92.8343,62.2587],
[-92.8982,62.261],
[-93.1222,62.335],
[-92.8456,62.3094],
[-92.7443,62.2885],
[-92.7006,62.2655],
[-92.6393,62.2136],
[-92.5981,62.1557],
[-92.4823,62.1547],
[-92.5692,62.1928],
[-92.604,62.2363],
[-92.606,62.2635],
[-92.5883,62.3007],
[-92.6067,62.3147],
[-92.7197,62.3512],
[-92.7294,62.4362],
[-92.71,62.4658],
[-92.6119,62.4658],
[-92.5392,62.5325],
[-92.4681,62.5444],
[-92.3904,62.5304],
[-92.3256,62.5408],
[-92.2735,62.5692],
[-92.2706,62.5933],
[-92.1914,62.6032],
[-92.1582,62.5994],
[-92.0533,62.5267],
[-91.9447,62.5332],
[-91.8848,62.6029],
[-91.8828,62.6242],
[-91.9489,62.6519],
[-92.1835,62.6578],
[-92.3336,62.71],
[-92.4563,62.7994],
[-92.4468,62.8192],
[-92.4115,62.8344],
[-92.34,62.8436],
[-92.0875,62.8189],
[-91.9903,62.8469],
[-91.4617,62.7825],
[-91.3615,62.7881],
[-91.2103,62.8569],
[-91.1969,62.8891],
[-91.1778,62.9072],
[-91.0432,62.9432],
[-90.935,62.9449],
[-90.8478,62.9328],
[-90.7829,62.9395],
[-90.74,62.9622],
[-90.6275,63.0594],
[-90.7419,63.3608],
[-90.9251,63.3878],
[-90.9499,63.3972],
[-90.9683,63.4201],
[-90.8547,63.4086],
[-90.9455,63.4403],
[-91.3981,63.525],
[-91.6042,63.5828],
[-91.6176,63.6087],
[-91.6136,63.6404],
[-91.6953,63.6905],
[-91.7697,63.7146],
[-91.8225,63.7135],
[-91.9711,63.68],
[-92.1653,63.6244],
[-92.2025,63.6097],
[-92.28,63.5561],
[-92.4292,63.5469],
[-92.4808,63.5272],
[-92.4931,63.5408],
[-92.4897,63.5672],
[-92.2042,63.638],
[-92.1037,63.698],
[-92.1481,63.7169],
[-92.2571,63.741],
[-92.3892,63.7355],
[-92.4169,63.7458],
[-92.4324,63.7865],
[-92.5002,63.815],
[-92.4344,63.805],
[-92.1424,63.7468],
[-91.9106,63.7405],
[-91.5812,63.7153],
[-91.5349,63.7304],
[-91.4117,63.7072],
[-91.3492,63.6859],
[-91.3714,63.6855],
[-91.401,63.6726],
[-91.3758,63.6592],
[-91.2333,63.63],
[-91.1581,63.6356],
[-90.9367,63.5654],
[-90.8281,63.5617],
[-90.5572,63.6003],
[-90.5414,63.6147],
[-90.5571,63.6563],
[-90.6032,63.6744],
[-90.6188,63.6592],
[-90.6912,63.6572],
[-90.6393,63.7017],
[-90.6179,63.7033],
[-90.4946,63.6744],
[-90.4294,63.6158],
[-90.2586,63.6072],
[-90.2053,63.6122],
[-90.1526,63.6279],
[-90.0578,63.7444],
[-89.9722,63.781],
[-89.9674,63.8142],
[-90.1139,63.9308],
[-90.2058,63.9867],
[-90.2721,64.0016],
[-90.1883,64.009],
[-89.9549,63.9719],
[-89.9493,63.9489],
[-89.9931,63.9248],
[-89.9451,63.9111],
[-89.826,63.9242],
[-89.8136,63.9421],
[-89.8294,63.9776],
[-89.8669,63.9897],
[-89.9461,64.0575],
[-89.9506,64.0869],
[-90.1178,64.1259],
[-89.9772,64.1605],
[-89.9161,64.16],
[-89.8858,64.144],
[-89.82,64.1462],
[-89.8033,64.2225],
[-89.7892,64.2433],
[-89.7599,64.2296],
[-89.7446,64.1387],
[-89.806,64.1307],
[-89.821,64.1058],
[-89.7856,64.0769],
[-89.7269,64.0475],
[-89.7077,64.0767],
[-89.641,64.0516],
[-89.5243,63.958],
[-89.4855,63.9422],
[-89.4872,63.9531],
[-89.5643,64.0143],
[-89.5554,64.0744],
[-89.5072,64.0705],
[-89.3961,64.0386],
[-89.2507,63.9614],
[-89.0356,63.9466],
[-89.0538,63.9605],
[-89.0967,63.9739],
[-89.1825,64.0367],
[-89.2853,64.1393],
[-89.2503,64.1575],
[-89.2137,64.1267],
[-89.2017,64.0994],
[-89.1828,64.0814],
[-89.0778,64.0261],
[-88.9939,63.9986],
[-88.7367,63.9683],
[-88.6794,63.9789],
[-88.2856,64.1064],
[-88.1183,64.1349],
[-87.9874,64.1884],
[-87.865,64.3747],
[-87.8556,64.4344],
[-87.7943,64.5181],
[-87.698,64.5272],
[-87.5832,64.5654],
[-87.11,64.9991],
[-86.9707,65.0555],
[-86.9351,65.1429],
[-86.9514,65.1614],
[-87.075,65.2366],
[-87.3578,65.2708],
[-87.673,65.2914],
[-87.9781,65.2836],
[-88.0617,65.2589],
[-88.1032,65.2765],
[-88.3647,65.275],
[-88.6069,65.3069],
[-88.7711,65.3078],
[-89.0575,65.3307],
[-89.1461,65.4005],
[-89.4283,65.5294],
[-89.6568,65.6811],
[-89.745,65.7247],
[-89.96,65.7889],
[-90.5317,65.8805],
[-90.7419,65.8878],
[-90.9149,65.9044],
[-90.9836,65.919],
[-91.0939,65.9205],
[-91.1196,65.9052],
[-91.0118,65.811],
[-91.0537,65.8114],
[-91.1894,65.853],
[-91.3581,65.8915],
[-91.4444,65.9308],
[-91.4292,65.9511],
[-91.3254,65.9697],
[-90.8503,65.9153],
[-90.5961,65.8967],
[-90.4189,65.9011],
[-90.2589,65.9225],
[-90.2205,65.9094],
[-90.2728,65.8975],
[-90.3931,65.8961],
[-90.426,65.8808],
[-90.4044,65.8711],
[-90.2658,65.8605],
[-90.2072,65.8644],
[-90.0796,65.8897],
[-90.0486,65.8883],
[-89.8964,65.8551],
[-89.8285,65.8279],
[-89.7933,65.8225],
[-89.7349,65.8326],
[-89.7363,65.8712],
[-89.8711,65.9211],
[-89.9956,65.9459],
[-89.6682,65.9372],
[-89.1654,65.7744],
[-89.1308,65.7365],
[-89.0008,65.6986],
[-88.9563,65.6876],
[-88.7797,65.6761],
[-88.5133,65.6444],
[-88.4989,65.6269],
[-88.8293,65.6428],
[-88.6428,65.5923],
[-88.5542,65.5848],
[-88.3336,65.4925],
[-88.2171,65.405],
[-88.0703,65.3561],
[-87.9667,65.3331],
[-87.8692,65.3253],
[-87.3958,65.3214],
[-87.1117,65.3903],
[-87.1103,65.4586],
[-87.0914,65.4768],
[-87.0637,65.4868],
[-87.0281,65.4817],
[-86.9539,65.5392],
[-86.8833,65.5565],
[-86.8273,65.5575],
[-86.7161,65.6175],
[-86.5303,65.6955],
[-86.4526,65.7447],
[-86.4594,65.7871],
[-86.4938,65.8046],
[-86.4722,65.84],
[-86.4203,65.8925],
[-86.3264,65.905],
[-86.2443,65.9343],
[-86.2218,65.9523],
[-85.9798,66.0314],
[-85.9767,66.0754],
[-85.8982,66.1694],
[-85.9207,66.1843],
[-86.3061,66.2764],
[-86.645,66.3197],
[-86.8082,66.4394],
[-86.79,66.448],
[-86.6786,66.4328],
[-86.6388,66.4376],
[-86.7439,66.4886],
[-86.7787,66.5185],
[-86.7579,66.5285],
[-86.6661,66.5071],
[-86.6056,66.5097],
[-86.5814,66.5241],
[-86.2833,66.5186],
[-86.1033,66.4966],
[-85.8822,66.5103],
[-85.8543,66.5007],
[-85.5756,66.5747],
[-85.4858,66.5817],
[-85.462,66.5761],
[-85.3445,66.4869],
[-85.3397,66.3992],
[-85.304,66.3094],
[-85.261,66.2775],
[-85.2213,66.2633],
[-85.1874,66.2614],
[-85.1319,66.2919],
[-84.9732,66.2455],
[-84.9493,66.2461],
[-84.9058,66.2669],
[-84.8755,66.2674],
[-84.6411,66.2161],
[-84.4786,66.163],
[-84.3736,66.1635],
[-84.3957,66.204],
[-84.416,66.2201],
[-84.6309,66.3316],
[-84.6192,66.3497],
[-84.5547,66.3918],
[-84.5147,66.4033],
[-84.4344,66.3676],
[-84.3172,66.2997],
[-84.2224,66.3214],
[-84.1846,66.3168],
[-84.1568,66.3044],
[-84.1475,66.2803],
[-84.1267,66.2593],
[-83.8437,66.1546],
[-83.7679,66.1686],
[-83.6845,66.2076],
[-83.7696,66.2644],
[-83.7736,66.2897],
[-83.8047,66.3072],
[-83.8931,66.4282],
[-83.9164,66.4466],
[-84.1283,66.5547],
[-84.1835,66.604],
[-84.1408,66.6522],
[-84.1488,66.6836],
[-84.4042,66.7056],
[-84.4379,66.7196],
[-84.4669,66.7878],
[-84.6578,66.8258],
[-84.6751,66.8418],
[-84.6342,66.8417],
[-84.5414,66.8214],
[-84.5125,66.8271],
[-84.5856,66.8589],
[-84.7464,66.8975],
[-84.6821,66.9029],
[-84.6171,66.8936],
[-84.5681,66.9001],
[-84.6022,66.9358],
[-84.7615,66.9519],
[-84.8587,66.9402],
[-84.948,66.9081],
[-84.9072,66.9003],
[-84.9444,66.8612],
[-85.1363,66.8378],
[-85.1903,66.8532],
[-85.2271,66.8747],
[-85.1428,66.9303],
[-85.054,66.9615],
[-84.6457,66.9792],
[-84.7,66.9958],
[-84.7807,67.0045],
[-84.8399,66.9835],
[-84.8725,66.9864],
[-84.9315,67.0578],
[-84.9082,67.0593],
[-84.8443,67.0305],
[-84.4881,66.9889],
[-84.3768,66.9665],
[-84.4214,66.961],
[-84.4364,66.8183],
[-84.291,66.7253],
[-84.2667,66.7175],
[-84.1497,66.7026],
[-84.1107,66.7067],
[-83.9419,66.8186],
[-83.9289,66.863],
[-83.9121,66.8789],
[-83.896,66.8648],
[-83.884,66.8287],
[-83.8886,66.809],
[-83.9455,66.7025],
[-83.9887,66.7021],
[-84.0126,66.688],
[-84.0114,66.6636],
[-83.9751,66.5822],
[-83.8575,66.5441],
[-83.7325,66.5347],
[-83.6768,66.5228],
[-83.5797,66.4317],
[-83.5347,66.378],
[-83.5997,66.4098],
[-83.6028,66.4316],
[-83.632,66.4393],
[-83.6535,66.4101],
[-83.5675,66.3675],
[-83.4506,66.3466],
[-83.3629,66.351],
[-83.0543,66.4729],
[-83.0181,66.5047],
[-83.0181,66.54],
[-82.87,66.5675],
[-82.6944,66.558],
[-82.5811,66.5765],
[-82.5644,66.6151],
[-82.4811,66.6697],
[-82.3697,66.7258],
[-82.1819,66.7665],
[-82.0269,66.9261],
[-81.9297,66.9786],
[-81.8026,66.9976],
[-81.7058,66.9701],
[-81.5301,66.9894],
[-81.5022,67.001],
[-81.4139,67.0914],
[-81.3803,67.1705],
[-81.3478,67.2928],
[-81.2981,67.3923],
[-81.2508,67.4214],
[-81.2383,67.4386],
[-81.2422,67.4701],
[-81.4247,67.6067],
[-81.6453,67.6847],
[-81.7075,67.7317],
[-82.0997,67.9048],
[-82.1747,68],
[-82.1145,68.0829],
[-82.0307,68.1203],
[-81.9931,68.1725],
[-81.9892,68.2041],
[-82.0183,68.2154],
[-82.0425,68.2118],
[-82.0603,68.2022],
[-82.0992,68.155],
[-82.1728,68.1129],
[-82.3144,68.1467],
[-82.344,68.163],
[-82.3274,68.1865],
[-82.2744,68.2305],
[-82.2615,68.2505],
[-82.2643,68.2796],
[-82.2869,68.2897],
[-82.3674,68.2662],
[-82.3938,68.2676],
[-82.4836,68.2994],
[-82.5027,68.3142],
[-82.475,68.3211],
[-82.3886,68.3168],
[-82.3574,68.3245],
[-82.359,68.347],
[-82.4906,68.4022],
[-82.4911,68.4539],
[-82.6325,68.501],
[-82.6089,68.5175],
[-82.5776,68.5253],
[-82.4489,68.4786],
[-82.2542,68.4544],
[-82.2215,68.4564],
[-82.189,68.4685],
[-82.1779,68.4885],
[-82.2361,68.5071],
[-82.261,68.5288],
[-82.2294,68.5317],
[-82.0846,68.5054],
[-82.0654,68.4968],
[-82.0261,68.4393],
[-82.0049,68.4254],
[-81.9644,68.4222],
[-81.8364,68.4576],
[-81.7989,68.4897],
[-81.5603,68.5417],
[-81.3578,68.5992],
[-81.259,68.6418],
[-81.2358,68.7699],
[-81.3542,68.8575],
[-81.3828,68.8667],
[-81.4315,68.8753],
[-81.585,68.8673],
[-81.6561,68.901],
[-81.8263,68.9079],
[-82.0031,68.8741],
[-82.0498,68.8771],
[-82.005,68.8955],
[-81.7167,68.9491],
[-81.5958,68.9841],
[-81.3308,69.0953],
[-81.2994,69.1203],
[-81.3357,69.185],
[-81.4164,69.208],
[-81.5122,69.2014],
[-81.6503,69.2517],
[-81.7078,69.2647],
[-81.9147,69.2694],
[-82.0544,69.2414],
[-82.2104,69.2333],
[-82.2731,69.2375],
[-82.2906,69.2492],
[-82.2289,69.3941],
[-82.2953,69.4139],
[-82.6847,69.4797],
[-82.8496,69.5005],
[-83.0825,69.5142],
[-83.2281,69.5386],
[-83.1542,69.5439],
[-82.9822,69.5242],
[-82.4885,69.4977],
[-82.5353,69.535],
[-82.6064,69.5647],
[-82.6547,69.5686],
[-82.6539,69.623],
[-82.5648,69.6347],
[-82.3347,69.6194],
[-82.259,69.6372],
[-82.492,69.6592],
[-82.6967,69.6958],
[-83.015,69.6794],
[-83.2461,69.705],
[-83.2871,69.7008],
[-83.3397,69.6772],
[-83.3605,69.6764],
[-83.705,69.7036],
[-83.9719,69.7497],
[-84.0979,69.7836],
[-84.1177,69.8019],
[-84.1694,69.8222],
[-84.3758,69.8575],
[-84.5742,69.8575],
[-84.8655,69.8212],
[-85.0718,69.7705],
[-85.1708,69.7905],
[-85.3696,69.85],
[-85.555,69.8597],
[-85.5798,69.8449],
[-85.5614,69.8247],
[-85.3696,69.823],
[-85.3468,69.8153],
[-85.3375,69.7728],
[-85.3729,69.7558],
[-85.404,69.7541],
[-85.3918,69.778],
[-85.4162,69.7887],
[-85.5147,69.7681],
[-85.5474,69.6497],
[-85.5407,69.4717],
[-85.5181,69.4482],
[-85.4961,69.4379],
[-85.4711,69.4386],
[-85.4319,69.4605],
[-85.3865,69.4587],
[-85.3439,69.4423],
[-85.3897,69.4135],
[-85.4604,69.4171],
[-85.5023,69.4016],
[-85.5031,69.3144],
[-85.4756,69.2742],
[-85.3879,69.2078],
[-85.3378,69.1939],
[-85.2478,69.1926],
[-85.2301,69.1785],
[-85.2897,69.1639],
[-85.3124,69.1506],
[-85.259,69.1319],
[-85.204,69.1315],
[-85.1506,69.1642],
[-85.0647,69.1769],
[-85.005,69.1652],
[-85.1083,69.1133],
[-84.7455,69.0397],
[-84.5636,69.0258],
[-84.5343,69.0149],
[-84.5817,68.995],
[-84.9511,69.0178],
[-84.9843,69.0035],
[-84.9287,68.9755],
[-84.8296,68.9637],
[-84.7985,68.9504],
[-84.81,68.9296],
[-85.0875,68.958],
[-85.1275,68.9449],
[-85.0881,68.9286],
[-85.0058,68.9284],
[-85.0038,68.88],
[-85.0467,68.8591],
[-85.1531,68.873],
[-85.1848,68.8597],
[-85.1631,68.8392],
[-85.1379,68.8286],
[-85.0317,68.8108],
[-84.8442,68.8226],
[-84.757,68.7685],
[-84.7714,68.7422],
[-84.7942,68.7339],
[-84.9128,68.7469],
[-85.1483,68.75],
[-85.2194,68.7175],
[-85.3214,68.7239],
[-85.38,68.7447],
[-85.3665,68.76],
[-85.5142,68.7839],
[-85.552,68.7785],
[-85.4692,68.7505],
[-85.4944,68.7369],
[-85.5638,68.7272],
[-85.599,68.7387],
[-85.6365,68.7396],
[-85.6694,68.719],
[-85.7333,68.5986],
[-85.7269,68.4864],
[-85.7128,68.4117],
[-85.841,68.3193],
[-85.8881,68.1897],
[-85.914,68.0919],
[-85.895,68.0512],
[-85.9956,68.0094],
[-86.0356,68.0028],
[-86.0981,67.978],
[-86.3549,67.8306],
[-86.5233,67.6766],
[-86.4843,67.6126],
[-86.4562,67.5996],
[-86.495,67.4969],
[-86.4737,67.4748],
[-86.5061,67.3728],
[-86.5294,67.3503],
[-86.5861,67.3451],
[-86.6472,67.3583],
[-86.6846,67.3711],
[-86.7722,67.4207],
[-86.8744,67.405],
[-87.0872,67.3469],
[-87.0756,67.3272],
[-86.9669,67.2491],
[-87.1178,67.2128],
[-87.2408,67.2161],
[-87.3228,67.1628],
[-87.5104,67.1146],
[-87.5067,67.1802],
[-87.4867,67.1941],
[-87.4349,67.2068],
[-87.3592,67.2535],
[-87.4608,67.3441],
[-87.6147,67.4082],
[-87.8343,67.5317],
[-87.8814,67.5681],
[-87.9606,67.6096],
[-88.0958,67.6425],
[-88.1322,67.66],
[-88.2728,67.7983],
[-88.3712,67.9628],
[-88.374,68.0285],
[-88.3478,68.0372],
[-88.3397,68.0678],
[-88.2795,68.1088],
[-88.3376,68.2194],
[-88.3808,68.2455],
[-88.4015,68.2717],
[-88.3892,68.2887],
[-88.2219,68.3655],
[-88.1067,68.2428],
[-87.9353,68.1972],
[-87.8471,68.2459],
[-87.8006,68.3119],
[-87.7922,68.3344],
[-87.7924,68.3955],
[-87.8341,68.4266],
[-87.8825,68.4928],
[-87.9451,68.608],
[-87.9171,68.6519],
[-87.9478,68.7317],
[-87.9681,68.7633],
[-88.0453,68.8186],
[-88.2032,68.9091],
[-88.4061,68.9828],
[-88.6239,69.0428],
[-88.7775,69.101],
[-88.8649,69.1454],
[-88.9689,69.2414],
[-89.044,69.2632],
[-89.1243,69.2754],
[-89.3144,69.2493],
[-89.394,69.2103],
[-89.3994,69.1833],
[-89.4862,69.113],
[-89.6442,69.0483],
[-89.7119,69.0104],
[-89.7556,68.9481],
[-89.7365,68.8872],
[-89.7147,68.8469],
[-89.6867,68.8162],
[-89.6933,68.7639],
[-89.7292,68.6991],
[-89.7578,68.6839],
[-89.7849,68.708],
[-89.8061,68.7112],
[-89.8947,68.6525],
[-89.9494,68.6026],
[-89.9239,68.5586],
[-89.9024,68.5454],
[-89.9122,68.4672],
[-90.0386,68.3522],
[-90.1232,68.2554],
[-90.1445,68.2439],
[-90.2072,68.2311],
[-90.2632,68.2358],
[-90.3675,68.3453],
[-90.3439,68.3653],
[-90.3211,68.3724],
[-90.56,68.4236],
[-90.6044,68.4496],
[-90.5847,68.4655],
[-90.5168,68.4903],
[-90.4744,68.5308],
[-90.4797,68.7068],
[-90.5227,68.7426],
[-90.4924,68.7688],
[-90.4535,68.7751],
[-90.4194,68.8408],
[-90.4364,68.8744],
[-90.5839,68.9289],
[-90.665,69.055],
[-90.6571,69.077],
[-90.815,69.1336],
[-90.895,69.1508],
[-91.0314,69.2183],
[-91.3353,69.3044],
[-91.4337,69.3495],
[-91.2147,69.2903],
[-90.9039,69.2464],
[-90.8101,69.2551],
[-90.8119,69.339],
[-90.7903,69.3628],
[-90.7414,69.3828],
[-90.5884,69.4147],
[-90.7026,69.4512],
[-90.6179,69.4522],
[-90.5556,69.4225],
[-90.4569,69.4494],
[-90.4039,69.43],
[-90.3512,69.431],
[-90.3134,69.4481],
[-90.4933,69.5042],
[-90.7074,69.5394],
[-90.7551,69.4938],
[-90.83,69.485],
[-90.9697,69.5114],
[-91.1085,69.5098],
[-91.1393,69.5226],
[-91.186,69.5608],
[-91.4022,69.5222],
[-91.5624,69.5173],
[-91.5046,69.5357],
[-91.3608,69.5455],
[-91.0974,69.6309],
[-91.1954,69.6546],
[-91.4888,69.6612],
[-91.8023,69.5042],
[-91.9383,69.5178],
[-92.1247,69.555],
[-92.2928,69.64],
[-92.1285,69.6123],
[-92.0928,69.6212],
[-92.3058,69.6658],
[-92.3408,69.6941],
[-92.5153,69.6932],
[-92.6944,69.6564],
[-92.8318,69.6558],
[-92.8975,69.6655],
[-92.9189,69.677],
[-92.8647,69.6826],
[-92.7097,69.6739],
[-92.5351,69.7073],
[-92.7769,69.7143],
[-92.6586,69.7611],
[-92.5433,69.7805],
[-92.3694,69.8478],
[-92.1489,69.9466],
[-91.9432,70.018],
[-91.9892,70.0562],
[-92.13,70.085],
[-92.2768,70.0901],
[-92.4413,70.0733],
[-92.3931,70.1505],
[-92.2683,70.2089],
[-92.2344,70.2122],
[-92.0288,70.1253],
[-91.9628,70.1185],
[-91.5781,70.1375],
[-91.5358,70.1417],
[-91.5135,70.1563],
[-91.5242,70.1792],
[-91.6361,70.2317],
[-91.7001,70.3423],
[-91.7335,70.3578],
[-91.8603,70.3608],
[-91.8973,70.3427],
[-91.9203,70.2964],
[-91.9503,70.2589],
[-91.9855,70.2897],
[-91.9939,70.3186],
[-91.9878,70.3558],
[-91.9969,70.3908],
[-92.1133,70.4696],
[-92.244,70.4943],
[-92.265,70.55],
[-92.2382,70.5721],
[-92.1961,70.5711],
[-92.1648,70.5834],
[-92.2036,70.6085],
[-92.4243,70.6646],
[-92.5928,70.6858],
[-92.6219,70.6836],
[-92.6826,70.7736],
[-92.813,70.8058],
[-92.9199,70.8107],
[-92.9825,70.8255],
[-93.0385,70.8714],
[-92.907,70.9125],
[-92.8893,71.0703],
[-92.8544,71.1514],
[-92.9296,71.2158],
[-92.9403,71.2797],
[-92.9835,71.3469],
[-93.0372,71.3661],
[-93.1357,71.3719],
[-93.1901,71.4105],
[-93.1873,71.4314],
[-93.2078,71.4643],
[-93.2308,71.4736],
[-93.4203,71.5325],
[-93.6181,71.5686],
[-93.8096,71.6486],
[-93.6973,71.7121],
[-93.7094,71.7582],
[-93.7343,71.7678],
[-93.8249,71.7732],
[-93.8797,71.7507],
[-93.9425,71.7436],
[-93.9725,71.7458],
[-94.0001,71.7582],
[-94.0115,71.778],
[-94.0303,71.7865],
[-94.1976,71.7907],
[-94.2354,71.7762],
[-94.2623,71.7394],
[-94.3689,71.6753],
[-94.4172,71.6623],
[-94.3609,71.7984],
[-94.3922,71.8144],
[-94.492,71.8214],
[-94.5375,71.7597],
[-94.5626,71.7475],
[-94.6061,71.7478],
[-94.6442,71.8183],
[-94.5685,71.8485],
[-94.4664,71.8483],
[-94.3908,71.9337],
[-94.4933,71.9857],
[-94.5717,71.9969],
[-94.7411,71.9919],
[-94.9719,71.9758],
[-95.2161,71.9441],
[-95.255,71.8955],
[-95.2542,71.8637],
[-95.2133,71.843],
[-95.1108,71.8507],
[-94.9039,71.8503],
[-94.75,71.8385],
[-94.6558,71.8619],
[-94.6137,71.863],
[-94.7348,71.8239],
[-94.8903,71.8447],
[-95.0731,71.8414],
[-95.2332,71.8246],
[-95.2882,71.7601],
[-95.3016,71.7211],
[-95.5397,71.7036],
[-95.7447,71.6241],
[-95.8706,71.6189],
[-95.9004,71.6062],
[-95.9399,71.5501],
[-95.78,71.5039],
[-95.5478,71.4878],
[-95.4533,71.3718],
[-95.5432,71.2904],
[-95.673,71.2875],
[-95.8592,71.355],
[-95.8939,71.3908],
[-96.0371,71.4179],
[-96.1342,71.4097],
[-96.1683,71.4],
[-96.2183,71.3758],
[-96.2781,71.3264],
[-96.5004,71.2789],
[-96.4622,71.2555],
[-96.458,71.1956],
[-96.4672,71.1653],
[-96.5556,71.1337],
[-96.5453,71.1165],
[-96.469,71.0829],
[-96.431,71.0804],
[-96.414,71.0942],
[-96.4136,71.1165],
[-96.3717,71.0928],
[-96.4106,71.0561],
[-96.4888,71.0418],
[-96.5119,70.9528],
[-96.5453,70.905],
[-96.5968,70.8585],
[-96.6143,70.8128],
[-96.6079,70.7912],
[-96.5369,70.7633],
[-96.4407,70.7396],
[-96.383,70.6769],
[-96.2028,70.6216],
[-96.159,70.6178],
[-96.1489,70.6352],
[-96.1156,70.6561],
[-95.9328,70.7011],
[-95.8167,70.7097],
[-95.9525,70.6797],
[-96.0519,70.645],
[-96.0549,70.6059],
[-95.9644,70.5689],
[-95.8558,70.5533],
[-95.8002,70.5342],
[-95.9292,70.5464],
[-95.9953,70.5597],
[-96.0743,70.5876],
[-96.2328,70.5622],
[-96.535,70.3441],
[-96.5563,70.3146],
[-96.5703,70.2294],
[-96.5285,70.1269],
[-96.4025,70.04],
[-96.265,69.9671],
[-96.241,69.9582],
[-96.1864,69.9651],
[-96.1069,69.9503],
[-96.085,69.9114],
[-96.085,69.8714],
[-96.0744,69.8419],
[-95.9682,69.78],
[-95.8633,69.7722],
[-95.7579,69.775],
[-95.7269,69.7891],
[-95.6481,69.7803],
[-95.545,69.7269],
[-95.4157,69.684],
[-95.0786,69.6164],
[-95.0076,69.6203],
[-95.0091,69.6117],
[-94.9519,69.5844],
[-94.8547,69.5662],
[-94.8011,69.5722],
[-94.7303,69.6058],
[-94.7557,69.6584],
[-94.6294,69.683],
[-94.5919,69.6372],
[-94.4517,69.5186],
[-94.3439,69.4592],
[-94.2792,69.4403],
[-94.0453,69.4391],
[-93.8697,69.4517],
[-93.8089,69.4889],
[-93.6839,69.5222],
[-93.5872,69.528],
[-93.5367,69.5222],
[-93.4404,69.4779],
[-93.496,69.4312],
[-93.5381,69.4105],
[-93.5628,69.3758],
[-93.505,69.3493],
[-93.3676,69.3739],
[-93.4621,69.3203],
[-93.8487,69.1696],
[-93.8286,69.2655],
[-93.75,69.3225],
[-93.6857,69.3453],
[-93.5355,69.4305],
[-93.5687,69.4422],
[-93.7367,69.4],
[-93.9553,69.3628],
[-94.0342,69.3586],
[-94.2592,69.3267],
[-94.2879,69.3164],
[-94.3072,69.2984],
[-94.323,69.1529],
[-94.2417,69.12],
[-94.0726,69.1358],
[-94.1572,69.0547],
[-94.2242,69.0278],
[-94.5991,68.9619],
[-94.5806,68.9004],
[-94.5467,68.8868],
[-94.5604,68.8575],
[-94.6089,68.8194],
[-94.625,68.7614],
[-94.4908,68.7289],
[-94.3856,68.7292],
[-94.0933,68.7589],
[-93.9342,68.825],
[-93.8169,68.8862],
[-94.0276,68.8347],
[-94.0754,68.8455],
[-94.0624,68.8965],
[-93.9256,68.9747],
[-93.6669,68.9722],
[-93.6383,68.9615],
[-93.5692,68.8394],
[-93.6394,68.7805],
[-93.6962,68.7505],
[-93.7053,68.6572],
[-93.6503,68.6266],
[-93.5597,68.6116],
[-93.5533,68.5864],
[-93.6192,68.5441],
[-93.659,68.5221],
[-93.8114,68.488],
[-93.9608,68.4703],
[-94.1139,68.4205],
[-94.2084,68.3648],
[-94.2097,68.3258],
[-94.1994,68.3058],
[-94.1987,68.2729],
[-94.3725,68.2214],
[-94.605,68.1397],
[-94.6953,68.081],
[-94.7165,68.0588],
[-94.7881,68.0405],
[-94.8672,68.0341],
[-95.0163,68.0451],
[-95.0719,68.0654],
[-95.3464,68.0744],
[-95.4703,68.0594],
[-95.4169,68.0278],
[-95.5272,67.8722],
[-95.524,67.8448],
[-95.5393,67.8153],
[-95.5775,67.7875],
[-95.6765,67.759],
[-95.7064,67.7295],
[-95.6931,67.7044],
[-95.5417,67.6483],
[-95.4664,67.6372],
[-95.3467,67.5572],
[-95.3247,67.5293],
[-95.3378,67.5013],
[-95.3842,67.4441],
[-95.3346,67.3461],
[-95.3105,67.3286],
[-95.2172,67.3064],
[-95.168,67.283],
[-95.3493,67.1511],
[-95.345,67.0844],
[-95.2894,67.025],
[-95.2247,66.978],
[-95.2633,66.9172],
[-95.2962,66.8958],
[-95.3271,66.8914],
[-95.3892,66.9111],
[-95.4722,66.9117],
[-95.5167,66.9022],
[-95.7314,66.9011],
[-95.7579,66.913],
[-95.7774,66.9337],
[-95.8144,66.9414],
[-96.0003,66.9505],
[-96.067,66.9364],
[-96.0891,66.9135],
[-95.9931,66.8428],
[-95.7847,66.7372],
[-95.659,66.7299],
[-95.6286,66.6808],
[-95.6515,66.6623],
[-95.7414,66.638],
[-95.7783,66.646],
[-95.7847,66.6741],
[-95.845,66.7505],
[-95.8836,66.7689],
[-96.0067,66.7944],
[-96.1098,66.8353],
[-96.1281,66.8817],
[-96.1464,66.8947],
[-96.4039,67.0083],
[-96.4556,67.0641],
[-96.3981,67.0862],
[-96.2881,67.0683],
[-96.2639,67.0471],
[-96.2843,67.0062],
[-96.2625,66.9911],
[-96.131,66.9519],
[-96.0311,66.9706],
[-96.0471,67.0068],
[-96.0045,67.0458],
[-95.9631,67.0676],
[-95.938,67.0681],
[-95.9884,67.0141],
[-95.9322,66.9546],
[-95.9025,66.9466],
[-95.6142,66.9703],
[-95.5978,66.9489],
[-95.5347,66.9411],
[-95.354,66.9619],
[-95.3403,66.9826],
[-95.3274,67.0221],
[-95.3794,67.1547],
[-95.4355,67.1939],
[-95.5442,67.2125],
[-95.7122,67.1883],
[-95.797,67.163],
[-95.8272,67.1666],
[-95.7631,67.2128],
[-95.5575,67.3103],
[-95.5344,67.3587],
[-95.5714,67.3785],
[-95.5963,67.3832],
[-95.7482,67.3721],
[-95.9211,67.2786],
[-96.0969,67.216],
[-96.1222,67.215],
[-96.2495,67.2491],
[-96.2157,67.3233],
[-96.1719,67.3393],
[-96.0699,67.431],
[-96.1106,67.4668],
[-96.1911,67.4205],
[-96.2164,67.4205],
[-96.2942,67.4447],
[-96.3639,67.478],
[-96.4549,67.4746],
[-96.4642,67.5035],
[-96.4378,67.5414],
[-96.3297,67.6103],
[-96.2621,67.629],
[-96.2099,67.6189],
[-96.1886,67.624],
[-96.1747,67.6431],
[-96.1754,67.6917],
[-96.215,67.6913],
[-96.214,67.8238],
[-96.0836,68.0022],
[-96.022,68.1146],
[-96.0727,68.1545],
[-95.9683,68.2308],
[-95.9803,68.2547],
[-96.2883,68.1978],
[-96.4322,68.1561],
[-96.51,68.1194],
[-96.5395,68.0847],
[-96.4855,68.0922],
[-96.4508,68.053],
[-96.4664,68.0389],
[-96.6761,68.0186],
[-96.7083,68.0086],
[-96.7811,68.0155],
[-96.8098,68.0355],
[-96.8031,68.0553],
[-96.7789,68.0714],
[-96.6964,68.0787],
[-96.623,68.1155],
[-96.5029,68.2021],
[-96.4074,68.3135],
[-96.4708,68.3055],
[-96.6253,68.2517],
[-96.6844,68.2796],
[-96.9392,68.2397],
[-97.088,68.2646],
[-97.0656,68.3001],
[-97.0533,68.3533],
[-97.1603,68.3894],
[-97.2592,68.4667],
[-97.3856,68.4953],
[-97.5444,68.5014],
[-97.5978,68.4836],
[-97.6138,68.4561],
[-97.5813,68.4455],
[-97.5149,68.4462],
[-97.5032,68.4273],
[-97.5304,68.4176],
[-97.6117,68.4347],
[-97.6477,68.4558],
[-97.6596,68.4978],
[-97.6928,68.5167],
[-97.8444,68.5414],
[-97.9969,68.5382],
[-98.0104,68.5018],
[-97.9032,68.4218],
[-97.7753,68.4023],
[-97.746,68.3676],
[-97.7695,68.3648],
[-97.8569,68.384],
[-97.9,68.3853],
[-98.0739,68.335],
[-98.0967,68.3178],
[-98.1936,68.3011],
[-98.2197,68.3023],
[-98.2892,68.3344],
[-98.3119,68.3547],
[-98.495,68.4094],
[-98.4978,68.3882],
[-98.4665,68.3586],
[-98.5164,68.329],
[-98.5406,68.3351],
[-98.6003,68.3709],
[-98.6372,68.3792],
[-98.674,68.381],
[-98.7102,68.362],
[-98.6078,68.2933],
[-98.5611,68.2739],
[-98.5356,68.2285],
[-98.4932,68.2068],
[-98.3775,68.1903],
[-98.3297,68.1721],
[-98.3196,68.1437],
[-98.3453,68.098],
[-98.3633,68.0832],
[-98.3869,68.0792],
[-98.4126,68.0844],
[-98.4378,68.1069],
[-98.4281,68.1403],
[-98.4303,68.1644],
[-98.4551,68.1816],
[-98.4796,68.1857],
[-98.5835,68.1461],
[-98.4054,68.0083],
[-98.2514,67.9464],
[-98.2192,67.925],
[-98.1829,67.8782],
[-98.1112,67.8389],
[-98.0639,67.8292],
[-98.0603,67.8917],
[-98.0501,67.9237],
[-98.03,67.9419],
[-97.8778,67.9636],
[-97.7048,68.0072],
[-97.6831,68.0186],
[-97.6481,68.0103],
[-97.4422,67.9161],
[-97.3978,67.8782],
[-97.3306,67.876],
[-97.2881,67.8887],
[-97.2472,67.9278],
[-97.1198,67.7886],
[-97.1389,67.6741],
[-97.2894,67.6618],
[-97.3871,67.6197],
[-97.5097,67.5992],
[-97.5983,67.6035],
[-97.6529,67.6391],
[-98.0945,67.7661],
[-98.2333,67.9019],
[-98.267,67.9233],
[-98.545,68.0614],
[-98.6156,68.0747],
[-98.7328,68.0703],
[-98.7469,68.0478],
[-98.7219,67.9512],
[-98.6604,67.9183],
[-98.5403,67.8722],
[-98.5068,67.8643],
[-98.4494,67.8644],
[-98.3598,67.7959],
[-98.3858,67.7858],
[-98.5289,67.7775],
[-98.9869,67.7183],
[-99.2106,67.7069],
[-99.3904,67.7707],
[-99.4076,67.7864],
[-99.5006,67.7997],
[-99.5835,67.8021],
[-99.6132,67.7905],
[-99.82,67.7958],
[-100.0836,67.815],
[-100.1842,67.843],
[-100.3956,67.8475],
[-100.5817,67.8342],
[-100.7203,67.8344],
[-100.8983,67.7583],
[-101.0063,67.7429],
[-101.4403,67.7329],
[-101.515,67.6794],
[-101.6719,67.6917],
[-101.7647,67.7233],
[-101.9261,67.7603],
[-102.1465,67.7673],
[-102.2511,67.7253],
[-102.3397,67.7447],
[-102.4708,67.7869],
[-102.8003,67.8208],
[-102.8297,67.8319],
[-102.9483,67.9209],
[-102.9774,67.924],
[-103.0053,67.9146],
[-103.106,67.9274],
[-103.135,67.9557],
[-103.2542,67.9664],
[-103.3676,68.0083],
[-103.3725,68.0686],
[-103.3419,68.1108],
[-103.3754,68.153],
[-103.4217,68.1667],
[-103.4621,68.1587],
[-103.5214,68.1308],
[-103.5528,68.1012],
[-103.5349,68.0739],
[-103.5499,68.0586],
[-103.7914,68.0253],
[-103.8772,68.0208],
[-103.9782,68.0442],
[-104.1183,68.0189],
[-104.1667,68.0175],
[-104.3669,68.0341],
[-104.5005,68.0334],
[-104.5922,68.0836],
[-104.6687,68.1443],
[-104.6192,68.1918],
[-104.6039,68.2344],
[-104.64,68.2469],
[-104.6878,68.2503],
[-104.7975,68.2444],
[-104.8799,68.2262],
[-104.9326,68.2346],
[-104.949,68.254],
[-104.868,68.2712],
[-104.8431,68.2869],
[-104.8375,68.3132],
[-104.8847,68.3397],
[-105.0261,68.3094],
[-105.0133,68.2684],
[-105.0643,68.2592],
[-105.1008,68.2661],
[-105.291,68.3372],
[-105.3903,68.4094],
[-105.5254,68.4073],
[-105.5465,68.4239],
[-105.5352,68.4463],
[-105.4387,68.4872],
[-105.416,68.4922],
[-105.3808,68.4866],
[-105.4994,68.6214],
[-105.4802,68.7238],
[-105.7764,68.8725],
[-106.2081,68.9409],
[-106.2394,68.9341],
[-106.2595,68.9118],
[-106.3156,68.8928],
[-106.635,68.8183],
[-106.8208,68.8114],
[-107.2314,68.7189],
[-107.805,68.6455],
[-108.1703,68.6266],
[-108.3142,68.6114],
[-108.3761,68.5819],
[-108.5739,68.4117],
[-108.6164,68.3847],
[-108.745,68.3403],
[-108.816,68.2661],
[-108.7613,68.2371],
[-108.7156,68.2314],
[-108.5665,68.2681],
[-108.4844,68.3053],
[-108.4518,68.3086],
[-108.399,68.2921],
[-108.3269,68.2005],
[-108.3324,68.1567],
[-108.3461,68.1408],
[-108.3743,68.1383],
[-108.3656,68.1572],
[-108.4032,68.1625],
[-108.4325,68.1435],
[-108.4182,68.1203],
[-108.3943,68.114],
[-108.3322,68.1172],
[-108.2203,68.1522],
[-108.1919,68.1683],
[-108.1614,68.1728],
[-107.8719,68.1714],
[-107.7933,68.1836],
[-107.624,68.1644],
[-107.6044,68.1724],
[-107.8542,68.2475],
[-107.8835,68.2651],
[-107.8524,68.3232],
[-107.8223,68.341],
[-107.5537,68.3483],
[-107.3326,68.3141],
[-107.299,68.2987],
[-107.254,68.2617],
[-107.1322,68.2833],
[-107.0195,68.3587],
[-106.7876,68.4105],
[-106.6414,68.3453],
[-106.5897,68.295],
[-106.5644,68.2905],
[-106.533,68.2971],
[-106.4916,68.4057],
[-106.59,68.4235],
[-106.6187,68.4398],
[-106.6275,68.4621],
[-106.5439,68.5119],
[-106.2078,68.5678],
[-106.0537,68.6009],
[-106.0354,68.6186],
[-105.9022,68.6353],
[-105.6518,68.6361],
[-105.7431,68.5647],
[-105.6994,68.4795],
[-105.7267,68.4219],
[-105.7457,68.4142],
[-105.7935,68.4201],
[-106.1607,68.3783],
[-106.2107,68.3923],
[-106.2501,68.3889],
[-106.4594,68.3378],
[-106.4912,68.2238],
[-106.3512,68.1855],
[-106.4267,68.1546],
[-106.4518,68.1612],
[-106.4686,68.1905],
[-106.594,68.2458],
[-106.621,68.2473],
[-106.8018,68.2061],
[-106.8486,68.1167],
[-106.9592,68.114],
[-107.1189,68.0847],
[-107.1085,68.1246],
[-107.1482,68.1276],
[-107.2878,68.065],
[-107.3558,68.0478],
[-107.6103,68.0586],
[-107.6851,68.0442],
[-107.7635,68.0004],
[-107.7956,68.0009],
[-107.8321,68.0091],
[-107.8049,68.0537],
[-107.7329,68.055],
[-107.6994,68.0691],
[-107.7211,68.0828],
[-107.8447,68.1053],
[-107.8711,68.0987],
[-107.8879,68.085],
[-107.9142,67.992],
[-107.6583,67.9405],
[-107.6747,67.9161],
[-107.7097,67.8942],
[-107.8553,67.8578],
[-107.9368,67.8484],
[-108.011,67.7622],
[-108.0141,67.7339],
[-107.9965,67.6958],
[-107.8906,67.6425],
[-107.7405,67.5853],
[-107.5784,67.4863],
[-107.6486,67.36],
[-107.5325,67.2142],
[-107.5031,67.1927],
[-107.44,67.1619],
[-107.3114,67.1272],
[-107.3014,67.0039],
[-107.2039,66.9447],
[-107.1553,66.8997],
[-107.0892,66.8194],
[-107.1317,66.8221],
[-107.2142,66.8928],
[-107.3592,66.9594],
[-107.414,66.9721],
[-107.4407,66.9653],
[-107.3935,66.8964],
[-107.4204,66.8066],
[-107.5674,66.8357],
[-107.6353,66.8922],
[-107.6679,66.9385],
[-107.6345,66.9449],
[-107.5961,66.9212],
[-107.4874,66.921],
[-107.5203,67.0154],
[-107.5836,67.0517],
[-107.6435,67.075],
[-107.6658,67.0671],
[-107.6381,67.0244],
[-107.7467,66.9228],
[-107.6939,66.7558],
[-107.6242,66.6608],
[-107.5704,66.6199],
[-107.5647,66.5964],
[-107.4389,66.513],
[-107.2355,66.4075],
[-107.2024,66.3611],
[-107.2286,66.3489],
[-107.2542,66.3515],
[-107.2911,66.3683],
[-107.6475,66.5747],
[-107.7242,66.6297],
[-107.765,66.6869],
[-107.8236,66.7407],
[-107.8605,66.7576],
[-107.8849,66.7541],
[-107.8678,66.7114],
[-107.8705,66.667],
[-107.8944,66.6716],
[-107.947,66.728],
[-107.9398,66.7832],
[-107.9853,66.8286],
[-108.1582,66.9583],
[-108.197,66.9722],
[-108.3243,66.9854],
[-108.449,67.0665],
[-108.4827,67.0676],
[-108.4872,67.0437],
[-108.518,67.0369],
[-108.6212,67.1519],
[-108.5894,67.1522],
[-108.4554,67.0851],
[-108.239,67.0207],
[-108.2017,67.0217],
[-108.1913,67.0443],
[-108.1529,67.0747],
[-108.0288,67.0811],
[-107.8993,67.0487],
[-107.8779,67.0505],
[-107.875,67.1408],
[-107.9428,67.234],
[-108.0206,67.2947],
[-108.1342,67.3292],
[-108.2968,67.396],
[-108.3143,67.42],
[-108.3396,67.4368],
[-108.3841,67.4444],
[-108.4374,67.4296],
[-108.4284,67.3612],
[-108.4581,67.3472],
[-108.4926,67.3573],
[-108.5208,67.4551],
[-108.514,67.4898],
[-108.5819,67.6078],
[-108.6153,67.6229],
[-108.6628,67.6284],
[-108.7011,67.6248],
[-108.7378,67.6],
[-108.7361,67.4839],
[-108.7428,67.4514],
[-108.7616,67.4043],
[-108.801,67.3558],
[-108.8281,67.3515],
[-108.85,67.3886],
[-108.9939,67.4398],
[-109.0181,67.4625],
[-109.0172,67.491],
[-108.9588,67.5103],
[-108.9205,67.5328],
[-109.0088,67.6696],
[-109.0628,67.7121],
[-109.2103,67.7322],
[-109.3703,67.7292],
[-109.5435,67.6868],
[-109.7315,67.7186],
[-109.7457,67.7361],
[-109.7292,67.7678],
[-109.7308,67.7919],
[-109.817,67.8631],
[-109.8903,67.88],
[-109.9482,67.8802],
[-109.9146,67.8482],
[-109.9307,67.8336],
[-109.9555,67.8303],
[-109.9857,67.8407],
[-110.0024,67.868],
[-109.9739,67.9205],
[-109.9717,67.955],
[-110.0011,67.9797],
[-110.0774,68.0056],
[-110.1572,68.004],
[-110.1762,67.9969],
[-110.1992,67.9722],
[-110.34,67.9655],
[-110.4144,67.9478],
[-110.7374,67.8628],
[-110.8364,67.8023],
[-111.0121,67.7642],
[-111.1208,67.7808],
[-111.1494,67.8305],
[-111.1758,67.8375],
[-111.3176,67.8087],
[-111.3708,67.7811],
[-111.5728,67.7444],
[-111.66,67.7333],
[-111.7997,67.7508],
[-111.9128,67.7542],
[-112.1833,67.7278],
[-112.3958,67.6792],
[-113.05,67.6661],
[-113.1135,67.6765],
[-113.178,67.698],
[-113.2483,67.7044],
[-113.8458,67.6914],
[-113.9901,67.7218],
[-114.1484,67.7369],
[-114.1883,67.7379],
[-114.2978,67.7186],
[-114.6483,67.7832],
[-114.6819,67.8025],
[-114.7451,67.8148],
[-115.0058,67.7869],
[-115.1086,67.7976],
[-115.1956,67.8201],
[-115.2787,67.864],
[-115.5226,67.8942],
[-115.5358,67.921],
[-115.5033,67.9344],
[-115.2108,67.9771],
[-115.121,68.0152],
[-115.2125,68.0229],
[-115.2409,68.0377],
[-115.2323,68.1817],
[-115.1705,68.1805],
[-114.8964,68.1469],
[-114.76,68.1879],
[-114.7025,68.2503],
[-114.4336,68.2628],
[-114.32,68.2292],
[-114.021,68.244],
[-114.0665,68.4697],
[-114.1142,68.5135],
[-114.2336,68.5694],
[-114.3999,68.6132],
[-114.4611,68.6623],
[-114.4444,68.6878],
[-114.5783,68.728],
[-114.7294,68.7444],
[-114.7492,68.7514],
[-114.7919,68.7994],
[-114.984,68.861],
[-115.4464,68.9378],
[-115.5931,68.9716],
[-115.8333,68.9925],
[-115.8094,68.9522],
[-115.7745,68.9387],
[-115.8758,68.9237],
[-116.1976,68.9839],
[-116.2394,68.9855],
[-116.3197,68.9563],
[-116.1219,68.8725],
[-115.9469,68.8143],
[-115.96,68.8047],
[-116.1147,68.8175],
[-116.2224,68.8358],
[-116.373,68.8816],
[-116.4065,68.8735],
[-116.4283,68.8589],
[-116.5078,68.8576],
[-116.7445,68.8805],
[-116.8867,68.9089],
[-116.9391,68.911],
[-117.1453,68.8855],
[-117.4158,68.9536],
[-117.5961,68.9716],
[-117.8705,68.9855],
[-118.0356,69.0197],
[-118.1861,69.0639],
[-118.4578,69.1175],
[-118.6479,69.2132],
[-118.8481,69.2515],
[-119.23,69.2944],
[-119.4614,69.3033],
[-119.9264,69.339],
[-120.2317,69.3917],
[-120.3933,69.4397],
[-120.6161,69.5203],
[-120.6786,69.5461],
[-120.7606,69.5983],
[-120.8256,69.6236],
[-121.0867,69.6736],
[-121.4164,69.7608],
[-121.6839,69.7936],
[-122.0532,69.8135],
[-122.1278,69.8025],
[-122.4679,69.8026],
[-122.6644,69.8181],
[-122.8007,69.7936],
[-122.961,69.832],
[-123.0158,69.8183],
[-123.1053,69.7792],
[-123.1096,69.7465],
[-123.0963,69.6785],
[-123.1292,69.5654],
[-123.166,69.4983],
[-123.1864,69.4916],
[-123.3011,69.5067],
[-123.4,69.4903],
[-123.4391,69.4671],
[-123.4508,69.4496],
[-123.4365,69.4251],
[-123.4133,69.4103],
[-123.4719,69.3825],
[-123.6732,69.3537],
[-123.7306,69.3775],
[-123.8242,69.3889],
[-124.0164,69.3792],
[-124.0953,69.355],
[-124.1619,69.3492],
[-124.3258,69.3519],
[-124.4467,69.3672],
[-124.4761,69.3761],
[-124.5164,69.4018],
[-124.3778,69.4969],
[-124.2453,69.5479],
[-124.2119,69.5864],
[-124.0553,69.6705],
[-124.0408,69.7014],
[-124.0697,69.7236],
[-124.2038,69.7283],
[-124.2749,69.6971],
[-124.295,69.6953],
[-124.4592,69.7108],
[-124.4967,69.7238],
[-124.5017,69.7844],
[-124.4297,69.8494],
[-124.4594,69.9564],
[-124.3737,70.0293],
[-124.3586,70.0686],
[-124.3914,70.1342],
[-124.4361,70.1511],
[-124.696,70.1471],
[-124.7457,70.1243],
[-124.7285,70.0903],
[-124.5925,70.1147],
[-124.5489,70.11],
[-124.4454,70.0782],
[-124.4236,70.0564],
[-124.4534,70.0379],
[-124.5622,70.0121],
[-124.5973,70.0167],
[-124.6399,70.0675],
[-124.6753,70.0719],
[-124.9339,70.0443],
[-124.9446,70.0289],
[-124.8629,70.0294],
[-124.9014,70.0214],
[-125.0353,70.0189],
[-124.9951,70.0381],
[-124.9786,70.0616],
[-124.9949,70.0793],
[-125.1976,70.0027],
[-125.2081,69.9362],
[-125.1125,69.9458],
[-125.047,69.99],
[-124.9903,70.0061],
[-124.7953,70.0089],
[-124.7644,69.9708],
[-124.8933,69.9403],
[-124.9439,69.9137],
[-125.0567,69.7952],
[-125.1642,69.7987],
[-125.1569,69.8209],
[-125.1647,69.8519],
[-125.1983,69.8518],
[-125.2764,69.8082],
[-125.2347,69.7597],
[-124.8915,69.7493],
[-124.8258,69.7171],
[-124.925,69.6447],
[-124.9355,69.6783],
[-124.974,69.7298],
[-125.0085,69.7394],
[-125.0725,69.7432],
[-125.3635,69.6893],
[-125.4121,69.6358],
[-125.2603,69.525],
[-125.1324,69.4882],
[-125.4828,69.5089],
[-125.5781,69.4716],
[-125.617,69.4207],
[-125.4628,69.4525],
[-125.1179,69.4661],
[-125.0894,69.4497],
[-125.1313,69.3931],
[-125.1653,69.3816],
[-125.3775,69.3961],
[-125.396,69.3723],
[-125.369,69.3391],
[-125.4208,69.3126],
[-125.9106,69.4055],
[-126.1122,69.4694],
[-126.2617,69.5324],
[-126.2906,69.5586],
[-126.6767,69.7459],
[-126.7051,69.766],
[-126.8861,70.0047],
[-127.0344,70.1489],
[-127.055,70.178],
[-127.181,70.2764],
[-127.2489,70.3141],
[-127.4286,70.3933],
[-127.8356,70.5408],
[-128.0018,70.5896],
[-128.1358,70.523],
[-128.1906,70.4366],
[-128.1978,70.3972],
[-128.1522,70.3818],
[-128.0217,70.3747],
[-127.9542,70.3939],
[-127.9088,70.395],
[-127.9476,70.3526],
[-128.0271,70.3408],
[-128.0719,70.3465],
[-128.0667,70.3072],
[-128.0327,70.2885],
[-127.8671,70.2637],
[-127.7242,70.2606],
[-127.6131,70.2478],
[-127.5163,70.2236],
[-127.615,70.2289],
[-127.8486,70.2089],
[-128.0026,70.1789],
[-128.1017,70.1823],
[-128.343,70.1169],
[-128.3633,70.1047],
[-128.3571,70.0514],
[-128.3104,70.0104],
[-128.3174,69.9533],
[-128.442,69.9219],
[-128.64,69.843],
[-128.925,69.6808],
[-128.9703,69.675],
[-129.1303,69.688],
[-129.1514,69.7008],
[-129.1647,69.8294],
[-129.1442,69.8459],
[-129.2428,69.85],
[-129.6022,69.8189],
[-129.692,69.7844],
[-130.2811,69.7003],
[-130.3643,69.6801],
[-130.389,69.6487],
[-130.5161,69.548],
[-130.7478,69.4491],
[-130.6581,69.4567],
[-130.6575,69.4328],
[-130.695,69.4044],
[-130.766,69.4005],
[-130.8171,69.3772],
[-130.9435,69.2672],
[-130.9286,69.1453],
[-130.9372,69.1344],
[-131.0072,69.1371],
[-131.0247,69.2097],
[-131.0006,69.2567],
[-130.9103,69.3236],
[-130.9007,69.3468],
[-130.9027,69.3813],
[-130.9223,69.3854],
[-130.9569,69.3719],
[-131.0239,69.3096],
[-131.0302,69.3425],
[-130.9443,69.4162],
[-130.9244,69.4486],
[-130.9465,69.5349],
[-130.9855,69.5415],
[-130.99,69.4491],
[-131.0508,69.3544],
[-131.1057,69.3264],
[-131.0703,69.3675],
[-131.0354,69.4261],
[-131.0278,69.4639],
[-131.0458,69.5244],
[-131.0928,69.6069],
[-131.131,69.6144],
[-131.181,69.603],
[-131.194,69.5819],
[-131.1278,69.5545],
[-131.0639,69.5124],
[-131.0609,69.4707],
[-131.0853,69.4405],
[-131.1012,69.3939],
[-131.1346,69.3646],
[-131.1485,69.4035],
[-131.1302,69.4294],
[-131.1105,69.4853],
[-131.1301,69.5164],
[-131.1505,69.5186],
[-131.2068,69.5572],
[-131.2255,69.5807],
[-131.2539,69.5718],
[-131.2312,69.5439],
[-131.1632,69.493],
[-131.1665,69.4049],
[-131.191,69.3668],
[-131.33,69.3183],
[-131.4147,69.2992],
[-131.3992,69.3162],
[-131.3178,69.3589],
[-131.2117,69.3968],
[-131.2194,69.4506],
[-131.2396,69.4912],
[-131.2644,69.5014],
[-131.3219,69.4933],
[-131.3772,69.4275],
[-131.4122,69.3687],
[-131.4994,69.3325],
[-131.5303,69.3314],
[-131.4808,69.4064],
[-131.4327,69.4331],
[-131.4521,69.4478],
[-131.5994,69.4721],
[-131.6457,69.4728],
[-131.9645,69.3999],
[-131.8067,69.3914],
[-131.7271,69.4],
[-131.7962,69.323],
[-131.8701,69.2814],
[-131.996,69.2516],
[-132.1169,69.2422],
[-132.1681,69.2139],
[-132.2225,69.1417],
[-132.2236,69.2136],
[-132.3133,69.2343],
[-132.339,69.2203],
[-132.3819,69.1422],
[-132.4286,69.1178],
[-132.463,69.1148],
[-132.5408,69.1353],
[-132.6727,69.0844],
[-132.8103,69.0879],
[-132.8681,69.064],
[-132.868,69.0214],
[-132.8336,68.9178],
[-132.7728,68.8597],
[-132.6717,68.8411],
[-132.5556,68.8783],
[-132.5406,68.8961],
[-132.5678,68.9069],
[-132.4981,68.908],
[-132.3977,68.8578],
[-132.4783,68.8046],
[-132.7536,68.8028],
[-132.8618,68.8444],
[-132.9367,68.855],
[-133.0053,68.8153],
[-133.0622,68.8028],
[-133.1151,68.8044],
[-133.188,68.8492],
[-133.2298,68.86],
[-133.2715,68.8582],
[-133.3542,68.8322],
[-133.3547,68.8018],
[-133.3306,68.7886],
[-133.2429,68.7969],
[-133.2114,68.7908],
[-133.147,68.7613],
[-133.2031,68.7642],
[-133.2421,68.7869],
[-133.2638,68.7822],
[-133.2572,68.761],
[-133.1475,68.7197],
[-132.9486,68.7143],
[-132.9183,68.6903],
[-132.988,68.6978],
[-133.0458,68.6909],
[-133.1642,68.7072],
[-133.4056,68.7722],
[-133.4594,68.7915],
[-133.4919,68.8242],
[-133.4636,68.8905],
[-133.3892,68.9103],
[-133.3644,68.9022],
[-133.3956,68.8828],
[-133.3701,68.8679],
[-133.3418,68.8657],
[-133.2299,68.9111],
[-133.1999,68.9813],
[-133.214,68.9993],
[-133.2013,69.0304],
[-133.1776,69.0421],
[-133.0508,69.0547],
[-132.9461,69.0375],
[-132.9053,69.0428],
[-132.9072,69.1216],
[-132.764,69.2517],
[-132.7119,69.2676],
[-132.5861,69.2873],
[-132.5281,69.2792],
[-132.1166,69.3572],
[-132.0869,69.3786],
[-132.1295,69.404],
[-132.08,69.4808],
[-132.0018,69.5293],
[-131.7485,69.5672],
[-131.6983,69.556],
[-131.4075,69.5867],
[-131.3286,69.58],
[-131.1886,69.6239],
[-131.0531,69.6372],
[-131.0372,69.6036],
[-130.9447,69.5655],
[-130.9239,69.5653],
[-130.8391,69.6151],
[-130.8394,69.6233],
[-130.785,69.6748],
[-130.6214,69.6953],
[-130.5783,69.708],
[-130.4958,69.7817],
[-129.993,69.8925],
[-129.5736,69.9978],
[-129.4975,70.0205],
[-129.4339,70.0681],
[-129.4075,70.1032],
[-129.4592,70.1475],
[-129.6092,70.213],
[-129.6472,70.2517],
[-129.6826,70.2655],
[-129.7314,70.2531],
[-129.8325,70.1955],
[-129.8461,70.155],
[-129.8908,70.0928],
[-129.9693,70.0705],
[-130.1767,70.0535],
[-130.3267,70.1061],
[-130.3536,70.1322],
[-130.4072,70.1405],
[-130.4935,70.103],
[-130.5299,70.1057],
[-130.546,70.1193],
[-130.5169,70.1639],
[-130.5486,70.1668],
[-130.6561,70.1086],
[-130.7483,70.0819],
[-130.8922,70.0992],
[-130.9303,70.0831],
[-131.0161,70.0255],
[-131.0103,69.9869],
[-131.0778,69.8883],
[-131.1907,69.8249],
[-131.215,69.8386],
[-131.2039,69.8876],
[-131.2361,69.9261],
[-131.3489,69.9525],
[-131.417,69.954],
[-131.4478,69.9186],
[-131.645,69.865],
[-131.7605,69.8242],
[-131.7608,69.8033],
[-131.84,69.7669],
[-131.9544,69.7547],
[-132.0833,69.7286],
[-132.1135,69.7201],
[-132.147,69.6853],
[-132.206,69.6894],
[-132.2892,69.725],
[-132.3997,69.7517],
[-132.536,69.7404],
[-132.5827,69.6874],
[-132.5178,69.6833],
[-132.4585,69.7025],
[-132.3347,69.6727],
[-132.3728,69.6469],
[-132.4175,69.6355],
[-132.544,69.6308],
[-132.6623,69.6512],
[-132.7878,69.6597],
[-132.8939,69.6539],
[-132.984,69.5989],
[-132.9566,69.571],
[-132.9661,69.5117],
[-133.0731,69.435],
[-133.226,69.3968],
[-133.4078,69.4147],
[-133.5506,69.4058],
[-133.6645,69.3879],
[-133.8719,69.3231],
[-133.8917,69.2933],
[-133.9286,69.2822],
[-134.1583,69.2568],
[-134.2192,69.2197],
[-134.223,69.1832],
[-134.3474,69.1045],
[-134.4919,69.1042],
[-134.5586,69.0853],
[-134.6268,69.0108],
[-134.6192,68.988],
[-134.5417,68.9197],
[-134.4231,68.8317],
[-134.2875,68.7536],
[-134.2747,68.7421],
[-134.2903,68.7516],
[-134.4081,68.7808],
[-134.4357,68.7973],
[-134.4886,68.8703],
[-134.5975,68.9316],
[-134.6657,68.9592],
[-134.6747,69.0132],
[-134.5767,69.1023],
[-134.4772,69.118],
[-134.3907,69.1179],
[-134.2793,69.1848],
[-134.278,69.2184],
[-134.2147,69.2736],
[-133.9644,69.4003],
[-133.9208,69.4122],
[-133.8181,69.4642],
[-133.7495,69.5448],
[-133.785,69.5767],
[-133.8168,69.5635],
[-133.8715,69.5158],
[-133.9183,69.5083],
[-133.9542,69.5078],
[-134.0049,69.554],
[-134.0288,69.5598],
[-134.1133,69.5389],
[-134.243,69.5766],
[-134.1775,69.6403],
[-134.2039,69.6689],
[-134.3097,69.7158],
[-134.4868,69.712],
[-134.4031,69.6452],
[-134.4689,69.5428],
[-134.4425,69.5096],
[-134.4099,69.4866],
[-134.4172,69.4657],
[-134.4383,69.4547],
[-134.4751,69.4436],
[-134.5311,69.4455],
[-134.6354,69.4758],
[-134.6861,69.4812],
[-134.9153,69.4853],
[-135.1526,69.4757],
[-135.2833,69.4205],
[-135.2397,69.3317],
[-135.164,69.2763],
[-135.176,69.2594],
[-135.3233,69.2853],
[-135.3824,69.3035],
[-135.4133,69.323],
[-135.4858,69.3353],
[-135.564,69.3387],
[-135.7982,69.3181],
[-135.8444,69.299],
[-135.8508,69.2714],
[-135.8108,69.2428],
[-135.6353,69.1532],
[-135.4914,69.1187],
[-135.5602,69.1172],
[-135.6614,69.1453],
[-135.7467,69.1776],
[-135.895,69.2535],
[-135.9206,69.2561],
[-135.9532,69.2339],
[-135.9665,69.2062],
[-135.9514,69.1428],
[-135.9235,69.0909],
[-135.7208,69.0461],
[-135.5246,69.0233],
[-135.6347,68.993],
[-135.8025,68.9894],
[-135.8314,68.996],
[-135.8886,69.0261],
[-135.9615,69.045],
[-135.9855,69.0337],
[-135.9996,68.9459],
[-135.9059,68.9114],
[-135.808,68.8953],
[-135.4509,68.9378],
[-135.4214,68.9289],
[-135.3611,68.9267],
[-135.2017,68.9328],
[-135.134,68.9004],
[-134.9681,68.8921],
[-134.9301,68.9066],
[-134.9184,68.9453],
[-134.901,68.9701],
[-134.8258,68.9789],
[-134.7831,68.9654],
[-134.6695,68.8944],
[-134.4597,68.7215],
[-134.3569,68.703],
[-134.2308,68.6997],
[-134.2432,68.7138],
[-134.2251,68.6975],
[-134.308,68.678],
[-134.4011,68.6878],
[-134.4693,68.7094],
[-134.4887,68.7351],
[-134.6417,68.8566],
[-134.7089,68.8928],
[-134.8103,68.9244],
[-134.8518,68.9286],
[-134.9511,68.8811],
[-134.9775,68.8783],
[-135.1906,68.9038],
[-135.2344,68.9262],
[-135.6176,68.8866],
[-135.5999,68.8712],
[-135.5605,68.8603],
[-135.3449,68.8357],
[-135.4918,68.8374],
[-135.4819,68.8094],
[-135.3436,68.7378],
[-135.2144,68.693],
[-135.147,68.6614],
[-135.16,68.6572],
[-135.407,68.68],
[-135.4885,68.7332],
[-135.5406,68.7525],
[-135.8588,68.839],
[-136.0278,68.873],
[-136.145,68.8858],
[-136.3586,68.8939],
[-136.4775,68.9108],
[-136.62,68.8919],
[-136.6825,68.8719],
[-136.7455,68.8753],
[-136.968,68.9257],
[-137.1303,68.945],
[-137.255,68.9483],
[-138.0395,69.1236],
[-138.1772,69.16],
[-138.2615,69.1923],
[-138.6061,69.253],
[-138.6439,69.2914],
[-138.7603,69.3501],
[-138.9664,69.4112],
[-139.0554,69.455],
[-139.1124,69.5036],
[-139.1431,69.5108],
[-139.6067,69.5594],
[-139.7317,69.5811],
[-139.7636,69.591],
[-139.6737,69.5799],
[-139.7811,69.6022],
[-139.8883,69.6167],
[-140.0926,69.6178],
[-140.2614,69.5966],
[-140.3961,69.5961],
[-140.7383,69.6178],
[-140.8246,69.6344],
[-141.003,69.6424]
],
[
[-93.7727,64.1903],
[-93.7517,64.1889],
[-93.69,64.1561],
[-93.6122,64.093],
[-93.4367,64.0153],
[-93.2946,63.9818],
[-93.2189,63.9794],
[-92.9607,63.9347],
[-92.939,63.9071],
[-92.707,63.8467],
[-92.5029,63.8155],
[-92.5426,63.8133],
[-92.6519,63.7875],
[-93.2731,63.928],
[-93.39,63.9717],
[-93.4452,63.9621],
[-93.4456,63.925],
[-93.3422,63.8632],
[-93.2764,63.8433],
[-93.2237,63.8444],
[-93.3349,63.809],
[-93.5265,63.8411],
[-93.5997,63.8703],
[-93.7706,63.9578],
[-93.7592,63.9842],
[-93.6547,63.9925],
[-93.6042,64.0444],
[-93.6625,64.0851],
[-93.7727,64.1903]
]
],
[
[
[-139.3258,69.5708],
[-139.1294,69.53],
[-139.0231,69.5808],
[-138.91,69.5761],
[-138.8783,69.5849],
[-138.9211,69.6105],
[-139.1118,69.649],
[-139.2375,69.6201],
[-139.3258,69.5708]
]
],
[
[
[-135.5563,69.3941],
[-135.521,69.369],
[-135.3861,69.345],
[-135.2918,69.3087],
[-135.2772,69.3283],
[-135.2718,69.3526],
[-135.3329,69.3868],
[-135.5158,69.4033],
[-135.5563,69.3941]
]
],
[
[
[-133.1382,53.8776],
[-133.1026,53.7809],
[-132.9844,53.7428],
[-132.9544,53.7028],
[-132.9536,53.6828],
[-133.0078,53.6764],
[-132.9429,53.6517],
[-132.8824,53.6026],
[-132.8959,53.5861],
[-132.9551,53.6011],
[-132.9916,53.5865],
[-132.9725,53.5558],
[-132.8639,53.4633],
[-132.7358,53.4533],
[-132.5208,53.4122],
[-132.4055,53.3374],
[-132.4109,53.3013],
[-132.5191,53.3391],
[-132.7055,53.373],
[-132.7339,53.3372],
[-132.72,53.3208],
[-132.5551,53.3346],
[-132.5461,53.3129],
[-132.6758,53.2817],
[-132.6742,53.2565],
[-132.6057,53.2501],
[-132.5811,53.2362],
[-132.5367,53.1789],
[-132.507,53.1611],
[-132.4521,53.1444],
[-132.3993,53.1425],
[-132.1908,53.1597],
[-132.1589,53.17],
[-132.1313,53.1946],
[-132.1989,53.2017],
[-132.2467,53.1914],
[-132.2705,53.2069],
[-132.2045,53.2317],
[-132.0833,53.2531],
[-131.9897,53.2498],
[-131.9637,53.2714],
[-131.9086,53.3575],
[-131.9396,53.5143],
[-131.9342,53.6122],
[-131.8705,53.7901],
[-131.8533,53.8164],
[-131.7915,53.8699],
[-131.705,53.9669],
[-131.6728,54.0442],
[-131.6637,54.1403],
[-131.7278,54.1061],
[-131.8678,54.0551],
[-131.9796,54.0242],
[-132.0725,54.0228],
[-132.1264,53.9794],
[-132.0845,53.8727],
[-132.1525,53.8125],
[-132.1564,53.7164],
[-132.2455,53.6625],
[-132.3183,53.6653],
[-132.4181,53.6061],
[-132.4636,53.6128],
[-132.6586,53.6823],
[-132.6157,53.6982],
[-132.505,53.7003],
[-132.2316,53.7774],
[-132.1297,53.8485],
[-132.1142,53.8717],
[-132.1464,53.9857],
[-132.2283,54.0658],
[-132.2946,54.1104],
[-132.4112,54.0977],
[-132.5468,54.0268],
[-132.5507,53.9966],
[-132.5722,53.9767],
[-132.6589,53.9394],
[-132.6805,53.9546],
[-132.6642,53.9833],
[-132.5876,54.0118],
[-132.5597,54.0453],
[-132.5578,54.088],
[-132.5725,54.1137],
[-132.6511,54.1411],
[-132.8178,54.1214],
[-132.9034,54.1358],
[-132.9327,54.1586],
[-133.036,54.1761],
[-133.0694,54.1714],
[-133.0806,54.1001],
[-133.0586,54.0761],
[-133.0407,54.036],
[-133.093,53.9518],
[-133.1381,53.9123],
[-133.1382,53.8776]
]
],
[
[
[-132.5579,53.1462],
[-132.5542,53.0921],
[-132.5099,53.0426],
[-132.4879,53.03],
[-132.2616,53.0298],
[-132.1137,52.9949],
[-132.1564,52.9589],
[-132.1678,52.928],
[-132.2486,52.9538],
[-132.3217,52.9469],
[-132.3446,52.9355],
[-132.2192,52.8085],
[-132.1151,52.7493],
[-132.0592,52.8064],
[-132.0342,52.8128],
[-131.9655,52.7903],
[-131.9415,52.7692],
[-131.9238,52.7253],
[-131.9685,52.7607],
[-132.004,52.7755],
[-132.0603,52.7553],
[-132.0833,52.7298],
[-131.8928,52.5828],
[-131.7688,52.5083],
[-131.6704,52.481],
[-131.5614,52.4317],
[-131.5345,52.3999],
[-131.58,52.3857],
[-131.5733,52.3608],
[-131.5511,52.3339],
[-131.4117,52.2205],
[-131.2989,52.1503],
[-131.2647,52.1197],
[-131.1733,52.1236],
[-131.1151,52.1683],
[-131.0336,52.1728],
[-131.0136,52.1907],
[-131.0107,52.2187],
[-131.1364,52.3114],
[-131.1758,52.3186],
[-131.2522,52.2965],
[-131.2653,52.281],
[-131.3294,52.2883],
[-131.3252,52.3339],
[-131.3031,52.3321],
[-131.2607,52.3453],
[-131.2492,52.3625],
[-131.2344,52.4369],
[-131.3207,52.4326],
[-131.359,52.4082],
[-131.3666,52.3848],
[-131.3956,52.3764],
[-131.4275,52.415],
[-131.4236,52.4608],
[-131.4747,52.5046],
[-131.5601,52.531],
[-131.6595,52.5817],
[-131.6826,52.6399],
[-131.7293,52.696],
[-131.7715,52.7153],
[-131.8564,52.8561],
[-131.9383,52.8793],
[-131.9805,52.8776],
[-131.9417,52.9333],
[-131.8949,52.9385],
[-131.8054,52.8653],
[-131.696,52.8685],
[-131.6685,52.8785],
[-131.6155,52.9203],
[-131.5967,52.9617],
[-131.6039,52.9817],
[-131.6218,52.995],
[-131.8214,53.0414],
[-131.8611,53.0401],
[-131.9102,53.0082],
[-131.9647,53.0464],
[-131.8217,53.0725],
[-131.7819,53.0705],
[-131.7461,53.0562],
[-131.6343,53.0335],
[-131.5977,53.0408],
[-131.6306,53.0842],
[-131.7622,53.1967],
[-131.7995,53.2514],
[-131.9249,53.2318],
[-132.0075,53.1947],
[-132.0658,53.156],
[-132.4136,53.1275],
[-132.4915,53.1324],
[-132.5579,53.1462]
]
],
[
[
[-131.7097,52.7053],
[-131.6178,52.6025],
[-131.5955,52.5871],
[-131.4604,52.6305],
[-131.4414,52.6842],
[-131.4446,52.7097],
[-131.4725,52.7336],
[-131.6595,52.7303],
[-131.688,52.7265],
[-131.7097,52.7053]
]
],
[
[
[-131.1268,52.1012],
[-131.1205,52.0555],
[-131.0983,51.9964],
[-131.0486,51.9514],
[-131.0267,51.9432],
[-131.0047,52.0058],
[-130.9925,52.0608],
[-131.0095,52.1028],
[-131.0804,52.1508],
[-131.1076,52.1508],
[-131.1268,52.1012]
]
],
[
[
[-130.9661,54.5108],
[-130.9609,54.4567],
[-130.937,54.4594],
[-130.8525,54.4954],
[-130.7626,54.5538],
[-130.7482,54.5771],
[-130.7479,54.6198],
[-130.8851,54.629],
[-130.9281,54.6171],
[-130.9661,54.5108]
]
],
[
[
[-130.721,53.9287],
[-130.7105,53.8576],
[-130.6958,53.8444],
[-130.647,53.8336],
[-130.627,53.8438],
[-130.6222,53.8676],
[-130.6961,53.9131],
[-130.6746,53.9571],
[-130.6625,53.9642],
[-130.6068,53.9582],
[-130.5531,53.9089],
[-130.4944,53.9115],
[-130.4439,53.9786],
[-130.355,53.9933],
[-130.3303,53.9649],
[-130.4056,53.9634],
[-130.4585,53.8822],
[-130.4522,53.8653],
[-130.3829,53.8317],
[-130.3469,53.8355],
[-130.2371,53.9433],
[-130.231,53.9717],
[-130.2592,54.0047],
[-130.3361,54.0675],
[-130.4068,54.1011],
[-130.5233,54.06],
[-130.6645,53.9889],
[-130.721,53.9287]
]
],
[
[
[-130.6092,54.7556],
[-130.5781,54.7232],
[-130.5307,54.7031],
[-130.4595,54.7123],
[-130.4378,54.7572],
[-130.4428,54.7816],
[-130.4695,54.8078],
[-130.484,54.8082],
[-130.6092,54.7556]
]
],
[
[
[-130.5297,53.5705],
[-130.5272,53.5522],
[-130.4019,53.48],
[-130.3111,53.3881],
[-130.2033,53.3789],
[-130.1111,53.328],
[-130.088,53.2894],
[-129.9343,53.16],
[-129.8642,53.153],
[-129.7578,53.1617],
[-129.7302,53.2082],
[-129.8818,53.395],
[-129.9772,53.4556],
[-130.2022,53.5539],
[-130.4551,53.6362],
[-130.5148,53.6268],
[-130.5297,53.5705]
]
],
[
[
[-130.4577,54.8159],
[-130.4055,54.7669],
[-130.3853,54.77],
[-130.2703,54.8308],
[-130.1633,54.9314],
[-130.1467,54.9567],
[-130.147,54.9758],
[-130.1635,55.0107],
[-130.1801,55.0232],
[-130.2071,55.0161],
[-130.2703,54.9503],
[-130.343,54.895],
[-130.4183,54.8533],
[-130.4577,54.8159]
]
],
[
[
[-130.4034,53.6825],
[-130.3358,53.6214],
[-130.2236,53.5883],
[-130.1012,53.5678],
[-130.1107,53.6467],
[-130.1183,53.6843],
[-130.2333,53.7836],
[-130.2668,53.7971],
[-130.2913,53.7976],
[-130.4034,53.6825]
]
],
[
[
[-130.2852,53.8351],
[-130.157,53.7214],
[-130.0919,53.6772],
[-130.0189,53.653],
[-129.9869,53.6586],
[-129.9324,53.6376],
[-129.9805,53.642],
[-130.0309,53.6228],
[-130.0534,53.6013],
[-130.0336,53.5781],
[-130.0056,53.5739],
[-129.9276,53.6054],
[-129.8839,53.5797],
[-129.8703,53.5455],
[-129.8737,53.5115],
[-129.8583,53.4564],
[-129.8039,53.3824],
[-129.7258,53.3405],
[-129.5639,53.2075],
[-129.5067,53.2167],
[-129.4739,53.24],
[-129.4742,53.2892],
[-129.4533,53.3758],
[-129.4297,53.4065],
[-129.5161,53.488],
[-129.8288,53.7261],
[-129.9644,53.8058],
[-130.1092,53.8856],
[-130.196,53.914],
[-130.2615,53.8838],
[-130.2852,53.8351]
]
],
[
[
[-129.5475,53.1547],
[-129.5442,53.1307],
[-129.5086,53.128],
[-129.4753,53.1019],
[-129.4292,53.0497],
[-129.419,53.0158],
[-129.3411,52.9733],
[-129.3122,52.9669],
[-129.2922,52.9719],
[-129.29,52.9936],
[-129.3528,53.0722],
[-129.469,53.1833],
[-129.4944,53.1887],
[-129.5386,53.1717],
[-129.5475,53.1547]
]
],
[
[
[-129.3375,53.1866],
[-129.335,53.1464],
[-129.3267,53.1286],
[-129.2895,53.1019],
[-129.1574,53.098],
[-129.1343,53.1106],
[-129.1453,53.2217],
[-129.1736,53.3014],
[-129.2015,53.3187],
[-129.2633,53.3316],
[-129.3375,53.1866]
]
],
[
[
[-129.2924,52.7643],
[-129.267,52.7149],
[-129.2108,52.6489],
[-129.1147,52.5567],
[-128.9786,52.4532],
[-128.9617,52.4594],
[-128.9414,52.4741],
[-128.9206,52.5214],
[-128.9224,52.6055],
[-129.1042,52.7411],
[-129.2247,52.8126],
[-129.2594,52.8258],
[-129.2793,52.8201],
[-129.2924,52.7643]
]
],
[
[
[-129.1899,53.0174],
[-129.1864,52.9604],
[-129.1635,52.9225],
[-129.1004,52.9036],
[-129.0625,52.9065],
[-128.87,53.0321],
[-128.9128,53.0731],
[-128.9606,53.0992],
[-128.9907,53.0965],
[-129.0154,53.1314],
[-129.007,53.1383],
[-128.8956,53.0828],
[-128.8436,53.0442],
[-128.8386,53.0326],
[-128.87,53.0219],
[-128.9518,52.9737],
[-129.0222,52.9055],
[-129.0804,52.8765],
[-129.1051,52.8787],
[-129.1214,52.8592],
[-129.1151,52.8244],
[-129.0478,52.7314],
[-129,52.6972],
[-128.8885,52.6485],
[-128.7789,52.6642],
[-128.7683,52.7001],
[-128.781,52.7371],
[-128.7525,52.8333],
[-128.6785,52.9603],
[-128.6675,52.9674],
[-128.6467,52.9619],
[-128.6465,52.901],
[-128.6925,52.8561],
[-128.7474,52.753],
[-128.7503,52.599],
[-128.5967,52.6112],
[-128.5858,52.6322],
[-128.5875,52.6585],
[-128.5936,52.6592],
[-128.572,52.687],
[-128.521,52.8967],
[-128.5181,52.9355],
[-128.5317,53.0211],
[-128.6056,53.1453],
[-128.6471,53.1621],
[-128.7085,53.1722],
[-128.8322,53.2405],
[-128.8961,53.289],
[-129.0222,53.3055],
[-129.0667,53.3008],
[-129.0863,53.2912],
[-129.0822,53.2678],
[-129.0647,53.2511],
[-129.0589,53.2314],
[-129.0743,53.1061],
[-129.0825,53.09],
[-129.1148,53.0687],
[-129.1177,53.0781],
[-129.1624,53.0692],
[-129.1899,53.0174]
]
],
[
[
[-129.1678,53.5939],
[-129.1575,53.3928],
[-129.0847,53.4574],
[-129.0936,53.486],
[-129.0756,53.5147],
[-128.8722,53.6611],
[-128.824,53.7065],
[-128.8755,53.7094],
[-129.0081,53.6933],
[-129.1455,53.643],
[-129.1639,53.6182],
[-129.1678,53.5939]
]
],
[
[
[-129.1413,53.3462],
[-129.1177,53.3181],
[-128.9425,53.3175],
[-128.9242,53.3251],
[-128.9013,53.3852],
[-128.9756,53.4728],
[-128.9858,53.5202],
[-128.9994,53.5394],
[-129.0186,53.5353],
[-129.0438,53.514],
[-129.0588,53.488],
[-129.0541,53.4536],
[-129.1382,53.3765],
[-129.1413,53.3462]
]
],
[
[
[-129.1047,69.8531],
[-128.9406,69.843],
[-128.8576,69.9572],
[-128.894,69.9704],
[-128.9408,69.9698],
[-128.9694,69.96],
[-128.9944,69.9396],
[-129.0211,69.9018],
[-129.0504,69.8787],
[-129.1047,69.8531]
]
],
[
[
[-128.8126,52.5214],
[-128.7802,52.4947],
[-128.755,52.4878],
[-128.6631,52.4919],
[-128.5138,52.4321],
[-128.4889,52.4369],
[-128.4665,52.4625],
[-128.4698,52.4879],
[-128.5219,52.5914],
[-128.5353,52.6472],
[-128.5675,52.6225],
[-128.5782,52.5936],
[-128.7302,52.5903],
[-128.81,52.54],
[-128.8126,52.5214]
]
],
[
[
[-128.7621,52.425],
[-128.7483,52.3692],
[-128.7244,52.3126],
[-128.6721,52.2664],
[-128.6278,52.3085],
[-128.6189,52.3269],
[-128.6174,52.4526],
[-128.6349,52.4672],
[-128.6779,52.4822],
[-128.75,52.4697],
[-128.7592,52.4494],
[-128.7621,52.425]
]
],
[
[
[-128.54,52.7033],
[-128.5146,52.6494],
[-128.454,52.7797],
[-128.4508,52.8053],
[-128.4701,52.8508],
[-128.4887,52.8669],
[-128.5057,52.8693],
[-128.5343,52.7636],
[-128.54,52.7033]
]
],
[
[
[-128.4627,52.3826],
[-128.436,52.368],
[-128.3949,52.3733],
[-128.3687,52.3805],
[-128.3114,52.4239],
[-128.2864,52.4578],
[-128.2754,52.493],
[-128.38,52.7943],
[-128.4381,52.7533],
[-128.4501,52.6239],
[-128.4378,52.5436],
[-128.4627,52.3826]
]
],
[
[
[-128.4133,50.7709],
[-128.407,50.7389],
[-128.3753,50.6786],
[-128.3195,50.6086],
[-128.2242,50.5311],
[-128.1336,50.4747],
[-128.0514,50.4467],
[-127.5962,50.5453],
[-127.6103,50.5658],
[-127.6345,50.578],
[-127.7936,50.5849],
[-127.8742,50.6216],
[-127.4169,50.5796],
[-127.4915,50.5668],
[-127.5475,50.54],
[-127.5663,50.5082],
[-127.4867,50.4375],
[-127.447,50.3728],
[-127.5014,50.4025],
[-127.5739,50.4819],
[-127.7042,50.4919],
[-127.9233,50.4617],
[-127.979,50.3449],
[-127.9504,50.3233],
[-127.9265,50.3164],
[-127.8701,50.3372],
[-127.8018,50.3196],
[-127.7889,50.2222],
[-127.8328,50.1765],
[-127.9023,50.1301],
[-127.8944,50.1088],
[-127.7814,50.0842],
[-127.6328,50.13],
[-127.548,50.1303],
[-127.4706,50.0904],
[-127.4233,50.0422],
[-127.3853,50.0274],
[-127.3375,50.0321],
[-127.2778,50.0569],
[-127.2706,50.0992],
[-127.1583,50.0964],
[-127.1303,50.0847],
[-127.1744,50.063],
[-127.1832,50.0414],
[-127.18,50.0214],
[-127.239,49.9656],
[-127.1815,49.8932],
[-127.1268,49.8546],
[-126.9942,49.8553],
[-126.8761,49.8733],
[-126.844,49.8828],
[-126.8044,49.9092],
[-126.6797,49.8789],
[-126.5876,49.7028],
[-126.4347,49.6633],
[-126.3408,49.6486],
[-126.2094,49.6739],
[-126.1068,49.6782],
[-126.0898,49.6603],
[-126.1342,49.65],
[-126.3508,49.6298],
[-126.4042,49.6378],
[-126.466,49.6361],
[-126.5679,49.5804],
[-126.5786,49.4121],
[-126.5357,49.3741],
[-126.4639,49.3815],
[-126.4592,49.4019],
[-126.3653,49.4017],
[-126.2639,49.3894],
[-126.2256,49.4103],
[-126.12,49.423],
[-126.0747,49.3894],
[-126.0631,49.3462],
[-126.0428,49.3318],
[-126.0005,49.3231],
[-125.9641,49.3547],
[-125.9638,49.3755],
[-125.9472,49.3955],
[-125.8997,49.4228],
[-125.9479,49.3143],
[-125.9758,49.2944],
[-126.0151,49.2865],
[-126.0219,49.2656],
[-125.9686,49.2273],
[-125.7967,49.3103],
[-125.7508,49.1491],
[-125.6095,49.2073],
[-125.6394,49.165],
[-125.693,49.1286],
[-125.7681,49.0986],
[-125.7511,49.0553],
[-125.5047,48.919],
[-125.4657,48.9171],
[-125.3231,48.9653],
[-125.2285,48.9519],
[-125.1269,48.9911],
[-124.9564,48.9822],
[-124.9369,48.988],
[-124.8783,49.0253],
[-124.8288,49.1175],
[-124.8171,49.1554],
[-124.8229,49.2204],
[-124.807,49.2356],
[-124.7805,49.1394],
[-124.8433,49.0158],
[-124.9058,48.9703],
[-125.0172,48.9205],
[-125.1847,48.7985],
[-125.1015,48.7248],
[-124.8203,48.6507],
[-124.7651,48.6086],
[-124.7208,48.5867],
[-124.4236,48.5169],
[-123.9201,48.3651],
[-123.8112,48.354],
[-123.7692,48.3614],
[-123.5983,48.3117],
[-123.5833,48.3011],
[-123.5499,48.307],
[-123.5133,48.3747],
[-123.4597,48.4119],
[-123.4199,48.4268],
[-123.3603,48.3972],
[-123.3285,48.3982],
[-123.293,48.4121],
[-123.2776,48.4522],
[-123.2935,48.4828],
[-123.349,48.5418],
[-123.4076,48.682],
[-123.4622,48.681],
[-123.4767,48.6317],
[-123.5095,48.5875],
[-123.5647,48.7497],
[-123.5643,48.784],
[-123.5869,48.836],
[-123.6871,48.9053],
[-123.759,48.9829],
[-123.7509,49.0365],
[-123.8103,49.1158],
[-123.943,49.2111],
[-124.2608,49.3153],
[-124.5511,49.378],
[-124.7894,49.4642],
[-124.8567,49.5371],
[-124.9164,49.6317],
[-124.8914,49.6647],
[-124.8981,49.7317],
[-124.9931,49.7883],
[-125.1686,49.9128],
[-125.2121,49.9713],
[-125.2242,50.0182],
[-125.2869,50.0814],
[-125.3628,50.138],
[-125.4333,50.3095],
[-125.4564,50.3267],
[-125.58,50.3658],
[-125.9382,50.3836],
[-125.9693,50.3919],
[-126.0461,50.4325],
[-126.1547,50.4594],
[-126.3558,50.4833],
[-126.5639,50.4836],
[-126.7722,50.5453],
[-126.9753,50.5769],
[-127.2269,50.6361],
[-127.4592,50.7183],
[-127.4917,50.7615],
[-127.511,50.7733],
[-127.914,50.8718],
[-128.0531,50.8719],
[-128.3525,50.8007],
[-128.4133,50.7709]
]
],
[
[
[-128.3761,52.2216],
[-128.365,52.1625],
[-128.3072,52.1307],
[-128.2294,52.2154],
[-128.2972,52.2372],
[-128.351,52.2372],
[-128.3761,52.2216]
]
],
[
[
[-128.3411,70.5407],
[-128.1267,70.5732],
[-128.1147,70.5922],
[-128.1202,70.5972],
[-128.0864,70.6096],
[-128.1071,70.6253],
[-128.1883,70.6486],
[-128.2416,70.6529],
[-128.3411,70.5407]
]
],
[
[
[-128.3257,52.7737],
[-128.3231,52.7411],
[-128.2927,52.6615],
[-128.2827,52.6011],
[-128.2614,52.6044],
[-128.209,52.7017],
[-128.1772,52.7819],
[-128.1739,52.8214],
[-128.2106,52.7985],
[-128.3257,52.7737]
]
],
[
[
[-128.292,52.1091],
[-128.2478,52.0177],
[-128.2149,52.0158],
[-128.1493,52.0869],
[-128.1586,52.1197],
[-128.1525,52.191],
[-128.188,52.1936],
[-128.237,52.1848],
[-128.292,52.1091]
]
],
[
[
[-128.2538,51.869],
[-128.1269,51.7435],
[-128.0539,51.7536],
[-128.0121,51.7762],
[-127.9547,51.9811],
[-127.9544,52.0507],
[-127.9896,52.0624],
[-128.1078,52.0517],
[-128.1481,52.0369],
[-128.2199,51.9581],
[-128.2538,51.869]
]
],
[
[
[-128.2103,52.2788],
[-128.1519,52.2822],
[-128.0587,52.3283],
[-128.0581,52.3492],
[-128.0897,52.4037],
[-128.1076,52.42],
[-128.1861,52.3353],
[-128.2103,52.2788]
]
],
[
[
[-128.1636,52.2518],
[-128.0879,52.1899],
[-128.0542,52.1805],
[-127.9336,52.173],
[-127.9091,52.1947],
[-127.9572,52.2856],
[-127.9761,52.296],
[-128.0439,52.3011],
[-128.1636,52.2518]
]
],
[
[
[-128.1536,51.6037],
[-128.0719,51.4684],
[-127.9119,51.4126],
[-127.8746,51.4464],
[-127.8736,51.4644],
[-127.9232,51.6047],
[-127.9675,51.6519],
[-128.0032,51.7169],
[-128.1364,51.6617],
[-128.1503,51.6453],
[-128.1536,51.6037]
]
],
[
[
[-128.1123,52.149],
[-128.1074,52.1028],
[-128.0764,52.08],
[-127.9541,52.0761],
[-127.8915,52.129],
[-127.8856,52.1706],
[-128.0317,52.1633],
[-128.1123,52.149]
]
],
[
[
[-127.9006,51.9994],
[-127.8932,51.9537],
[-127.8769,51.9455],
[-127.7145,51.9835],
[-127.7001,52.0081],
[-127.7039,52.0289],
[-127.6919,52.0636],
[-127.6542,52.1239],
[-127.5963,52.1518],
[-127.583,52.1739],
[-127.4258,52.2461],
[-127.2892,52.2794],
[-127.2322,52.313],
[-127.214,52.3329],
[-127.2347,52.4169],
[-127.2617,52.436],
[-127.4178,52.3853],
[-127.4556,52.3664],
[-127.4588,52.3482],
[-127.5133,52.3057],
[-127.655,52.2597],
[-127.7493,52.2468],
[-127.7933,52.2179],
[-127.8514,52.1414],
[-127.8774,52.0869],
[-127.9006,51.9994]
]
],
[
[
[-127.1352,50.6316],
[-127.1019,50.6275],
[-127.021,50.6392],
[-126.9075,50.6137],
[-126.8342,50.6285],
[-126.8834,50.666],
[-127.0901,50.6694],
[-127.1294,50.6542],
[-127.1352,50.6316]
]
],
[
[
[-126.9711,49.7371],
[-126.8111,49.6212],
[-126.6724,49.5846],
[-126.6277,49.5999],
[-126.6133,49.6483],
[-126.6353,49.7567],
[-126.678,49.8253],
[-126.7342,49.848],
[-126.7731,49.8792],
[-126.9406,49.8314],
[-126.9711,49.7371]
]
],
[
[
[-126.9036,50.824],
[-126.859,50.7861],
[-126.8026,50.7694],
[-126.7314,50.7719],
[-126.5671,50.8007],
[-126.5886,50.8214],
[-126.6393,50.8455],
[-126.9036,50.824]
]
],
[
[
[-126.6094,50.6604],
[-126.5761,50.6493],
[-126.4633,50.6417],
[-126.2641,50.6565],
[-126.2531,50.6996],
[-126.1772,50.7468],
[-126.2339,50.8072],
[-126.2806,50.8283],
[-126.386,50.8072],
[-126.4372,50.7839],
[-126.5458,50.7261],
[-126.6094,50.6604]
]
],
[
[
[-126.6042,50.5325],
[-126.5881,50.5214],
[-126.4861,50.5155],
[-126.3435,50.521],
[-126.2252,50.5588],
[-126.2844,50.5979],
[-126.4886,50.5533],
[-126.5744,50.5464],
[-126.6042,50.5325]
]
],
[
[
[-126.2328,49.2854],
[-126.1892,49.2644],
[-126.0904,49.2468],
[-126.0531,49.2596],
[-126.0728,49.343],
[-126.1086,49.3804],
[-126.1292,49.3911],
[-126.2267,49.3785],
[-126.2328,49.2854]
]
],
[
[
[-125.9308,49.2181],
[-125.9258,49.1908],
[-125.9083,49.1632],
[-125.8603,49.1344],
[-125.8173,49.1261],
[-125.7971,49.1492],
[-125.7889,49.1728],
[-125.7992,49.2083],
[-125.8236,49.2235],
[-125.8732,49.2346],
[-125.9308,49.2181]
]
],
[
[
[-125.8807,71.9597],
[-125.7614,71.9508],
[-125.4783,71.9728],
[-124.9878,71.9697],
[-124.9433,71.9514],
[-124.9749,71.9418],
[-125.048,71.9555],
[-125.2455,71.948],
[-124.6528,71.7953],
[-124.1369,71.7144],
[-124.0186,71.6875],
[-123.8932,71.6283],
[-123.8439,71.5833],
[-123.6728,71.5008],
[-123.6342,71.4725],
[-123.5139,71.3492],
[-123.43,71.2369],
[-123.3703,71.1889],
[-123.2931,71.1461],
[-123.2233,71.1142],
[-123.1261,71.0839],
[-122.7961,71.0842],
[-122.7425,71.1011],
[-122.6783,71.1433],
[-122.6079,71.1741],
[-122.4303,71.2142],
[-122.1217,71.2672],
[-121.7764,71.443],
[-121.7036,71.4608],
[-121.5964,71.4569],
[-121.5421,71.4378],
[-121.5368,71.4158],
[-121.5903,71.4007],
[-121.4388,71.3789],
[-121.3944,71.3803],
[-120.8075,71.4525],
[-120.6017,71.4936],
[-120.5433,71.5167],
[-120.4731,71.5655],
[-120.3788,71.6909],
[-120.422,71.7423],
[-120.3841,71.886],
[-120.4356,71.9101],
[-120.4511,71.925],
[-120.4466,71.9482],
[-120.4183,71.9694],
[-120.3385,71.995],
[-120.1942,72.0783],
[-120.1758,72.0944],
[-120.1451,72.1468],
[-120.1958,72.2021],
[-120.2284,72.2136],
[-120.2595,72.2387],
[-120.2461,72.2606],
[-120.1667,72.2693],
[-120.135,72.266],
[-120.1327,72.243],
[-119.9725,72.2211],
[-119.8014,72.2214],
[-119.7606,72.2289],
[-119.6267,72.2783],
[-119.4044,72.3255],
[-119.3066,72.36],
[-119.3294,72.3849],
[-119.3129,72.4323],
[-119.1632,72.6228],
[-119.1375,72.6325],
[-118.7531,72.7369],
[-118.5421,72.7536],
[-118.4907,72.7655],
[-118.4556,72.7914],
[-118.3661,72.8244],
[-117.975,72.8964],
[-117.7081,72.9778],
[-117.4661,73.0364],
[-117.0264,73.1069],
[-116.693,73.2039],
[-116.4628,73.2561],
[-116.2675,73.273],
[-115.8347,73.34],
[-115.4554,73.4248],
[-115.319,73.4771],
[-115.3319,73.5117],
[-115.3489,73.5319],
[-115.4022,73.5683],
[-115.6039,73.6522],
[-115.8944,73.7186],
[-116.0558,73.7928],
[-116.3431,73.8736],
[-116.785,74.0597],
[-117.1572,74.1678],
[-117.4304,74.2282],
[-118.1019,74.2764],
[-118.6739,74.22],
[-118.8439,74.1883],
[-118.8829,74.1736],
[-118.8672,74.1514],
[-118.8151,74.1351],
[-118.7922,74.1198],
[-118.8042,74.0932],
[-118.9723,74.0021],
[-119.1675,73.9872],
[-119.1872,73.991],
[-119.1497,74.0591],
[-119.0949,74.0712],
[-119.0758,74.0839],
[-119.0679,74.109],
[-119.1183,74.1973],
[-119.1432,74.2104],
[-119.4575,74.2215],
[-119.4973,74.2145],
[-119.7378,74.058],
[-119.7315,74.0331],
[-119.7736,74.0321],
[-119.8272,74.0591],
[-119.8317,74.0794],
[-119.7987,74.1129],
[-119.6725,74.1658],
[-119.6092,74.2333],
[-119.855,74.2368],
[-120.15,74.2725],
[-120.4817,74.33],
[-120.9064,74.4153],
[-120.9808,74.4443],
[-121.0067,74.47],
[-121.1361,74.5069],
[-121.2536,74.5258],
[-121.5642,74.5511],
[-121.7667,74.5397],
[-122.0661,74.498],
[-122.3375,74.4711],
[-122.69,74.4539],
[-123.2058,74.443],
[-123.6383,74.4214],
[-123.8953,74.3964],
[-124.1086,74.3928],
[-124.7556,74.3428],
[-124.7778,74.3314],
[-124.6869,74.2678],
[-124.6092,74.2674],
[-124.4342,74.1344],
[-124.4117,74.0564],
[-124.2175,73.8728],
[-124.1631,73.8542],
[-124.0761,73.8403],
[-123.9364,73.8405],
[-123.8431,73.8232],
[-123.8047,73.7969],
[-123.7747,73.7644],
[-123.8339,73.7003],
[-124.0681,73.6512],
[-124.0751,73.6203],
[-124.0404,73.5846],
[-124.07,73.5461],
[-124.1606,73.4869],
[-124.2994,73.4801],
[-124.4381,73.4176],
[-124.5687,73.2537],
[-124.5928,73.2329],
[-124.7136,73.1494],
[-124.7899,73.1368],
[-124.8629,73.0785],
[-124.8288,73.0482],
[-124.7285,73.0078],
[-124.6214,73.0014],
[-124.4951,72.9744],
[-124.4829,72.9258],
[-124.6367,72.8928],
[-124.767,72.8908],
[-124.8863,72.8751],
[-124.9592,72.8564],
[-125.0261,72.8211],
[-124.9719,72.7558],
[-124.9406,72.7025],
[-125.0281,72.5661],
[-125.1719,72.5136],
[-125.2878,72.4879],
[-125.4344,72.4064],
[-125.5144,72.2911],
[-125.7144,72.1575],
[-125.7339,72.1085],
[-125.7174,72.093],
[-125.7212,72.0612],
[-125.7597,72.0011],
[-125.7833,71.9843],
[-125.8807,71.9597]
]
],
[
[
[-125.5229,50.3853],
[-125.4626,50.3499],
[-125.4261,50.3556],
[-125.3921,50.3669],
[-125.3369,50.4167],
[-125.3371,50.4367],
[-125.3715,50.4563],
[-125.4729,50.4265],
[-125.5229,50.3853]
]
],
[
[
[-125.3997,50.316],
[-125.3885,50.292],
[-125.3642,50.2899],
[-125.3351,50.3011],
[-125.3198,50.3167],
[-125.2678,50.3237],
[-125.2138,50.3153],
[-125.1561,50.2392],
[-125.1397,50.1594],
[-125.1448,50.1261],
[-125.1164,50.1367],
[-125.0495,50.1999],
[-125.0511,50.2242],
[-125.1656,50.3744],
[-125.2367,50.4158],
[-125.2842,50.4334],
[-125.3972,50.3342],
[-125.3997,50.316]
]
],
[
[
[-125.3492,50.2425],
[-125.3207,50.1397],
[-125.2142,50.07],
[-125.2072,50.045],
[-125.1685,49.9823],
[-125.1539,50.0035],
[-125.1867,50.1417],
[-125.1606,50.1954],
[-125.1672,50.2136],
[-125.2519,50.2916],
[-125.3108,50.2814],
[-125.3449,50.2642],
[-125.3492,50.2425]
]
],
[
[
[-125.0646,50.1108],
[-124.9686,50.0358],
[-124.9242,50.0586],
[-124.8978,50.0775],
[-124.9153,50.1414],
[-124.93,50.1686],
[-124.9833,50.2255],
[-124.9814,50.1792],
[-125.0646,50.1108]
]
],
[
[
[-124.9644,50.2428],
[-124.9392,50.2078],
[-124.829,50.113],
[-124.8097,50.1126],
[-124.7537,50.1603],
[-124.7567,50.1783],
[-124.8217,50.2397],
[-124.8758,50.2847],
[-124.9026,50.2965],
[-124.9207,50.2981],
[-124.9644,50.2428]
]
],
[
[
[-124.7936,50.2271],
[-124.7035,50.1597],
[-124.6608,50.2066],
[-124.6589,50.2542],
[-124.6706,50.2743],
[-124.6894,50.2864],
[-124.7351,50.3003],
[-124.7793,50.2735],
[-124.7936,50.2271]
]
],
[
[
[-124.6575,49.7394],
[-124.6207,49.7164],
[-124.4767,49.6719],
[-124.4058,49.6058],
[-124.1451,49.487],
[-124.1248,49.4942],
[-124.1335,49.5228],
[-124.3514,49.698],
[-124.41,49.723],
[-124.4461,49.7233],
[-124.5608,49.7524],
[-124.6195,49.7972],
[-124.6539,49.7985],
[-124.6575,49.7394]
]
],
[
[
[-124.3524,73.6319],
[-124.3519,73.5711],
[-124.3376,73.5582],
[-124.1219,73.5712],
[-124.1736,73.6047],
[-124.2822,73.6189],
[-124.3314,73.6364],
[-124.3524,73.6319]
]
],
[
[
[-124.2007,49.704],
[-124.1918,49.6729],
[-124.1536,49.6555],
[-124.1328,49.651],
[-124.1097,49.6698],
[-124.0908,49.7155],
[-124.025,49.7739],
[-124.0917,49.7678],
[-124.1412,49.7503],
[-124.2007,49.704]
]
],
[
[
[-123.7019,49.1023],
[-123.6625,49.0353],
[-123.5406,48.945],
[-123.3797,48.8583],
[-123.3161,48.8663],
[-123.3216,48.8916],
[-123.4597,48.9305],
[-123.5217,48.9603],
[-123.6044,49.0147],
[-123.6791,49.0991],
[-123.7019,49.1023]
]
],
[
[
[-123.5909,48.8918],
[-123.5507,48.7494],
[-123.5189,48.7194],
[-123.4843,48.7091],
[-123.432,48.7211],
[-123.3718,48.7606],
[-123.4339,48.8444],
[-123.5332,48.9135],
[-123.5875,48.9303],
[-123.5909,48.8918]
]
],
[
[
[-123.4596,49.4689],
[-123.4451,49.4401],
[-123.3676,49.4332],
[-123.3254,49.4463],
[-123.3186,49.4694],
[-123.329,49.4955],
[-123.3602,49.5337],
[-123.3808,49.5361],
[-123.441,49.5187],
[-123.4531,49.4955],
[-123.4596,49.4689]
]
],
[
[
[-123.0378,76.0847],
[-122.9214,76.0928],
[-122.8428,76.1311],
[-122.6936,76.1705],
[-122.6467,76.1758],
[-122.5742,76.1661],
[-122.496,76.1387],
[-122.5872,76.1342],
[-122.6789,76.1146],
[-122.4919,76.1204],
[-122.4735,76.1085],
[-122.5695,76.011],
[-122.6692,75.9769],
[-122.7257,75.971],
[-122.6964,75.9556],
[-122.5167,75.9283],
[-122.3767,75.9339],
[-122.1694,75.978],
[-122.1447,75.9969],
[-122.1396,76.0336],
[-121.8347,76.0344],
[-121.589,76.0046],
[-121.4794,75.9764],
[-121.4241,75.9413],
[-121.3486,75.928],
[-121.275,75.9369],
[-121.2626,75.9614],
[-121.1139,75.9917],
[-121.0152,75.9906],
[-120.9933,75.9807],
[-121.0111,75.9708],
[-121.0158,75.9454],
[-120.9901,75.9407],
[-120.9357,75.9564],
[-120.9749,76.0166],
[-120.9933,76.0268],
[-121.024,76.0662],
[-121.0118,76.1371],
[-120.9622,76.175],
[-120.8931,76.1973],
[-120.8572,76.1966],
[-120.7275,76.1586],
[-120.7119,76.1292],
[-120.7477,76.1072],
[-120.7294,76.0394],
[-120.7042,76.0178],
[-120.6136,75.9819],
[-120.584,75.9786],
[-120.5333,76.0031],
[-120.4632,76.0119],
[-120.435,76.0031],
[-120.406,75.9632],
[-120.4587,75.9227],
[-120.488,75.8469],
[-120.4629,75.8198],
[-120.4303,75.8111],
[-120.3556,75.8064],
[-120.2889,75.8161],
[-120.2204,75.8454],
[-120.1733,75.8862],
[-120.1492,75.8964],
[-120.0807,75.87],
[-120.0492,75.8389],
[-119.87,75.8575],
[-119.6125,75.9103],
[-119.6977,75.9446],
[-119.6429,75.9894],
[-119.5789,75.9873],
[-119.5356,75.9625],
[-119.4851,75.9682],
[-119.4742,75.9917],
[-119.4761,76.0214],
[-119.4976,76.0382],
[-119.6267,76.0767],
[-119.7728,76.0994],
[-119.7971,76.1105],
[-119.77,76.1164],
[-119.6433,76.1125],
[-119.5684,76.1719],
[-119.5869,76.1975],
[-119.6751,76.255],
[-119.655,76.303],
[-119.5492,76.3242],
[-119.3692,76.2297],
[-119.2982,76.183],
[-119.306,76.1529],
[-119.2825,76.1275],
[-119.2297,76.1072],
[-119.0758,76.0833],
[-118.9601,76.1296],
[-118.9047,76.1691],
[-118.94,76.2076],
[-118.9218,76.2561],
[-118.9036,76.2689],
[-118.8283,76.2819],
[-118.6465,76.2861],
[-118.5703,76.3369],
[-118.5942,76.3839],
[-118.6486,76.4289],
[-118.682,76.4453],
[-118.822,76.4714],
[-118.9311,76.4792],
[-118.9699,76.496],
[-118.9442,76.5181],
[-118.8417,76.555],
[-118.7614,76.5469],
[-118.678,76.51],
[-118.6517,76.5056],
[-118.5708,76.4991],
[-118.5028,76.5097],
[-118.3161,76.5747],
[-118.3381,76.6405],
[-118.4672,76.6768],
[-118.495,76.7122],
[-118.3285,76.7707],
[-118.2136,76.7691],
[-118.1061,76.7575],
[-118.0058,76.7614],
[-117.9606,76.77],
[-117.8965,76.8155],
[-117.8667,76.8222],
[-117.8078,76.8196],
[-117.7377,76.7767],
[-117.7922,76.729],
[-117.9129,76.6911],
[-117.9283,76.6767],
[-118.0475,76.4417],
[-118.0522,76.4071],
[-117.9042,76.3697],
[-117.8835,76.3489],
[-117.6566,76.3142],
[-117.6578,76.2933],
[-117.575,76.2689],
[-117.3197,76.2578],
[-117.0956,76.2953],
[-116.9372,76.3492],
[-116.94,76.3837],
[-116.9836,76.455],
[-117.0107,76.48],
[-117.0503,76.4893],
[-117.0756,76.5117],
[-117.0612,76.5296],
[-117.04,76.5375],
[-116.7328,76.5725],
[-116.3225,76.5811],
[-116.2319,76.603],
[-116.0931,76.6191],
[-115.8944,76.6989],
[-116.0003,76.8114],
[-116.1836,76.8458],
[-116.3379,76.8955],
[-116.3628,76.9135],
[-116.3517,76.9328],
[-116.3061,76.9361],
[-116.0639,76.9028],
[-115.9033,76.8939],
[-115.807,76.9064],
[-115.7346,76.9436],
[-115.755,76.9608],
[-116.0058,76.9975],
[-116.2425,77.0441],
[-116.2747,77.0615],
[-116.3197,77.1178],
[-116.3142,77.1444],
[-116.2749,77.1869],
[-116.1125,77.1939],
[-115.8683,77.218],
[-115.7725,77.2478],
[-115.5433,77.2655],
[-115.3897,77.3093],
[-115.4521,77.3458],
[-115.4953,77.3594],
[-115.8803,77.4333],
[-116.2033,77.52],
[-116.4878,77.5503],
[-116.8331,77.5336],
[-116.8771,77.5264],
[-116.8511,77.5167],
[-116.7633,77.514],
[-116.7853,77.4991],
[-116.8944,77.4733],
[-116.9917,77.4667],
[-117.0735,77.4755],
[-117.1488,77.4553],
[-117.0029,77.3967],
[-116.8708,77.4008],
[-116.6536,77.3852],
[-116.7874,77.3183],
[-116.8764,77.3181],
[-117.0608,77.3533],
[-117.1508,77.3601],
[-117.1776,77.3437],
[-117.1542,77.3325],
[-117.118,77.3384],
[-117.0608,77.3267],
[-117.0206,77.2995],
[-117.2764,77.2892],
[-117.7315,77.34],
[-117.8589,77.3865],
[-117.9111,77.3869],
[-118.0972,77.3786],
[-118.1658,77.3553],
[-118.6511,77.3605],
[-118.7572,77.3525],
[-118.9414,77.3197],
[-119.1533,77.3258],
[-119.2958,77.2767],
[-119.3558,77.2093],
[-119.3892,77.1844],
[-119.6006,77.1458],
[-119.8189,77.0939],
[-119.8354,77.0687],
[-119.9556,77.0112],
[-119.9972,77.0164],
[-120.0914,77.0031],
[-120.3653,76.8361],
[-120.3744,76.808],
[-120.4017,76.7972],
[-120.5811,76.7494],
[-120.6692,76.7511],
[-120.8122,76.7372],
[-120.8922,76.6961],
[-121.0795,76.6683],
[-121.1098,76.6708],
[-121.2125,76.6497],
[-121.3091,76.5846],
[-121.3122,76.5725],
[-121.4219,76.4936],
[-121.5238,76.4407],
[-121.55,76.4347],
[-121.782,76.4203],
[-122.0147,76.4325],
[-122.3989,76.3969],
[-122.5786,76.3536],
[-122.6294,76.3332],
[-122.6414,76.2939],
[-122.6339,76.2676],
[-122.7211,76.2314],
[-122.8486,76.2089],
[-123.0378,76.0847]
]
],
[
[
[-122.6884,75.9081],
[-122.6647,75.8939],
[-122.3986,75.8594],
[-122.3628,75.858],
[-122.3378,75.866],
[-122.332,75.9071],
[-122.3792,75.9158],
[-122.5822,75.9219],
[-122.6884,75.9081]
]
],
[
[
[-121.2813,75.7517],
[-121.1431,75.7258],
[-121.1015,75.7254],
[-121.0257,75.7411],
[-120.938,75.7905],
[-120.8984,75.8258],
[-120.8704,75.8783],
[-120.8678,75.919],
[-120.8778,75.9361],
[-120.9978,75.9264],
[-121.0427,75.902],
[-120.9983,75.8678],
[-121.0171,75.8214],
[-121.0294,75.8114],
[-121.2675,75.7723],
[-121.2813,75.7517]
]
],
[
[
[-119.404,75.6092],
[-119.3893,75.5919],
[-119.3675,75.5842],
[-119.197,75.5625],
[-119.0819,75.5678],
[-118.928,75.5628],
[-118.7225,75.5044],
[-118.6047,75.4964],
[-118.3164,75.5725],
[-118.2683,75.5917],
[-118.2663,75.6124],
[-118.2219,75.6339],
[-118.1139,75.6739],
[-118.0158,75.6994],
[-117.9714,75.7289],
[-117.9411,75.7822],
[-117.8383,75.86],
[-117.7469,75.9108],
[-117.6811,75.9211],
[-117.5731,75.9819],
[-117.4892,76.0469],
[-117.4676,76.086],
[-117.6411,76.1167],
[-117.7789,76.1086],
[-117.9336,76.0475],
[-118.0968,76.0267],
[-118.1522,75.9714],
[-118.3678,75.9664],
[-118.5814,75.925],
[-118.7169,75.8828],
[-118.7889,75.843],
[-119.1139,75.7205],
[-119.2753,75.6747],
[-119.3755,75.6311],
[-119.404,75.6092]
]
],
[
[
[-119.1345,71.7746],
[-119.1058,71.6858],
[-119.0794,71.6492],
[-119.0503,71.6266],
[-118.9038,71.5794],
[-118.8738,71.5851],
[-118.9003,71.6094],
[-118.8507,71.6625],
[-118.6053,71.6642],
[-118.4858,71.6555],
[-118.455,71.6508],
[-118.3863,71.6167],
[-118.3653,71.5894],
[-118.3,71.5833],
[-118.1837,71.5953],
[-118.1651,71.6035],
[-118.1751,71.625],
[-118.1218,71.6508],
[-118.0189,71.6721],
[-117.7367,71.675],
[-117.7118,71.6641],
[-117.8636,71.6394],
[-117.9089,71.615],
[-117.6588,71.5688],
[-117.6811,71.5514],
[-117.8358,71.5547],
[-118.0861,71.5403],
[-118.2074,71.5149],
[-118.286,71.4839],
[-118.3121,71.459],
[-118.3132,71.4341],
[-118.2906,71.4092],
[-118.2497,71.3917],
[-118.1122,71.3736],
[-117.9483,71.3778],
[-117.7944,71.368],
[-117.6814,71.3797],
[-117.5942,71.3716],
[-117.5253,71.3769],
[-117.4819,71.4282],
[-117.5064,71.4391],
[-117.6049,71.4475],
[-117.6296,71.4595],
[-117.5543,71.4993],
[-117.4478,71.4739],
[-117.3853,71.443],
[-117.4064,71.3894],
[-117.3683,71.383],
[-116.9861,71.4272],
[-116.8061,71.4361],
[-116.4136,71.4866],
[-116.1603,71.4997],
[-115.7064,71.5558],
[-115.6189,71.5553],
[-115.5144,71.5296],
[-115.5439,71.5124],
[-115.4512,71.4886],
[-115.3222,71.4925],
[-115.1136,71.5247],
[-115.0669,71.5239],
[-115.1753,71.485],
[-115.3783,71.4497],
[-115.5356,71.4703],
[-115.6128,71.4973],
[-115.8281,71.483],
[-116.0647,71.4386],
[-116.0178,71.4111],
[-115.9264,71.388],
[-115.7906,71.3964],
[-115.7511,71.3905],
[-115.7302,71.3787],
[-115.7536,71.3671],
[-115.8103,71.3628],
[-116.0525,71.3561],
[-116.0817,71.3666],
[-116.2089,71.3642],
[-116.8006,71.2861],
[-116.9853,71.2361],
[-117.4945,71.1819],
[-117.7967,71.1664],
[-118.2725,71.0489],
[-118.4109,71.0003],
[-118.4136,70.9766],
[-118.3164,70.9017],
[-118.1968,70.84],
[-118.0475,70.7917],
[-117.7414,70.7133],
[-117.7133,70.6964],
[-117.7345,70.6712],
[-117.7323,70.6471],
[-117.6711,70.6244],
[-117.5515,70.5962],
[-117.5124,70.6103],
[-117.3676,70.6247],
[-117.3478,70.6175],
[-117.0597,70.6014],
[-116.715,70.603],
[-116.53,70.6325],
[-116.3724,70.639],
[-116.1668,70.625],
[-116.0556,70.5722],
[-115.8897,70.5953],
[-115.39,70.6048],
[-115.1369,70.598],
[-114.6411,70.6225],
[-114.5453,70.6361],
[-114.3775,70.6758],
[-114.1711,70.6647],
[-114.0156,70.71],
[-113.9383,70.7153],
[-113.7286,70.6917],
[-113.5994,70.6474],
[-113.5629,70.6449],
[-113.5277,70.655],
[-113.5156,70.6757],
[-113.4922,70.6772],
[-112.9375,70.5672],
[-112.7189,70.5679],
[-112.6219,70.5344],
[-112.5188,70.5139],
[-112.4272,70.5264],
[-112.1992,70.5022],
[-112.1544,70.4931],
[-112.1153,70.4742],
[-112.0825,70.4439],
[-112.0539,70.4011],
[-111.9806,70.3708],
[-111.8039,70.3508],
[-111.6311,70.3583],
[-111.4941,70.3398],
[-111.4526,70.2832],
[-111.5472,70.2699],
[-111.8569,70.2714],
[-111.9192,70.2551],
[-112.2411,70.291],
[-112.1551,70.2704],
[-112.2955,70.2667],
[-112.5493,70.2362],
[-112.569,70.2188],
[-112.5246,70.2051],
[-112.5564,70.1985],
[-112.6667,70.2039],
[-113.3333,70.2772],
[-113.46,70.2805],
[-113.6839,70.263],
[-113.8417,70.2694],
[-114.0575,70.2825],
[-114.1696,70.3126],
[-114.255,70.3172],
[-114.5111,70.3147],
[-114.8019,70.2861],
[-115.1675,70.2778],
[-115.4483,70.2525],
[-115.9083,70.2289],
[-117.0817,70.1089],
[-117.1944,70.0875],
[-117.3564,70.0397],
[-117.4153,70.01],
[-117.4326,69.9835],
[-117.3672,69.92],
[-117.2432,69.755],
[-117.0758,69.6986],
[-116.9619,69.6794],
[-116.8494,69.6467],
[-116.8519,69.6197],
[-116.8805,69.6089],
[-116.8975,69.5875],
[-116.7738,69.5612],
[-116.7339,69.5755],
[-116.6367,69.5703],
[-116.5785,69.5582],
[-116.5647,69.488],
[-116.6254,69.4655],
[-116.5571,69.4175],
[-116.5322,69.4089],
[-116.2195,69.3483],
[-116.0219,69.3239],
[-115.9621,69.2936],
[-115.9214,69.2903],
[-115.2536,69.2453],
[-115.0889,69.2447],
[-114.5183,69.2633],
[-114.4214,69.2819],
[-114.3201,69.2853],
[-113.9089,69.2419],
[-113.5536,69.1872],
[-113.5158,69.1725],
[-113.5389,69.1686],
[-113.6865,69.1907],
[-113.6961,69.1547],
[-113.6525,69.0865],
[-113.5478,69.0464],
[-113.5783,68.9512],
[-113.6154,68.9379],
[-113.6767,68.8992],
[-113.6718,68.8066],
[-113.5244,68.725],
[-113.4469,68.6484],
[-113.3661,68.5952],
[-113.1181,68.5444],
[-113.0725,68.5205],
[-113.0417,68.4937],
[-113.2632,68.4953],
[-113.302,68.4717],
[-113.2604,68.453],
[-113.0517,68.4642],
[-112.7275,68.4658],
[-112.6703,68.4691],
[-112.5092,68.498],
[-111.6006,68.5436],
[-111.2458,68.5144],
[-111.2142,68.5251],
[-111.216,68.5505],
[-111.4057,68.5701],
[-111.3856,68.5833],
[-111.1353,68.5758],
[-111.0867,68.5792],
[-111.0239,68.5975],
[-110.8499,68.603],
[-110.8635,68.5873],
[-110.9741,68.5792],
[-111.0298,68.5574],
[-110.9503,68.5519],
[-110.6814,68.5861],
[-110.5611,68.6167],
[-110.4237,68.6062],
[-110.3947,68.5787],
[-110.3707,68.5744],
[-110.3371,68.5799],
[-110.2675,68.6157],
[-110.22,68.6292],
[-109.6833,68.6305],
[-109.5972,68.6439],
[-109.4,68.6933],
[-109.1914,68.6972],
[-109.1047,68.7105],
[-108.9322,68.7428],
[-108.5972,68.8591],
[-108.5367,68.8914],
[-108.5399,68.9132],
[-108.5636,68.9307],
[-108.5307,68.945],
[-107.9769,68.9305],
[-107.7461,68.9608],
[-107.5539,68.9755],
[-107.3422,69.0189],
[-107.2718,69.0522],
[-107.1332,69.1525],
[-106.9403,69.2087],
[-106.9253,69.2311],
[-106.9909,69.3393],
[-106.9606,69.3557],
[-106.8628,69.3691],
[-106.7455,69.4078],
[-106.7376,69.4372],
[-106.6111,69.497],
[-106.5631,69.4976],
[-106.5214,69.4861],
[-106.3164,69.3867],
[-106.2683,69.2947],
[-106.281,69.2757],
[-106.3078,69.2622],
[-106.3813,69.2436],
[-106.4054,69.2241],
[-106.4079,69.1846],
[-106.1857,69.1444],
[-105.8742,69.1711],
[-105.6169,69.1608],
[-105.5539,69.1525],
[-105.4801,69.1139],
[-105.1603,69.0719],
[-105.09,69.1058],
[-104.9209,69.0723],
[-104.9294,69.0365],
[-105.0392,68.9903],
[-105.1782,68.9901],
[-105.2489,68.9455],
[-105.1369,68.8978],
[-104.85,68.8703],
[-104.5836,68.8597],
[-104.5165,68.8711],
[-104.4744,68.9017],
[-104.4612,68.928],
[-104.438,68.9379],
[-104.1025,68.858],
[-103.5092,68.8014],
[-103.4031,68.7772],
[-103.364,68.8111],
[-103.3208,68.8297],
[-103.2018,68.844],
[-103.1551,68.8418],
[-102.9982,68.7948],
[-102.8947,68.8],
[-102.8189,68.8342],
[-102.7631,68.8778],
[-102.6119,68.8607],
[-102.5358,68.8644],
[-102.4855,68.8714],
[-102.3901,68.9173],
[-102.3236,68.9372],
[-102.1631,68.9454],
[-102.1379,68.954],
[-102.0967,68.9886],
[-102.055,68.9969],
[-102.0274,68.9922],
[-101.9975,68.9704],
[-101.9699,68.9667],
[-101.8514,68.9844],
[-101.8099,68.9998],
[-101.7531,69.1629],
[-101.7778,69.1928],
[-101.9303,69.2611],
[-101.9572,69.2586],
[-102.0408,69.2289],
[-102.0679,69.1882],
[-102.0874,69.1794],
[-102.1132,69.1814],
[-102.2172,69.2253],
[-102.2308,69.2626],
[-102.1974,69.279],
[-102.1542,69.2721],
[-102.0353,69.2872],
[-101.9339,69.4111],
[-101.9514,69.4334],
[-102.0525,69.4818],
[-102.3055,69.4985],
[-102.4661,69.4808],
[-102.4897,69.4694],
[-102.5097,69.4426],
[-102.7228,69.3803],
[-102.7539,69.375],
[-102.8322,69.3842],
[-102.8725,69.3605],
[-103.0025,69.2318],
[-103.0742,69.1875],
[-103.1356,69.1616],
[-103.1822,69.1111],
[-103.2061,69.1232],
[-103.2061,69.1974],
[-103.072,69.2386],
[-103.0444,69.2525],
[-103.0211,69.2772],
[-102.9911,69.4221],
[-103.0139,69.4742],
[-103.0351,69.508],
[-103.0661,69.5218],
[-103.5057,69.6154],
[-103.4818,69.6891],
[-103.4235,69.7058],
[-103.322,69.6922],
[-103.1867,69.6294],
[-102.8208,69.5312],
[-102.6031,69.5383],
[-102.514,69.5612],
[-102.4978,69.5953],
[-102.4808,69.6873],
[-102.5006,69.6972],
[-102.5679,69.6903],
[-102.5962,69.6959],
[-102.6581,69.7369],
[-102.672,69.7605],
[-102.6489,69.7617],
[-102.5844,69.7379],
[-102.5103,69.758],
[-102.3758,69.8094],
[-102.2356,69.9153],
[-102.2121,69.915],
[-102.0656,69.8505],
[-101.9353,69.7354],
[-101.8969,69.7319],
[-101.8632,69.7436],
[-101.7653,69.7207],
[-101.6946,69.6825],
[-101.6525,69.6828],
[-101.6078,69.7058],
[-101.5621,69.7555],
[-101.5437,69.7936],
[-101.474,69.8872],
[-101.4508,69.9073],
[-101.4201,69.893],
[-101.4374,69.8562],
[-101.4672,69.8345],
[-101.4547,69.7989],
[-101.4383,69.7697],
[-101.3264,69.671],
[-101.0644,69.6486],
[-100.9632,69.6611],
[-100.943,69.6697],
[-100.9243,69.6926],
[-100.9229,69.7162],
[-100.87,69.7883],
[-100.8869,69.8842],
[-100.9603,70.053],
[-100.9786,70.1601],
[-100.9997,70.1728],
[-101.1115,70.1923],
[-101.1323,70.1632],
[-101.2306,70.1325],
[-101.3669,70.1769],
[-101.3947,70.145],
[-101.5332,70.1078],
[-101.556,70.1115],
[-101.6183,70.1578],
[-101.6464,70.2036],
[-101.6406,70.2288],
[-101.6056,70.2478],
[-101.5916,70.2703],
[-101.69,70.3065],
[-101.7147,70.3089],
[-101.8047,70.3],
[-101.8436,70.2585],
[-101.869,70.2537],
[-101.9256,70.2605],
[-102.1175,70.3394],
[-102.4086,70.4175],
[-102.7445,70.4947],
[-102.8358,70.548],
[-102.8472,70.5887],
[-103.025,70.6603],
[-103.1126,70.6743],
[-103.1523,70.6615],
[-103.1261,70.5739],
[-103.0553,70.5419],
[-102.9663,70.5264],
[-102.9232,70.5031],
[-102.9687,70.4896],
[-103.1272,70.5039],
[-103.2394,70.5694],
[-103.3182,70.596],
[-103.4817,70.5872],
[-103.5564,70.6008],
[-103.5989,70.6158],
[-103.7311,70.6917],
[-103.8061,70.723],
[-103.995,70.754],
[-104.0224,70.7779],
[-104.0428,70.8042],
[-104.0493,70.8297],
[-104.1197,70.9125],
[-104.231,70.9635],
[-104.3378,70.9797],
[-104.4567,71.0136],
[-104.5781,71.0625],
[-104.6486,71.1191],
[-104.5256,71.1689],
[-104.4706,71.1997],
[-104.4467,71.2219],
[-104.4401,71.2415],
[-104.4443,71.265],
[-104.4942,71.3192],
[-104.4886,71.34],
[-104.4443,71.3612],
[-104.3644,71.3591],
[-104.3387,71.4036],
[-104.4022,71.5089],
[-104.3614,71.5603],
[-104.3608,71.5817],
[-104.6667,71.8189],
[-104.6931,71.8285],
[-104.7836,71.8383],
[-104.8206,71.8716],
[-104.8268,71.9323],
[-104.8719,71.99],
[-104.9294,72.0341],
[-105.0186,72.0669],
[-105.0335,72.1202],
[-104.9665,72.1564],
[-104.9564,72.1762],
[-105.0244,72.22],
[-105.14,72.3447],
[-105.2414,72.3997],
[-105.2925,72.4572],
[-105.2617,72.4589],
[-105.2249,72.4461],
[-105.2017,72.4562],
[-105.1958,72.4825],
[-105.2311,72.5433],
[-105.2947,72.6319],
[-105.3567,72.6744],
[-105.4522,72.7008],
[-105.5042,72.7789],
[-105.4713,72.7776],
[-105.4311,72.7619],
[-105.3778,72.7294],
[-105.3465,72.7269],
[-105.3235,72.7388],
[-105.4458,72.8383],
[-105.5622,72.913],
[-105.7996,72.9923],
[-105.8269,73.014],
[-105.8302,73.0459],
[-105.8556,73.0569],
[-105.9103,73.0589],
[-106.0379,73.0446],
[-106.2403,73.0858],
[-106.5822,73.2153],
[-106.6429,73.2211],
[-106.6967,73.2375],
[-106.7342,73.2618],
[-106.7549,73.2899],
[-106.8825,73.3122],
[-107.0245,73.2975],
[-107.1181,73.2384],
[-107.0525,73.2125],
[-107.0183,73.1897],
[-107.0436,73.1751],
[-107.0697,73.1739],
[-107.1806,73.1926],
[-107.4033,73.2705],
[-107.6228,73.3186],
[-107.7714,73.3239],
[-107.9472,73.3483],
[-108.0624,73.3536],
[-108.0844,73.35],
[-108.1536,73.3025],
[-108.1164,73.2644],
[-108.0844,73.2475],
[-107.9047,73.2042],
[-107.8761,73.1872],
[-107.9246,73.1862],
[-108.0739,73.2053],
[-108.1738,73.2028],
[-108.2686,73.1714],
[-108.2932,73.1492],
[-108.2936,73.1203],
[-108.1653,73.0108],
[-108.1519,72.9711],
[-108.0267,72.72],
[-108.0258,72.6715],
[-107.9994,72.6152],
[-107.9222,72.5989],
[-107.8799,72.5746],
[-107.8775,72.4244],
[-107.7781,72.208],
[-107.7872,72.1847],
[-107.7799,72.1393],
[-107.6907,72.1374],
[-107.6353,72.1219],
[-107.6155,72.0862],
[-107.6485,72.0693],
[-107.628,72.024],
[-107.6051,72.0085],
[-107.4181,71.9539],
[-107.2614,71.8896],
[-107.2901,71.8753],
[-107.4517,71.8575],
[-107.4947,71.7864],
[-107.6303,71.7322],
[-107.7969,71.7273],
[-107.8192,71.7198],
[-107.8304,71.6786],
[-107.7454,71.6394],
[-107.7308,71.6211],
[-107.7533,71.6103],
[-107.8371,71.6041],
[-107.9158,71.625],
[-108.0292,71.7015],
[-108.0661,71.7178],
[-108.0951,71.7194],
[-108.185,71.7004],
[-108.2386,71.7151],
[-108.2818,71.7896],
[-108.2864,71.8608],
[-108.1929,71.9301],
[-108.1912,71.9564],
[-108.3164,71.9841],
[-108.3952,72.0385],
[-108.4033,72.1443],
[-108.4232,72.1564],
[-108.4496,72.1592],
[-108.5242,72.1997],
[-108.6606,72.3412],
[-108.6636,72.3628],
[-108.6411,72.4355],
[-108.5888,72.5],
[-108.6189,72.5476],
[-108.6767,72.5739],
[-108.8192,72.5911],
[-108.8465,72.57],
[-108.8739,72.5647],
[-109.0408,72.5695],
[-109.0492,72.6042],
[-109.03,72.6472],
[-109.0511,72.6803],
[-109.2278,72.7617],
[-109.3797,72.7705],
[-109.6586,72.8447],
[-109.7476,72.8812],
[-109.6251,72.9078],
[-109.6594,72.925],
[-110.0511,72.9847],
[-110.3908,73.0125],
[-110.6186,73.0114],
[-110.7083,73.0025],
[-110.7436,72.9868],
[-110.749,72.963],
[-110.5356,72.8472],
[-110.4851,72.8364],
[-110.2117,72.8183],
[-110.1753,72.7762],
[-110.0311,72.7478],
[-109.7733,72.7202],
[-109.825,72.6642],
[-109.9925,72.7001],
[-110.0361,72.7205],
[-110.1796,72.7265],
[-110.2051,72.7203],
[-110.2823,72.6629],
[-110.2486,72.6478],
[-110.2211,72.6453],
[-110.0931,72.6564],
[-109.9508,72.6085],
[-109.7838,72.5007],
[-109.8024,72.4929],
[-109.8968,72.486],
[-110.0974,72.5561],
[-110.2217,72.5661],
[-110.2496,72.5599],
[-110.2299,72.5473],
[-109.8058,72.4455],
[-109.7858,72.4325],
[-109.8139,72.4283],
[-109.9666,72.4595],
[-110.0533,72.4367],
[-110.2203,72.5139],
[-110.3433,72.5539],
[-110.3964,72.5522],
[-110.526,72.5003],
[-110.5088,72.4868],
[-110.3136,72.4294],
[-110.3506,72.428],
[-110.5308,72.4667],
[-110.5979,72.4965],
[-110.575,72.5139],
[-110.5264,72.5269],
[-110.5353,72.5466],
[-110.6735,72.5739],
[-110.7083,72.5743],
[-110.7328,72.5676],
[-110.8278,72.5132],
[-110.803,72.4853],
[-110.8692,72.4733],
[-111.0045,72.4653],
[-111.0914,72.4019],
[-111.1128,72.3353],
[-111.2775,72.37],
[-111.3014,72.4042],
[-111.2722,72.4286],
[-111.2389,72.4353],
[-111.2079,72.4536],
[-111.2286,72.4655],
[-111.3017,72.4618],
[-111.3744,72.4466],
[-111.5883,72.3764],
[-111.6105,72.3642],
[-111.5975,72.3468],
[-111.5699,72.3379],
[-111.5194,72.3342],
[-111.4422,72.3469],
[-111.4218,72.3405],
[-111.5045,72.3119],
[-111.6639,72.2764],
[-111.8569,72.3287],
[-111.8991,72.353],
[-111.8122,72.3867],
[-111.675,72.4022],
[-111.5278,72.45],
[-111.4522,72.4778],
[-111.2699,72.5733],
[-111.2039,72.6675],
[-111.2299,72.7235],
[-111.5335,72.7979],
[-111.6674,72.8133],
[-112.0617,72.8894],
[-112.3533,72.9035],
[-112.4458,72.9353],
[-112.5636,72.9592],
[-112.7628,72.974],
[-112.8172,72.9971],
[-113.0281,73.0094],
[-113.1486,72.9947],
[-113.3028,72.9489],
[-113.5907,72.7879],
[-113.6072,72.7639],
[-113.5889,72.7529],
[-113.44,72.7439],
[-113.4133,72.7332],
[-113.4384,72.6768],
[-113.6575,72.6114],
[-113.6921,72.6051],
[-113.7278,72.6115],
[-113.7094,72.6241],
[-113.5506,72.6753],
[-113.5148,72.6978],
[-113.5875,72.69],
[-113.8067,72.6392],
[-113.858,72.6358],
[-113.9017,72.6597],
[-114.0628,72.6403],
[-114.3853,72.5553],
[-114.5583,72.5608],
[-114.5974,72.604],
[-114.4583,72.6216],
[-114.3658,72.6628],
[-114.3311,72.6912],
[-114.3542,72.743],
[-114.23,72.7933],
[-114.0043,72.798],
[-113.975,72.8201],
[-114.043,72.8641],
[-114.055,72.8836],
[-114.0475,72.955],
[-114.0356,73.005],
[-114.0004,73.0711],
[-113.9557,73.1194],
[-113.9593,73.1478],
[-114.0167,73.2064],
[-114.0561,73.2336],
[-114.2261,73.3183],
[-114.305,73.338],
[-114.5617,73.3755],
[-114.7072,73.368],
[-114.8942,73.3181],
[-115.3161,73.2617],
[-115.4408,73.2239],
[-115.6097,73.1941],
[-116.2019,73.1186],
[-116.3192,73.0917],
[-116.5808,73.0528],
[-116.8381,72.9786],
[-116.9489,72.9553],
[-117.1272,72.9325],
[-117.3536,72.9164],
[-117.4205,72.8944],
[-117.4815,72.846],
[-117.5194,72.8289],
[-117.8689,72.7],
[-118.2072,72.6186],
[-118.5283,72.4983],
[-118.5707,72.4637],
[-118.5867,72.4386],
[-118.5886,72.4167],
[-118.5758,72.3944],
[-118.555,72.3808],
[-118.4911,72.353],
[-118.4467,72.3453],
[-118.2514,72.3447],
[-118.1708,72.3361],
[-118.1214,72.308],
[-118.1076,72.2444],
[-118.1239,72.2244],
[-118.3976,72.1839],
[-118.5825,72.1776],
[-118.6919,72.1305],
[-118.7179,72.1085],
[-118.7066,72.0826],
[-118.7272,72.0609],
[-118.8669,72.0239],
[-118.9375,71.996],
[-119.0897,71.9053],
[-119.1043,71.88],
[-119.1345,71.7746]
]
],
[
[
[-117.6772,75.2463],
[-117.4192,75.1825],
[-116.7172,75.1167],
[-116.6633,75.1225],
[-116.5895,75.171],
[-116.5605,75.1792],
[-116.2778,75.2058],
[-116.2408,75.2001],
[-116.2433,75.1658],
[-116.2797,75.1347],
[-116.2792,75.0994],
[-116.1631,75.0403],
[-115.7572,74.97],
[-115.6812,74.9644],
[-115.6104,74.9823],
[-115.5485,75.0125],
[-115.5409,75.0417],
[-115.6239,75.1214],
[-115.5194,75.1178],
[-115.4517,75.0989],
[-115.3956,75.1005],
[-115.2853,75.1376],
[-115.2558,75.1706],
[-115.2262,75.1711],
[-115.1746,75.1044],
[-115.2233,75.0586],
[-115.1905,74.9876],
[-115.0585,74.9614],
[-114.8253,74.988],
[-114.6008,75.0383],
[-114.4749,75.0583],
[-114.395,75.0905],
[-114.3149,75.149],
[-114.2981,75.1755],
[-114.405,75.2435],
[-114.443,75.2572],
[-114.6087,75.2705],
[-114.5354,75.3137],
[-114.5064,75.3134],
[-114.3525,75.2738],
[-114.3464,75.2547],
[-114.2847,75.235],
[-114.2129,75.2221],
[-114.1787,75.2251],
[-114.1375,75.245],
[-114.0433,75.3634],
[-114.0612,75.3862],
[-114.0873,75.4025],
[-114.0812,75.463],
[-114.0325,75.4625],
[-113.9849,75.4371],
[-113.9092,75.3777],
[-113.8714,75.3741],
[-113.7445,75.3858],
[-113.4711,75.4278],
[-113.3406,75.4133],
[-113.6514,75.3525],
[-113.7828,75.3378],
[-113.8132,75.3205],
[-113.9314,75.1891],
[-113.971,75.0834],
[-113.9458,75.0587],
[-113.9175,75.0536],
[-113.6901,75.0517],
[-113.6108,75.0628],
[-113.2989,75.073],
[-112.9567,75.0972],
[-112.807,75.1158],
[-112.7,75.1383],
[-112.6933,75.1748],
[-112.7287,75.1952],
[-112.716,75.2532],
[-112.6725,75.2782],
[-112.6128,75.2594],
[-112.5925,75.2374],
[-112.6308,75.2138],
[-112.6301,75.1936],
[-112.6007,75.1835],
[-112.4667,75.18],
[-112.4367,75.1906],
[-112.4599,75.2112],
[-112.4367,75.2305],
[-112.4032,75.241],
[-112.3394,75.2236],
[-112.2953,75.2004],
[-112.3635,75.1711],
[-112.4633,75.152],
[-112.4439,75.1308],
[-112.3906,75.123],
[-111.9581,75.135],
[-111.7872,75.1667],
[-111.7006,75.1485],
[-111.5608,75.1461],
[-111.3342,75.1975],
[-111.2778,75.2205],
[-111.2308,75.2642],
[-111.0603,75.2711],
[-110.9161,75.2314],
[-111.0292,75.1711],
[-111.5433,75.0132],
[-111.7589,74.9817],
[-112.015,75.0025],
[-112.5242,74.9955],
[-112.9111,74.9708],
[-113.1519,74.925],
[-113.2227,74.8965],
[-113.2828,74.8486],
[-113.71,74.8297],
[-114.1017,74.7767],
[-114.2144,74.7556],
[-114.401,74.7062],
[-114.4242,74.695],
[-114.4419,74.6644],
[-114.3486,74.6189],
[-114.1211,74.55],
[-113.6964,74.4461],
[-113.4283,74.4147],
[-113.2572,74.4053],
[-113.0089,74.398],
[-112.7531,74.4014],
[-112.3705,74.4186],
[-111.9455,74.4744],
[-111.6772,74.4933],
[-111.4306,74.5605],
[-111.2806,74.5678],
[-110.8339,74.6519],
[-110.7567,74.6853],
[-110.5914,74.7242],
[-110.59,74.778],
[-110.4367,74.7933],
[-110.3964,74.8066],
[-110.4042,74.8267],
[-110.3456,74.8469],
[-110.1397,74.8331],
[-110.0164,74.8422],
[-109.8725,74.8691],
[-109.6614,74.8564],
[-109.5154,74.8648],
[-109.4205,74.8931],
[-109.4035,74.9144],
[-109.355,74.9422],
[-109.0011,75.005],
[-108.9278,75.0519],
[-108.8325,75.07],
[-108.6514,75.0539],
[-108.5305,75.0046],
[-108.5208,74.9744],
[-108.7459,74.9805],
[-108.5518,74.9538],
[-108.5354,74.9386],
[-108.4457,74.9168],
[-108.3824,74.911],
[-108.1342,74.9278],
[-107.9486,74.9297],
[-107.895,75.0036],
[-107.7778,75.0294],
[-107.742,75.0458],
[-107.7722,75.0677],
[-107.7782,75.0948],
[-107.7114,75.0885],
[-107.695,75.0753],
[-107.6808,75.0466],
[-107.718,75.0234],
[-107.6918,74.9793],
[-107.6625,74.9667],
[-107.4642,74.9344],
[-107.2065,74.9114],
[-106.9306,74.9336],
[-106.7921,74.9779],
[-106.7779,74.9938],
[-106.7256,75.0022],
[-106.555,75.0012],
[-106.26,75.0191],
[-106.0008,75.0592],
[-106.0733,75.0994],
[-106.0113,75.1347],
[-105.905,75.1364],
[-105.8811,75.1431],
[-105.8725,75.1719],
[-105.8922,75.1908],
[-105.9354,75.2059],
[-105.8711,75.2735],
[-105.8172,75.2976],
[-105.7326,75.3112],
[-105.6511,75.3599],
[-105.6023,75.4684],
[-105.7443,75.4883],
[-105.6858,75.5194],
[-105.6367,75.5336],
[-105.4919,75.558],
[-105.3901,75.6476],
[-105.4496,75.8361],
[-105.4721,75.8575],
[-105.6101,75.9358],
[-105.735,75.975],
[-105.8372,75.9969],
[-106.3367,76.0547],
[-106.5858,76.0586],
[-106.6389,76.053],
[-106.8697,75.9642],
[-106.8957,75.9398],
[-106.8924,75.8396],
[-106.8604,75.8225],
[-106.8295,75.8167],
[-106.6794,75.8125],
[-106.6228,75.8012],
[-106.646,75.794],
[-106.7447,75.7955],
[-106.8306,75.7858],
[-106.8803,75.7658],
[-106.8967,75.7203],
[-106.9636,75.7386],
[-107.0317,75.7711],
[-107.1015,75.8289],
[-107.08,75.8928],
[-107.1867,75.9039],
[-107.3695,75.9117],
[-107.7394,75.8792],
[-107.8736,75.798],
[-108.0222,75.7823],
[-108.0436,75.8022],
[-108.0311,75.8225],
[-107.9242,75.8885],
[-107.8422,75.9],
[-107.6387,75.988],
[-107.7307,76.0375],
[-107.8383,76.0614],
[-108.0014,76.063],
[-108.3961,76.0461],
[-108.4086,76.1478],
[-108.3314,76.1819],
[-108.2522,76.1969],
[-108.0775,76.2805],
[-108.3238,76.3954],
[-108.558,76.4086],
[-108.5811,76.4391],
[-108.5839,76.4775],
[-108.6189,76.5726],
[-108.6949,76.603],
[-108.7198,76.6403],
[-108.6811,76.6478],
[-108.5867,76.6417],
[-108.5447,76.6464],
[-108.4589,76.6847],
[-108.4421,76.7114],
[-108.4592,76.7362],
[-108.4964,76.7539],
[-108.6818,76.7732],
[-108.6533,76.811],
[-108.748,76.8558],
[-108.7811,76.8575],
[-108.845,76.8236],
[-108.9273,76.8094],
[-109.0258,76.8228],
[-109.1278,76.8194],
[-109.3028,76.7969],
[-109.5097,76.7083],
[-109.5608,76.6408],
[-109.6467,76.5933],
[-109.7067,76.5875],
[-109.7553,76.5728],
[-109.8373,76.5324],
[-109.7492,76.5317],
[-109.7153,76.5212],
[-109.7464,76.5056],
[-109.8072,76.4905],
[-110.0956,76.4542],
[-110.3846,76.4253],
[-110.3931,76.3919],
[-110.3782,76.2961],
[-110.2017,76.2855],
[-110.0768,76.2529],
[-109.9194,76.1966],
[-109.8874,76.1966],
[-109.8958,76.2278],
[-109.8586,76.2358],
[-109.7,76.2189],
[-109.3083,76.1041],
[-109.4214,76.0358],
[-109.6644,75.9459],
[-109.9261,75.9278],
[-110.0519,75.8935],
[-109.9078,75.85],
[-109.7336,75.8766],
[-109.6604,75.8686],
[-109.6324,75.8268],
[-109.6294,75.8],
[-109.21,75.7628],
[-109.1264,75.7494],
[-108.945,75.695],
[-108.8349,75.689],
[-108.8361,75.6128],
[-108.9204,75.5186],
[-108.8967,75.4776],
[-109.2539,75.5142],
[-110.0678,75.5405],
[-110.3339,75.5392],
[-110.4272,75.5507],
[-110.466,75.5669],
[-110.4955,75.5692],
[-110.795,75.5653],
[-110.995,75.5292],
[-111.2472,75.5181],
[-111.3186,75.5453],
[-111.4078,75.6179],
[-111.3549,75.7205],
[-111.4485,75.8344],
[-111.5397,75.8383],
[-111.645,75.8217],
[-111.8586,75.8269],
[-112.2195,75.8092],
[-112.1742,75.8492],
[-112.075,75.8739],
[-111.7775,75.8947],
[-111.73,75.9134],
[-111.7583,75.9448],
[-112.0686,76.0033],
[-112.4181,76.0448],
[-112.5258,76.106],
[-112.499,76.1426],
[-112.43,76.1641],
[-112.4583,76.1773],
[-112.5903,76.1966],
[-112.7506,76.2005],
[-112.901,76.2557],
[-112.9992,76.2675],
[-113.3233,76.2628],
[-113.6853,76.2061],
[-113.99,76.1915],
[-114.0597,76.2178],
[-114.1294,76.3119],
[-114.094,76.3962],
[-114.113,76.4297],
[-114.1418,76.4489],
[-114.2517,76.475],
[-114.4514,76.4969],
[-114.6103,76.4883],
[-114.7137,76.4954],
[-114.7019,76.5128],
[-114.7405,76.5172],
[-114.9096,76.5157],
[-114.9514,76.4898],
[-115.0115,76.476],
[-115.5072,76.453],
[-115.6264,76.4258],
[-115.9054,76.3478],
[-115.919,76.2796],
[-115.8743,76.2501],
[-115.8272,76.2394],
[-115.2722,76.2303],
[-115.0453,76.2022],
[-114.945,76.1761],
[-114.7064,76.1672],
[-114.677,76.1587],
[-114.8755,76.1497],
[-115.0217,76.1564],
[-115.2731,76.1822],
[-115.4472,76.1869],
[-115.8158,76.1869],
[-116.0842,76.1983],
[-116.2961,76.1886],
[-116.525,76.1555],
[-116.6414,76.1133],
[-116.703,76.0572],
[-116.7001,76.0367],
[-116.6456,76.023],
[-116.5283,76.0275],
[-116.4715,75.9742],
[-116.6775,75.9639],
[-116.729,75.9483],
[-116.7339,75.9255],
[-116.7197,75.9033],
[-116.6997,75.895],
[-116.6239,75.8819],
[-116.1428,75.8646],
[-115.7469,75.8894],
[-115.3947,75.8778],
[-115.2217,75.8803],
[-114.8817,75.9075],
[-114.8304,75.905],
[-114.8076,75.8898],
[-114.8386,75.8744],
[-114.9808,75.853],
[-115.1394,75.8594],
[-115.3136,75.8553],
[-115.3819,75.8397],
[-115.5072,75.835],
[-115.6228,75.8344],
[-115.7572,75.8547],
[-115.8231,75.8272],
[-116.0372,75.8097],
[-116.7197,75.8017],
[-116.8597,75.7918],
[-116.9233,75.7747],
[-117.0712,75.7107],
[-117.2368,75.6178],
[-117.248,75.5918],
[-117.2242,75.5758],
[-117.195,75.5736],
[-116.3475,75.5591],
[-116.1136,75.5735],
[-115.6675,75.6472],
[-115.3925,75.6532],
[-115.1031,75.7008],
[-115.0283,75.7017],
[-115.0008,75.6941],
[-115.0967,75.6872],
[-115.3661,75.6028],
[-115.6197,75.5789],
[-116.0219,75.485],
[-116.1251,75.4767],
[-117.0414,75.4836],
[-117.2405,75.4736],
[-117.4553,75.4003],
[-117.5367,75.3616],
[-117.6681,75.2925],
[-117.6772,75.2463]
]
],
[
[
[-117.2976,70.5628],
[-117.2756,70.5503],
[-117.2019,70.5378],
[-117.0361,70.5464],
[-116.9233,70.5428],
[-116.8885,70.55],
[-117.2079,70.5914],
[-117.2561,70.586],
[-117.2976,70.5628]
]
],
[
[
[-116.4954,70.5214],
[-116.4461,70.5089],
[-116.3233,70.5136],
[-116.1366,70.5352],
[-116.2954,70.5528],
[-116.47,70.538],
[-116.4954,70.5214]
]
],
[
[
[-115.1127,77.9575],
[-114.8483,77.8547],
[-114.5142,77.7653],
[-114.415,77.7314],
[-114.2772,77.7022],
[-114.193,77.698],
[-113.7883,77.7453],
[-113.6192,77.7958],
[-113.5833,77.8133],
[-113.7064,77.8917],
[-113.9583,77.915],
[-114.0731,77.9817],
[-114.2951,78.0683],
[-114.355,78.0705],
[-114.6058,78.0305],
[-114.7403,78],
[-114.7978,77.9755],
[-114.9303,77.9605],
[-115.0908,77.9636],
[-115.1127,77.9575]
]
],
[
[
[-114.875,76.767],
[-114.8589,76.758],
[-114.7869,76.7503],
[-114.2144,76.7205],
[-114.0547,76.7036],
[-113.8367,76.72],
[-113.6525,76.7044],
[-113.4588,76.7707],
[-113.4928,76.8306],
[-113.7625,76.8844],
[-113.8856,76.8917],
[-114.6064,76.8658],
[-114.8372,76.8017],
[-114.8553,76.7944],
[-114.875,76.767]
]
],
[
[
[-113.9247,77.134],
[-113.9089,77.113],
[-113.7786,77.1042],
[-113.7031,77.1116],
[-113.6626,77.1275],
[-113.6756,77.1403],
[-113.6992,77.1447],
[-113.7986,77.1525],
[-113.8808,77.1497],
[-113.9247,77.134]
]
],
[
[
[-113.3333,78.3308],
[-113.2791,78.2987],
[-113.2178,78.2778],
[-113.1422,78.2683],
[-113.0269,78.2728],
[-112.5831,78.3436],
[-112.1331,78.3655],
[-111.9186,78.3328],
[-111.82,78.2736],
[-111.4625,78.2675],
[-111.41,78.2772],
[-111.3061,78.3211],
[-111.2714,78.3461],
[-111.2778,78.3722],
[-111.1414,78.3861],
[-110.975,78.3639],
[-110.7878,78.3069],
[-110.7156,78.2925],
[-110.4119,78.2772],
[-110.2886,78.283],
[-110.2244,78.3],
[-109.9839,78.3255],
[-109.9174,78.3204],
[-109.8892,78.3055],
[-109.8244,78.2939],
[-109.4286,78.3033],
[-109.405,78.3064],
[-109.3226,78.3551],
[-109.2606,78.4558],
[-109.2579,78.4839],
[-109.4053,78.5569],
[-109.5006,78.5828],
[-109.6705,78.5914],
[-109.8591,78.6548],
[-110.4106,78.7578],
[-110.6375,78.7486],
[-111.1606,78.6917],
[-111.3631,78.6428],
[-111.3856,78.6161],
[-111.4556,78.5928],
[-111.6008,78.5853],
[-111.7525,78.5505],
[-111.8531,78.5428],
[-111.9881,78.5528],
[-112.2381,78.5472],
[-113.0383,78.4369],
[-113.1197,78.4219],
[-113.3333,78.3308]
]
],
[
[
[-113.3186,77.8101],
[-113.3123,77.7828],
[-113.2888,77.7639],
[-113.1965,77.7419],
[-113.1625,77.6091],
[-113.2392,77.5843],
[-113.2014,77.5267],
[-113.1739,77.5194],
[-113.0031,77.5108],
[-112.9713,77.4948],
[-112.9608,77.4718],
[-112.7967,77.4418],
[-112.6269,77.4594],
[-112.5944,77.4522],
[-112.4911,77.3747],
[-112.4131,77.3561],
[-112.1664,77.3253],
[-112.0311,77.3247],
[-111.3,77.4191],
[-111.0653,77.4061],
[-110.8772,77.4114],
[-110.5022,77.4603],
[-110.2033,77.5114],
[-110.1175,77.54],
[-110.0842,77.5592],
[-110.0406,77.6375],
[-110.0853,77.7662],
[-110.1611,77.7841],
[-110.6589,77.7597],
[-110.7439,77.7736],
[-110.8962,77.8296],
[-110.8994,77.8514],
[-110.8739,77.8622],
[-110.7925,77.8708],
[-110.2211,77.8939],
[-110.145,77.9119],
[-109.8975,77.9328],
[-109.7056,77.96],
[-109.6764,77.9687],
[-109.5832,78.0385],
[-109.5843,78.0615],
[-109.6053,78.0711],
[-109.6539,78.0883],
[-109.7892,78.0997],
[-110.2378,78.1108],
[-110.7364,78.0962],
[-110.8056,78.0653],
[-110.8611,78.0616],
[-110.9033,78.0622],
[-111.0275,78.0933],
[-111.3183,78.0803],
[-111.7306,78.0242],
[-111.7817,78.0308],
[-112.1253,78.0061],
[-112.295,78.0105],
[-112.5744,77.9794],
[-112.9436,77.9119],
[-113.0432,77.9048],
[-113.0717,77.9122],
[-113.2097,77.9089],
[-113.2328,77.9026],
[-113.3064,77.8372],
[-113.3186,77.8101]
]
],
[
[
[-112.3139,70.3473],
[-112.17,70.3075],
[-112.0903,70.2958],
[-111.9447,70.2894],
[-111.8531,70.295],
[-111.6754,70.3087],
[-111.7967,70.3103],
[-112.2045,70.3614],
[-112.2968,70.3625],
[-112.3139,70.3473]
]
],
[
[
[-111.7755,68.2474],
[-111.7604,68.2254],
[-111.7035,68.221],
[-111.6494,68.23],
[-111.6339,68.2414],
[-111.6306,68.2637],
[-111.6094,68.2789],
[-111.502,68.2947],
[-111.5213,68.311],
[-111.7094,68.2982],
[-111.7755,68.2474]
]
],
[
[
[-111.094,68.4801],
[-111.0544,68.4697],
[-110.9261,68.4658],
[-110.8625,68.4742],
[-110.7031,68.4868],
[-110.7458,68.5264],
[-110.8217,68.548],
[-111.0803,68.4939],
[-111.094,68.4801]
]
],
[
[
[-111.0879,67.8544],
[-111.0656,67.8483],
[-110.8731,67.89],
[-110.8135,67.9466],
[-110.8354,67.958],
[-111.0703,67.8672],
[-111.0879,67.8544]
]
],
[
[
[-110.2465,68.0385],
[-110.0872,68.0533],
[-109.9267,68.0804],
[-109.8996,68.093],
[-109.8813,68.1168],
[-109.8911,68.1369],
[-109.9272,68.133],
[-110.182,68.0697],
[-110.2217,68.0566],
[-110.2465,68.0385]
]
],
[
[
[-109.8481,68.148],
[-109.8199,68.1365],
[-109.7757,68.1396],
[-109.6739,68.1733],
[-109.5942,68.2144],
[-109.5822,68.241],
[-109.6769,68.2242],
[-109.7719,68.1883],
[-109.8481,68.148]
]
],
[
[
[-109.541,68.0498],
[-109.5024,68.0246],
[-109.3781,67.9869],
[-109.3437,67.9808],
[-109.3147,67.9892],
[-109.3151,68.0317],
[-109.4472,68.0922],
[-109.4929,68.0933],
[-109.541,68.0498]
]
],
[
[
[-109.1966,67.9869],
[-109.1955,67.9662],
[-109.1697,67.9453],
[-109.0489,67.9039],
[-108.9087,67.8701],
[-108.8838,67.8732],
[-108.8658,67.903],
[-108.8908,67.9528],
[-108.9511,67.9733],
[-108.9839,67.9767],
[-109.05,67.9583],
[-109.1966,67.9869]
]
],
[
[
[-108.6468,67.8783],
[-108.4122,67.8858],
[-108.3603,67.9026],
[-108.37,67.9183],
[-108.5379,67.9286],
[-108.585,67.9155],
[-108.6468,67.8783]
]
],
[
[
[-108.4951,67.526],
[-108.4538,67.485],
[-108.39,67.4672],
[-108.3628,67.4683],
[-108.2985,67.494],
[-108.2851,67.5404],
[-108.2975,67.5572],
[-108.3358,67.5658],
[-108.4864,67.5647],
[-108.4951,67.526]
]
],
[
[
[-108.2719,67.4748],
[-108.2442,67.4578],
[-108.1694,67.4497],
[-108.133,67.4576],
[-108.1305,67.4793],
[-108.1699,67.5478],
[-108.2024,67.5686],
[-108.2224,67.5683],
[-108.2719,67.4748]
]
],
[
[
[-108.2527,67.8836],
[-108.1449,67.8722],
[-108.1128,67.8755],
[-108.0658,67.8989],
[-108.0514,67.9267],
[-108.0513,67.9556],
[-108.0778,67.9725],
[-108.1201,67.9733],
[-108.198,67.9508],
[-108.2328,67.9296],
[-108.2527,67.8836]
]
],
[
[
[-108.1433,67.5361],
[-108.1099,67.4727],
[-108.0897,67.4655],
[-108.06,67.4753],
[-107.9235,67.5434],
[-107.9283,67.5616],
[-107.993,67.6526],
[-108.0942,67.6758],
[-108.1157,67.6726],
[-108.1329,67.6337],
[-108.1433,67.5361]
]
],
[
[
[-108.0844,67.3814],
[-107.9412,67.3075],
[-107.9052,67.3136],
[-107.885,67.4693],
[-107.8989,67.4873],
[-107.9178,67.4894],
[-108.0701,67.4338],
[-108.0844,67.3814]
]
],
[
[
[-108.0819,73.5822],
[-108.0161,73.5497],
[-107.8956,73.5414],
[-107.5953,73.5793],
[-107.5848,73.6016],
[-107.6076,73.613],
[-107.6811,73.6214],
[-107.8244,73.6244],
[-108.0408,73.6155],
[-108.0799,73.6004],
[-108.0819,73.5822]
]
],
[
[
[-107.9317,66.8511],
[-107.8993,66.8589],
[-107.8269,66.8983],
[-107.7921,66.9893],
[-107.8118,67.0075],
[-107.834,67.0062],
[-107.9317,66.8511]
]
],
[
[
[-107.6248,67.1988],
[-107.5875,67.1261],
[-107.5497,67.09],
[-107.4985,67.0719],
[-107.4078,67.0831],
[-107.4067,67.1144],
[-107.4619,67.1333],
[-107.6031,67.2058],
[-107.6248,67.1988]
]
],
[
[
[-107.0308,73.4855],
[-107.0085,73.4712],
[-106.9375,73.4625],
[-106.7203,73.45],
[-106.4543,73.3962],
[-106.0819,73.2411],
[-106.0925,73.1997],
[-105.9464,73.1603],
[-105.7328,73.0478],
[-105.4591,72.9337],
[-105.4429,72.9024],
[-105.3831,72.8667],
[-105.2622,72.8486],
[-105.2078,72.8664],
[-105.2794,72.8855],
[-105.3278,72.9083],
[-105.3475,72.953],
[-105.3111,72.9526],
[-105.2258,72.933],
[-105.1417,72.9765],
[-104.9831,73.0234],
[-104.9794,73.0768],
[-104.7942,73.168],
[-104.695,73.2522],
[-104.5724,73.3259],
[-104.5558,73.4033],
[-104.4883,73.5483],
[-104.5218,73.5772],
[-104.5808,73.6003],
[-104.6833,73.6266],
[-104.8431,73.6508],
[-105.0985,73.7394],
[-105.17,73.7556],
[-105.526,73.763],
[-105.7267,73.7286],
[-106.1855,73.7336],
[-106.5722,73.7119],
[-106.6519,73.6972],
[-106.7003,73.6761],
[-106.8933,73.5625],
[-107.014,73.5078],
[-107.0308,73.4855]
]
],
[
[
[-106.0867,77.7212],
[-105.8889,77.6453],
[-105.8344,77.6103],
[-105.6911,77.4972],
[-105.6792,77.4475],
[-105.572,77.3233],
[-105.5317,77.3053],
[-105.4131,77.2832],
[-105.2469,77.1939],
[-105.1446,77.1737],
[-105.0958,77.1761],
[-104.9453,77.1572],
[-104.9064,77.1475],
[-104.8612,77.1205],
[-104.8325,77.1133],
[-104.7403,77.1086],
[-104.4725,77.1375],
[-104.411,77.1672],
[-104.3665,77.2273],
[-104.3863,77.2685],
[-104.4889,77.3186],
[-104.7369,77.4129],
[-104.7717,77.4167],
[-104.9619,77.4044],
[-105.0142,77.41],
[-105.0111,77.4557],
[-104.9675,77.4689],
[-104.9481,77.4885],
[-104.9639,77.5112],
[-105.1653,77.6091],
[-105.4703,77.7092],
[-105.6489,77.7486],
[-105.9139,77.7625],
[-106.0406,77.745],
[-106.0867,77.7212]
]
],
[
[
[-105.6246,79.1671],
[-105.6031,79.0461],
[-105.5861,79.0325],
[-105.5529,79.0223],
[-105.4261,79.0111],
[-105.1564,79.0194],
[-104.9025,79.0497],
[-104.7011,79.0253],
[-104.6808,79.0037],
[-105.0122,78.8447],
[-105.0272,78.8199],
[-105.0119,78.8036],
[-104.9092,78.7966],
[-104.7858,78.8066],
[-104.5715,78.8616],
[-104.5383,78.8819],
[-104.4635,78.9533],
[-104.2656,78.9886],
[-104.2036,78.9917],
[-104.0811,78.9794],
[-103.9982,78.9341],
[-103.8675,78.9161],
[-103.8254,78.8953],
[-103.8605,78.8766],
[-104.1672,78.8164],
[-104.2114,78.7805],
[-104.1705,78.7658],
[-104.0494,78.7564],
[-103.9606,78.7614],
[-103.8969,78.7772],
[-103.907,78.7966],
[-103.8694,78.8057],
[-103.7269,78.8022],
[-103.6996,78.7925],
[-103.7961,78.7358],
[-103.4681,78.7875],
[-103.4167,78.7789],
[-103.3221,78.7314],
[-103.358,78.7186],
[-103.4886,78.7158],
[-103.521,78.7007],
[-103.4903,78.6736],
[-103.5092,78.6664],
[-103.8261,78.6719],
[-103.9892,78.6461],
[-104.0398,78.6266],
[-104.01,78.6172],
[-103.4467,78.6214],
[-103.4,78.6155],
[-103.3781,78.5861],
[-103.4658,78.5175],
[-103.5272,78.4964],
[-103.7225,78.5172],
[-104.0339,78.52],
[-104.1661,78.5328],
[-104.355,78.5664],
[-104.6667,78.5797],
[-104.8314,78.57],
[-105.0119,78.5217],
[-105.0489,78.4941],
[-104.996,78.4408],
[-104.8206,78.3558],
[-104.4675,78.2653],
[-103.9631,78.2336],
[-103.8994,78.2478],
[-103.8772,78.2722],
[-103.68,78.3119],
[-103.3811,78.3317],
[-103.2647,78.3453],
[-103.1639,78.3669],
[-102.9292,78.3653],
[-102.8061,78.3778],
[-102.6683,78.3608],
[-102.6864,78.3505],
[-102.743,78.3404],
[-102.8141,78.3056],
[-102.8036,78.2853],
[-102.6186,78.2414],
[-102.5017,78.2458],
[-102.2989,78.2733],
[-102.1331,78.2828],
[-101.4967,78.2372],
[-101.4653,78.2335],
[-101.3425,78.1894],
[-101.2894,78.1825],
[-101.0628,78.1986],
[-101.0208,78.186],
[-101.0165,78.151],
[-100.9986,78.1317],
[-100.8539,78.0966],
[-100.8207,78.0018],
[-100.7553,77.9556],
[-100.6064,77.88],
[-100.4989,77.8517],
[-100.3297,77.8253],
[-99.907,77.7786],
[-99.7131,77.8108],
[-99.5253,77.8136],
[-99.2381,77.8378],
[-99.0249,77.8915],
[-99.0739,77.9196],
[-99.0935,77.9635],
[-98.9899,77.9896],
[-98.9672,78.0035],
[-98.9458,78.0587],
[-99.4063,78.2026],
[-99.4478,78.2242],
[-99.5219,78.2798],
[-99.6205,78.2903],
[-99.7414,78.29],
[-99.7917,78.3004],
[-99.7531,78.3855],
[-99.7817,78.4117],
[-99.8629,78.4391],
[-99.6692,78.4813],
[-99.5369,78.581],
[-99.5736,78.5955],
[-99.8175,78.6305],
[-99.8533,78.633],
[-99.9889,78.6139],
[-100.0167,78.6167],
[-100.0625,78.6355],
[-99.9133,78.6797],
[-99.8949,78.6929],
[-99.9444,78.7228],
[-100.2831,78.7678],
[-100.3256,78.7901],
[-100.3478,78.8275],
[-100.5304,78.8168],
[-100.5878,78.7991],
[-100.7056,78.7997],
[-100.8639,78.7814],
[-101.1796,78.8017],
[-101.1994,78.8182],
[-101.1169,78.8569],
[-100.986,78.9343],
[-101.0939,78.9636],
[-101.1453,78.9654],
[-101.1767,78.9539],
[-101.2317,78.9594],
[-101.6489,79.0758],
[-101.9422,79.0847],
[-102.0936,79.0441],
[-102.2794,79.0181],
[-102.3631,79.015],
[-102.3981,78.9872],
[-102.3785,78.9546],
[-102.392,78.9317],
[-102.5289,78.873],
[-102.5558,78.8696],
[-102.5872,78.8748],
[-102.7208,78.9383],
[-102.6986,78.9719],
[-102.6707,78.9801],
[-102.6544,78.9941],
[-102.6093,79.0623],
[-102.6144,79.0905],
[-102.8925,79.169],
[-102.924,79.2089],
[-103.0978,79.2825],
[-103.2625,79.3],
[-103.3984,79.3],
[-103.5939,79.3258],
[-103.7225,79.3569],
[-103.9778,79.3689],
[-104.5833,79.3294],
[-104.9547,79.3153],
[-105.1179,79.2982],
[-105.1972,79.2997],
[-105.44,79.3292],
[-105.4828,79.3064],
[-105.6246,79.1671]
]
],
[
[
[-105.0817,68.5464],
[-104.9192,68.46],
[-104.701,68.4039],
[-104.6467,68.3958],
[-104.5453,68.3961],
[-104.4462,68.4153],
[-104.4295,68.4326],
[-104.4278,68.4569],
[-104.4828,68.5117],
[-104.6825,68.5739],
[-104.7539,68.5825],
[-104.9386,68.5833],
[-105.0193,68.5719],
[-105.0817,68.5464]
]
],
[
[
[-104.8572,75.1647],
[-104.8472,75.1091],
[-104.6622,75.0625],
[-104.4594,75.0289],
[-104.2292,75.0181],
[-103.9175,75.055],
[-103.8178,75.0725],
[-103.7303,75.1],
[-103.6089,75.1492],
[-103.5869,75.166],
[-103.8105,75.3486],
[-103.9531,75.4],
[-104.1142,75.4303],
[-104.33,75.433],
[-104.4972,75.4064],
[-104.7108,75.3222],
[-104.7686,75.2819],
[-104.7447,75.2461],
[-104.7965,75.1921],
[-104.8572,75.1647]
]
],
[
[
[-104.6624,76.5487],
[-104.5639,76.4822],
[-104.4975,76.4811],
[-104.4489,76.4911],
[-104.3911,76.4611],
[-104.3289,76.361],
[-104.395,76.3369],
[-104.3789,76.3233],
[-104.335,76.3186],
[-104.0619,76.3175],
[-103.752,76.3036],
[-103.3781,76.3255],
[-103.2814,76.3369],
[-103.0983,76.3847],
[-103.0151,76.4207],
[-103.0078,76.4387],
[-103.0367,76.4539],
[-103.245,76.4855],
[-103.3211,76.495],
[-103.3845,76.4922],
[-103.5703,76.5211],
[-103.5899,76.5293],
[-103.5875,76.5371],
[-103.7958,76.6212],
[-103.8644,76.6035],
[-103.8676,76.5821],
[-103.8789,76.5736],
[-104.0339,76.5597],
[-104.0529,76.566],
[-103.9586,76.5992],
[-103.9383,76.6105],
[-103.9254,76.6289],
[-103.9397,76.6447],
[-104.0533,76.6647],
[-104.2167,76.6683],
[-104.3519,76.6603],
[-104.5367,76.6172],
[-104.6372,76.6033],
[-104.6624,76.5487]
]
],
[
[
[-104.553,68.1549],
[-104.5006,68.0825],
[-104.4828,68.0797],
[-104.4531,68.1022],
[-104.405,68.1394],
[-104.3717,68.1833],
[-104.3846,68.2033],
[-104.421,68.2014],
[-104.553,68.1549]
]
],
[
[
[-104.4806,76.139],
[-104.3997,76.0803],
[-104.1308,76.0564],
[-104.0605,76.0622],
[-103.8739,76.0457],
[-103.9209,76.0349],
[-103.3422,76.0367],
[-102.9336,76.0708],
[-102.7367,76.0986],
[-102.6433,76.1228],
[-102.5806,76.1525],
[-102.5354,76.2227],
[-102.5583,76.2358],
[-102.6296,76.2547],
[-102.6598,76.2915],
[-102.7656,76.3116],
[-103.11,76.3047],
[-103.3369,76.28],
[-103.8514,76.25],
[-104.0747,76.2222],
[-104.2725,76.2161],
[-104.459,76.1617],
[-104.4806,76.139]
]
],
[
[
[-104.4268,77.093],
[-104.4022,77.0811],
[-104.2525,77.0728],
[-104.0478,77.1069],
[-104.0242,77.1125],
[-104.0026,77.1284],
[-104.0254,77.1486],
[-104.0664,77.1601],
[-104.1836,77.1672],
[-104.3197,77.1517],
[-104.4233,77.1193],
[-104.4268,77.093]
]
],
[
[
[-103.9682,75.9364],
[-103.895,75.8983],
[-103.6556,75.8886],
[-103.265,75.9144],
[-102.4167,76.0003],
[-102.3368,76.0131],
[-102.3186,76.0294],
[-102.3217,76.0536],
[-102.3357,76.0675],
[-102.428,76.0894],
[-102.6078,76.0858],
[-102.7567,76.073],
[-102.8897,76.0644],
[-103.0064,76.0447],
[-103.1283,76.0425],
[-103.1967,76.0205],
[-103.3403,76.0139],
[-103.5225,75.9755],
[-103.7083,75.9725],
[-103.8025,75.9539],
[-103.9682,75.9364]
]
],
[
[
[-103.8626,75.8739],
[-103.8346,75.8528],
[-103.7939,75.8428],
[-103.5908,75.8311],
[-103.3683,75.8591],
[-103.3315,75.8763],
[-103.3597,75.8842],
[-103.5642,75.8817],
[-103.6989,75.8716],
[-103.8626,75.8739]
]
],
[
[
[-103.3753,75.7582],
[-103.3011,75.7447],
[-103.1378,75.7428],
[-102.5903,75.7705],
[-102.5031,75.7925],
[-102.4772,75.8123],
[-102.4526,75.8554],
[-102.3942,75.8808],
[-102.3192,75.8931],
[-102.1464,75.9033],
[-102.0206,75.9255],
[-101.9874,75.9414],
[-102.0786,75.9714],
[-102.1647,75.9905],
[-102.1914,75.9897],
[-102.6961,75.9466],
[-102.9869,75.9094],
[-103.0775,75.8908],
[-103.3114,75.8053],
[-103.3753,75.7582]
]
],
[
[
[-103.276,78.1667],
[-103.2662,78.1395],
[-103.2303,78.1239],
[-103.0493,78.121],
[-102.8981,78.178],
[-102.7861,78.2042],
[-102.783,78.2371],
[-102.819,78.2574],
[-102.9869,78.2728],
[-103.0628,78.258],
[-103.1703,78.22],
[-103.2332,78.195],
[-103.276,78.1667]
]
],
[
[
[-102.8743,75.6129],
[-102.673,75.5147],
[-102.5342,75.5114],
[-102.3519,75.5422],
[-102.1592,75.555],
[-102.0672,75.5461],
[-101.9725,75.5483],
[-101.4955,75.6019],
[-101.2256,75.5875],
[-100.8047,75.615],
[-100.5403,75.6455],
[-100.3972,75.6544],
[-100.2564,75.6517],
[-99.8497,75.6775],
[-99.7408,75.6908],
[-99.3295,75.6953],
[-98.9503,75.71],
[-98.9168,75.7061],
[-98.8981,75.6936],
[-99.0331,75.6772],
[-99.4586,75.6725],
[-99.8206,75.6535],
[-99.8628,75.6166],
[-99.6748,75.6093],
[-99.7125,75.5892],
[-99.8236,75.5842],
[-100.0362,75.5524],
[-99.9903,75.5444],
[-99.843,75.5434],
[-100.13,75.5258],
[-100.3063,75.4726],
[-100.0131,75.4644],
[-100.1114,75.4511],
[-100.4339,75.4458],
[-100.6072,75.4333],
[-100.4373,75.3781],
[-100.5947,75.3475],
[-100.6381,75.3458],
[-100.6851,75.3577],
[-100.6481,75.3716],
[-100.6764,75.3766],
[-100.7697,75.3496],
[-100.6157,75.3075],
[-100.5231,75.293],
[-100.3594,75.2997],
[-100.2822,75.3103],
[-100.2544,75.3044],
[-100.3117,75.2772],
[-100.4044,75.2696],
[-100.3542,75.2517],
[-100.2033,75.2533],
[-100.0018,75.2327],
[-100.2256,75.223],
[-100.3022,75.2308],
[-100.4386,75.2267],
[-100.5396,75.1962],
[-100.4051,75.1633],
[-100.3793,75.1076],
[-100.3974,75.0611],
[-100.3922,75.0357],
[-100.3558,75.0192],
[-100.1458,74.9911],
[-99.7017,74.9736],
[-99.5386,74.9742],
[-99.4329,74.998],
[-99.4933,75.0177],
[-99.4825,75.0378],
[-99.308,75.1225],
[-99.2781,75.1123],
[-99.3906,75.0325],
[-99.4001,74.9907],
[-99.3544,74.9844],
[-98.985,75],
[-98.7239,74.9894],
[-98.4683,75.0031],
[-98.3003,75.0211],
[-97.9825,75.0153],
[-97.9504,75.023],
[-97.943,75.0737],
[-97.9743,75.1075],
[-98.0814,75.1305],
[-98.1288,75.1508],
[-98.1464,75.1714],
[-98.0919,75.2228],
[-98.0336,75.2136],
[-98.0252,75.1916],
[-98.0292,75.1671],
[-97.8719,75.114],
[-97.6194,75.1186],
[-97.5741,75.1491],
[-97.6039,75.1554],
[-97.6286,75.1511],
[-97.7597,75.1886],
[-97.736,75.2058],
[-97.7497,75.2272],
[-97.8739,75.2703],
[-97.9131,75.2642],
[-98.1014,75.2919],
[-98.1249,75.2998],
[-98.165,75.3317],
[-98.1306,75.3646],
[-98.1078,75.3719],
[-97.9906,75.3558],
[-97.9183,75.3561],
[-97.8804,75.3682],
[-98.0212,75.4059],
[-97.8011,75.411],
[-97.7787,75.4257],
[-97.9575,75.4472],
[-98.0425,75.4823],
[-97.9083,75.5133],
[-97.8616,75.4927],
[-97.8394,75.4641],
[-97.7833,75.4575],
[-97.7474,75.4698],
[-97.7535,75.4905],
[-97.816,75.5395],
[-97.7533,75.5696],
[-97.7204,75.5685],
[-97.5736,75.513],
[-97.4978,75.4743],
[-97.4901,75.4358],
[-97.4692,75.4228],
[-97.3417,75.3939],
[-97.3131,75.3907],
[-97.2883,75.3989],
[-97.3783,75.4341],
[-97.3997,75.4555],
[-97.42,75.5005],
[-97.4239,75.5286],
[-97.411,75.6182],
[-97.3709,75.665],
[-97.3956,75.6854],
[-97.6903,75.7205],
[-97.8705,75.7305],
[-97.9346,75.7441],
[-97.6592,75.7958],
[-97.5978,75.8469],
[-97.6051,75.8957],
[-97.6457,75.9401],
[-97.6564,75.9728],
[-97.5883,76.0808],
[-97.5104,76.1233],
[-97.4947,76.1439],
[-97.5181,76.2001],
[-97.5836,76.2341],
[-97.7275,76.2805],
[-97.7614,76.335],
[-97.7212,76.398],
[-97.6643,76.4212],
[-97.689,76.4797],
[-97.7574,76.5087],
[-97.9444,76.5181],
[-98.3578,76.5655],
[-98.3781,76.5722],
[-98.398,76.5905],
[-98.3647,76.6017],
[-98.4219,76.6377],
[-98.411,76.6648],
[-98.44,76.673],
[-98.5047,76.6811],
[-98.8214,76.6769],
[-98.8543,76.6669],
[-98.7444,76.6439],
[-98.623,76.6472],
[-98.5943,76.6565],
[-98.547,76.658],
[-98.489,76.6478],
[-98.5146,76.6233],
[-98.5892,76.6114],
[-98.8608,76.6144],
[-99.0272,76.6011],
[-99.0446,76.5339],
[-98.8607,76.4665],
[-98.8519,76.4337],
[-98.9161,76.4347],
[-98.9472,76.4507],
[-98.9553,76.4691],
[-99.1327,76.4554],
[-99.1142,76.4298],
[-99.0783,76.4077],
[-99.1,76.398],
[-99.1844,76.4158],
[-99.3669,76.5264],
[-99.5789,76.6222],
[-99.6844,76.6333],
[-99.7339,76.6337],
[-99.8378,76.6086],
[-100.1919,76.6422],
[-100.3639,76.6311],
[-100.6531,76.5764],
[-100.72,76.5535],
[-100.7372,76.5311],
[-100.9394,76.5144],
[-100.9628,76.5103],
[-100.981,76.496],
[-100.9525,76.4747],
[-100.6944,76.375],
[-100.5533,76.3711],
[-100.3017,76.3828],
[-100.0386,76.3189],
[-99.8467,76.2821],
[-100.1111,76.2664],
[-100.2692,76.2786],
[-100.4167,76.2803],
[-100.465,76.275],
[-100.5094,76.2571],
[-100.4986,76.2378],
[-100.4389,76.2125],
[-100.2256,76.1908],
[-99.9489,76.1897],
[-99.7169,76.1397],
[-99.4453,76.1614],
[-99.4238,76.1566],
[-99.6092,76.1358],
[-99.6808,76.1186],
[-99.7308,76.1175],
[-100.0213,76.1547],
[-100.1039,76.1533],
[-100.1528,76.1325],
[-100.0824,76.0442],
[-99.8614,75.9354],
[-99.7853,75.9514],
[-99.4944,75.9736],
[-99.4485,75.9681],
[-99.5878,75.95],
[-99.6783,75.9314],
[-99.7536,75.9064],
[-99.8883,75.8864],
[-99.9825,75.8905],
[-100.0472,75.9139],
[-100.3126,76.0497],
[-100.44,76.1053],
[-100.6303,76.1333],
[-100.7511,76.1822],
[-101.0045,76.2378],
[-101.0939,76.2831],
[-101.0632,76.3294],
[-101.2342,76.3693],
[-101.3158,76.4144],
[-101.4567,76.4364],
[-101.7833,76.4544],
[-101.8622,76.4503],
[-102.0186,76.4094],
[-102.049,76.3951],
[-102.0011,76.3528],
[-102.061,76.2572],
[-102.1628,76.2407],
[-102.1407,76.2233],
[-102.1144,76.2155],
[-101.7747,76.2155],
[-101.3913,76.2469],
[-101.4886,76.2136],
[-101.7611,76.1741],
[-101.8954,76.1134],
[-101.906,76.0814],
[-101.8936,76.0603],
[-101.8407,76.0207],
[-101.6811,75.98],
[-101.4001,75.998],
[-101.3761,76.0139],
[-101.3257,76.02],
[-101.306,76.0107],
[-101.3942,75.9755],
[-101.4872,75.9576],
[-101.565,75.9297],
[-101.5792,75.9086],
[-101.5344,75.8614],
[-101.4889,75.8542],
[-101.4161,75.8561],
[-101.3601,75.8454],
[-101.3378,75.8278],
[-101.3292,75.8046],
[-101.3535,75.7825],
[-101.3281,75.7744],
[-101.1822,75.7797],
[-101.247,75.7469],
[-101.4386,75.7556],
[-101.5564,75.8211],
[-101.7447,75.858],
[-101.8264,75.8983],
[-101.8644,75.9022],
[-102.1631,75.8789],
[-102.2903,75.8572],
[-102.3394,75.835],
[-102.3678,75.7979],
[-102.3353,75.781],
[-102.1069,75.7863],
[-102.0917,75.7219],
[-102.0086,75.704],
[-102.0786,75.6883],
[-102.1612,75.7076],
[-102.3114,75.7267],
[-102.5389,75.7214],
[-102.5726,75.7155],
[-102.6892,75.6705],
[-102.7014,75.6289],
[-102.8028,75.6308],
[-102.8743,75.6129]
]
],
[
[
[-102.7639,72.7879],
[-102.739,72.7221],
[-102.6219,72.6647],
[-102.3772,72.5775],
[-102.0803,72.516],
[-101.9813,72.4781],
[-101.9417,72.4519],
[-101.8883,72.3586],
[-101.8376,72.3218],
[-101.7769,72.2997],
[-101.6897,72.2879],
[-101.6347,72.3069],
[-101.5092,72.2831],
[-101.4695,72.2655],
[-101.4012,72.2827],
[-101.3253,72.315],
[-101.2297,72.333],
[-101.2015,72.3271],
[-101.1178,72.2844],
[-101.0171,72.1937],
[-100.9596,72.1726],
[-100.9239,72.1994],
[-100.8876,72.2076],
[-100.72,72.2017],
[-100.6393,72.1869],
[-100.334,72.0019],
[-100.3183,71.9825],
[-100.1019,71.8847],
[-100.0593,71.8682],
[-99.8422,71.835],
[-99.6754,71.7555],
[-99.6765,71.7335],
[-99.5853,71.629],
[-99.5297,71.6053],
[-99.4628,71.593],
[-99.2294,71.3436],
[-99.0686,71.3561],
[-99.0051,71.3822],
[-98.9696,71.3812],
[-98.9383,71.3691],
[-98.8164,71.2892],
[-98.7253,71.2703],
[-98.548,71.2883],
[-98.4661,71.3133],
[-98.1894,71.4192],
[-98.1205,71.4605],
[-98.0394,71.5287],
[-98.18,71.5719],
[-98.3744,71.6505],
[-98.4957,71.7178],
[-98.4932,71.7414],
[-98.4565,71.789],
[-98.2871,71.8969],
[-98.2613,71.9033],
[-98.2129,71.8868],
[-98.2289,71.8622],
[-98.3239,71.7996],
[-98.356,71.7258],
[-98.2128,71.6479],
[-98.1219,71.6375],
[-97.9814,71.6614],
[-97.7872,71.6441],
[-97.6564,71.6147],
[-97.505,71.6116],
[-97.4344,71.6178],
[-97.165,71.6755],
[-97.0842,71.7003],
[-96.9836,71.7758],
[-96.7914,71.8278],
[-96.7381,71.825],
[-96.7447,71.7922],
[-96.5858,71.8129],
[-96.5643,71.8244],
[-96.5258,71.8689],
[-96.4949,71.9228],
[-96.516,71.9337],
[-96.6072,71.9269],
[-96.7008,71.9],
[-96.7303,71.899],
[-96.7594,71.9116],
[-96.7412,71.9264],
[-96.6383,71.9575],
[-96.56,71.948],
[-96.5108,71.9672],
[-96.4893,72.0267],
[-96.5115,72.0387],
[-96.6725,72.0128],
[-96.8604,72.0387],
[-96.7812,72.0526],
[-96.5572,72.0719],
[-96.5033,72.0876],
[-96.4853,72.1073],
[-96.4861,72.133],
[-96.5576,72.2697],
[-96.5783,72.2786],
[-96.6689,72.2792],
[-96.8683,72.3207],
[-96.7764,72.3233],
[-96.6683,72.3097],
[-96.5386,72.3433],
[-96.3001,72.4263],
[-96.3313,72.4946],
[-96.4597,72.6078],
[-96.5219,72.6744],
[-96.5175,72.7147],
[-96.6119,72.7469],
[-96.9156,72.6786],
[-97.0831,72.6063],
[-97.1754,72.6018],
[-97.1975,72.6072],
[-97.1903,72.6405],
[-97.1735,72.6703],
[-97.0795,72.7019],
[-97.0265,72.7294],
[-97.0817,72.78],
[-97.2653,72.8489],
[-97.2622,72.8811],
[-97.2274,72.9415],
[-97.2915,72.9668],
[-97.4425,72.9991],
[-97.6764,73.0322],
[-97.8556,73.048],
[-97.9878,73.0386],
[-98.2272,72.9875],
[-98.2607,72.9751],
[-98.4009,72.8921],
[-98.425,72.8598],
[-98.4482,72.8704],
[-98.4592,72.9933],
[-98.4503,73.0203],
[-98.3195,73.0505],
[-98.2343,73.0828],
[-98.2228,73.1],
[-98.1517,73.1311],
[-97.9836,73.1811],
[-97.8517,73.2457],
[-97.8429,73.2708],
[-97.6526,73.3171],
[-97.3755,73.3472],
[-97.1737,73.3541],
[-97.1538,73.3928],
[-97.1692,73.4572],
[-97.1901,73.4674],
[-97.4096,73.4932],
[-97.5131,73.4808],
[-97.5711,73.4571],
[-97.6153,73.4555],
[-97.6465,73.4636],
[-97.6668,73.4797],
[-97.6317,73.5375],
[-97.4361,73.5255],
[-97.1937,73.5597],
[-96.9663,73.6367],
[-96.9355,73.6966],
[-96.9658,73.7398],
[-97.2236,73.8564],
[-97.3367,73.8654],
[-97.4642,73.8578],
[-97.5072,73.8648],
[-97.5537,73.8885],
[-97.582,73.8939],
[-97.7967,73.9119],
[-97.9133,73.8925],
[-97.9543,73.8493],
[-98.1342,73.8097],
[-98.642,73.7772],
[-98.7564,73.7561],
[-99.115,73.7486],
[-99.235,73.7378],
[-99.4871,73.8239],
[-99.7232,73.8482],
[-99.8073,73.8979],
[-99.8077,73.9287],
[-99.8561,73.9408],
[-99.9811,73.9458],
[-100.1044,73.9364],
[-100.2479,73.9064],
[-100.2722,73.8943],
[-100.2972,73.8646],
[-100.2554,73.8361],
[-100.1367,73.8275],
[-100.0174,73.8391],
[-99.9619,73.8733],
[-99.8756,73.8713],
[-99.8618,73.8403],
[-100.063,73.765],
[-100.3431,73.8167],
[-100.4178,73.8455],
[-100.5542,73.8547],
[-100.6563,73.8467],
[-100.7068,73.8232],
[-100.755,73.8125],
[-100.8286,73.8155],
[-100.9899,73.8041],
[-101.0139,73.7972],
[-101.1192,73.7253],
[-101.0428,73.6731],
[-100.9832,73.679],
[-100.8558,73.6647],
[-100.8712,73.6398],
[-100.9066,73.6246],
[-100.7675,73.6039],
[-100.6286,73.5933],
[-100.5508,73.5968],
[-100.5468,73.5596],
[-100.6082,73.5121],
[-100.5952,73.4892],
[-100.455,73.4419],
[-100.4231,73.4171],
[-100.4444,73.4064],
[-100.509,73.4147],
[-100.6728,73.4644],
[-100.7121,73.5043],
[-100.7708,73.54],
[-100.8839,73.5932],
[-100.9179,73.6],
[-101.2083,73.6049],
[-101.2442,73.5926],
[-101.259,73.5661],
[-101.2808,73.5525],
[-101.434,73.5507],
[-101.619,73.4878],
[-101.5808,73.4503],
[-101.4706,73.4361],
[-101.3126,73.3938],
[-101.3089,73.3664],
[-100.9775,73.2803],
[-100.8894,73.2644],
[-100.8318,73.2603],
[-100.5617,73.2867],
[-100.3878,73.3386],
[-100.4058,73.3614],
[-100.3861,73.396],
[-100.3285,73.386],
[-100.0863,73.2543],
[-99.9549,73.218],
[-99.8119,73.2155],
[-99.775,73.2064],
[-99.8411,73.1914],
[-100.0454,73.1851],
[-100.2814,73.2792],
[-100.3697,73.2901],
[-100.4022,73.2825],
[-100.5831,73.1703],
[-100.6049,73.1436],
[-100.5186,73.0978],
[-100.4428,73.0872],
[-100.3869,73.1205],
[-100.3236,73.1333],
[-100.2408,73.1357],
[-100.1128,73.0258],
[-100.0314,72.935],
[-100.0964,72.8864],
[-100.2853,72.8736],
[-100.3232,72.8901],
[-100.3814,72.9491],
[-100.3504,73.0122],
[-100.3146,73.0297],
[-100.3585,73.0469],
[-100.4219,73.035],
[-100.4575,73.0176],
[-100.4993,72.9535],
[-100.4778,72.9497],
[-100.3526,72.8539],
[-100.315,72.7989],
[-100.343,72.7742],
[-100.4344,72.7369],
[-100.5331,72.7514],
[-100.7072,72.7558],
[-100.7983,72.7436],
[-100.8178,72.7128],
[-100.8822,72.6897],
[-100.9158,72.688],
[-101.0333,72.6897],
[-101.2975,72.71],
[-101.3696,72.7262],
[-101.4133,72.7483],
[-101.4044,72.7825],
[-101.5157,72.875],
[-101.5953,72.9022],
[-101.6753,72.9097],
[-101.7482,72.9273],
[-101.814,72.9636],
[-101.8842,73.0247],
[-101.9708,73.0705],
[-102.1372,73.0869],
[-102.2761,73.0825],
[-102.3681,73.0675],
[-102.5071,73.0283],
[-102.5699,72.9854],
[-102.5932,72.9446],
[-102.5949,72.9182],
[-102.6467,72.8644],
[-102.7451,72.8192],
[-102.7639,72.7879]
]
],
[
[
[-102.5239,77.8392],
[-102.5108,77.7861],
[-102.4404,77.7308],
[-102.0678,77.6822],
[-101.7989,77.6764],
[-101.6142,77.7012],
[-101.5647,77.7205],
[-101.5353,77.7236],
[-101.0969,77.7194],
[-100.9406,77.7269],
[-100.9268,77.7388],
[-100.9606,77.7592],
[-101.1914,77.8308],
[-101.5244,77.87],
[-101.7114,77.9017],
[-101.8319,77.8939],
[-102.14,77.8964],
[-102.3878,77.8842],
[-102.4507,77.8739],
[-102.5239,77.8392]
]
],
[
[
[-102.3144,68.6804],
[-102.23,68.6403],
[-102.0058,68.6139],
[-101.8383,68.5668],
[-101.7017,68.6378],
[-101.6815,68.6671],
[-101.7,68.7378],
[-101.6939,68.7681],
[-101.9478,68.8233],
[-102.0231,68.8194],
[-102.0512,68.8027],
[-102.054,68.771],
[-102.0731,68.7569],
[-102.2167,68.7183],
[-102.3144,68.6804]
]
],
[
[
[-101.8806,78.1603],
[-101.6514,78.1447],
[-101.6078,78.1577],
[-101.6002,78.1798],
[-101.6265,78.2064],
[-101.7072,78.2328],
[-101.7533,78.2272],
[-101.8806,78.1603]
]
],
[
[
[-101.7158,69.1854],
[-101.6956,69.0918],
[-101.6775,69.0828],
[-101.6578,69.0846],
[-101.5596,69.1026],
[-101.4969,69.1626],
[-101.5203,69.1975],
[-101.5586,69.2167],
[-101.6919,69.2076],
[-101.7158,69.1854]
]
],
[
[
[-101.6883,76.5864],
[-101.5408,76.5608],
[-101.3805,76.5536],
[-101.1928,76.5714],
[-100.7611,76.6358],
[-100.3172,76.7167],
[-100.2574,76.7335],
[-100.5092,76.7564],
[-100.7439,76.7533],
[-100.9836,76.7247],
[-101.06,76.6858],
[-101.2136,76.6519],
[-101.3858,76.6425],
[-101.5219,76.6239],
[-101.6883,76.5864]
]
],
[
[
[-101.3858,69.5353],
[-101.3175,69.5111],
[-101.2381,69.4991],
[-101.1876,69.4725],
[-101.2317,69.4008],
[-101.2645,69.3841],
[-101.2431,69.3719],
[-101.2244,69.37],
[-101.1253,69.4014],
[-101.0086,69.4503],
[-101.0061,69.4869],
[-101.053,69.5044],
[-101.0672,69.5319],
[-101.2686,69.5812],
[-101.3517,69.5703],
[-101.3858,69.5353]
]
],
[
[
[-101.0285,75.5652],
[-100.9945,75.555],
[-100.8856,75.5458],
[-100.3633,75.5903],
[-100.2936,75.5844],
[-100.3608,75.5615],
[-100.2333,75.5692],
[-100.1575,75.5872],
[-100.1722,75.6014],
[-100.2264,75.6225],
[-100.5111,75.6191],
[-100.5986,75.6103],
[-100.6558,75.5917],
[-100.8428,75.5869],
[-101.0285,75.5652]
]
],
[
[
[-100.6799,70.5862],
[-100.6716,70.56],
[-100.4725,70.4964],
[-100.2681,70.4515],
[-100.2355,70.4517],
[-100.2183,70.5644],
[-100.4476,70.6498],
[-100.4746,70.6714],
[-100.6519,70.6697],
[-100.6799,70.5862]
]
],
[
[
[-100.6328,68.7761],
[-100.6194,68.7611],
[-100.4154,68.709],
[-100.3622,68.7129],
[-100.2992,68.7733],
[-100.2208,68.7644],
[-100.1737,68.7971],
[-100.1362,68.9105],
[-100.2389,68.9241],
[-100.3292,68.9771],
[-100.3278,68.9905],
[-100.3441,69.0117],
[-100.4161,69.0264],
[-100.5364,69.0367],
[-100.6,69.0005],
[-100.6258,68.9125],
[-100.6328,68.7761]
]
],
[
[
[-100.2582,69.0355],
[-100.2024,68.979],
[-100.1617,68.9614],
[-100.12,68.9508],
[-100.0032,68.9415],
[-99.9779,69.0089],
[-100.0308,69.0925],
[-100.053,69.1025],
[-100.1297,69.1303],
[-100.2344,69.0843],
[-100.2582,69.0355]
]
],
[
[
[-100.1933,80.0339],
[-100.1779,79.9129],
[-100.1513,79.8958],
[-100.0703,79.8769],
[-99.7322,79.8789],
[-99.6142,79.8933],
[-99.3158,79.8486],
[-99.2961,79.8362],
[-99.2975,79.8128],
[-99.3037,79.7849],
[-99.3224,79.765],
[-99.3014,79.7547],
[-98.9361,79.7197],
[-98.8681,79.7008],
[-98.83,79.6644],
[-98.6464,79.7904],
[-98.7058,79.9658],
[-98.8628,80.0751],
[-99.1367,80.133],
[-99.4047,80.108],
[-99.4717,80.1097],
[-99.6255,80.1489],
[-99.7592,80.1497],
[-99.8272,80.1436],
[-100.0736,80.0872],
[-100.1933,80.0339]
]
],
[
[
[-100.1265,76.7219],
[-100.0514,76.7155],
[-99.9002,76.7202],
[-99.7333,76.7025],
[-99.6578,76.6778],
[-99.5817,76.6703],
[-99.5281,76.6744],
[-99.4322,76.6971],
[-99.5289,76.7255],
[-99.6464,76.748],
[-99.87,76.7364],
[-99.9764,76.7336],
[-99.9976,76.7371],
[-99.9847,76.7412],
[-100.0465,76.7511],
[-100.1019,76.7447],
[-100.1265,76.7219]
]
],
[
[
[-99.5917,69.0219],
[-99.5625,68.9991],
[-99.4892,68.9675],
[-99.452,68.9388],
[-99.45,68.9051],
[-99.4329,68.8892],
[-99.2672,68.8591],
[-99.1824,68.825],
[-99.044,68.8624],
[-99.0693,68.8874],
[-99.0958,68.8994],
[-99.0775,68.9183],
[-98.9871,68.9491],
[-98.8494,68.9336],
[-98.82,68.9111],
[-98.8596,68.883],
[-98.8752,68.8464],
[-98.8533,68.8274],
[-98.7247,68.7911],
[-98.5195,68.7475],
[-98.4511,68.75],
[-98.4056,68.7682],
[-98.3978,68.7944],
[-98.4153,68.8153],
[-98.4149,68.8514],
[-98.3765,68.8587],
[-98.2692,68.8318],
[-98.2436,68.8171],
[-98.286,68.7549],
[-98.2403,68.7208],
[-98.1249,68.6728],
[-98.0992,68.671],
[-98.0564,68.6943],
[-97.9186,68.6755],
[-97.7272,68.6322],
[-97.5789,68.5661],
[-97.4675,68.5348],
[-97.1811,68.5114],
[-97.1254,68.5192],
[-97.0958,68.5353],
[-96.9211,68.5197],
[-96.7175,68.475],
[-96.5306,68.445],
[-96.2997,68.4707],
[-96.1497,68.5572],
[-95.9949,68.6205],
[-95.8597,68.6533],
[-95.7961,68.7355],
[-95.5939,68.7528],
[-95.5639,68.7434],
[-95.5423,68.7109],
[-95.4764,68.7119],
[-95.2681,68.8001],
[-95.2097,68.8511],
[-95.2346,68.865],
[-95.3582,68.8993],
[-95.4467,68.8792],
[-95.5503,68.8331],
[-95.6261,68.8267],
[-95.664,68.8358],
[-95.6701,68.8629],
[-95.761,68.8905],
[-95.8203,68.8703],
[-95.8439,68.923],
[-95.9747,69.0457],
[-95.9274,69.0854],
[-95.9536,69.1397],
[-96.0444,69.2261],
[-96.0667,69.2319],
[-96.1548,69.1674],
[-96.1522,69.103],
[-96.1201,69.0294],
[-96.1953,69.0383],
[-96.231,69.0583],
[-96.2114,69.2189],
[-96.1726,69.2577],
[-96.2025,69.3014],
[-96.3203,69.3547],
[-96.5025,69.4097],
[-96.8731,69.4896],
[-97.0644,69.5728],
[-97.0987,69.598],
[-97.1096,69.6191],
[-97.2815,69.6964],
[-97.3101,69.6925],
[-97.3853,69.5954],
[-97.4841,69.669],
[-97.4621,69.6836],
[-97.3649,69.6897],
[-97.3424,69.7023],
[-97.4492,69.7603],
[-97.61,69.7886],
[-97.66,69.8033],
[-97.755,69.8514],
[-97.8803,69.885],
[-97.9455,69.8936],
[-98.006,69.8869],
[-98.0386,69.8748],
[-98.0842,69.8283],
[-98.1129,69.8126],
[-98.2023,69.8017],
[-98.282,69.7517],
[-98.3179,69.7179],
[-98.3642,69.5989],
[-98.2595,69.5768],
[-98.1621,69.5014],
[-98.0015,69.4438],
[-98.0402,69.4245],
[-98.0856,69.4239],
[-98.2486,69.485],
[-98.3542,69.5569],
[-98.4333,69.5755],
[-98.5314,69.585],
[-98.5687,69.5744],
[-98.6013,69.5401],
[-98.5943,69.5165],
[-98.4564,69.4847],
[-98.4221,69.4697],
[-98.4775,69.4619],
[-98.5794,69.4744],
[-98.6104,69.4469],
[-98.559,69.4021],
[-98.4488,69.3679],
[-98.3892,69.3252],
[-98.4069,69.3034],
[-98.5339,69.2914],
[-98.6156,69.2947],
[-98.7231,69.193],
[-98.798,69.1705],
[-99.007,69.1364],
[-99.1683,69.1383],
[-99.304,69.1587],
[-99.4804,69.1278],
[-99.5917,69.0219]
]
],
[
[
[-99.4297,73.9026],
[-99.3819,73.8691],
[-99.1408,73.8181],
[-98.9186,73.8061],
[-98.4789,73.8375],
[-98.145,73.8736],
[-97.7636,73.9883],
[-97.6733,74.0355],
[-97.6381,74.0697],
[-97.6465,74.093],
[-97.6972,74.1126],
[-97.7372,74.1175],
[-98.04,74.1058],
[-98.2303,74.0833],
[-98.4919,74.0341],
[-98.6619,74.0314],
[-98.938,73.9986],
[-99.0203,73.9797],
[-99.0928,73.9522],
[-99.2825,73.9369],
[-99.4061,73.9153],
[-99.4297,73.9026]
]
],
[
[
[-98.8598,74.3077],
[-98.8317,74.2991],
[-98.6572,74.2994],
[-98.5686,74.3047],
[-98.52,74.3172],
[-98.5353,74.3289],
[-98.6237,74.3422],
[-98.7525,74.3342],
[-98.8598,74.3077]
]
],
[
[
[-98.4107,78.496],
[-98.3881,78.4675],
[-98.3572,78.4462],
[-98.1983,78.4086],
[-98.0436,78.3894],
[-98.0622,78.3062],
[-97.8744,78.2817],
[-97.7718,78.243],
[-97.8175,78.2328],
[-97.8494,78.2347],
[-97.8295,78.2191],
[-97.6356,78.2066],
[-97.3211,78.2075],
[-97.2067,78.1865],
[-97.1644,78.1689],
[-96.8781,78.1357],
[-96.856,78.1061],
[-96.8875,78.0831],
[-96.9103,78.0792],
[-97.2978,78.0764],
[-97.6574,78.0894],
[-97.7634,78.0287],
[-97.5031,78.0025],
[-97.31,77.9511],
[-96.9955,77.9157],
[-97.1167,77.8693],
[-97.0996,77.8054],
[-96.9339,77.7975],
[-96.8904,77.7876],
[-96.8295,77.7892],
[-96.7076,77.8464],
[-96.7347,77.8698],
[-96.5411,77.8972],
[-96.4567,77.9017],
[-96.4264,77.8962],
[-96.3951,77.8657],
[-96.2856,77.8594],
[-95.9386,77.8858],
[-95.4497,77.9433],
[-95.38,77.9664],
[-95.2658,77.9661],
[-95.1065,77.9525],
[-95.0114,77.9914],
[-94.9117,78.0553],
[-94.8885,78.1058],
[-94.907,78.1172],
[-95.0681,78.148],
[-95.1049,78.1646],
[-95.1149,78.1869],
[-95.2275,78.2167],
[-95.3689,78.2186],
[-95.3937,78.2292],
[-95.3636,78.2414],
[-94.9419,78.3164],
[-94.8347,78.3574],
[-94.8693,78.388],
[-95.2064,78.4617],
[-95.5372,78.5147],
[-95.7167,78.5197],
[-95.8578,78.495],
[-96.0094,78.4925],
[-96.1781,78.5189],
[-96.2164,78.5605],
[-96.1557,78.6143],
[-96.176,78.6259],
[-96.2355,78.6278],
[-96.2939,78.6153],
[-96.5336,78.6769],
[-96.6131,78.6855],
[-96.7681,78.6841],
[-96.8951,78.6991],
[-96.9547,78.7264],
[-97.0253,78.7419],
[-97.3592,78.773],
[-97.4886,78.7966],
[-97.5997,78.8075],
[-98.1445,78.8167],
[-98.3654,78.7658],
[-98.3717,78.72],
[-98.3214,78.6476],
[-98.235,78.6191],
[-98.08,78.5828],
[-98.0351,78.5665],
[-98.0207,78.5396],
[-98.1714,78.5297],
[-98.3089,78.5339],
[-98.4107,78.496]
]
],
[
[
[-98.3647,76.6017],
[-98.2507,76.5725],
[-98.1851,76.5836],
[-98.2814,76.6022],
[-98.3647,76.6017]
]
],
[
[
[-97.7827,74.4884],
[-97.7089,74.4572],
[-97.6528,74.4558],
[-97.3818,74.509],
[-97.3,74.5514],
[-97.2619,74.5916],
[-97.3629,74.6221],
[-97.4458,74.6261],
[-97.5322,74.6064],
[-97.6181,74.5522],
[-97.7595,74.5129],
[-97.7827,74.4884]
]
],
[
[
[-97.5605,67.6927],
[-97.5517,67.6441],
[-97.5358,67.6269],
[-97.4789,67.6275],
[-97.3705,67.6578],
[-97.3358,67.6746],
[-97.3328,67.7064],
[-97.3399,67.7237],
[-97.3942,67.7319],
[-97.5605,67.6927]
]
],
[
[
[-97.4908,69.9129],
[-97.4731,69.8976],
[-97.4183,69.8936],
[-97.2765,69.8526],
[-97.2404,69.8598],
[-97.2314,69.8782],
[-97.25,69.8914],
[-97.2958,69.8914],
[-97.3201,69.8886],
[-97.3494,69.899],
[-97.3479,69.9144],
[-97.3297,69.9378],
[-97.3508,69.9494],
[-97.4456,69.9625],
[-97.4713,69.9582],
[-97.4868,69.9466],
[-97.4908,69.9129]
]
],
[
[
[-97.4658,76.9789],
[-97.2564,76.9675],
[-97.0926,77.0079],
[-97.1547,77.0303],
[-97.2431,77.0375],
[-97.3747,77.0225],
[-97.4239,77.0058],
[-97.4658,76.9789]
]
],
[
[
[-97.1419,73.0804],
[-97.1401,73.0565],
[-97.1089,73.0015],
[-97.0897,72.9817],
[-97.025,72.9436],
[-96.9618,72.9222],
[-96.9153,72.9178],
[-96.8083,72.9264],
[-96.6972,72.9417],
[-96.64,72.9636],
[-96.5736,73.0333],
[-96.5662,73.0534],
[-96.5779,73.078],
[-96.6531,73.1364],
[-96.7792,73.1848],
[-96.8094,73.1891],
[-96.9044,73.18],
[-97.0455,73.1475],
[-97.1419,73.0804]
]
],
[
[
[-97.0531,75.4947],
[-97.0308,75.4544],
[-96.9325,75.3761],
[-96.8567,75.3505],
[-96.6583,75.3886],
[-96.505,75.4631],
[-96.5529,75.5061],
[-96.5059,75.5341],
[-96.4464,75.5544],
[-96.4145,75.5478],
[-96.4448,75.5316],
[-96.2469,75.459],
[-96.2203,75.4556],
[-96.1708,75.458],
[-95.9347,75.5405],
[-95.9154,75.5631],
[-95.9389,75.5775],
[-96.0254,75.6028],
[-96.1158,75.6039],
[-96.3144,75.6478],
[-96.3881,75.6505],
[-96.415,75.6469],
[-96.4225,75.6236],
[-96.468,75.5902],
[-96.6669,75.5528],
[-96.9136,75.5264],
[-97.0531,75.4947]
]
],
[
[
[-97.0103,72.7767],
[-96.9736,72.7415],
[-96.9553,72.7341],
[-96.7542,72.7214],
[-96.7281,72.7305],
[-96.641,72.7896],
[-96.6669,72.8111],
[-96.6922,72.8628],
[-96.6883,72.8833],
[-96.7133,72.8933],
[-96.7572,72.8928],
[-96.9163,72.8385],
[-97.0103,72.7767]
]
],
[
[
[-96.9542,76.7274],
[-96.88,76.7058],
[-96.8164,76.6975],
[-96.6361,76.7044],
[-96.5278,76.693],
[-96.4643,76.6769],
[-96.45,76.6599],
[-96.3814,76.6358],
[-96.2253,76.6258],
[-96.1586,76.5833],
[-96.017,76.5491],
[-95.7806,76.5489],
[-95.7003,76.5769],
[-95.6603,76.5994],
[-95.6293,76.6051],
[-95.5913,76.6001],
[-95.6874,76.5479],
[-95.7786,76.5189],
[-96.059,76.5228],
[-96.1002,76.5026],
[-96.0817,76.478],
[-95.9958,76.4369],
[-95.8511,76.4011],
[-95.4472,76.3658],
[-95.3944,76.3526],
[-95.2994,76.3725],
[-95.1328,76.3614],
[-94.8344,76.3344],
[-94.8065,76.3194],
[-94.8449,76.3089],
[-94.8581,76.3244],
[-95.0106,76.3311],
[-95.0928,76.3028],
[-95.2792,76.2814],
[-95.3501,76.3015],
[-95.3707,76.2996],
[-95.3881,76.2836],
[-95.3815,76.2351],
[-95.0292,76.2361],
[-94.8386,76.2683],
[-94.7885,76.2849],
[-94.6417,76.2933],
[-94.4708,76.2811],
[-94.2125,76.2808],
[-94.1601,76.2762],
[-94.0975,76.2594],
[-93.7844,76.2531],
[-93.7201,76.264],
[-93.7596,76.282],
[-93.7251,76.3097],
[-93.6789,76.3222],
[-93.6451,76.3262],
[-93.624,76.3083],
[-93.6302,76.3064],
[-93.6253,76.2998],
[-93.5878,76.2928],
[-93.3153,76.3603],
[-93.1869,76.3683],
[-93.0778,76.3557],
[-93.0569,76.3354],
[-93.0767,76.3169],
[-93.067,76.2991],
[-92.9467,76.2458],
[-92.8017,76.21],
[-92.6362,76.1085],
[-92.5836,76.0089],
[-92.4086,75.9286],
[-92.3271,75.9068],
[-92.1371,75.8789],
[-92.1078,75.8528],
[-92.1026,75.8141],
[-92.116,75.7919],
[-92.175,75.7475],
[-92.1375,75.7211],
[-92.0506,75.6884],
[-92.0083,75.6614],
[-92.0095,75.5921],
[-92.0931,75.5639],
[-92.2126,75.5494],
[-92.3281,75.4892],
[-92.3883,75.4419],
[-92.4286,75.3944],
[-92.4908,75.2136],
[-92.3256,75.1517],
[-92.1933,75.1433],
[-92.0771,75.1532],
[-92.0535,75.1486],
[-92.0113,75.0982],
[-92.0381,75.0857],
[-92.1525,75.0839],
[-92.2248,75.0731],
[-92.2097,75.0386],
[-92.1642,74.998],
[-92.0495,74.9565],
[-92.0143,74.911],
[-92.0064,74.888],
[-92.0149,74.8519],
[-92.0475,74.8335],
[-92.0632,74.8123],
[-92.0515,74.7932],
[-92.0072,74.7757],
[-91.8922,74.7508],
[-91.8592,74.7211],
[-91.8735,74.7083],
[-91.8421,74.6975],
[-91.7794,74.7258],
[-91.7086,74.7275],
[-91.6438,74.7176],
[-91.6252,74.7028],
[-91.6679,74.6915],
[-91.6805,74.6748],
[-91.5467,74.6474],
[-91.1331,74.6244],
[-91.1086,74.6388],
[-91.1814,74.6814],
[-91.2244,74.7307],
[-91.1801,74.7551],
[-91.1019,74.7511],
[-91,74.7897],
[-90.8755,74.8546],
[-90.85,74.876],
[-90.765,74.8829],
[-90.7457,74.8492],
[-90.7581,74.8311],
[-90.89,74.7596],
[-90.9783,74.7397],
[-91.0185,74.7064],
[-90.8906,74.6824],
[-90.8717,74.6972],
[-90.7494,74.7097],
[-90.7349,74.6679],
[-90.7081,74.648],
[-90.6136,74.6182],
[-90.4964,74.6017],
[-90.3631,74.5947],
[-90.2239,74.5636],
[-89.9374,74.5315],
[-89.4897,74.5455],
[-89.1911,74.586],
[-89.1285,74.6142],
[-89.0958,74.685],
[-89.1961,74.7112],
[-89.2681,74.7555],
[-89.2231,74.7525],
[-89.1022,74.7194],
[-89.0465,74.7255],
[-89.0113,74.7769],
[-89.054,74.7946],
[-89.0894,74.8358],
[-88.9118,74.7751],
[-88.9172,74.7197],
[-88.8864,74.6679],
[-88.868,74.6596],
[-88.8419,74.6603],
[-88.8167,74.6693],
[-88.7514,74.7201],
[-88.7467,74.7808],
[-88.6703,74.841],
[-88.5626,74.904],
[-88.5353,74.9046],
[-88.4847,74.8578],
[-88.3475,74.7847],
[-88.5608,74.593],
[-88.571,74.553],
[-88.5306,74.5028],
[-88.4969,74.4978],
[-87.9036,74.4722],
[-87.755,74.4794],
[-87.7108,74.4608],
[-87.67,74.46],
[-87.5179,74.4667],
[-87.3528,74.4953],
[-87.3125,74.4742],
[-87.2703,74.4683],
[-86.9058,74.4605],
[-86.6936,74.468],
[-86.7056,74.5003],
[-86.7982,74.547],
[-86.8003,74.6133],
[-86.7761,74.6165],
[-86.7147,74.5548],
[-86.6911,74.5441],
[-86.4233,74.4789],
[-86.3328,74.4903],
[-86.2789,74.5086],
[-86.2361,74.5349],
[-86.2253,74.5687],
[-86.2382,74.5928],
[-86.2201,74.6093],
[-86.1876,74.6153],
[-86.1536,74.6091],
[-86.0813,74.5423],
[-86.1219,74.4844],
[-86.0133,74.4794],
[-85.6042,74.4958],
[-85.5514,74.5035],
[-85.5039,74.5205],
[-85.4836,74.5531],
[-85.5196,74.5926],
[-85.5467,74.6842],
[-85.5239,74.6885],
[-85.4735,74.6635],
[-85.3659,74.5429],
[-85.3599,74.5021],
[-85.2144,74.4919],
[-85.0963,74.5033],
[-85.0392,74.5321],
[-85.0447,74.6122],
[-85.0682,74.6464],
[-84.9969,74.6978],
[-84.9614,74.688],
[-84.9542,74.6653],
[-84.9842,74.5749],
[-84.9143,74.5096],
[-84.8944,74.5028],
[-84.2856,74.5036],
[-83.8553,74.5508],
[-83.6053,74.5422],
[-83.4793,74.5774],
[-83.4547,74.5911],
[-83.3258,74.7526],
[-83.3232,74.7771],
[-83.43,74.7975],
[-83.5229,74.8423],
[-83.5592,74.8839],
[-83.5378,74.8996],
[-83.5114,74.9017],
[-83.4022,74.8753],
[-83.2489,74.8236],
[-83.1107,74.8276],
[-83.0888,74.821],
[-83.0294,74.7772],
[-83.1078,74.748],
[-83.13,74.7129],
[-83.126,74.6885],
[-83.0908,74.6406],
[-83.0564,74.6155],
[-82.9142,74.5491],
[-82.7836,74.5203],
[-82.5836,74.5111],
[-82.5111,74.5272],
[-82.0915,74.4785],
[-81.8108,74.4569],
[-81.7592,74.4611],
[-81.2786,74.5646],
[-81.2192,74.5714],
[-81.0596,74.5794],
[-80.9844,74.5683],
[-80.8442,74.5628],
[-80.5917,74.5644],
[-80.4617,74.5801],
[-80.2468,74.5766],
[-80.1539,74.6301],
[-80.1914,74.698],
[-80.1017,74.7892],
[-80.1032,74.8223],
[-80.1864,74.8433],
[-80.3388,74.8632],
[-80.4147,74.8946],
[-80.3285,74.9354],
[-80.2977,74.9291],
[-80.2781,74.8855],
[-80.2531,74.8708],
[-79.9306,74.8133],
[-79.8806,74.813],
[-79.58,74.8583],
[-79.3908,74.8725],
[-79.3705,74.8764],
[-79.3412,74.9002],
[-79.4344,74.9194],
[-79.5448,74.988],
[-79.5048,74.9964],
[-79.6139,75.02],
[-79.7861,75.0279],
[-79.9428,75.0069],
[-80.0268,74.9789],
[-80.2408,74.9466],
[-80.2698,74.9605],
[-80.1837,74.9846],
[-80.3275,74.9986],
[-80.434,75.034],
[-80.2961,75.0589],
[-80.1289,75.0681],
[-79.9615,75.0979],
[-79.9553,75.1204],
[-79.9368,75.1385],
[-79.8356,75.1603],
[-79.6294,75.175],
[-79.507,75.23],
[-79.4431,75.2802],
[-79.5792,75.2853],
[-79.6083,75.3077],
[-79.5335,75.32],
[-79.51,75.338],
[-79.4917,75.3786],
[-79.52,75.3911],
[-79.6139,75.4003],
[-79.6744,75.438],
[-79.5824,75.4514],
[-79.724,75.4712],
[-79.9292,75.4797],
[-80.3067,75.4561],
[-80.3562,75.4637],
[-79.953,75.5364],
[-80.0683,75.5789],
[-80.1992,75.6089],
[-80.4736,75.6503],
[-81.01,75.6333],
[-81.264,75.6506],
[-81.2801,75.6644],
[-81.2208,75.7047],
[-81.2125,75.7714],
[-81.4506,75.8008],
[-81.5369,75.8094],
[-81.8856,75.8111],
[-82.3272,75.8369],
[-82.6647,75.8114],
[-82.96,75.7561],
[-83.1236,75.7344],
[-83.2922,75.7378],
[-83.4264,75.7496],
[-83.4722,75.7792],
[-83.5153,75.7897],
[-83.6986,75.7903],
[-83.7467,75.8025],
[-83.7076,75.8139],
[-83.7315,75.8235],
[-83.8782,75.819],
[-83.9294,75.8108],
[-84.0706,75.7619],
[-84.2992,75.7028],
[-84.654,75.6866],
[-84.6542,75.6455],
[-84.5044,75.6332],
[-84.5247,75.628],
[-84.6225,75.628],
[-84.7972,75.6528],
[-85.0468,75.6569],
[-85.3292,75.5611],
[-85.9086,75.5439],
[-86.1051,75.5164],
[-86.1463,75.4988],
[-86.1172,75.4837],
[-85.9086,75.4603],
[-85.6775,75.4132],
[-86.0314,75.4225],
[-86.17,75.4186],
[-86.3672,75.378],
[-86.5447,75.3591],
[-86.6085,75.366],
[-86.5539,75.3814],
[-86.3985,75.4042],
[-86.3714,75.4241],
[-86.474,75.4547],
[-86.5757,75.4735],
[-86.8075,75.4792],
[-87.0553,75.5469],
[-87.0881,75.58],
[-87.2633,75.6211],
[-87.3871,75.6068],
[-87.4628,75.563],
[-87.4667,75.5211],
[-87.4357,75.5062],
[-87.4174,75.4825],
[-87.4401,75.4671],
[-87.5411,75.4453],
[-87.5978,75.4514],
[-87.53,75.4653],
[-87.4985,75.4805],
[-87.6549,75.5646],
[-87.7514,75.5767],
[-88.0681,75.5219],
[-88.1481,75.4889],
[-88.2289,75.4711],
[-88.2983,75.4905],
[-88.2024,75.5227],
[-88.2289,75.5394],
[-88.3994,75.5792],
[-88.6008,75.6594],
[-88.7308,75.6793],
[-88.755,75.6767],
[-88.8658,75.5861],
[-88.8014,75.5314],
[-88.7489,75.4729],
[-88.7743,75.4336],
[-88.8417,75.4364],
[-88.9214,75.4272],
[-88.9572,75.4308],
[-89.0997,75.4841],
[-89.1461,75.5283],
[-89.1771,75.5735],
[-89.2265,75.5858],
[-89.4367,75.5839],
[-89.5207,75.553],
[-89.5767,75.5478],
[-89.7039,75.5553],
[-89.5525,75.5696],
[-89.5969,75.5891],
[-89.731,75.5739],
[-89.7642,75.5765],
[-89.6492,75.6155],
[-89.5431,75.6105],
[-89.2614,75.6294],
[-89.1637,75.7505],
[-89.1675,75.776],
[-89.3851,75.8189],
[-89.4392,75.8453],
[-89.5875,75.8591],
[-89.6156,75.8554],
[-89.6899,75.802],
[-89.7389,75.7867],
[-89.7732,75.7897],
[-89.7767,75.8326],
[-89.7169,75.8686],
[-89.6918,75.8937],
[-89.825,75.943],
[-89.9092,75.965],
[-89.9271,76.0035],
[-90.0451,76.0082],
[-90.0664,76.0001],
[-90.1133,75.9483],
[-90.257,75.9669],
[-90.3417,75.9585],
[-90.5008,75.8965],
[-90.5285,75.9028],
[-90.5232,75.9321],
[-90.4398,75.9698],
[-90.4739,75.9794],
[-90.7857,75.9954],
[-90.897,75.9271],
[-91.0533,75.8811],
[-91.0856,75.8457],
[-91.1331,75.8449],
[-91.1364,75.9029],
[-91.1096,75.9162],
[-90.9681,75.9311],
[-90.9466,75.9552],
[-91.1514,76.0186],
[-91.0053,76.025],
[-90.9042,76.0155],
[-90.6359,76.0282],
[-90.3286,76.0314],
[-90.2244,76.0435],
[-90.1953,76.0573],
[-90.4086,76.0864],
[-90.5483,76.0914],
[-90.7097,76.0642],
[-90.8579,76.069],
[-90.7575,76.0764],
[-90.6724,76.1147],
[-91.1633,76.1597],
[-91.2719,76.1558],
[-91.3367,76.1786],
[-91.3328,76.2142],
[-91.5795,76.2517],
[-91.602,76.2621],
[-91.4236,76.2539],
[-91.2657,76.2287],
[-91.1122,76.1919],
[-90.7861,76.1714],
[-90.4467,76.163],
[-90.4356,76.1677],
[-90.4447,76.171],
[-90.3733,76.1814],
[-89.9761,76.1739],
[-89.832,76.1608],
[-89.5883,76.1658],
[-89.3497,76.1836],
[-89.1981,76.2312],
[-89.2049,76.2575],
[-89.299,76.2976],
[-90.0636,76.3616],
[-90.3683,76.4],
[-90.6422,76.4105],
[-90.9826,76.4469],
[-91.4094,76.4589],
[-91.5654,76.4998],
[-91.4411,76.5128],
[-91.3739,76.5111],
[-91.0906,76.478],
[-90.6383,76.4558],
[-90.5108,76.4639],
[-90.4722,76.4748],
[-90.5008,76.5282],
[-90.5731,76.5625],
[-90.8178,76.5936],
[-90.8776,76.6247],
[-90.9861,76.6492],
[-91.3853,76.6883],
[-91.5358,76.6889],
[-91.9386,76.6683],
[-92.1833,76.6147],
[-92.3778,76.5942],
[-92.5064,76.6175],
[-92.5644,76.6161],
[-92.6836,76.5925],
[-92.8803,76.6208],
[-93.0464,76.6161],
[-93.1008,76.5923],
[-93.1236,76.573],
[-93.3637,76.4685],
[-93.5331,76.443],
[-93.5707,76.4194],
[-93.5292,76.4067],
[-93.4671,76.4052],
[-93.5039,76.3878],
[-93.5483,76.3861],
[-93.6491,76.4405],
[-93.63,76.4519],
[-93.3035,76.5494],
[-93.1804,76.6679],
[-93.1697,76.6869],
[-93.1993,76.7461],
[-93.3014,76.7686],
[-93.6464,76.9055],
[-93.7471,76.9217],
[-93.9647,76.9325],
[-93.9939,76.9262],
[-94.055,76.8947],
[-94.2072,76.888],
[-94.4019,76.9183],
[-94.5182,76.9678],
[-94.6361,76.9769],
[-94.8139,76.9714],
[-95,76.9905],
[-95.1751,76.9953],
[-95.4178,77.0569],
[-95.5856,77.0533],
[-95.7436,77.0686],
[-96.3858,77.0291],
[-96.3539,76.993],
[-96.4836,76.9711],
[-96.742,76.9822],
[-96.7687,76.9731],
[-96.6621,76.9495],
[-96.7033,76.9337],
[-96.8336,76.9328],
[-96.8651,76.9157],
[-96.8574,76.8928],
[-96.8056,76.8647],
[-96.5472,76.8228],
[-96.3181,76.8046],
[-96.3087,76.7526],
[-96.4261,76.7447],
[-96.5925,76.7589],
[-96.6797,76.7703],
[-96.8474,76.8116],
[-96.8806,76.8082],
[-96.9003,76.7953],
[-96.9542,76.7274]
]
],
[
[
[-96.8021,80.0889],
[-96.7375,80.058],
[-96.6761,80.0419],
[-96.6278,80.0394],
[-96.5122,80.055],
[-96.3965,80.0455],
[-96.6281,80.0244],
[-96.6728,80.0128],
[-96.6012,79.9596],
[-96.5806,79.9528],
[-96.4928,79.9433],
[-96.2625,79.9369],
[-96.1381,79.9064],
[-96.1947,79.9014],
[-96.4228,79.9161],
[-96.5736,79.9003],
[-96.6114,79.882],
[-96.5825,79.8512],
[-96.3356,79.8155],
[-96.0322,79.7069],
[-95.9547,79.6719],
[-95.8533,79.6461],
[-95.3556,79.6383],
[-94.8144,79.6703],
[-94.6051,79.7111],
[-94.586,79.7321],
[-94.3842,79.778],
[-94.3268,79.7797],
[-94.2877,79.7617],
[-94.3295,79.6883],
[-94.6994,79.6122],
[-95.1703,79.5753],
[-95.6361,79.5575],
[-95.7364,79.5375],
[-95.779,79.4194],
[-95.7625,79.4071],
[-95.6556,79.3917],
[-95.2958,79.3794],
[-95.2897,79.3448],
[-95.3122,79.3298],
[-95.1617,79.2811],
[-95.0876,79.2708],
[-95.0186,79.2669],
[-94.9765,79.2741],
[-94.9525,79.29],
[-94.765,79.3116],
[-94.67,79.3314],
[-94.5067,79.3372],
[-94.394,79.3721],
[-94.4328,79.3855],
[-94.4915,79.3778],
[-94.5019,79.4189],
[-94.3764,79.4205],
[-94.0564,79.3797],
[-94.0886,79.3536],
[-94.1554,79.3279],
[-94.2096,79.2746],
[-94.0472,79.2575],
[-93.87,79.2639],
[-93.7575,79.2836],
[-93.4853,79.3542],
[-93.3463,79.4443],
[-93.32,79.4483],
[-93.2846,79.4473],
[-93.2372,79.4332],
[-93.2436,79.4101],
[-93.3125,79.3728],
[-93.2642,79.3536],
[-93.125,79.3597],
[-93.0126,79.3923],
[-93.125,79.4508],
[-93.1404,79.4724],
[-93.0989,79.4822],
[-93.0539,79.4783],
[-92.9733,79.4236],
[-92.8761,79.4078],
[-92.8031,79.413],
[-92.6053,79.4505],
[-92.4197,79.4572],
[-92.2833,79.4491],
[-92.2386,79.4364],
[-92.3136,79.4186],
[-92.4713,79.4057],
[-92.5696,79.3749],
[-92.51,79.3642],
[-92.3519,79.3628],
[-92.1811,79.3458],
[-91.8647,79.3394],
[-91.7022,79.3614],
[-91.1911,79.3933],
[-91.1246,79.3886],
[-91.1583,79.3561],
[-91.4675,79.3336],
[-91.7275,79.3261],
[-91.9325,79.2972],
[-92.3947,79.3086],
[-92.5719,79.3042],
[-92.6255,79.2953],
[-92.6853,79.2555],
[-92.2389,79.2056],
[-92.0536,79.2053],
[-91.14,79.2444],
[-90.7322,79.2383],
[-90.4728,79.2508],
[-90.3705,79.2456],
[-90.3908,79.2364],
[-90.5642,79.2155],
[-91.0092,79.203],
[-92.2431,79.1469],
[-92.4075,79.1461],
[-92.507,79.1583],
[-92.7469,79.1642],
[-92.8697,79.1397],
[-93.0031,79.1544],
[-93.295,79.1669],
[-93.3661,79.1614],
[-93.455,79.1313],
[-93.4728,79.1089],
[-93.6019,79.0683],
[-93.7842,79.038],
[-93.9103,79.0419],
[-94.2414,78.9966],
[-94.2881,78.9837],
[-94.276,78.9655],
[-94.2531,78.9569],
[-93.9394,78.8716],
[-93.8974,78.8403],
[-93.8747,78.8336],
[-93.5897,78.8347],
[-93.4164,78.825],
[-93.1189,78.7725],
[-93.0434,78.7498],
[-93.0997,78.7372],
[-93.1906,78.7364],
[-93.5897,78.7836],
[-93.6842,78.7825],
[-93.8082,78.768],
[-93.4342,78.6336],
[-93.2778,78.5858],
[-92.9917,78.5997],
[-92.9072,78.623],
[-92.8061,78.6336],
[-92.5951,78.5974],
[-91.6639,78.5648],
[-91.6378,78.5448],
[-91.6535,78.5285],
[-91.6825,78.5261],
[-91.9186,78.5344],
[-92.0111,78.5267],
[-92.2472,78.5278],
[-92.5301,78.5175],
[-92.4916,78.5084],
[-92.6006,78.488],
[-92.8563,78.5054],
[-92.9728,78.486],
[-92.981,78.456],
[-92.9494,78.4319],
[-92.5469,78.3126],
[-92.3083,78.2786],
[-92.0583,78.2089],
[-91.9946,78.2122],
[-91.9203,78.2372],
[-91.8575,78.2397],
[-91.6619,78.1997],
[-91.4897,78.1769],
[-91.2384,78.1666],
[-90.9672,78.1428],
[-90.4339,78.1364],
[-90.3303,78.1461],
[-90.2975,78.1576],
[-90.2708,78.1846],
[-90.3633,78.2569],
[-90.4103,78.2767],
[-90.5983,78.2875],
[-90.7156,78.3091],
[-90.7399,78.321],
[-90.6678,78.3275],
[-90.4789,78.3211],
[-90.2425,78.3361],
[-90.1793,78.3322],
[-90.0233,78.298],
[-89.9803,78.2778],
[-89.9572,78.2413],
[-89.9201,78.221],
[-89.8478,78.213],
[-89.7008,78.2191],
[-89.6583,78.2103],
[-89.6253,78.1658],
[-89.5562,78.1492],
[-89.5078,78.15],
[-89.4617,78.1684],
[-89.6108,78.2968],
[-89.748,78.3803],
[-89.8097,78.4047],
[-89.985,78.4361],
[-90.1003,78.5525],
[-90.0904,78.5929],
[-90.0514,78.6058],
[-89.9806,78.6097],
[-89.9514,78.6023],
[-89.8117,78.4975],
[-89.3633,78.3428],
[-89.2275,78.2453],
[-89.1158,78.2008],
[-89.0028,78.1694],
[-88.8478,78.1514],
[-88.8178,78.1544],
[-88.7514,78.1969],
[-88.6679,78.3187],
[-88.5658,78.3766],
[-88.5422,78.3976],
[-88.5397,78.4196],
[-88.5574,78.4411],
[-88.7461,78.5358],
[-88.7964,78.6112],
[-88.7231,78.6158],
[-88.5671,78.6057],
[-88.2417,78.4551],
[-88.2053,78.4525],
[-88.0119,78.4814],
[-87.9847,78.4922],
[-87.9083,78.5486],
[-87.8939,78.5723],
[-87.9017,78.5908],
[-88.0175,78.6547],
[-88.1322,78.6808],
[-88.2237,78.7879],
[-88.2119,78.9629],
[-88.1625,78.9905],
[-88.0939,79.0044],
[-87.9294,79.0069],
[-87.892,79.0253],
[-87.8728,79.0453],
[-87.8064,79.07],
[-87.7495,79.0858],
[-87.7291,79.074],
[-87.7944,79.0069],
[-87.8136,78.9969],
[-87.9801,78.9603],
[-88.0024,78.8157],
[-87.9939,78.7953],
[-87.9511,78.7483],
[-87.8728,78.695],
[-87.6844,78.645],
[-87.6158,78.6453],
[-87.5379,78.6673],
[-87.53,78.6869],
[-87.3281,78.7947],
[-87.0525,78.8628],
[-86.9708,78.8961],
[-86.946,78.9189],
[-86.9802,78.9448],
[-87.0035,78.9843],
[-86.9867,79.0522],
[-86.9572,79.0573],
[-86.931,79.0432],
[-86.9099,79.013],
[-86.785,78.9572],
[-86.7022,78.9553],
[-86.5878,78.9836],
[-86.5551,79.0383],
[-86.4855,79.0633],
[-86.4225,79.0755],
[-86.2714,79.0955],
[-85.78,79.1311],
[-85.2889,79.1897],
[-85.2114,79.2233],
[-84.9311,79.2583],
[-84.9056,79.271],
[-84.9264,79.2968],
[-85.0397,79.3508],
[-85.2781,79.4155],
[-85.485,79.5186],
[-85.5311,79.5594],
[-85.6315,79.6017],
[-85.6819,79.6133],
[-85.7814,79.6155],
[-85.8409,79.6005],
[-85.8942,79.5503],
[-85.8917,79.5084],
[-85.97,79.4518],
[-86.0708,79.4341],
[-86.1285,79.4423],
[-86.164,79.4607],
[-86.0281,79.4747],
[-86.0442,79.5672],
[-86.1092,79.5953],
[-86.2794,79.6403],
[-86.3342,79.6455],
[-86.6131,79.6558],
[-86.7696,79.6296],
[-86.8043,79.6143],
[-86.7172,79.5908],
[-86.6942,79.5705],
[-86.7836,79.5405],
[-86.8167,79.5397],
[-86.8369,79.5538],
[-86.8217,79.5819],
[-86.8414,79.593],
[-86.9667,79.6017],
[-87.165,79.569],
[-87.186,79.5476],
[-87.2556,79.5142],
[-87.31,79.5022],
[-87.3664,79.5064],
[-87.4625,79.5347],
[-87.4449,79.5711],
[-87.4256,79.5792],
[-87.2586,79.6103],
[-87.1392,79.6415],
[-87.0556,79.7319],
[-86.9634,79.9053],
[-86.9944,79.9178],
[-87.0247,79.9161],
[-87.1908,79.8661],
[-87.3386,79.8408],
[-87.4636,79.8314],
[-87.4825,79.844],
[-87.4467,79.8561],
[-87.3144,79.8661],
[-87.0936,79.9294],
[-87.0433,79.965],
[-87.2243,80.054],
[-87.2671,80.0654],
[-87.6806,80.0764],
[-87.7631,80.0711],
[-87.86,80.0536],
[-87.8914,80.0555],
[-87.9474,80.0671],
[-88.056,80.1225],
[-87.9392,80.1439],
[-87.6781,80.1564],
[-87.5647,80.1806],
[-87.5639,80.2333],
[-87.6075,80.3242],
[-87.6751,80.4071],
[-88.3839,80.4436],
[-88.4878,80.4339],
[-88.6153,80.4039],
[-88.6489,80.3936],
[-88.6836,80.3664],
[-88.6614,80.2725],
[-88.6242,80.2462],
[-88.48,80.2136],
[-88.2942,80.2014],
[-88.2672,80.1918],
[-88.1544,80.0938],
[-88.3631,80.1244],
[-88.4419,80.1005],
[-88.5347,80.0989],
[-88.75,80.1266],
[-89.0922,80.2008],
[-89.1805,80.2382],
[-89.2585,80.2892],
[-89.2419,80.3042],
[-89.1096,80.3364],
[-89.0796,80.3957],
[-89.1361,80.4025],
[-89.2169,80.3897],
[-89.2423,80.4016],
[-89.1761,80.4267],
[-89.0875,80.4386],
[-89.0592,80.4614],
[-89.245,80.5172],
[-89.3542,80.535],
[-89.5461,80.5475],
[-89.7483,80.5328],
[-89.7842,80.5008],
[-89.7511,80.4644],
[-89.8164,80.475],
[-89.995,80.5335],
[-90.0464,80.5417],
[-90.7414,80.5622],
[-90.7685,80.5746],
[-90.7425,80.5947],
[-90.6025,80.6447],
[-90.6586,80.6814],
[-90.7542,80.715],
[-90.9728,80.7303],
[-91.1217,80.7547],
[-91.3136,80.8791],
[-91.4817,80.9194],
[-91.5225,80.9362],
[-91.5322,80.9783],
[-91.7222,81.0422],
[-91.8658,81.0586],
[-91.9076,81.0721],
[-91.8881,81.0819],
[-91.7862,81.0864],
[-91.858,81.1678],
[-92.0525,81.2186],
[-92.2131,81.2455],
[-93.0156,81.3414],
[-93.5175,81.385],
[-93.5591,81.3733],
[-93.5333,81.3486],
[-93.4874,81.3226],
[-93.5153,81.3105],
[-93.5533,81.3055],
[-93.6658,81.3328],
[-93.7894,81.348],
[-94.0353,81.3633],
[-94.1539,81.3597],
[-94.2736,81.344],
[-94.3782,81.2787],
[-94.3857,81.2544],
[-94.2006,81.2211],
[-93.9289,81.2039],
[-93.4194,81.22],
[-93.2597,81.2122],
[-93.1211,81.1828],
[-93.0947,81.1584],
[-93.1233,81.1153],
[-93.1576,81.0933],
[-93.3,81.0797],
[-93.8664,81.103],
[-93.9897,81.0925],
[-94.1303,81.0928],
[-94.2553,81.1155],
[-94.313,81.1155],
[-94.3547,81.1028],
[-94.3286,81.0894],
[-94.1825,81.0681],
[-93.9072,81.04],
[-94.1436,81.0158],
[-94.4086,80.9655],
[-94.4728,80.9691],
[-94.4995,80.9888],
[-94.4939,81.0175],
[-94.5728,81.0389],
[-94.6631,81.0486],
[-94.8142,81.0542],
[-94.9433,81.0489],
[-95.1831,81.0197],
[-95.2481,81.0014],
[-95.2836,80.95],
[-95.4228,80.9208],
[-95.472,80.8961],
[-95.4133,80.8853],
[-95.1488,80.8825],
[-95.2128,80.8683],
[-95.5008,80.8383],
[-95.5272,80.8193],
[-95.4756,80.803],
[-95.2825,80.7861],
[-95.0253,80.8017],
[-95.036,80.7735],
[-94.8956,80.7478],
[-94.7228,80.7286],
[-94.5494,80.725],
[-94.423,80.735],
[-94.3044,80.7339],
[-94.1083,80.7189],
[-94.0818,80.7075],
[-94.1997,80.693],
[-94.5536,80.695],
[-94.6283,80.6858],
[-94.6644,80.6636],
[-94.5526,80.6028],
[-94.5242,80.5983],
[-94.3083,80.6064],
[-94.005,80.5853],
[-93.8947,80.5658],
[-93.7867,80.5288],
[-93.8394,80.5186],
[-93.8992,80.5191],
[-94.0106,80.5494],
[-94.7624,80.5607],
[-94.995,80.603],
[-95.2467,80.59],
[-95.98,80.5847],
[-96.0198,80.5757],
[-95.9572,80.505],
[-95.8522,80.4542],
[-95.6539,80.3967],
[-95.4583,80.3768],
[-95.4389,80.3397],
[-95.5139,80.3408],
[-95.6975,80.37],
[-96.0478,80.39],
[-96.2406,80.373],
[-96.2758,80.3623],
[-96.2256,80.3377],
[-96.2547,80.3355],
[-96.3639,80.3422],
[-96.4406,80.3566],
[-96.5985,80.3625],
[-96.6715,80.3446],
[-96.6458,80.3331],
[-96.4644,80.313],
[-96.435,80.2697],
[-95.9281,80.1943],
[-95.6458,80.2397],
[-95.5868,80.2369],
[-95.5576,80.2222],
[-95.4969,80.2194],
[-95.3983,80.2236],
[-95.2826,80.2425],
[-95.2384,80.2368],
[-95.2614,80.2201],
[-95.3278,80.2086],
[-95.5808,80.1997],
[-95.6865,80.1799],
[-95.6589,80.1686],
[-95.3678,80.1183],
[-95.2636,80.1183],
[-95.0333,80.135],
[-94.7483,80.1694],
[-94.6461,80.1972],
[-94.485,80.21],
[-94.3542,80.1908],
[-94.12,80.183],
[-94.0909,80.1749],
[-94.4806,80.1591],
[-94.7289,80.1055],
[-94.7489,80.08],
[-94.6211,80.043],
[-94.4517,80.0097],
[-94.3857,79.9851],
[-94.4169,79.9789],
[-94.5695,79.9972],
[-94.8875,80.0458],
[-94.9889,80.043],
[-95.0636,80.03],
[-95.8478,80.0533],
[-96.0778,80.078],
[-96.41,80.1389],
[-96.7111,80.145],
[-96.7417,80.1372],
[-96.8021,80.0889]
]
],
[
[
[-96.7289,69.5809],
[-96.6542,69.525],
[-96.5489,69.475],
[-96.4011,69.453],
[-96.305,69.3875],
[-96.2412,69.3614],
[-96.1449,69.3486],
[-96.0974,69.4629],
[-96.1002,69.4895],
[-96.136,69.5501],
[-96.1697,69.5669],
[-96.2181,69.5464],
[-96.3164,69.5264],
[-96.3736,69.5608],
[-96.6631,69.5697],
[-96.6843,69.5801],
[-96.7289,69.5809]
]
],
[
[
[-96.7139,75.7366],
[-96.6967,75.7308],
[-96.5792,75.7369],
[-96.5467,75.741],
[-96.4583,75.7953],
[-96.4619,75.8201],
[-96.4844,75.8272],
[-96.5332,75.8243],
[-96.6639,75.788],
[-96.7139,75.7366]
]
],
[
[
[-96.6672,77.8448],
[-96.5428,77.8419],
[-96.5156,77.8455],
[-96.4917,77.8703],
[-96.6672,77.8448]
]
],
[
[
[-96.6508,71.2901],
[-96.635,71.2259],
[-96.5696,71.2094],
[-96.4842,71.2062],
[-96.4714,71.2291],
[-96.5413,71.286],
[-96.5811,71.2936],
[-96.6508,71.2901]
]
],
[
[
[-96.6156,74.988],
[-96.5597,74.9861],
[-96.4767,75.0044],
[-96.3267,75.0031],
[-96.3271,74.9772],
[-96.3861,74.9739],
[-96.3999,74.9228],
[-96.3372,74.9036],
[-96.2683,74.9039],
[-96.2102,74.9207],
[-96.2029,74.951],
[-96.1449,75.0157],
[-96.0786,75.024],
[-96.0608,75.0119],
[-96.1347,74.9618],
[-96.0772,74.9028],
[-95.8642,74.8261],
[-95.7408,74.8239],
[-95.7056,74.83],
[-95.6258,74.8075],
[-95.5472,74.7611],
[-95.4689,74.7633],
[-95.481,74.7847],
[-95.4575,74.7983],
[-95.4033,74.8039],
[-95.2908,74.7991],
[-95.1044,74.7441],
[-95.0789,74.6919],
[-95.0247,74.673],
[-94.6433,74.6236],
[-94.5119,74.6233],
[-94.25,74.6464],
[-93.7172,74.6369],
[-93.5306,74.6678],
[-93.4904,74.6848],
[-93.4616,74.7104],
[-93.4064,74.8836],
[-93.4342,74.9664],
[-93.4889,75.0725],
[-93.5292,75.1764],
[-93.4948,75.2583],
[-93.7425,75.3644],
[-94.0103,75.4422],
[-94.2439,75.5497],
[-94.3639,75.5908],
[-94.4656,75.6083],
[-94.9097,75.6374],
[-95.0539,75.6203],
[-95.1042,75.6003],
[-95.1786,75.5844],
[-95.2344,75.5847],
[-95.2697,75.5966],
[-95.47,75.5669],
[-95.756,75.5107],
[-95.8325,75.468],
[-95.8292,75.4442],
[-95.7911,75.4298],
[-95.725,75.4276],
[-95.6847,75.4154],
[-95.7696,75.4003],
[-95.9663,75.4362],
[-96.0625,75.425],
[-96.1619,75.3955],
[-96.1771,75.3819],
[-96.1261,75.3769],
[-96.0553,75.4008],
[-96.0333,75.4011],
[-95.9278,75.398],
[-95.8346,75.373],
[-95.8889,75.3547],
[-96.0036,75.343],
[-96.0619,75.3153],
[-96.05,75.2969],
[-95.9344,75.2972],
[-95.9147,75.2894],
[-96.0778,75.2725],
[-96.3786,75.2167],
[-96.4597,75.1951],
[-96.5714,75.1011],
[-96.6047,75.0633],
[-96.6156,74.988]
]
],
[
[
[-96.3236,77.6019],
[-96.0614,77.4917],
[-95.8642,77.4622],
[-95.4775,77.4739],
[-95.2045,77.4608],
[-94.8011,77.4803],
[-94.4689,77.4769],
[-94.345,77.4725],
[-94.2517,77.4553],
[-93.9339,77.4336],
[-93.5706,77.4378],
[-93.4778,77.4703],
[-93.4762,77.49],
[-93.5025,77.5031],
[-93.4864,77.5455],
[-93.3794,77.6308],
[-93.3031,77.6436],
[-93.1964,77.6372],
[-93.1043,77.6614],
[-93.2378,77.7332],
[-93.6294,77.7761],
[-93.7867,77.7611],
[-93.8178,77.7508],
[-93.8233,77.7422],
[-93.9336,77.7325],
[-94.0303,77.7605],
[-94.09,77.7658],
[-94.2525,77.7722],
[-94.4775,77.7647],
[-94.5728,77.7805],
[-94.7522,77.7886],
[-95.0108,77.7778],
[-95.0594,77.7567],
[-95.1186,77.7497],
[-95.3897,77.7394],
[-95.4075,77.7492],
[-95.4057,77.7818],
[-95.4212,77.7995],
[-95.4653,77.808],
[-95.5289,77.8011],
[-95.6306,77.7711],
[-95.9262,77.7543],
[-96.2483,77.6923],
[-96.3236,77.6019]
]
],
[
[
[-96.143,80.666],
[-95.8633,80.6458],
[-95.6769,80.6533],
[-95.2261,80.6091],
[-94.9757,80.6349],
[-95.0383,80.6736],
[-95.0967,80.6886],
[-95.2006,80.6975],
[-95.4914,80.7],
[-96.0283,80.6872],
[-96.143,80.666]
]
],
[
[
[-96.0104,69.4805],
[-95.9849,69.3514],
[-95.8994,69.3408],
[-95.8672,69.3454],
[-95.7972,69.4817],
[-95.8228,69.5144],
[-95.8296,69.5569],
[-95.8158,69.5628],
[-95.7081,69.5489],
[-95.6692,69.5075],
[-95.6483,69.4033],
[-95.7233,69.3793],
[-95.7403,69.3308],
[-95.7228,69.3208],
[-95.6272,69.3185],
[-95.5215,69.3292],
[-95.4025,69.3833],
[-95.3626,69.5051],
[-95.3755,69.5178],
[-95.4889,69.5655],
[-95.6189,69.6153],
[-95.7817,69.6335],
[-95.9146,69.5973],
[-96.0104,69.4805]
]
],
[
[
[-95.8617,74.576],
[-95.8094,74.5544],
[-95.6617,74.5236],
[-95.4806,74.5],
[-95.3111,74.4978],
[-95.2651,74.5081],
[-95.2484,74.5249],
[-95.2603,74.5405],
[-95.3344,74.5808],
[-95.5175,74.6303],
[-95.6539,74.6422],
[-95.8617,74.576]
]
],
[
[
[-95.7003,73.5539],
[-95.6828,73.4472],
[-95.6536,73.4125],
[-95.6136,73.3428],
[-95.6488,73.328],
[-95.6005,73.2839],
[-95.575,73.165],
[-95.5825,73.1278],
[-95.6833,73.0758],
[-95.6556,73.02],
[-95.6458,72.9128],
[-95.6539,72.8769],
[-95.6736,72.8468],
[-95.6703,72.8104],
[-95.5964,72.6989],
[-95.5339,72.6817],
[-95.4671,72.6843],
[-95.36,72.6405],
[-95.3146,72.6037],
[-95.3421,72.5901],
[-95.3187,72.5429],
[-95.2003,72.5244],
[-95.1333,72.4603],
[-95.1711,72.2833],
[-95.2117,72.2052],
[-95.2092,72.184],
[-95.165,72.1375],
[-94.9614,72.1553],
[-94.7565,72.1542],
[-94.9817,72.1394],
[-95.2036,72.1011],
[-95.2106,71.9917],
[-95.1582,71.9648],
[-94.7439,72.0114],
[-94.4497,72.0233],
[-94.3629,72.0187],
[-94.0726,71.9772],
[-94.0297,71.9994],
[-94.0608,72.0353],
[-94.1921,72.0386],
[-94.1796,72.0568],
[-94.0863,72.0643],
[-94.0534,72.0875],
[-94.0385,72.1399],
[-94.0142,72.1639],
[-93.8236,72.3046],
[-93.7579,72.3285],
[-93.6367,72.3396],
[-93.4656,72.4539],
[-93.4989,72.5219],
[-93.5686,72.5708],
[-93.6805,72.6205],
[-93.7636,72.624],
[-93.8201,72.6476],
[-93.7983,72.7022],
[-93.8394,72.7172],
[-93.8867,72.7047],
[-93.9932,72.704],
[-94.2364,72.735],
[-94.3142,72.717],
[-94.3336,72.735],
[-94.3247,72.7569],
[-94.3068,72.7667],
[-94.2544,72.774],
[-94.0992,72.7642],
[-93.7644,72.7814],
[-93.58,72.778],
[-93.392,72.7941],
[-93.3378,72.8078],
[-93.2489,72.7897],
[-92.8983,72.7503],
[-92.3933,72.7072],
[-92.2747,72.7075],
[-92.0958,72.743],
[-91.8497,72.8461],
[-91.814,72.8741],
[-91.804,72.8946],
[-91.7708,72.913],
[-91.6445,73.0142],
[-91.2386,73.28],
[-91.176,73.3485],
[-91.0892,73.3842],
[-90.8497,73.5403],
[-90.7247,73.5831],
[-90.5814,73.6578],
[-90.36,73.8008],
[-90.2361,73.8571],
[-90.1976,73.898],
[-90.225,73.9086],
[-90.3335,73.9239],
[-90.3514,73.9139],
[-90.4067,73.9147],
[-90.7355,73.9683],
[-91.056,74.0051],
[-91.5708,74.0258],
[-91.9256,74.0128],
[-92.1074,73.983],
[-92.1194,73.9547],
[-92.317,73.9455],
[-92.2732,73.9875],
[-92.3042,74.018],
[-92.3628,74.0396],
[-92.6381,74.103],
[-92.9794,74.1458],
[-93.3275,74.17],
[-93.515,74.173],
[-93.6906,74.1622],
[-93.7308,74.1542],
[-93.7592,74.1355],
[-93.7583,74.0969],
[-93.9081,74.1347],
[-93.9519,74.1389],
[-94.3992,74.1204],
[-94.4603,74.0944],
[-94.7472,74.0905],
[-94.7968,74.0704],
[-94.907,74.0475],
[-95.1835,74.0089],
[-95.2453,74.0103],
[-95.2983,73.9808],
[-95.324,73.9512],
[-95.3288,73.9146],
[-95.3108,73.886],
[-95.1451,73.8236],
[-95.0767,73.8525],
[-95.0147,73.854],
[-94.9756,73.8393],
[-95.0708,73.8228],
[-95.112,73.8053],
[-95.0824,73.7783],
[-94.8747,73.6897],
[-94.6764,73.6767],
[-94.6186,73.6529],
[-94.8204,73.6432],
[-94.9567,73.6591],
[-95.1069,73.6919],
[-95.2369,73.7522],
[-95.2997,73.7711],
[-95.4508,73.7711],
[-95.6524,73.734],
[-95.6775,73.7176],
[-95.6761,73.6651],
[-95.6561,73.6319],
[-95.6126,73.611],
[-95.6684,73.5818],
[-95.7003,73.5539]
]
],
[
[
[-95.6344,77.237],
[-95.6131,77.2219],
[-95.3628,77.1719],
[-95.2244,77.1672],
[-95.2087,77.1821],
[-95.2164,77.2017],
[-95.3136,77.2292],
[-95.438,77.2444],
[-95.6344,77.237]
]
],
[
[
[-95.5461,67.2352],
[-95.5275,67.223],
[-95.4079,67.1985],
[-95.3676,67.1971],
[-95.3397,67.2099],
[-95.3143,67.249],
[-95.3844,67.2629],
[-95.5461,67.2352]
]
],
[
[
[-95.4869,71.7422],
[-95.4358,71.73],
[-95.3176,71.735],
[-95.2617,71.8312],
[-95.3017,71.8441],
[-95.4453,71.8215],
[-95.4869,71.7422]
]
],
[
[
[-95.1442,76.1139],
[-95.0864,76.0681],
[-95.0557,76.0535],
[-95.0067,76.0475],
[-94.8974,76.0559],
[-94.8311,76.0966],
[-94.8436,76.1222],
[-94.8544,76.1367],
[-95.0131,76.1058],
[-95.0605,76.1058],
[-95.1211,76.1186],
[-95.1442,76.1139]
]
],
[
[
[-94.9015,75.9176],
[-94.8222,75.7941],
[-94.7775,75.7686],
[-94.6761,75.7478],
[-94.4056,75.7508],
[-94.3183,75.7593],
[-94.291,75.775],
[-94.3056,75.803],
[-94.4203,75.8686],
[-94.4515,75.9586],
[-94.4744,75.9715],
[-94.5383,75.9861],
[-94.6997,75.9556],
[-94.8728,75.9465],
[-94.9003,75.938],
[-94.9015,75.9176]
]
],
[
[
[-94.6871,78.2679],
[-94.6771,78.244],
[-94.5131,78.1751],
[-94.3724,78.1585],
[-94.3106,78.1882],
[-94.3529,78.2182],
[-94.515,78.278],
[-94.6022,78.2872],
[-94.6608,78.2792],
[-94.6871,78.2679]
]
],
[
[
[-93.2195,61.9153],
[-93.2192,61.8828],
[-93.1314,61.8705],
[-93.0808,61.8278],
[-93.0519,61.8294],
[-92.9985,61.8492],
[-92.965,61.8827],
[-93.0674,61.9303],
[-93.2195,61.9153]
]
],
[
[
[-92.3722,62.3894],
[-92.3447,62.3557],
[-92.2236,62.3556],
[-92.1603,62.3964],
[-92.3139,62.4149],
[-92.3511,62.4126],
[-92.3722,62.3894]
]
],
[
[
[-91.9566,81.5922],
[-91.8636,81.5553],
[-91.8014,81.5486],
[-91.6736,81.5528],
[-91.62,81.5625],
[-91.5891,81.5771],
[-91.7247,81.5961],
[-91.9039,81.6083],
[-91.9325,81.6058],
[-91.9566,81.5922]
]
],
[
[
[-91.953,81.6604],
[-91.9436,81.6283],
[-91.9003,81.6169],
[-91.6542,81.6058],
[-91.4442,81.5836],
[-91.4088,81.5448],
[-91.4575,81.5273],
[-91.4014,81.5264],
[-91.2369,81.5433],
[-91.0717,81.5372],
[-90.9886,81.5578],
[-91.0015,81.5923],
[-90.9911,81.6161],
[-90.8039,81.6361],
[-90.7189,81.6667],
[-90.6789,81.6689],
[-90.3547,81.6514],
[-90.3372,81.6625],
[-90.3556,81.685],
[-90.3303,81.6961],
[-90.297,81.6986],
[-90.2047,81.6864],
[-90.1116,81.6567],
[-90.0695,81.6336],
[-89.9622,81.6255],
[-89.7989,81.63],
[-89.5924,81.6219],
[-89.6325,81.6047],
[-89.8747,81.5992],
[-90.1306,81.5644],
[-90.3122,81.5314],
[-90.8008,81.465],
[-90.8472,81.4416],
[-90.78,81.4255],
[-90.4817,81.396],
[-90.5446,81.381],
[-90.4431,81.3667],
[-88.998,81.5405],
[-88.85,81.5505],
[-88.6422,81.5517],
[-88.3522,81.5797],
[-87.915,81.5528],
[-87.7217,81.5322],
[-87.3156,81.5133],
[-87.2481,81.4889],
[-87.2767,81.4858],
[-87.4903,81.5089],
[-87.8014,81.5155],
[-87.9842,81.5358],
[-88.5453,81.5253],
[-88.847,81.4997],
[-89.0592,81.4556],
[-89.6272,81.3566],
[-89.8822,81.3403],
[-89.9484,81.3278],
[-89.8681,81.3061],
[-89.6878,81.29],
[-89.3353,81.2428],
[-89.1622,81.2558],
[-88.9794,81.2583],
[-88.946,81.2471],
[-89.0883,81.2425],
[-89.3572,81.2144],
[-89.535,81.2061],
[-89.635,81.2122],
[-89.7461,81.2366],
[-90.0111,81.2419],
[-90.2772,81.1972],
[-90.3519,81.1675],
[-90.3381,81.1517],
[-90.2039,81.0724],
[-90.1492,81.055],
[-89.8208,81.0108],
[-89.6292,81.0092],
[-89.3417,81.0203],
[-88.9647,81.0494],
[-88.6583,81.0514],
[-88.34,81.0697],
[-87.6789,81.0586],
[-87.2972,81.0769],
[-86.438,81.1261],
[-86.3383,81.1386],
[-86.1542,81.1933],
[-86.0775,81.2075],
[-85.7683,81.2447],
[-85.2792,81.29],
[-84.9367,81.3078],
[-84.7373,81.2843],
[-84.8025,81.2617],
[-85.2219,81.2264],
[-85.4253,81.2017],
[-86.0611,81.0828],
[-86.6719,81.0053],
[-86.9831,81.0039],
[-87.1594,80.9869],
[-87.4464,80.9769],
[-88.0114,81.0033],
[-88.5903,80.9964],
[-89.2353,80.9483],
[-89.3808,80.933],
[-89.4544,80.91],
[-89.3903,80.8729],
[-89.2906,80.8494],
[-88.7061,80.7728],
[-88.4067,80.7169],
[-88.2222,80.6911],
[-87.9547,80.6716],
[-87.5947,80.6286],
[-87.315,80.6294],
[-87.215,80.6383],
[-87.1214,80.6775],
[-87.0619,80.7275],
[-86.3519,80.9305],
[-85.9886,81.0067],
[-85.6817,81.0494],
[-85.4828,81.0586],
[-85.25,81.0553],
[-84.7975,81.0783],
[-83.7575,81.1133],
[-82.9628,81.1583],
[-82.8281,81.1733],
[-82.5231,81.1664],
[-82.4208,81.1794],
[-82.3683,81.1771],
[-82.4667,81.1483],
[-82.6442,81.1517],
[-82.785,81.1255],
[-83.1233,81.123],
[-83.3114,81.1033],
[-83.8236,81.0736],
[-84.12,81.0675],
[-84.405,81.0439],
[-85.0031,81.0283],
[-85.6058,80.9758],
[-85.7742,80.9489],
[-86.1744,80.8144],
[-86.5062,80.7323],
[-86.6803,80.655],
[-86.739,80.6033],
[-86.7181,80.593],
[-86.64,80.5831],
[-86.0808,80.5283],
[-85.9828,80.5375],
[-85.8897,80.573],
[-85.7447,80.6064],
[-85.5945,80.6203],
[-85.5683,80.6173],
[-85.6975,80.5918],
[-85.865,80.5385],
[-85.067,80.5053],
[-84.7636,80.5258],
[-84.3133,80.5136],
[-83.8406,80.5455],
[-83.7869,80.5655],
[-83.7358,80.613],
[-83.7244,80.6414],
[-83.7572,80.6697],
[-83.8171,80.7021],
[-83.8615,80.7583],
[-83.8275,80.7614],
[-83.7047,80.7472],
[-83.6553,80.7548],
[-83.6105,80.7717],
[-83.3814,80.8039],
[-83.3269,80.8289],
[-83.257,80.8386],
[-83.1581,80.8336],
[-83.1297,80.8224],
[-83.3914,80.758],
[-83.566,80.7415],
[-83.5442,80.7056],
[-83.3569,80.6855],
[-82.5672,80.7408],
[-82.5196,80.7579],
[-82.1939,80.7966],
[-81.9961,80.8303],
[-81.9524,80.8331],
[-81.763,80.814],
[-81.9483,80.7592],
[-82.2164,80.7191],
[-82.7731,80.6866],
[-83.0564,80.6492],
[-83.0875,80.6422],
[-83.1574,80.6023],
[-83.1692,80.5704],
[-83.1585,80.5491],
[-83.0275,80.5386],
[-82.8811,80.5367],
[-82.3539,80.5564],
[-81.5756,80.6042],
[-80.9194,80.6555],
[-79.6094,80.8219],
[-79.2653,80.9241],
[-79.1618,80.9751],
[-79.1847,80.9864],
[-79.2914,80.985],
[-79.3347,80.9969],
[-79.3125,81.0255],
[-79.2553,81.0589],
[-79.1422,81.0692],
[-79.0816,81.0891],
[-79.2753,81.1236],
[-79.4891,81.1913],
[-79.4636,81.1933],
[-79.2428,81.14],
[-78.895,81.099],
[-78.7163,81.1205],
[-78.7506,81.1371],
[-78.7247,81.1693],
[-78.6753,81.1919],
[-78.41,81.2364],
[-78.3611,81.2478],
[-78.2736,81.2836],
[-78.1742,81.3005],
[-77.8961,81.3355],
[-77.4172,81.3805],
[-77.0286,81.4333],
[-76.8558,81.4455],
[-76.7627,81.4379],
[-76.9553,81.3939],
[-77.2336,81.3511],
[-77.6125,81.3189],
[-77.8753,81.2728],
[-78.1594,81.1939],
[-78.2547,81.1778],
[-78.4386,81.1647],
[-78.4669,81.1514],
[-78.3985,81.1407],
[-78.4212,81.123],
[-78.5011,81.0917],
[-78.8,81.0264],
[-78.9296,80.9862],
[-78.9357,80.8784],
[-78.9154,80.8625],
[-78.8694,80.8522],
[-77.9803,80.9011],
[-77.5811,80.9114],
[-77.1689,80.8869],
[-76.7975,80.8861],
[-76.6211,80.9008],
[-76.5267,80.8864],
[-76.4863,80.8693],
[-76.5117,80.8544],
[-76.6814,80.8386],
[-76.9264,80.8419],
[-77.6392,80.8303],
[-78.5853,80.7722],
[-79.2919,80.7039],
[-79.9072,80.6239],
[-79.9604,80.6114],
[-79.6342,80.5955],
[-78.9253,80.6167],
[-78.0197,80.5921],
[-78.0381,80.5672],
[-79.2328,80.5533],
[-79.558,80.5364],
[-80.1533,80.5264],
[-80.3497,80.4969],
[-80.3027,80.4856],
[-80.3275,80.4682],
[-80.3678,80.4622],
[-80.66,80.4608],
[-81.3344,80.4205],
[-82.0314,80.3983],
[-82.5797,80.3583],
[-82.9428,80.3455],
[-83.1669,80.3269],
[-83.1972,80.3147],
[-82.948,80.2475],
[-82.1683,80.0136],
[-81.8331,79.9739],
[-81.5575,79.9608],
[-81.4203,79.9436],
[-81.4013,79.9351],
[-81.4169,79.9272],
[-81.5158,79.925],
[-81.6436,79.91],
[-81.6599,79.893],
[-81.5853,79.8393],
[-81.5197,79.7308],
[-81.4244,79.7128],
[-81.2919,79.7136],
[-81.1719,79.7033],
[-80.9746,79.6722],
[-80.9496,79.6577],
[-80.8275,79.6483],
[-80.6181,79.6542],
[-80.3567,79.6853],
[-80.0414,79.6975],
[-79.761,79.6987],
[-79.8986,79.648],
[-80.1003,79.6444],
[-80.5692,79.6053],
[-80.63,79.5897],
[-80.5971,79.571],
[-80.6306,79.5641],
[-81.4247,79.6367],
[-81.5024,79.6268],
[-81.5711,79.5954],
[-81.6058,79.5886],
[-81.7067,79.5867],
[-81.7595,79.5975],
[-81.7827,79.6121],
[-81.7581,79.6208],
[-81.6517,79.6103],
[-81.6199,79.6199],
[-81.6847,79.6758],
[-81.9167,79.7033],
[-81.9786,79.7285],
[-82.0625,79.8161],
[-82.1531,79.8589],
[-83.1389,80.0783],
[-83.4031,80.1422],
[-83.6264,80.2136],
[-83.782,80.2458],
[-83.9894,80.2644],
[-84.1967,80.2714],
[-84.7025,80.2733],
[-85.0958,80.2622],
[-85.2908,80.2686],
[-85.5092,80.2858],
[-85.7453,80.3203],
[-85.8975,80.3331],
[-86.1161,80.3336],
[-86.4344,80.3125],
[-86.5147,80.2991],
[-86.6581,80.1247],
[-86.6425,80.098],
[-86.5725,80.0394],
[-86.4746,80.0062],
[-86.4133,79.998],
[-86.1906,80],
[-85.6408,79.9628],
[-85.2659,79.9173],
[-85.2988,79.9028],
[-85.3658,79.8964],
[-85.5195,79.925],
[-85.657,79.938],
[-85.8858,79.9411],
[-86.2303,79.968],
[-86.3672,79.9628],
[-86.4304,79.9453],
[-86.4553,79.9254],
[-86.4719,79.8905],
[-86.4979,79.7718],
[-86.4792,79.7617],
[-85.9489,79.7083],
[-85.6158,79.7083],
[-85.4933,79.7005],
[-85.2542,79.6672],
[-85.0596,79.6239],
[-85.0256,79.6135],
[-84.971,79.5398],
[-84.8897,79.4893],
[-84.7092,79.4517],
[-84.5811,79.4339],
[-84.494,79.4097],
[-84.4464,79.3564],
[-84.4525,79.3353],
[-84.4289,79.2903],
[-84.3356,79.2522],
[-84.3203,79.1976],
[-84.3033,79.1866],
[-84.1219,79.1847],
[-84.0768,79.1903],
[-83.9797,79.2216],
[-83.9489,79.2192],
[-83.9446,79.1845],
[-84.0078,79.1562],
[-83.9764,79.1411],
[-83.5461,79.0425],
[-83.4939,79.0433],
[-83.4232,79.0592],
[-83.3994,79.0597],
[-83.3717,79.0478],
[-83.4747,79.0242],
[-83.8964,79.038],
[-83.9903,79.0517],
[-84.069,79.0975],
[-84.1356,79.1219],
[-84.5036,79.1444],
[-84.6517,79.1147],
[-84.7881,79.068],
[-84.7731,79.0419],
[-84.748,79.0319],
[-84.2592,78.9594],
[-84.0342,78.9566],
[-83.6375,78.9308],
[-83.1267,78.9411],
[-82.9244,78.935],
[-82.5031,78.8828],
[-82.1015,78.916],
[-81.9193,79.0025],
[-81.5486,79.0614],
[-81.5121,79.0601],
[-81.484,79.0457],
[-81.6928,78.9781],
[-81.7545,78.9151],
[-81.6744,78.8979],
[-81.6588,78.8819],
[-81.7058,78.8412],
[-81.8292,78.8493],
[-81.7609,78.8558],
[-81.9475,78.8658],
[-82.1128,78.8575],
[-82.2897,78.8372],
[-82.4294,78.8333],
[-83.0569,78.8561],
[-83.1875,78.8472],
[-83.2527,78.8336],
[-83.2196,78.8015],
[-83.0697,78.7922],
[-82.9117,78.7664],
[-82.8351,78.7398],
[-82.7814,78.7311],
[-82.6192,78.728],
[-82.4567,78.7491],
[-82.2547,78.7408],
[-82.2268,78.7228],
[-82.2553,78.7167],
[-82.4567,78.7308],
[-82.5826,78.7046],
[-82.5625,78.6837],
[-82.5261,78.6698],
[-82.2385,78.5928],
[-82.2622,78.578],
[-82.3083,78.5689],
[-82.4172,78.5742],
[-82.6105,78.6114],
[-82.6965,78.6548],
[-82.8225,78.6953],
[-82.9419,78.6955],
[-83.1014,78.7144],
[-83.2893,78.7531],
[-83.3367,78.7717],
[-83.5383,78.7872],
[-83.6944,78.8297],
[-83.7469,78.8369],
[-84.145,78.8555],
[-84.4122,78.8555],
[-84.7128,78.8678],
[-85.0642,78.9191],
[-85.2575,78.9105],
[-85.3503,78.8875],
[-85.6467,78.8486],
[-86.0675,78.8197],
[-86.6158,78.803],
[-86.8569,78.735],
[-86.9366,78.7085],
[-87.1203,78.5796],
[-87.0953,78.5686],
[-87.0661,78.5675],
[-86.8986,78.5758],
[-86.8633,78.556],
[-86.8911,78.5455],
[-87.0131,78.5542],
[-87.1495,78.5483],
[-87.3018,78.5115],
[-87.4769,78.448],
[-87.5101,78.4315],
[-87.5251,78.4133],
[-87.5086,78.3124],
[-87.4944,78.2986],
[-87.5163,78.2357],
[-87.4978,78.2197],
[-87.423,78.2161],
[-87.2622,78.2267],
[-87.0969,78.2041],
[-87.4075,78.183],
[-87.4839,78.1644],
[-87.5324,78.1406],
[-87.5058,78.1283],
[-87.4397,78.1216],
[-87.1094,78.103],
[-86.7631,78.115],
[-86.7283,78.12],
[-86.5695,78.1722],
[-86.5064,78.2136],
[-86.4767,78.2158],
[-86.3111,78.1933],
[-86.2592,78.1964],
[-86.0695,78.2561],
[-86.0566,78.292],
[-85.8781,78.3769],
[-85.8331,78.38],
[-85.8264,78.3464],
[-85.8376,78.329],
[-85.9311,78.2366],
[-86.1056,78.173],
[-86.2428,78.1586],
[-86.2881,78.0788],
[-86.2672,78.0664],
[-86.2233,78.0575],
[-86.1483,78.0547],
[-85.8047,78.0889],
[-85.4861,78.1025],
[-85.4183,78.1189],
[-85.0433,78.2991],
[-84.9703,78.3525],
[-84.9783,78.415],
[-84.8424,78.5142],
[-84.6682,78.5904],
[-84.626,78.5893],
[-84.7045,78.535],
[-84.7754,78.5077],
[-84.8664,78.3707],
[-84.8156,78.3492],
[-84.7722,78.3422],
[-84.7072,78.3411],
[-84.6019,78.3689],
[-84.578,78.3513],
[-84.6297,78.3333],
[-84.7925,78.325],
[-84.8344,78.315],
[-84.9494,78.238],
[-84.97,78.2108],
[-84.9446,78.194],
[-84.9097,78.1911],
[-84.7225,78.2169],
[-84.4797,78.2169],
[-84.1272,78.1755],
[-84.1739,78.1578],
[-84.2011,78.1569],
[-84.4306,78.1864],
[-84.6311,78.2],
[-84.7611,78.1744],
[-84.995,78.163],
[-85.0843,78.0956],
[-84.9939,78.0742],
[-84.7989,78.0553],
[-84.6736,78.0641],
[-84.5328,78.0855],
[-84.41,78.0869],
[-84.2969,78.0764],
[-84.3286,78.0705],
[-84.5475,78.0711],
[-84.7269,78.0258],
[-84.7617,78.0236],
[-85.0656,78.0564],
[-85.4506,77.9911],
[-85.6735,77.9386],
[-85.4747,77.8686],
[-85.2675,77.898],
[-84.8472,77.9089],
[-84.6344,77.9269],
[-84.3797,77.9064],
[-84.319,77.8905],
[-84.3428,77.885],
[-84.4289,77.8969],
[-84.6111,77.9039],
[-84.8372,77.8875],
[-85.2078,77.8839],
[-85.325,77.8661],
[-85.395,77.8392],
[-85.4014,77.8167],
[-85.3819,77.8078],
[-85.2978,77.7972],
[-85.0536,77.8306],
[-85.055,77.7969],
[-85.1903,77.78],
[-85.3456,77.7324],
[-85.3047,77.6626],
[-84.9525,77.6014],
[-84.715,77.6397],
[-84.5406,77.6829],
[-84.4928,77.7055],
[-84.4871,77.7449],
[-84.4331,77.726],
[-84.4419,77.7061],
[-84.52,77.6647],
[-84.6275,77.628],
[-84.8372,77.5839],
[-84.8689,77.5672],
[-84.8589,77.5428],
[-84.7699,77.5211],
[-84.5556,77.5125],
[-84.3867,77.5286],
[-83.8983,77.4905],
[-83.735,77.5189],
[-83.3867,77.6167],
[-83.1911,77.7122],
[-83.123,77.7805],
[-82.9492,77.8747],
[-82.7692,77.915],
[-82.7322,77.9353],
[-82.7803,77.9671],
[-82.7894,78.0066],
[-82.6925,78.045],
[-82.5494,78.0719],
[-82.3252,78.0727],
[-82.3735,78.0376],
[-82.5717,78.0253],
[-82.5842,78.0088],
[-82.5261,77.9619],
[-82.5417,77.9205],
[-82.6553,77.8478],
[-82.895,77.7175],
[-83.2161,77.5778],
[-83.3894,77.5078],
[-83.4261,77.4997],
[-83.6208,77.4719],
[-83.8014,77.4647],
[-83.8292,77.4518],
[-83.7786,77.4233],
[-83.7201,77.4065],
[-83.655,77.3955],
[-83.4725,77.3872],
[-83.4676,77.3493],
[-83.5058,77.3447],
[-83.7936,77.3691],
[-84.0058,77.3975],
[-84.3344,77.383],
[-84.5503,77.4014],
[-84.6139,77.3861],
[-84.5615,77.3355],
[-84.4883,77.3194],
[-84.4676,77.3012],
[-84.4794,77.2944],
[-84.7197,77.3116],
[-84.9733,77.3772],
[-85.3997,77.3958],
[-85.4933,77.4303],
[-85.5306,77.4619],
[-85.7908,77.4222],
[-85.7725,77.4418],
[-85.7198,77.4635],
[-85.8844,77.6328],
[-85.9811,77.7086],
[-86.2228,77.7944],
[-86.4222,77.8308],
[-86.8242,77.8794],
[-87.2314,77.8989],
[-87.2947,77.898],
[-88.0681,77.8203],
[-88.1628,77.7583],
[-88.2206,77.6632],
[-88.2008,77.6428],
[-88.1714,77.6294],
[-88.063,77.6189],
[-87.7028,77.5394],
[-87.6443,77.4836],
[-87.6607,77.4721],
[-87.7396,77.454],
[-87.7788,77.4269],
[-87.7049,77.3586],
[-87.3911,77.3306],
[-87.3261,77.3339],
[-87.2414,77.3561],
[-87.0911,77.3664],
[-86.9633,77.3664],
[-86.8415,77.355],
[-86.9347,77.3389],
[-87.1022,77.3393],
[-87.2471,77.3008],
[-87.2292,77.2855],
[-87.1907,77.2744],
[-86.9844,77.2747],
[-86.9475,77.2717],
[-86.9216,77.2592],
[-87.0072,77.2558],
[-87.1707,77.2317],
[-87.2033,77.2026],
[-87.1828,77.1969],
[-86.96,77.1958],
[-86.7736,77.1858],
[-86.74,77.1741],
[-86.7979,77.129],
[-86.8753,77.1322],
[-87.0444,77.1805],
[-87.3128,77.1808],
[-87.4101,77.1587],
[-87.4552,77.1292],
[-87.3435,77.1082],
[-87.5689,77.0994],
[-87.6906,77.1353],
[-88.1542,77.1161],
[-88.1725,77.128],
[-88.3072,77.1289],
[-88.4264,77.1208],
[-88.5453,77.0992],
[-88.4733,77.0966],
[-88.5011,77.0717],
[-88.7403,77.0028],
[-88.8989,76.9855],
[-88.9815,76.9572],
[-89.4178,76.8867],
[-89.5246,76.8489],
[-89.4722,76.7847],
[-89.4136,76.6773],
[-89.4374,76.661],
[-89.6089,76.619],
[-89.6726,76.5669],
[-89.5414,76.5417],
[-89.5072,76.5442],
[-89.4903,76.5575],
[-89.3533,76.48],
[-89.2225,76.4316],
[-88.9472,76.4053],
[-88.9114,76.4068],
[-88.7915,76.4711],
[-88.7914,76.5133],
[-88.7372,76.5908],
[-88.71,76.595],
[-88.6889,76.5914],
[-88.6491,76.5684],
[-88.653,76.484],
[-88.6885,76.4114],
[-88.6319,76.3972],
[-88.6035,76.408],
[-88.6032,76.4466],
[-88.5717,76.4736],
[-88.4929,76.5003],
[-88.4955,76.5522],
[-88.5882,76.6393],
[-88.6497,76.6841],
[-88.6926,76.7047],
[-88.5489,76.8097],
[-88.5189,76.8161],
[-88.4831,76.8086],
[-88.4799,76.7786],
[-88.5092,76.6975],
[-88.5153,76.6361],
[-88.4428,76.5917],
[-88.3531,76.5178],
[-88.3522,76.4841],
[-88.3719,76.4761],
[-88.4321,76.4001],
[-88.39,76.3897],
[-87.9483,76.3578],
[-87.9089,76.3614],
[-87.8642,76.39],
[-87.8172,76.3905],
[-87.7886,76.3664],
[-87.7197,76.343],
[-87.6489,76.338],
[-87.4094,76.3504],
[-87.43,76.4178],
[-87.5086,76.4307],
[-87.5474,76.4462],
[-87.5971,76.5375],
[-87.5727,76.6123],
[-87.5286,76.615],
[-87.4658,76.5893],
[-87.4267,76.4686],
[-87.2253,76.448],
[-87.1471,76.3921],
[-87.0833,76.3794],
[-86.7706,76.3508],
[-86.7139,76.3471],
[-86.6647,76.4197],
[-86.6492,76.4589],
[-86.3422,76.5122],
[-86.3622,76.5417],
[-86.5125,76.5869],
[-86.6281,76.6323],
[-86.5942,76.635],
[-86.5328,76.6233],
[-86.2185,76.5218],
[-86.2561,76.5039],
[-86.4039,76.4768],
[-86.42,76.463],
[-86.4136,76.4103],
[-86.3722,76.3864],
[-86.1103,76.3683],
[-85.9781,76.3705],
[-85.6983,76.3489],
[-85.3622,76.3033],
[-85.2322,76.2953],
[-85.1744,76.2803],
[-84.9283,76.2864],
[-84.7167,76.3069],
[-84.4211,76.3039],
[-84.3833,76.3156],
[-84.3975,76.3306],
[-84.4364,76.3386],
[-84.7281,76.3903],
[-84.9613,76.4224],
[-85.0225,76.4561],
[-85.0514,76.5142],
[-85.0238,76.5755],
[-84.9914,76.5828],
[-84.9506,76.5778],
[-84.8544,76.5396],
[-84.7866,76.4793],
[-84.6197,76.4317],
[-84.4892,76.4292],
[-84.2369,76.4436],
[-84.2031,76.453],
[-84.1803,76.4885],
[-84.2482,76.5323],
[-84.1937,76.6085],
[-84.3165,76.6539],
[-84.2844,76.6578],
[-84.1386,76.6378],
[-84.0788,76.6204],
[-84.0617,76.5853],
[-84.0586,76.556],
[-84.0401,76.5385],
[-83.8936,76.5017],
[-83.7383,76.4516],
[-83.7008,76.431],
[-83.2858,76.4064],
[-83.2236,76.4105],
[-83.1898,76.421],
[-83.2075,76.5056],
[-83.2503,76.5761],
[-83.3311,76.6033],
[-83.4992,76.6767],
[-83.5195,76.7057],
[-83.4975,76.7239],
[-83.4054,76.7589],
[-83.3647,76.7469],
[-83.3842,76.7308],
[-83.3389,76.6642],
[-83.1986,76.6194],
[-83.1133,76.583],
[-83.0797,76.5396],
[-83.0635,76.4941],
[-83.0972,76.4725],
[-83.0625,76.4503],
[-82.9971,76.4279],
[-82.8333,76.3978],
[-82.7045,76.3869],
[-82.2603,76.3986],
[-82.1711,76.4194],
[-82.1316,76.4451],
[-82.1894,76.4866],
[-82.2195,76.5264],
[-82.1969,76.5428],
[-82.0875,76.5592],
[-82.1081,76.5705],
[-82.2081,76.593],
[-82.415,76.623],
[-82.4606,76.6361],
[-82.5394,76.6703],
[-82.5642,76.704],
[-82.5561,76.723],
[-82.6406,76.7664],
[-82.7631,76.8128],
[-82.725,76.8192],
[-82.5882,76.7794],
[-82.4425,76.685],
[-82.3365,76.6435],
[-82.2829,76.6344],
[-82.0811,76.6311],
[-81.8933,76.6608],
[-81.8288,76.6805],
[-81.7857,76.6764],
[-81.8142,76.6586],
[-82.0492,76.6072],
[-81.9863,76.583],
[-82.0797,76.5212],
[-82.0492,76.5115],
[-81.7886,76.4747],
[-81.5219,76.4686],
[-81.4111,76.4775],
[-81.3446,76.4926],
[-81.275,76.5333],
[-80.9917,76.483],
[-80.7782,76.4215],
[-80.7635,76.3985],
[-80.7836,76.375],
[-80.9039,76.3122],
[-81.0406,76.2527],
[-81.0956,76.2122],
[-81.0819,76.1325],
[-81.0533,76.128],
[-80.95,76.145],
[-80.6633,76.1604],
[-80.6388,76.169],
[-80.6275,76.1872],
[-80.6064,76.1917],
[-80.4196,76.1968],
[-80.3383,76.2283],
[-80.2933,76.2353],
[-80.1783,76.2397],
[-80.0872,76.2236],
[-79.8056,76.2783],
[-79.5736,76.3116],
[-79.5008,76.3141],
[-79.3658,76.2966],
[-79.3128,76.2975],
[-79.2603,76.3121],
[-79.264,76.3424],
[-79.1939,76.403],
[-79.1708,76.41],
[-79.0614,76.4128],
[-78.9695,76.4341],
[-78.9008,76.4789],
[-78.8683,76.5211],
[-78.7819,76.5722],
[-78.6272,76.5639],
[-78.5972,76.5066],
[-78.6121,76.4914],
[-78.5525,76.4642],
[-78.4731,76.4517],
[-78.371,76.4603],
[-78.2567,76.5067],
[-78.1822,76.5629],
[-78.0937,76.6078],
[-77.985,76.6325],
[-77.8617,76.6297],
[-77.7769,76.6543],
[-77.8112,76.6844],
[-77.7844,76.7865],
[-77.8903,76.9498],
[-78.0788,77.0161],
[-78.2928,77.0147],
[-78.3844,76.9997],
[-78.558,76.935],
[-78.5649,76.9101],
[-78.716,76.8228],
[-78.9153,76.8397],
[-78.91,76.8867],
[-78.8774,76.9237],
[-79.0058,76.9361],
[-79.3458,76.918],
[-79.3868,76.9314],
[-79.384,76.9523],
[-79.3656,76.9633],
[-79.0044,77.1003],
[-79.0363,77.1573],
[-79.255,77.2186],
[-79.6331,77.2433],
[-79.7258,77.24],
[-80.0133,77.1905],
[-80.0947,77.1611],
[-80.1594,77.1228],
[-80.373,77.0714],
[-80.4039,77.0793],
[-80.255,77.1533],
[-80.1154,77.1985],
[-80.1454,77.2069],
[-80.9603,77.2714],
[-81.1492,77.2747],
[-81.6344,77.1939],
[-81.7869,77.1575],
[-81.8342,77.1625],
[-81.8721,77.1732],
[-81.9057,77.1943],
[-81.9789,77.2583],
[-82.0817,77.2728],
[-82.1588,77.2982],
[-82.0919,77.3164],
[-81.875,77.2925],
[-81.425,77.3064],
[-81.2839,77.3153],
[-81.1672,77.3338],
[-81.1754,77.3575],
[-81.1969,77.3693],
[-81.4847,77.3722],
[-81.7006,77.4228],
[-81.74,77.4389],
[-81.715,77.4725],
[-81.6689,77.4992],
[-81.6735,77.5334],
[-81.8015,77.5924],
[-81.9036,77.6068],
[-81.9493,77.6501],
[-81.927,77.6836],
[-81.8538,77.6686],
[-81.83,77.6239],
[-81.6105,77.5761],
[-81.6083,77.5536],
[-81.5812,77.516],
[-81.3797,77.4782],
[-81.3446,77.4662],
[-81.286,77.4268],
[-81.0953,77.4119],
[-81.0243,77.3933],
[-81.0056,77.3772],
[-80.8797,77.353],
[-80.7533,77.3306],
[-80.4561,77.2961],
[-80.0192,77.2722],
[-79.9606,77.2769],
[-79.8367,77.3069],
[-79.6539,77.3186],
[-79.3217,77.2886],
[-79.2072,77.2883],
[-79.0042,77.3139],
[-78.962,77.3258],
[-78.8981,77.3608],
[-78.7744,77.3808],
[-78.7285,77.3691],
[-78.8353,77.3105],
[-78.7772,77.3072],
[-78.6906,77.3155],
[-78.2567,77.3819],
[-77.9883,77.4837],
[-77.9459,77.5074],
[-77.9583,77.5297],
[-77.9522,77.5558],
[-77.7243,77.6039],
[-77.7428,77.6222],
[-77.9203,77.67],
[-77.9811,77.7014],
[-77.9407,77.7628],
[-77.9532,77.7993],
[-78.1395,77.8572],
[-78.324,77.8672],
[-78.4154,77.9101],
[-78.2608,77.9953],
[-78.1622,77.9883],
[-77.9975,77.9572],
[-77.8389,77.9427],
[-77.16,77.9461],
[-77.0364,77.9097],
[-76.9311,77.9014],
[-76.8622,77.9028],
[-76.7572,77.9333],
[-76.5483,77.945],
[-76.4958,77.9635],
[-76.4742,77.9822],
[-76.2461,78.0158],
[-76.1572,78.0125],
[-75.9746,77.9753],
[-75.9228,77.9566],
[-75.8386,77.9983],
[-75.6928,78.04],
[-75.594,78.0864],
[-75.5824,78.1114],
[-75.6219,78.1244],
[-75.7355,78.1308],
[-76.6417,78.1644],
[-76.9103,78.1983],
[-76.8933,78.2153],
[-76.8553,78.2275],
[-76.5742,78.2497],
[-76.3931,78.2322],
[-76.1572,78.2405],
[-75.6136,78.198],
[-75.4792,78.2222],
[-75.3811,78.294],
[-75.3586,78.3017],
[-75.19,78.2997],
[-75.0572,78.3128],
[-75.0349,78.3285],
[-75.09,78.3689],
[-75.4108,78.4267],
[-76.0575,78.4619],
[-76.0911,78.4664],
[-76.1152,78.4846],
[-76.2894,78.5155],
[-76.6458,78.5028],
[-76.6863,78.5145],
[-76.6428,78.5283],
[-76.4372,78.5486],
[-76.1203,78.5367],
[-75.965,78.5108],
[-75.83,78.5047],
[-75.4794,78.51],
[-75.2906,78.5205],
[-75.1672,78.5397],
[-75.048,78.528],
[-74.8701,78.5648],
[-74.79,78.5914],
[-74.8195,78.6275],
[-74.8578,78.6361],
[-74.8697,78.6722],
[-74.8433,78.693],
[-74.7235,78.7044],
[-74.7567,78.8203],
[-74.775,78.83],
[-75.3161,78.8922],
[-75.7917,78.8842],
[-75.975,78.8728],
[-76.2047,78.8811],
[-76.3374,78.8603],
[-76.4032,78.839],
[-76.4499,78.8562],
[-76.415,78.8739],
[-76.2872,78.8997],
[-75.8256,78.9261],
[-75.7695,78.94],
[-75.7262,78.9673],
[-75.9897,78.9955],
[-76.3614,79.0197],
[-76.7106,79.0283],
[-76.9603,79.0128],
[-77.1775,78.9897],
[-77.7119,78.9661],
[-77.8947,78.9153],
[-78.036,78.8646],
[-78.1053,78.8286],
[-78.164,78.7841],
[-78.2058,78.7714],
[-78.248,78.7703],
[-78.2775,78.7742],
[-78.2914,78.7937],
[-78.1475,78.8653],
[-77.9482,78.9472],
[-77.7092,79.0091],
[-77.7925,79.0432],
[-77.8295,79.048],
[-78.1083,79.0466],
[-78.2839,79.0667],
[-78.5883,79.0591],
[-78.8854,79.0618],
[-78.3511,79.0864],
[-78.1033,79.0661],
[-77.8497,79.0697],
[-77.7915,79.0646],
[-77.7197,79.0367],
[-77.495,79.0178],
[-77.4297,79.0372],
[-77.3556,79.0483],
[-77.0733,79.0708],
[-76.6372,79.0905],
[-76.21,79.0747],
[-76.1467,79.0778],
[-76.0835,79.0965],
[-76.1597,79.1222],
[-76.3197,79.1247],
[-76.64,79.1511],
[-77.1811,79.1539],
[-77.8428,79.1786],
[-77.9889,79.1775],
[-78.1817,79.1594],
[-78.2286,79.1605],
[-78.2465,79.172],
[-78.1589,79.19],
[-77.7775,79.2089],
[-77.548,79.1944],
[-77.2506,79.198],
[-77.045,79.1833],
[-76.0981,79.1991],
[-75.9444,79.173],
[-75.8549,79.1441],
[-75.884,79.1317],
[-75.8883,79.0998],
[-75.6556,79.0683],
[-74.96,79.0283],
[-74.6542,79.0222],
[-74.5145,79.0286],
[-74.4636,79.0392],
[-74.4428,79.0591],
[-74.6175,79.1514],
[-74.7955,79.1636],
[-74.8203,79.1749],
[-74.7919,79.1828],
[-74.5719,79.1961],
[-74.4692,79.2173],
[-74.4969,79.225],
[-74.8003,79.2405],
[-75.0831,79.2353],
[-75.6083,79.24],
[-75.7772,79.2275],
[-75.9389,79.2303],
[-76.1361,79.2686],
[-76.6714,79.2775],
[-76.9997,79.2733],
[-77.4874,79.2471],
[-77.3386,79.2613],
[-77.5292,79.3053],
[-77.6508,79.3178],
[-77.8761,79.3197],
[-78.0214,79.34],
[-78.0513,79.3508],
[-77.9139,79.3658],
[-77.74,79.3444],
[-77.4719,79.3461],
[-77.2281,79.3217],
[-77.1878,79.3228],
[-77.1669,79.3317],
[-77.2622,79.3725],
[-77.3908,79.4433],
[-77.3592,79.4556],
[-77.2125,79.4478],
[-77.1069,79.4185],
[-77.0833,79.4019],
[-77.0189,79.3819],
[-76.8697,79.3494],
[-76.6828,79.3528],
[-76.1233,79.3311],
[-75.8953,79.3535],
[-76.1625,79.3939],
[-76.1984,79.4303],
[-76.149,79.4464],
[-76.1792,79.4597],
[-76.4064,79.4736],
[-77.1344,79.4903],
[-77.1864,79.5064],
[-77.1515,79.5455],
[-77.1122,79.5453],
[-77.0503,79.5186],
[-76.9058,79.5097],
[-76.6653,79.5208],
[-76.2611,79.4978],
[-76.1314,79.4789],
[-76.0403,79.4407],
[-75.9575,79.4261],
[-75.7997,79.4314],
[-75.6953,79.41],
[-75.5314,79.3925],
[-75.0583,79.3739],
[-74.9435,79.3828],
[-74.8838,79.4122],
[-74.9047,79.4265],
[-74.9892,79.4517],
[-75.0516,79.4916],
[-74.9644,79.513],
[-74.6811,79.4455],
[-74.6175,79.4386],
[-74.1603,79.4364],
[-73.9907,79.4535],
[-73.9537,79.4784],
[-73.9639,79.5129],
[-73.9929,79.5449],
[-73.9576,79.555],
[-73.8703,79.5425],
[-73.786,79.5049],
[-73.6578,79.4964],
[-73.4464,79.4991],
[-73.2961,79.5128],
[-73.1719,79.5365],
[-73.1304,79.5604],
[-73.1714,79.6489],
[-73.3637,79.7154],
[-73.3847,79.7489],
[-74.2364,79.8019],
[-74.655,79.7889],
[-74.7167,79.7969],
[-74.8397,79.8473],
[-74.4153,79.8653],
[-74.2389,79.8872],
[-73.9458,79.8817],
[-73.7451,79.8506],
[-73.8596,79.8339],
[-73.7803,79.8278],
[-73.4336,79.8358],
[-73.2181,79.8228],
[-73.0592,79.8255],
[-72.9211,79.8144],
[-72.9458,79.8042],
[-73.0588,79.8031],
[-72.9386,79.7083],
[-72.9128,79.7022],
[-72.6972,79.678],
[-72.3922,79.6836],
[-72.2672,79.6591],
[-71.9225,79.6955],
[-71.6992,79.71],
[-71.4911,79.7333],
[-71.3761,79.7608],
[-71.1839,79.7775],
[-71.0058,79.8197],
[-70.9133,79.8826],
[-70.9353,79.8922],
[-71.1097,79.9153],
[-71.1683,79.9142],
[-71.3945,79.885],
[-71.4386,79.89],
[-71.4567,79.9023],
[-71.4088,79.9329],
[-71.2417,79.9608],
[-70.7195,79.9864],
[-70.6787,80.0039],
[-70.6676,80.0237],
[-70.6467,80.0319],
[-70.495,80.0532],
[-70.5038,80.0938],
[-70.6267,80.1305],
[-70.7625,80.1333],
[-71.4892,80.0689],
[-71.8858,80.0672],
[-72.1378,80.0536],
[-72.3064,80.0575],
[-72.3494,80.0621],
[-72.392,80.0837],
[-72.1156,80.0875],
[-71.9547,80.0964],
[-71.8993,80.1108],
[-71.9772,80.1394],
[-72.1886,80.1639],
[-72.4167,80.2092],
[-72.3685,80.2254],
[-72.3297,80.2255],
[-72.2944,80.2233],
[-72.1653,80.1889],
[-72.0572,80.1947],
[-72.0064,80.1886],
[-71.8786,80.1625],
[-71.8421,80.1379],
[-71.79,80.1178],
[-71.6944,80.1108],
[-71.4546,80.1197],
[-71.3819,80.1392],
[-71.1806,80.1667],
[-70.8211,80.1955],
[-70.6456,80.1991],
[-70.2489,80.1861],
[-70.1369,80.1954],
[-69.9629,80.2543],
[-69.9826,80.266],
[-70.1506,80.2991],
[-70.4483,80.3403],
[-70.4687,80.3581],
[-70.4547,80.3836],
[-70.4347,80.3917],
[-70.4233,80.4216],
[-70.4836,80.4576],
[-70.6708,80.5181],
[-70.8046,80.5428],
[-70.8194,80.5589],
[-70.7547,80.5594],
[-70.54,80.5219],
[-70.3142,80.4644],
[-70.2275,80.4233],
[-70.2278,80.4014],
[-70.2503,80.384],
[-70.308,80.3596],
[-70.2844,80.3511],
[-70.0728,80.3444],
[-69.7297,80.3528],
[-69.4275,80.3828],
[-69.3257,80.4096],
[-69.3017,80.4215],
[-69.2731,80.4639],
[-69.1711,80.5175],
[-68.9525,80.603],
[-68.2028,80.7658],
[-67.9658,80.7975],
[-67.9103,80.8119],
[-67.8639,80.8342],
[-67.644,80.8586],
[-67.5836,80.8766],
[-67.5394,80.8992],
[-67.5975,80.9253],
[-67.5622,80.9355],
[-67.3092,80.9344],
[-67.1644,80.9486],
[-66.6858,81.0358],
[-66.5372,81.0733],
[-66.4828,81.1069],
[-66.438,81.1236],
[-66.2444,81.1744],
[-66.0103,81.2203],
[-65.4414,81.2564],
[-65.1681,81.31],
[-64.8086,81.3605],
[-64.6167,81.405],
[-64.4919,81.4489],
[-64.4439,81.482],
[-64.5303,81.5416],
[-64.5664,81.5455],
[-65.7247,81.4939],
[-66.1697,81.4478],
[-67.3567,81.3636],
[-68.1167,81.2803],
[-69.4306,81.1872],
[-69.6325,81.1392],
[-69.9556,81.0994],
[-70.0187,81.1055],
[-69.9769,81.1189],
[-69.832,81.1372],
[-69.6428,81.175],
[-69.9603,81.1605],
[-70.1261,81.1655],
[-70.2082,81.1768],
[-69.9119,81.1825],
[-69.5417,81.2125],
[-69.3188,81.2414],
[-69.4369,81.2491],
[-69.4608,81.2612],
[-69.4269,81.27],
[-69.3195,81.2603],
[-69.0286,81.2586],
[-68.6181,81.2905],
[-68.2447,81.34],
[-67.2483,81.45],
[-66.7411,81.4919],
[-66.6231,81.5138],
[-66.7914,81.5408],
[-67.1078,81.565],
[-67.7247,81.5511],
[-68.0511,81.5305],
[-68.5795,81.5144],
[-68.813,81.5333],
[-68.8492,81.5439],
[-68.8108,81.5486],
[-68.5045,81.5322],
[-68.4075,81.5339],
[-68.3675,81.5475],
[-68.4492,81.5708],
[-68.6247,81.6044],
[-69.2681,81.7025],
[-69.2972,81.7146],
[-69.1764,81.7125],
[-69.0589,81.6975],
[-68.6614,81.6333],
[-68.3094,81.5655],
[-68.1567,81.5611],
[-67.7667,81.593],
[-67.5597,81.5992],
[-66.8964,81.6119],
[-66.4783,81.6286],
[-66.3553,81.6175],
[-66.1725,81.618],
[-66.1408,81.6205],
[-66.0937,81.64],
[-66.0337,81.6524],
[-65.9822,81.6528],
[-65.8717,81.6272],
[-65.7894,81.6322],
[-65.4022,81.6744],
[-65.3446,81.69],
[-65.6125,81.6808],
[-65.9914,81.6828],
[-66.0374,81.6901],
[-65.9244,81.7014],
[-65.6314,81.7025],
[-65.2167,81.7455],
[-64.91,81.7528],
[-64.7678,81.7258],
[-64.3553,81.7264],
[-64.2078,81.7419],
[-64.1251,81.7639],
[-64.311,81.8225],
[-64.0531,81.79],
[-63.8497,81.8011],
[-63.7611,81.8116],
[-63.6561,81.8375],
[-63.0406,81.9097],
[-62.5703,81.9761],
[-62.5136,82.0047],
[-62.2789,82.0158],
[-62.0778,82.0536],
[-61.8775,82.1036],
[-61.8044,82.1467],
[-61.4636,82.1725],
[-61.1933,82.2236],
[-61.1569,82.2353],
[-61.1078,82.2678],
[-61.0817,82.2973],
[-61.0764,82.3208],
[-61.1054,82.3571],
[-61.1703,82.3953],
[-61.3261,82.4397],
[-61.5308,82.4783],
[-62.0981,82.5022],
[-62.3008,82.4825],
[-62.3529,82.4837],
[-62.3279,82.5076],
[-62.1715,82.5235],
[-62.245,82.528],
[-62.5067,82.5267],
[-62.6783,82.5161],
[-62.9208,82.4911],
[-63.0158,82.4597],
[-63.0717,82.4519],
[-63.2772,82.4391],
[-63.3681,82.4419],
[-63.285,82.455],
[-63.0894,82.4664],
[-63.0594,82.5119],
[-62.9606,82.5578],
[-62.9354,82.5774],
[-63.0336,82.5944],
[-63.3475,82.605],
[-63.3758,82.6164],
[-63.2558,82.6272],
[-63.2315,82.6409],
[-63.2544,82.6503],
[-63.4222,82.6655],
[-63.6517,82.715],
[-63.8426,82.7175],
[-63.6661,82.7314],
[-63.5181,82.7315],
[-63.3897,82.7646],
[-63.3858,82.8017],
[-63.4908,82.8253],
[-63.6728,82.8347],
[-64.1031,82.8317],
[-64.1864,82.8192],
[-64.4117,82.763],
[-64.4453,82.7619],
[-64.707,82.813],
[-64.7433,82.8298],
[-64.7176,82.849],
[-64.7464,82.8605],
[-64.8839,82.8616],
[-64.9264,82.8722],
[-64.8903,82.878],
[-64.7139,82.8764],
[-64.6635,82.8922],
[-64.6847,82.9017],
[-64.8847,82.9058],
[-65.2581,82.8775],
[-65.2983,82.8694],
[-65.2728,82.8611],
[-65.1109,82.8512],
[-65.2219,82.8328],
[-65.3412,82.7951],
[-65.1628,82.7653],
[-65.4586,82.7794],
[-65.5209,82.7929],
[-65.4613,82.8312],
[-65.7678,82.843],
[-66.1228,82.813],
[-66.6708,82.7403],
[-67.2458,82.6897],
[-67.4708,82.6522],
[-67.935,82.6583],
[-68.6425,82.6286],
[-68.6722,82.6378],
[-68.3567,82.688],
[-68.0414,82.7039],
[-67.7992,82.7317],
[-67.3861,82.7578],
[-66.8411,82.8108],
[-66.3692,82.8883],
[-66.3004,82.9307],
[-66.8189,82.9353],
[-66.9647,82.9542],
[-67.0922,82.9611],
[-67.1361,82.9366],
[-67.2417,82.9369],
[-67.6669,82.9697],
[-68.1456,82.935],
[-68.1801,82.9512],
[-68.1515,82.9846],
[-68.1908,82.9947],
[-68.4667,83.008],
[-68.7083,82.978],
[-68.9028,82.9883],
[-68.9756,83.0086],
[-68.9792,83.0325],
[-69.0156,83.0408],
[-69.2331,83.0103],
[-69.5624,83.0021],
[-69.4704,83.035],
[-69.7444,83.0455],
[-69.766,83.0538],
[-69.6673,83.071],
[-69.6621,83.1057],
[-69.7017,83.1105],
[-70.26,83.1139],
[-71.1253,83.0875],
[-71.425,83.0294],
[-71.4813,83.0069],
[-71.3064,82.9822],
[-70.9042,82.908],
[-70.8428,82.8883],
[-70.8714,82.8811],
[-70.9522,82.8836],
[-71.2197,82.915],
[-71.3367,82.9147],
[-71.5672,82.9411],
[-71.7897,83.0108],
[-71.775,83.0322],
[-71.75,83.043],
[-71.5893,83.0882],
[-71.6117,83.0961],
[-71.7128,83.0989],
[-72.2269,83.1014],
[-72.3364,83.0978],
[-72.4242,83.0792],
[-72.4775,83.0767],
[-72.5239,83.0769],
[-72.5997,83.0969],
[-72.6506,83.0964],
[-72.9275,83.0675],
[-72.9486,83.0553],
[-73.0339,83.0367],
[-73.2619,83.0078],
[-73.6268,82.9389],
[-73.6403,82.9238],
[-73.5772,82.908],
[-73.4254,82.8921],
[-73.4014,82.875],
[-73.2114,82.8139],
[-73.0272,82.7869],
[-72.7167,82.7556],
[-72.5007,82.7214],
[-72.6339,82.6944],
[-72.8358,82.7286],
[-73.2472,82.7617],
[-73.8178,82.8528],
[-73.8517,82.8667],
[-73.8794,82.8972],
[-74.0181,82.9569],
[-74.2792,83.01],
[-74.4358,83.0272],
[-74.9564,83.0455],
[-75.3133,83.0275],
[-76.0286,83.0544],
[-76.3603,83.0214],
[-76.5594,83.0119],
[-77.1356,83.0114],
[-77.1706,83.0155],
[-77.136,83.0304],
[-77.1839,83.0339],
[-77.3419,83.0056],
[-77.3791,82.9901],
[-77.3447,82.9725],
[-77.1317,82.94],
[-76.7528,82.895],
[-76.6292,82.8597],
[-76.5253,82.8139],
[-76.4475,82.7975],
[-76.2886,82.7847],
[-75.9906,82.7849],
[-76.0569,82.7717],
[-76.2695,82.7608],
[-76.3039,82.7445],
[-76.2564,82.7172],
[-76.1031,82.6861],
[-75.6255,82.633],
[-75.4689,82.6278],
[-75.4029,82.6169],
[-75.4517,82.6033],
[-75.6714,82.5869],
[-75.975,82.4997],
[-76.2339,82.445],
[-76.2581,82.4692],
[-76.2037,82.5073],
[-76.0389,82.5572],
[-75.8943,82.5901],
[-76.0589,82.6169],
[-76.5706,82.6667],
[-76.6053,82.6925],
[-76.7667,82.7508],
[-76.9504,82.7712],
[-76.9667,82.8047],
[-77.1283,82.8633],
[-77.4672,82.8839],
[-77.813,82.9244],
[-78.0803,82.8983],
[-78.2319,82.8566],
[-78.1079,82.8286],
[-78.1442,82.8233],
[-78.3417,82.8505],
[-78.5006,82.8455],
[-78.5508,82.8556],
[-78.5078,82.9108],
[-78.5461,82.9267],
[-78.6319,82.9414],
[-78.7197,82.9466],
[-78.8253,82.928],
[-78.9281,82.8986],
[-79.0693,82.8973],
[-79.1775,82.9519],
[-79.3705,82.9742],
[-79.4583,82.9742],
[-80.0958,82.9372],
[-80.43,82.8908],
[-80.3931,82.8755],
[-80.1942,82.8383],
[-79.8478,82.835],
[-79.6778,82.8215],
[-79.9969,82.8033],
[-79.9364,82.7722],
[-79.8369,82.7505],
[-79.3317,82.6997],
[-78.895,82.6803],
[-78.5767,82.6869],
[-78.512,82.679],
[-78.8436,82.665],
[-79.3847,82.6728],
[-79.8297,82.7089],
[-79.9286,82.7056],
[-79.9723,82.6926],
[-79.8163,82.6521],
[-79.8617,82.6441],
[-80.0031,82.6564],
[-80.1603,82.6814],
[-80.1801,82.6956],
[-80.1392,82.7179],
[-80.1583,82.7278],
[-80.2933,82.7744],
[-80.3811,82.7889],
[-81.0222,82.8219],
[-81.4731,82.825],
[-81.5642,82.8089],
[-81.5792,82.793],
[-81.5086,82.7647],
[-81.3058,82.7339],
[-81.1247,82.6869],
[-81.0772,82.6669],
[-80.8739,82.6297],
[-80.5799,82.5446],
[-80.892,82.5328],
[-80.9497,82.538],
[-81.3008,82.6111],
[-81.4325,82.6292],
[-81.9722,82.6664],
[-82.2153,82.6686],
[-82.3449,82.648],
[-82.3765,82.6372],
[-82.3919,82.616],
[-82.3439,82.5953],
[-82.2639,82.5767],
[-81.9275,82.5228],
[-81.5419,82.5005],
[-81.67,82.4925],
[-82.4983,82.5064],
[-82.53,82.4998],
[-82.7043,82.4222],
[-82.7287,82.3984],
[-82.7117,82.3825],
[-82.68,82.3708],
[-82.5131,82.3378],
[-81.7997,82.2228],
[-81.3247,82.165],
[-80.8712,82.153],
[-80.9567,82.1372],
[-80.9756,82.1257],
[-80.9222,82.1036],
[-80.7911,82.0794],
[-80.3317,82.0386],
[-79.8533,82.0189],
[-79.835,82.0106],
[-79.8445,81.9714],
[-79.6708,81.9275],
[-79.49,81.9003],
[-79.2368,81.8161],
[-79.5344,81.8208],
[-79.5707,81.8271],
[-79.61,81.8511],
[-80.085,81.9736],
[-80.8683,82.0314],
[-81.2492,82.0814],
[-81.9181,82.155],
[-82.1603,82.1933],
[-82.2867,82.2292],
[-82.6936,82.2847],
[-82.9908,82.2925],
[-83.0256,82.2785],
[-83.0278,82.2353],
[-83.0114,82.2216],
[-82.8603,82.1878],
[-82.7243,82.1464],
[-82.6519,82.1003],
[-82.5464,82.0903],
[-82.0208,82.0822],
[-81.9242,82.0589],
[-81.8857,82.0369],
[-81.9636,82.0372],
[-82.1994,82.0641],
[-82.7975,82.0778],
[-83.0764,82.0619],
[-83.123,82.0694],
[-83.002,82.0892],
[-82.9654,82.1015],
[-82.9531,82.12],
[-83.0228,82.1594],
[-83.3445,82.2272],
[-83.3683,82.2498],
[-83.3643,82.2729],
[-83.5164,82.3169],
[-83.7675,82.353],
[-83.9614,82.3686],
[-84.147,82.3697],
[-84.3445,82.3528],
[-84.45,82.3861],
[-84.8886,82.4169],
[-84.9422,82.4289],
[-84.7878,82.435],
[-84.6204,82.4526],
[-84.6417,82.4655],
[-85.047,82.4819],
[-85.7947,82.4586],
[-85.9108,82.4289],
[-85.5247,82.4054],
[-85.5015,82.3962],
[-85.5317,82.3697],
[-85.4858,82.3167],
[-85.3645,82.284],
[-85.5578,82.2694],
[-85.62,82.2436],
[-85.9844,82.2375],
[-86.1811,82.2253],
[-86.6694,82.2283],
[-86.8436,82.2125],
[-86.8685,82.1975],
[-86.7522,82.1411],
[-86.6375,82.1244],
[-86.0622,82.1039],
[-85.8517,82.0672],
[-85.7558,82.0589],
[-85.1169,82.0331],
[-84.8997,82.0153],
[-84.8153,82.0008],
[-84.7222,81.9736],
[-84.6135,81.8885],
[-84.6886,81.8919],
[-84.7469,81.9095],
[-84.7934,81.9278],
[-84.8317,81.9794],
[-84.8892,81.9903],
[-85.0565,81.99],
[-85.0253,81.9608],
[-84.8367,81.8898],
[-84.8794,81.8875],
[-85.0189,81.9194],
[-85.0964,81.9458],
[-85.1883,81.9928],
[-85.5594,82.0017],
[-85.6939,81.995],
[-85.7302,81.9862],
[-85.6547,81.9508],
[-85.3919,81.878],
[-85.3728,81.8618],
[-85.4225,81.8575],
[-85.7675,81.9619],
[-85.9606,82.0075],
[-86.1692,82.0417],
[-86.3564,82.0536],
[-86.8925,82.0542],
[-86.9943,82.038],
[-87.1287,81.9661],
[-86.8636,81.9336],
[-86.7334,81.8996],
[-86.7683,81.8903],
[-87.2658,81.9589],
[-87.306,81.9749],
[-87.2328,81.9933],
[-87.1854,82.0167],
[-87.2306,82.0369],
[-87.3432,82.0653],
[-87.5014,82.0842],
[-87.9119,82.0908],
[-88.0383,82.1039],
[-88.145,82.0869],
[-88.5897,82.0667],
[-89.0211,81.998],
[-89.0481,81.9842],
[-88.9896,81.9482],
[-88.9985,81.9183],
[-89.0333,81.9122],
[-89.0747,81.9117],
[-89.2497,81.9411],
[-89.3717,81.9358],
[-89.4133,81.9219],
[-89.3975,81.9094],
[-89.2037,81.8833],
[-89.236,81.8493],
[-89.3564,81.8111],
[-89.4614,81.8181],
[-89.63,81.8564],
[-89.6494,81.8633],
[-89.7008,81.9155],
[-90.4367,81.8875],
[-90.61,81.8739],
[-90.7275,81.8411],
[-90.8522,81.8425],
[-91.0517,81.8289],
[-91.1444,81.8006],
[-91.1178,81.7844],
[-91.0505,81.7682],
[-91.255,81.7592],
[-91.3861,81.7739],
[-91.4855,81.77],
[-91.7247,81.7141],
[-91.7372,81.6869],
[-91.7708,81.6633],
[-91.8389,81.6586],
[-91.9022,81.6669],
[-91.953,81.6604]
]
],
[
[
[-91.7299,69.7873],
[-91.5549,69.7278],
[-91.5276,69.7292],
[-91.4669,69.7596],
[-91.4143,69.8775],
[-91.4758,69.8755],
[-91.7299,69.7873]
]
],
[
[
[-91.2978,77.2115],
[-91.2864,77.1966],
[-91.2303,77.1723],
[-90.9786,77.1378],
[-90.8683,77.1383],
[-90.8114,77.1467],
[-90.7281,77.1805],
[-90.716,77.204],
[-90.7364,77.2208],
[-90.7722,77.2314],
[-90.9331,77.2544],
[-91.1622,77.2514],
[-91.2772,77.2275],
[-91.2978,77.2115]
]
],
[
[
[-91.2089,77.415],
[-91.1467,77.3622],
[-90.9467,77.3094],
[-90.7047,77.2764],
[-90.3669,77.1978],
[-90.0889,77.1997],
[-90.0046,77.2129],
[-89.8828,77.24],
[-89.7078,77.2941],
[-89.6382,77.3362],
[-89.7192,77.4583],
[-89.9172,77.5272],
[-90.0597,77.5664],
[-90.1967,77.5872],
[-90.2139,77.6038],
[-90.2425,77.6125],
[-90.4144,77.6311],
[-90.6031,77.6283],
[-90.8264,77.6544],
[-90.8808,77.6544],
[-91.179,77.6108],
[-91.207,77.5686],
[-91.2089,77.415]
]
],
[
[
[-90.9612,63.5476],
[-90.817,63.4958],
[-90.6834,63.5112],
[-90.7126,63.5406],
[-90.7711,63.5519],
[-90.9612,63.5476]
]
],
[
[
[-90.7772,69.3236],
[-90.7772,69.2725],
[-90.6133,69.2078],
[-90.5756,69.1986],
[-90.5125,69.2025],
[-90.4563,69.2267],
[-90.4664,69.2743],
[-90.5888,69.3625],
[-90.6469,69.3743],
[-90.6922,69.3716],
[-90.7599,69.3475],
[-90.7772,69.3236]
]
],
[
[
[-90.5982,76.7396],
[-90.5685,76.7129],
[-90.5045,76.6753],
[-90.4122,76.6361],
[-90.1844,76.5153],
[-90.0817,76.485],
[-89.9997,76.4703],
[-89.9344,76.4767],
[-89.7575,76.4861],
[-89.6785,76.5074],
[-89.7944,76.5333],
[-89.8175,76.5469],
[-89.8626,76.6007],
[-89.839,76.6601],
[-89.7368,76.6714],
[-89.7022,76.6897],
[-89.6739,76.7344],
[-89.8258,76.8061],
[-89.9278,76.8289],
[-90.0253,76.8392],
[-90.2306,76.828],
[-90.4747,76.7997],
[-90.5766,76.768],
[-90.5982,76.7396]
]
],
[
[
[-90.5144,69.3639],
[-90.5082,69.3319],
[-90.3543,69.2365],
[-90.3295,69.2358],
[-90.2886,69.2494],
[-90.2717,69.2556],
[-90.1572,69.348],
[-90.149,69.3729],
[-90.1786,69.41],
[-90.1953,69.4169],
[-90.2014,69.4421],
[-90.3019,69.4344],
[-90.5144,69.3639]
]
],
[
[
[-90.4148,76.1583],
[-90.3089,76.1383],
[-90.0853,76.1244],
[-90.0601,76.1336],
[-90.4148,76.1583]
]
],
[
[
[-90.2789,74.0337],
[-90.2577,74.0124],
[-90.2178,74.0044],
[-89.9889,73.9883],
[-89.9235,74.0081],
[-89.9087,74.041],
[-89.9414,74.0575],
[-89.9919,74.0667],
[-90.2406,74.0539],
[-90.2789,74.0337]
]
],
[
[
[-90.0756,68.948],
[-89.9113,68.9167],
[-89.9139,69.0058],
[-89.94,69.011],
[-90.0706,68.9819],
[-90.0756,68.948]
]
],
[
[
[-90.0486,71.9539],
[-90.0267,71.8928],
[-89.9574,71.8223],
[-89.8083,71.7478],
[-89.8175,71.7247],
[-89.8904,71.6823],
[-90.0024,71.6347],
[-90.0131,71.6003],
[-89.9831,71.4469],
[-89.9667,71.4142],
[-89.9035,71.353],
[-89.8233,71.3269],
[-89.4286,71.2944],
[-89.058,71.2764],
[-88.5836,71.235],
[-88.1311,71.2191],
[-88.0289,71.2332],
[-87.906,71.2678],
[-87.8281,71.2598],
[-87.8242,71.2204],
[-87.8504,71.1941],
[-87.7603,71.1431],
[-87.7071,71.1247],
[-87.4728,71.0742],
[-87.399,71.0465],
[-87.0052,70.9927],
[-87.0514,70.9878],
[-87.2469,71.0092],
[-87.3037,70.9978],
[-87.3335,70.9753],
[-87.3465,70.9521],
[-87.3712,70.9447],
[-87.7,70.9556],
[-87.798,70.9497],
[-87.9217,70.9304],
[-88,70.9292],
[-88.3256,70.9555],
[-88.3559,70.9739],
[-88.3727,71.0054],
[-88.4846,71.0304],
[-88.6178,71.0444],
[-88.9047,71.0453],
[-89.1344,71.0269],
[-89.1876,71.0333],
[-89.2122,71.0478],
[-89.2206,71.0696],
[-89.4697,71.0919],
[-89.5497,71.0886],
[-89.495,71.0578],
[-89.3476,70.9997],
[-89.1945,70.9659],
[-89.2152,70.9382],
[-89.3717,70.9258],
[-89.4244,70.9169],
[-89.4469,70.9055],
[-89.3719,70.8169],
[-89.3306,70.7919],
[-89.2039,70.7372],
[-89.0767,70.6969],
[-89.0035,70.6476],
[-89.0039,70.625],
[-88.8975,70.5328],
[-88.7978,70.4897],
[-88.6783,70.454],
[-88.3744,70.4322],
[-88.0836,70.378],
[-87.9147,70.3317],
[-87.8853,70.3144],
[-87.909,70.3032],
[-87.9944,70.312],
[-88.2104,70.3519],
[-88.2588,70.3271],
[-88.0882,70.2851],
[-88.0128,70.2773],
[-87.9219,70.2431],
[-87.797,70.2403],
[-87.7042,70.2572],
[-87.6162,70.2835],
[-87.6362,70.2944],
[-87.67,70.2986],
[-87.6736,70.3192],
[-87.5625,70.3228],
[-86.9811,70.2832],
[-86.9842,70.3596],
[-87.0476,70.3802],
[-87.1836,70.394],
[-87.1367,70.4371],
[-87.081,70.4554],
[-86.9964,70.4675],
[-86.9606,70.4676],
[-86.9255,70.4524],
[-86.9881,70.4344],
[-86.8703,70.3251],
[-86.6449,70.3218],
[-86.6561,70.3669],
[-86.6278,70.3955],
[-86.5745,70.4227],
[-86.3686,70.4722],
[-86.3425,70.4901],
[-86.381,70.5178],
[-86.3579,70.5211],
[-86.3058,70.4985],
[-86.2913,70.4786],
[-86.313,70.4628],
[-86.5185,70.414],
[-86.5586,70.3869],
[-86.5792,70.3612],
[-86.554,70.2398],
[-86.255,70.1055],
[-85.8158,69.9994],
[-85.7269,69.9905],
[-85.5775,70.01],
[-85.2459,69.9913],
[-85.3769,70.0322],
[-85.6272,70.0714],
[-85.7328,70.0669],
[-85.8532,70.0396],
[-85.8746,70.0794],
[-85.8472,70.0889],
[-85.7197,70.1036],
[-85.3615,70.1035],
[-85.1696,70.0922],
[-84.7839,70.0189],
[-84.657,70.0025],
[-84.3142,69.9797],
[-84.0828,69.9853],
[-83.8986,69.9608],
[-83.7153,69.9478],
[-83.6139,69.9489],
[-83.3422,69.9783],
[-83.1503,70.0097],
[-83.0508,70.0042],
[-83.0353,69.988],
[-82.5264,69.8608],
[-82.3086,69.8571],
[-82.2141,69.8278],
[-82.2714,69.8264],
[-82.2436,69.8017],
[-82.1313,69.7835],
[-82.1187,69.8126],
[-82.0617,69.8594],
[-82.007,69.8742],
[-81.9635,69.8498],
[-81.8803,69.8525],
[-81.7399,69.8744],
[-81.7202,69.9409],
[-81.8417,69.9633],
[-82.1031,70.0653],
[-82.2997,70.1189],
[-82.8222,70.2208],
[-83.048,70.3069],
[-82.9999,70.3041],
[-82.61,70.2072],
[-82.1011,70.108],
[-81.7953,69.9886],
[-81.4331,69.913],
[-81.1458,69.8125],
[-81.1093,69.7726],
[-80.954,69.7336],
[-80.9457,69.7143],
[-80.8343,69.7312],
[-80.7678,69.7704],
[-80.7914,69.7905],
[-80.94,69.8628],
[-81.1389,69.9362],
[-81.1535,69.9655],
[-81.1886,69.9911],
[-81.3136,70.0322],
[-81.4647,70.0247],
[-81.5583,70.0569],
[-81.6792,70.0665],
[-81.7143,70.0768],
[-81.7375,70.0936],
[-81.7568,70.1249],
[-81.72,70.1314],
[-81.43,70.0936],
[-81.2258,70.0969],
[-81.0622,70.0855],
[-80.6611,70.0394],
[-80.5693,70.0479],
[-80.48,70.0269],
[-80.435,70.005],
[-80.3311,69.9812],
[-80.3016,69.9838],
[-80.2681,70.0011],
[-80.2325,70.0078],
[-80.0531,69.9972],
[-79.8914,69.9739],
[-79.8336,69.9494],
[-79.777,69.888],
[-79.6918,69.8511],
[-79.605,69.85],
[-79.5269,69.8719],
[-79.4081,69.885],
[-79.0664,69.8783],
[-78.7919,69.8911],
[-78.696,69.9293],
[-78.6707,69.9533],
[-78.6642,70.0042],
[-78.6851,70.0491],
[-78.7375,70.115],
[-78.751,70.1658],
[-78.7701,70.1893],
[-78.9217,70.3008],
[-78.9883,70.3314],
[-79.0331,70.34],
[-79.0638,70.3411],
[-79.0878,70.3276],
[-79.1043,70.3068],
[-79.2171,70.3147],
[-79.3172,70.3603],
[-79.3869,70.3716],
[-79.4167,70.3616],
[-79.5697,70.3878],
[-79.5892,70.4109],
[-79.5756,70.4294],
[-79.3958,70.493],
[-79.3053,70.4769],
[-79.2912,70.4518],
[-79.2299,70.4214],
[-79.2097,70.418],
[-79.1794,70.4258],
[-79.1439,70.4539],
[-79.0681,70.6155],
[-79.0978,70.6103],
[-79.1512,70.6218],
[-79.0492,70.6757],
[-79.0174,70.68],
[-78.9988,70.6659],
[-78.9855,70.6396],
[-78.9122,70.6214],
[-78.8638,70.6298],
[-78.7261,70.5475],
[-78.7881,70.5561],
[-78.8133,70.5719],
[-78.8274,70.5921],
[-78.8936,70.5905],
[-79.0749,70.5332],
[-79.0979,70.4957],
[-79.0706,70.4697],
[-79.032,70.455],
[-78.8583,70.4539],
[-78.7475,70.4389],
[-78.7047,70.3747],
[-78.6589,70.3487],
[-78.5674,70.3136],
[-78.5719,70.3417],
[-78.5288,70.3571],
[-78.4312,70.3494],
[-78.3976,70.3309],
[-78.4808,70.2886],
[-78.4035,70.2133],
[-78.3515,70.1982],
[-78.2392,70.2039],
[-77.8882,70.2583],
[-77.8108,70.2455],
[-77.677,70.1842],
[-77.665,70.088],
[-77.672,70.0487],
[-77.6949,69.9942],
[-77.6919,69.963],
[-77.6681,69.8367],
[-77.6476,69.7653],
[-77.6321,69.7494],
[-77.605,69.7401],
[-77.5592,69.7455],
[-77.4512,69.7927],
[-77.5083,69.8267],
[-77.438,69.8572],
[-77.2603,69.8875],
[-77.1332,69.9241],
[-76.9901,69.9369],
[-77.1167,69.9014],
[-77.2486,69.8791],
[-77.2913,69.8558],
[-77.3051,69.8339],
[-77.1503,69.8161],
[-76.9331,69.8097],
[-76.8436,69.8147],
[-76.7814,69.7458],
[-76.7929,69.7201],
[-76.8211,69.6999],
[-76.8967,69.6792],
[-76.9347,69.6787],
[-76.9494,69.6955],
[-77.1572,69.6787],
[-77.1913,69.6427],
[-77.1369,69.6264],
[-76.7303,69.5603],
[-76.6918,69.5635],
[-76.5575,69.6228],
[-76.5289,69.6455],
[-76.5243,69.6675],
[-76.5503,69.674],
[-76.5817,69.6669],
[-76.6332,69.6781],
[-76.5447,69.6958],
[-76.4506,69.6903],
[-76.2955,69.6603],
[-76.1856,69.6621],
[-76.2269,69.6372],
[-76.2614,69.6266],
[-76.4507,69.6537],
[-76.4835,69.6503],
[-76.6212,69.5851],
[-76.6396,69.5512],
[-76.6075,69.5297],
[-76.4178,69.4472],
[-76.298,69.4078],
[-76.1686,69.4114],
[-75.9633,69.3676],
[-75.6697,69.2711],
[-75.6114,69.2441],
[-75.5917,69.2216],
[-75.57,69.1569],
[-75.6044,69.0889],
[-75.8139,69.0678],
[-75.9969,69.003],
[-76.083,69.0084],
[-76.1406,69.0347],
[-76.3686,69.0553],
[-76.5433,69.0383],
[-76.6036,69.0258],
[-76.6379,69.0088],
[-76.6556,68.9276],
[-76.6442,68.9111],
[-76.6083,68.8839],
[-76.5518,68.884],
[-76.5253,68.8728],
[-76.5417,68.8376],
[-76.5694,68.8132],
[-76.6728,68.7637],
[-76.6866,68.7343],
[-76.6675,68.7048],
[-76.6289,68.6869],
[-76.5499,68.6732],
[-76.4567,68.6753],
[-76.3761,68.6875],
[-76.0494,68.7644],
[-75.8092,68.8369],
[-75.6039,68.8797],
[-75.5385,68.9014],
[-75.5022,68.9361],
[-75.5378,68.9511],
[-75.5712,68.9864],
[-75.4865,69.0181],
[-75.4531,69.0191],
[-75.3786,68.9716],
[-75.1972,68.8931],
[-75.1319,68.8864],
[-75.0735,68.9185],
[-75.0369,68.989],
[-75.0476,69.011],
[-74.9486,69.0489],
[-74.8304,69.0812],
[-74.7858,69.0764],
[-74.6525,69.0403],
[-74.6451,69.0144],
[-74.675,69.0069],
[-74.7551,69.0057],
[-74.7451,69.0122],
[-74.7558,69.013],
[-74.9115,68.9934],
[-75.0211,68.953],
[-75.038,68.9277],
[-74.8679,68.9546],
[-74.7222,68.9341],
[-74.7402,68.8727],
[-74.7642,68.872],
[-74.7878,68.8544],
[-74.9158,68.8093],
[-74.7717,68.7742],
[-74.6569,68.788],
[-74.6369,68.8013],
[-74.666,68.8173],
[-74.7193,68.8223],
[-74.6574,68.8465],
[-74.6042,68.8417],
[-74.548,68.826],
[-74.5711,68.7976],
[-74.5919,68.7889],
[-74.7221,68.7683],
[-74.7272,68.7337],
[-74.5989,68.6819],
[-74.5322,68.624],
[-74.5203,68.6054],
[-74.3853,68.5443],
[-74.0283,68.5136],
[-73.9903,68.4928],
[-73.9214,68.5119],
[-73.8849,68.5574],
[-74.1061,68.6905],
[-74.0942,68.72],
[-73.8658,68.7058],
[-73.761,68.6858],
[-73.7047,68.6566],
[-73.7363,68.5179],
[-73.8686,68.4898],
[-73.8895,68.4447],
[-73.8961,68.3922],
[-73.8538,68.3444],
[-73.6284,68.2471],
[-73.5937,68.2533],
[-73.5067,68.2914],
[-73.3532,68.3404],
[-73.3581,68.3663],
[-73.3104,68.3946],
[-73.2531,68.3908],
[-73.2117,68.3769],
[-73.3198,68.3289],
[-73.3547,68.3292],
[-73.4961,68.2755],
[-73.3956,68.2586],
[-73.3367,68.2756],
[-73.2711,68.2819],
[-73.1951,68.2593],
[-73.1611,68.2289],
[-72.9933,68.2054],
[-72.9811,68.1392],
[-72.957,68.095],
[-72.9122,68.0575],
[-72.8961,68.0142],
[-72.9033,67.9618],
[-72.9264,67.9508],
[-72.9431,67.9298],
[-72.8363,67.8514],
[-72.735,67.8417],
[-72.6124,67.7891],
[-72.5965,67.7424],
[-72.6736,67.7007],
[-72.6664,67.6841],
[-72.5978,67.6397],
[-72.4958,67.6302],
[-72.4811,67.6097],
[-72.4364,67.4722],
[-72.3636,67.3533],
[-72.2869,67.2908],
[-72.2583,67.248],
[-72.2793,67.164],
[-72.3686,67.1125],
[-72.4642,67.09],
[-72.685,67.0761],
[-72.7992,67.0403],
[-72.8287,67.0215],
[-72.8739,66.9319],
[-73.1086,66.7233],
[-73.3519,66.65],
[-73.3986,66.6136],
[-73.4374,66.5547],
[-73.6661,66.4719],
[-74.0778,66.3008],
[-74.3422,66.2253],
[-74.4405,66.1735],
[-74.4709,66.1348],
[-74.4503,66.1014],
[-74.4256,66.0847],
[-74.2589,66.0017],
[-74.058,65.8755],
[-73.9303,65.8257],
[-73.8411,65.82],
[-73.8108,65.8111],
[-73.7099,65.762],
[-73.6846,65.7229],
[-73.6622,65.6586],
[-73.5636,65.5622],
[-73.5006,65.4744],
[-73.6551,65.456],
[-73.7051,65.4684],
[-73.7414,65.5097],
[-73.7678,65.5208],
[-73.8453,65.5322],
[-74.1058,65.535],
[-74.1828,65.5253],
[-74.3133,65.461],
[-74.3528,65.4029],
[-74.5244,65.3333],
[-74.6296,65.3376],
[-74.8236,65.3775],
[-75.1049,65.3885],
[-75.0708,65.3303],
[-75.0826,65.2892],
[-75.1061,65.2698],
[-75.1867,65.2519],
[-75.5608,65.2743],
[-75.6031,65.2955],
[-75.8658,65.3198],
[-75.9433,65.3196],
[-75.9418,65.2939],
[-75.8906,65.2691],
[-75.7619,65.2378],
[-75.5164,65.1386],
[-75.4256,65.0772],
[-75.378,65.0183],
[-75.3562,65.0045],
[-75.28,65.0353],
[-75.2621,65.0557],
[-75.2629,65.0857],
[-75.25,65.1053],
[-75.219,65.1094],
[-75.1904,65.1014],
[-75.1926,65.0742],
[-75.2642,64.9661],
[-75.349,64.9817],
[-75.3854,64.981],
[-75.4739,64.9358],
[-75.5615,64.878],
[-75.4585,64.8729],
[-75.4228,64.8903],
[-75.3572,64.8978],
[-75.3739,64.8331],
[-75.3344,64.7644],
[-75.2984,64.7476],
[-75.2982,64.7272],
[-75.373,64.715],
[-75.4614,64.8116],
[-75.5964,64.8631],
[-75.6653,64.943],
[-75.5021,64.9394],
[-75.4199,64.9739],
[-75.4106,65.0247],
[-75.4262,65.0461],
[-75.4708,65.0842],
[-75.5286,65.1089],
[-75.7407,65.1711],
[-75.7699,65.2177],
[-75.914,65.2567],
[-75.9603,65.2555],
[-76.0725,65.2772],
[-76.6269,65.3989],
[-76.85,65.4283],
[-76.9208,65.4294],
[-76.9554,65.417],
[-77.1009,65.4128],
[-77.1217,65.4323],
[-77.2381,65.4694],
[-77.3856,65.468],
[-77.4245,65.4481],
[-77.3986,65.4267],
[-77.327,65.396],
[-77.2919,65.3696],
[-77.3146,65.3587],
[-77.3418,65.358],
[-77.4629,65.375],
[-77.5096,65.3205],
[-77.4447,65.2755],
[-77.3899,65.2512],
[-77.3168,65.1923],
[-77.3367,65.1761],
[-77.4935,65.1394],
[-77.6797,65.1233],
[-77.9731,65.0414],
[-78.1473,64.948],
[-78.1253,64.8875],
[-78.1099,64.8725],
[-78.0674,64.8546],
[-78.0736,64.8136],
[-78.1844,64.7311],
[-78.1606,64.6905],
[-78.1807,64.57],
[-77.9703,64.4544],
[-77.8314,64.4125],
[-77.7472,64.3378],
[-77.6797,64.3211],
[-77.6599,64.3811],
[-77.5883,64.3683],
[-77.4342,64.3203],
[-77.377,64.2481],
[-77.3275,64.2464],
[-77.1383,64.2894],
[-76.9683,64.2597],
[-76.664,64.1899],
[-76.6717,64.2233],
[-76.716,64.2355],
[-76.7322,64.2873],
[-76.7058,64.3008],
[-76.5919,64.3105],
[-76.5414,64.3047],
[-76.5048,64.2865],
[-76.4892,64.2676],
[-76.3006,64.2789],
[-76.2016,64.3068],
[-76.2645,64.3192],
[-76.2536,64.3578],
[-76.0439,64.3683],
[-75.9506,64.3992],
[-75.8617,64.3711],
[-75.7212,64.378],
[-75.8665,64.471],
[-75.9154,64.4828],
[-75.8747,64.4869],
[-75.7694,64.4664],
[-75.7278,64.4425],
[-75.7025,64.4386],
[-75.6385,64.4595],
[-75.7292,64.5031],
[-75.8184,64.5319],
[-75.8372,64.5614],
[-75.8451,64.6061],
[-75.8242,64.6116],
[-75.7688,64.6067],
[-75.7126,64.576],
[-75.6664,64.5639],
[-75.4092,64.5228],
[-75.3469,64.5007],
[-75.2953,64.4667],
[-75.2118,64.4292],
[-75.1501,64.4554],
[-75.1821,64.4822],
[-75.1425,64.4833],
[-74.98,64.4175],
[-74.7978,64.3808],
[-74.6858,64.3711],
[-74.6855,64.3919],
[-74.5858,64.4803],
[-74.4728,64.5589],
[-74.6678,64.6671],
[-74.8347,64.7164],
[-74.979,64.7906],
[-74.9496,64.804],
[-74.8933,64.7847],
[-74.7226,64.7722],
[-74.7085,64.7972],
[-74.737,64.847],
[-74.6544,64.8989],
[-74.631,64.9037],
[-74.547,64.8917],
[-74.48,64.8376],
[-74.5675,64.8328],
[-74.6833,64.7583],
[-74.7021,64.7352],
[-74.5353,64.6222],
[-74.3879,64.5705],
[-74.2325,64.5864],
[-74.2108,64.6085],
[-74.1953,64.663],
[-74.1175,64.7439],
[-74.0929,64.7512],
[-74.0539,64.728],
[-74.0556,64.6105],
[-74.0738,64.534],
[-74.1281,64.5331],
[-74.1022,64.3675],
[-74.0628,64.3344],
[-73.9994,64.328],
[-73.9728,64.4303],
[-73.8447,64.5019],
[-73.9283,64.5962],
[-73.9103,64.6058],
[-73.8554,64.591],
[-73.7954,64.5516],
[-73.7547,64.5364],
[-73.6675,64.5772],
[-73.6556,64.6276],
[-73.595,64.6297],
[-73.4672,64.6128],
[-73.4487,64.5654],
[-73.4731,64.5536],
[-73.4722,64.5068],
[-73.4242,64.51],
[-73.3126,64.5341],
[-73.2989,64.5522],
[-73.3051,64.5886],
[-73.3444,64.6366],
[-73.3015,64.6578],
[-73.1661,64.6071],
[-73.1662,64.5782],
[-73.327,64.4761],
[-73.4156,64.4458],
[-73.4178,64.3711],
[-73.3794,64.2701],
[-73.3397,64.258],
[-73.2717,64.2745],
[-73.2239,64.3116],
[-72.9028,64.1619],
[-72.8769,64.0919],
[-72.9224,64.084],
[-72.9382,64.0606],
[-72.8361,64.0197],
[-72.7558,64.0022],
[-72.72,63.9611],
[-72.6961,63.9655],
[-72.6672,63.9897],
[-72.7025,64.0083],
[-72.6827,64.0775],
[-72.6615,64.0786],
[-72.5928,64.0201],
[-72.6117,63.943],
[-72.6411,63.9044],
[-72.6347,63.8525],
[-72.5856,63.8528],
[-72.5292,63.8422],
[-72.4642,63.8102],
[-72.5249,63.7925],
[-72.4361,63.7817],
[-72.3674,63.7881],
[-72.3745,63.8104],
[-72.3647,63.8455],
[-72.2421,63.9497],
[-72.2231,63.9294],
[-72.2097,63.8931],
[-72.215,63.8678],
[-72.27,63.7872],
[-72.2971,63.7751],
[-72.3213,63.7774],
[-72.359,63.7563],
[-72.3217,63.6762],
[-72.2306,63.6715],
[-72.2132,63.6815],
[-72.1694,63.7486],
[-72.0519,63.6786],
[-71.9636,63.6492],
[-71.9271,63.6525],
[-71.8811,63.68],
[-71.8501,63.7594],
[-71.9437,63.7702],
[-71.9699,63.7496],
[-71.9989,63.7521],
[-71.9855,63.7819],
[-71.9644,63.7992],
[-71.9006,63.8092],
[-71.827,63.7825],
[-71.7006,63.6964],
[-71.663,63.7035],
[-71.6247,63.7224],
[-71.5831,63.7158],
[-71.5658,63.6805],
[-71.5836,63.6497],
[-71.5751,63.5847],
[-71.4631,63.5785],
[-71.4085,63.6339],
[-71.3775,63.6328],
[-71.3679,63.6044],
[-71.4136,63.571],
[-71.38,63.5655],
[-71.3304,63.5768],
[-71.3258,63.6037],
[-71.3011,63.6119],
[-71.2534,63.6117],
[-71.2299,63.6026],
[-71.317,63.5308],
[-71.4117,63.4858],
[-71.6072,63.4242],
[-71.6831,63.4197],
[-72.0231,63.448],
[-72.14,63.4431],
[-72.0714,63.3978],
[-71.8007,63.3837],
[-71.795,63.3267],
[-71.77,63.2564],
[-71.7103,63.1771],
[-71.6058,63.135],
[-71.4599,63.1026],
[-71.411,63.0598],
[-71.2592,63.0031],
[-71.2383,63.0015],
[-71.1329,63.0725],
[-71.0357,63.0707],
[-70.9919,63.1054],
[-71.0009,63.128],
[-70.9836,63.1524],
[-70.9147,63.1699],
[-70.8564,63.1394],
[-70.8639,63.1122],
[-71.0113,63.044],
[-71.1274,63.0304],
[-71.1503,62.9887],
[-71.1208,62.9794],
[-71.0131,62.99],
[-70.9761,62.9866],
[-70.8478,62.9472],
[-70.856,62.9251],
[-70.8861,62.9133],
[-70.8533,62.9],
[-70.5037,62.8651],
[-70.3594,62.7902],
[-70.2261,62.749],
[-70.1219,62.7489],
[-69.7275,62.78],
[-69.4825,62.7636],
[-69.5039,62.7414],
[-69.5614,62.7222],
[-69.5906,62.6579],
[-69.4367,62.5503],
[-69.4306,62.5842],
[-69.2317,62.4553],
[-69.16,62.4253],
[-69.039,62.3814],
[-68.8822,62.3605],
[-68.7592,62.328],
[-68.7242,62.3042],
[-68.6158,62.2639],
[-68.5564,62.2503],
[-68.3253,62.235],
[-68.2331,62.2197],
[-68.0031,62.2139],
[-67.7983,62.1661],
[-67.4631,62.1394],
[-67.3453,62.1194],
[-67.2547,62.078],
[-67.0983,62.0315],
[-66.7513,62.0094],
[-66.6294,61.918],
[-66.3997,61.8718],
[-66.2818,61.8583],
[-66.0619,61.8692],
[-65.9592,61.889],
[-65.948,61.9078],
[-65.9958,61.9617],
[-66.0326,61.9546],
[-66.11,62.0175],
[-66.1325,62.0894],
[-66.0472,62.1497],
[-65.9365,62.1997],
[-65.9965,62.246],
[-66.0256,62.2487],
[-66.0518,62.2277],
[-66.0817,62.2264],
[-66.2125,62.2453],
[-66.2541,62.2606],
[-66.1637,62.2629],
[-66.1653,62.2914],
[-66.2083,62.3322],
[-66.2899,62.3442],
[-66.3328,62.3419],
[-66.3578,62.3197],
[-66.3186,62.2647],
[-66.3747,62.2861],
[-66.4709,62.3443],
[-66.431,62.3493],
[-66.3308,62.3808],
[-66.3549,62.4453],
[-66.425,62.4453],
[-66.6069,62.605],
[-66.7723,62.6403],
[-66.7404,62.6642],
[-66.819,62.6796],
[-66.9133,62.67],
[-66.9578,62.6811],
[-67.0483,62.7714],
[-67.1947,62.8703],
[-67.3981,62.9672],
[-67.4665,62.9853],
[-67.5697,62.9647],
[-67.6472,62.9239],
[-67.6695,62.9335],
[-67.6514,62.9675],
[-67.5936,62.9875],
[-67.541,62.9936],
[-67.5049,63.0125],
[-67.53,63.0369],
[-67.5592,63.049],
[-67.6925,63.0237],
[-67.7313,62.9922],
[-67.7264,62.9602],
[-67.7635,62.9573],
[-67.7731,63.0258],
[-67.7235,63.0533],
[-67.6301,63.0604],
[-67.6059,63.0836],
[-67.6394,63.0996],
[-67.9128,63.0833],
[-67.921,63.1352],
[-67.9522,63.1455],
[-68.0733,63.1636],
[-68.1286,63.148],
[-68.1494,63.1539],
[-68.2706,63.285],
[-68.3594,63.3447],
[-68.4958,63.4214],
[-68.7604,63.5526],
[-68.7933,63.5892],
[-68.8098,63.6285],
[-68.8247,63.6439],
[-68.993,63.7465],
[-68.9625,63.7592],
[-68.9201,63.7581],
[-68.8,63.7294],
[-68.6458,63.7475],
[-68.5428,63.7325],
[-68.4283,63.6964],
[-68.3958,63.6609],
[-68.3658,63.6453],
[-68.0686,63.5437],
[-68.0383,63.544],
[-67.9508,63.5067],
[-67.8596,63.4569],
[-67.8239,63.4028],
[-67.7418,63.3679],
[-67.6899,63.3676],
[-67.6698,63.3896],
[-67.6784,63.4235],
[-67.82,63.5964],
[-67.9209,63.7548],
[-67.8975,63.7531],
[-67.8389,63.7297],
[-67.6833,63.6194],
[-67.6217,63.5489],
[-67.5,63.4428],
[-67.4317,63.4128],
[-67.2039,63.2853],
[-67.1754,63.2747],
[-67.0426,63.2743],
[-67.0157,63.2837],
[-67.0392,63.3317],
[-67.0142,63.3986],
[-66.9776,63.3967],
[-67.0204,63.247],
[-66.8642,63.1488],
[-66.8356,63.1494],
[-66.8019,63.1692],
[-66.8097,63.1913],
[-66.8391,63.2209],
[-66.8458,63.2556],
[-66.8119,63.2728],
[-66.7892,63.2114],
[-66.7699,63.0919],
[-66.6776,63.0247],
[-66.5455,62.9939],
[-66.5583,63.0872],
[-66.6044,63.2067],
[-66.6431,63.2376],
[-66.6785,63.2454],
[-66.7258,63.2705],
[-66.7388,63.2913],
[-66.6538,63.3734],
[-66.6376,63.3528],
[-66.6467,63.3264],
[-66.6264,63.2522],
[-66.5519,63.1794],
[-66.5218,63.07],
[-66.4444,63.0205],
[-66.3724,62.9925],
[-66.3483,62.9989],
[-66.2893,62.9915],
[-66.2208,62.9694],
[-66.164,62.9378],
[-66.1062,62.9459],
[-66.0963,62.9866],
[-66.207,63.0408],
[-66.2911,63.1229],
[-66.2731,63.1322],
[-66.1621,63.0873],
[-66.1497,63.06],
[-66.0229,62.9818],
[-65.9806,62.9743],
[-65.9261,63.0083],
[-65.8581,63.0307],
[-65.8365,63.028],
[-65.9333,62.9558],
[-65.9094,62.9258],
[-65.7469,62.9178],
[-65.6074,62.8203],
[-65.5729,62.8118],
[-65.4367,62.8194],
[-65.392,62.8436],
[-65.3397,62.8375],
[-65.3553,62.6897],
[-65.3351,62.6687],
[-65.3249,62.6915],
[-65.2719,62.6917],
[-65.2927,62.6706],
[-65.209,62.5694],
[-65.1875,62.5622],
[-65.071,62.5846],
[-64.9728,62.6286],
[-64.9489,62.6486],
[-64.9815,62.7094],
[-65.1222,62.8326],
[-65.1885,62.8739],
[-65.2692,62.96],
[-65.2524,62.9753],
[-65.2324,62.9574],
[-65.005,62.9078],
[-64.8819,62.8675],
[-64.7695,62.8622],
[-64.7336,62.8789],
[-64.6306,62.899],
[-64.64,62.9171],
[-64.6764,62.9417],
[-64.7714,62.9833],
[-64.7542,63.0979],
[-64.7907,63.1264],
[-64.9158,63.1825],
[-65.0542,63.1732],
[-65.0833,63.2039],
[-65.1434,63.2869],
[-65.111,63.2822],
[-65.0757,63.2567],
[-65.0464,63.2483],
[-64.9081,63.2366],
[-64.9092,63.2805],
[-64.9475,63.3576],
[-65.0269,63.3992],
[-65.101,63.538],
[-65.0889,63.5618],
[-65.0392,63.5742],
[-65.0531,63.638],
[-65.1353,63.7153],
[-65.2817,63.7889],
[-65.2973,63.8102],
[-65.2047,63.8033],
[-65.1604,63.7743],
[-65.1669,63.7478],
[-65.0672,63.67],
[-64.9425,63.6322],
[-64.8506,63.5108],
[-64.7675,63.3239],
[-64.6583,63.2492],
[-64.5346,63.249],
[-64.4886,63.2866],
[-64.5798,63.2975],
[-64.6173,63.3197],
[-64.5889,63.3219],
[-64.5108,63.3078],
[-64.4955,63.3278],
[-64.5003,63.4365],
[-64.5367,63.5811],
[-64.5077,63.6424],
[-64.5326,63.6796],
[-64.6836,63.7464],
[-64.7781,63.7478],
[-64.9515,63.7754],
[-64.9854,63.8238],
[-64.9747,63.8519],
[-64.8821,63.898],
[-64.695,63.965],
[-64.6341,63.9746],
[-64.6731,64.0344],
[-65.0924,64.0093],
[-65.19,64.0203],
[-65.2122,64.0353],
[-65.1367,64.0414],
[-65.0533,64.0693],
[-65.1619,64.138],
[-65.265,64.1789],
[-65.2475,64.2055],
[-65.4285,64.2978],
[-65.5058,64.3025],
[-65.6103,64.2933],
[-65.6576,64.305],
[-65.525,64.3233],
[-65.4517,64.32],
[-65.3433,64.295],
[-65.2935,64.2912],
[-65.2008,64.3077],
[-65.0722,64.4346],
[-65.0782,64.4722],
[-65.1445,64.5114],
[-65.2072,64.535],
[-65.3961,64.5214],
[-65.5056,64.4689],
[-65.5133,64.4982],
[-65.6433,64.495],
[-65.7019,64.4862],
[-65.7276,64.5045],
[-65.7142,64.5705],
[-65.5797,64.6499],
[-65.562,64.7315],
[-65.635,64.773],
[-65.6567,64.7732],
[-65.6801,64.7633],
[-65.7097,64.7249],
[-65.7074,64.6914],
[-65.7319,64.7187],
[-65.7394,64.7442],
[-65.6686,64.8101],
[-65.7225,64.8419],
[-65.8386,64.8825],
[-65.9378,64.8904],
[-65.9576,64.8819],
[-65.8943,64.7262],
[-65.8517,64.6804],
[-65.9,64.6733],
[-66.0125,64.6994],
[-66.0089,64.7836],
[-66.0202,64.8478],
[-66.0863,64.8144],
[-66.1169,64.7814],
[-66.15,64.7255],
[-66.1485,64.6976],
[-66.1678,64.6823],
[-66.2156,64.6882],
[-66.2133,64.7561],
[-66.1772,64.7964],
[-66.1483,64.8689],
[-66.3347,64.9347],
[-66.3839,64.9128],
[-66.4904,64.9426],
[-66.4961,64.983],
[-66.5329,65.0092],
[-66.6671,65.0379],
[-66.6942,65.0354],
[-66.6761,64.8761],
[-66.6415,64.7785],
[-66.6946,64.7619],
[-66.7346,64.8226],
[-66.7392,64.86],
[-66.7289,64.9023],
[-66.7431,64.963],
[-66.7675,65.0244],
[-66.8017,65.0608],
[-66.7533,65.1133],
[-66.7324,65.1801],
[-66.7564,65.1772],
[-66.8906,65.1033],
[-67.0804,65.0572],
[-67.1047,65.0598],
[-67.0695,65.099],
[-66.9533,65.1177],
[-66.9328,65.2328],
[-67.0639,65.2183],
[-67.0778,65.2503],
[-67.1228,65.311],
[-67.2854,65.3501],
[-67.3246,65.3182],
[-67.4072,65.3395],
[-67.3161,65.3586],
[-67.1219,65.3617],
[-67.0783,65.3922],
[-67.0606,65.4221],
[-67.066,65.4565],
[-67.1489,65.468],
[-67.2214,65.4564],
[-67.3475,65.4586],
[-67.4559,65.4989],
[-67.3276,65.5843],
[-67.2569,65.6071],
[-67.2779,65.6401],
[-67.3238,65.661],
[-67.4286,65.6767],
[-67.7213,65.6386],
[-67.8603,65.5844],
[-67.9419,65.5253],
[-68.0233,65.4884],
[-67.9541,65.5628],
[-67.9792,65.5733],
[-68.0125,65.5578],
[-68.0589,65.5681],
[-67.9892,65.6191],
[-67.9425,65.618],
[-67.8703,65.6894],
[-67.8211,65.7681],
[-67.8861,65.805],
[-68.0286,65.7758],
[-68.1472,65.7983],
[-68.136,65.826],
[-68.1458,65.9267],
[-68.2963,65.9082],
[-68.3283,65.9223],
[-68.3239,66.0039],
[-68.3044,66.028],
[-68.2038,65.9767],
[-68.129,65.9632],
[-68.0547,65.9949],
[-68.0472,66.065],
[-68.1265,66.1068],
[-68.1986,66.1282],
[-68.22,66.1286],
[-68.2456,66.1064],
[-68.2303,66.0768],
[-68.3003,66.0928],
[-68.3872,66.1332],
[-68.4092,66.1529],
[-68.5683,66.1786],
[-68.8439,66.1887],
[-68.8083,66.1958],
[-68.5381,66.2008],
[-68.3403,66.1969],
[-68.2447,66.1828],
[-68.1308,66.1266],
[-68.0265,66.0633],
[-68.029,65.9964],
[-67.9386,65.908],
[-67.8242,65.8808],
[-67.7953,65.8772],
[-67.7406,65.8941],
[-67.1887,65.9124],
[-67.2435,65.9783],
[-67.1638,66.0361],
[-67.5706,66.1841],
[-67.6722,66.2283],
[-67.7247,66.2608],
[-67.7049,66.2838],
[-67.7585,66.3557],
[-67.8786,66.4583],
[-67.9369,66.476],
[-67.9893,66.5076],
[-67.9236,66.5161],
[-67.8367,66.4875],
[-67.8197,66.4662],
[-67.7217,66.438],
[-67.5646,66.4085],
[-67.4517,66.3186],
[-67.4065,66.2946],
[-67.2899,66.2757],
[-67.2579,66.301],
[-67.1622,66.2989],
[-67.1314,66.3093],
[-67.1922,66.3536],
[-67.3136,66.3764],
[-67.3784,66.3993],
[-67.4042,66.4267],
[-67.3435,66.4229],
[-67.1915,66.3647],
[-67.1667,66.3647],
[-67.1389,66.3794],
[-67.1462,66.4403],
[-67.289,66.5225],
[-67.379,66.5452],
[-67.7011,66.5558],
[-67.7343,66.5688],
[-67.6397,66.5806],
[-67.515,66.5736],
[-67.3347,66.5967],
[-67.1931,66.5185],
[-67.1919,66.4932],
[-67.126,66.4854],
[-67.1056,66.4858],
[-66.8872,66.5665],
[-67.0547,66.6356],
[-67.0328,66.644],
[-66.9997,66.6383],
[-66.8519,66.5833],
[-66.8064,66.5319],
[-66.8217,66.4594],
[-66.7678,66.3805],
[-66.728,66.3703],
[-66.6156,66.371],
[-66.5978,66.3869],
[-66.4718,66.4144],
[-66.444,66.4047],
[-66.5719,66.3621],
[-66.5307,66.2309],
[-66.4925,66.2046],
[-66.4019,66.2008],
[-66.3714,66.2253],
[-66.2511,66.2422],
[-66.1911,66.24],
[-66.2008,66.195],
[-66.1426,66.1329],
[-66.0736,66.1205],
[-65.9601,66.1085],
[-65.6997,66.179],
[-65.6047,66.2404],
[-65.5654,66.2834],
[-65.5577,66.322],
[-65.4808,66.3848],
[-65.4711,66.3425],
[-65.5455,66.2433],
[-65.644,66.1674],
[-65.9134,66.0896],
[-65.9635,66.0391],
[-65.9299,65.9564],
[-65.8764,65.948],
[-65.39,65.9753],
[-64.9412,66.0786],
[-64.8537,66.1153],
[-64.8574,66.145],
[-64.84,66.1933],
[-64.7926,66.234],
[-64.7167,66.2742],
[-64.4647,66.343],
[-64.3623,66.3432],
[-64.3821,66.3244],
[-64.4056,66.3158],
[-64.7169,66.2205],
[-64.7508,66.1855],
[-64.8217,66.0447],
[-64.765,65.988],
[-64.7377,65.9728],
[-64.7638,65.9661],
[-64.8014,65.9694],
[-64.9289,66.0018],
[-64.955,66],
[-65.145,65.9594],
[-65.3572,65.9025],
[-65.4498,65.8385],
[-65.496,65.7423],
[-65.4603,65.7414],
[-65.4489,65.681],
[-65.37,65.6611],
[-65.1663,65.6565],
[-65.1096,65.6898],
[-65.0247,65.7169],
[-64.907,65.7289],
[-64.8017,65.7219],
[-64.985,65.7035],
[-65.1055,65.6666],
[-65.1065,65.6428],
[-65.1258,65.6333],
[-65.3019,65.628],
[-65.336,65.5696],
[-65.3167,65.5512],
[-65.1531,65.5392],
[-64.9839,65.5497],
[-64.9525,65.5644],
[-64.8722,65.645],
[-64.8486,65.6564],
[-64.7947,65.6619],
[-64.7115,65.6508],
[-64.7672,65.64],
[-64.8369,65.6058],
[-64.8544,65.5836],
[-64.9297,65.5247],
[-65.1619,65.4865],
[-65.1416,65.4267],
[-65.0669,65.3798],
[-65.0086,65.3669],
[-64.9886,65.3782],
[-64.9792,65.4023],
[-64.8585,65.4227],
[-64.8154,65.4136],
[-64.6953,65.4278],
[-64.4187,65.4798],
[-64.4385,65.4255],
[-64.4698,65.4191],
[-64.6092,65.4264],
[-64.8691,65.3432],
[-64.8067,65.3471],
[-64.6901,65.3348],
[-64.7547,65.3137],
[-64.8288,65.3186],
[-64.9107,65.3015],
[-64.8925,65.2709],
[-64.8079,65.233],
[-64.7833,65.2364],
[-64.7626,65.25],
[-64.7183,65.2225],
[-64.6411,65.15],
[-64.5711,65.1223],
[-64.5506,65.0943],
[-64.5154,65.1148],
[-64.4556,65.2072],
[-64.4606,65.2535],
[-64.4732,65.2779],
[-64.4617,65.295],
[-64.4314,65.3269],
[-64.2819,65.4255],
[-64.2392,65.4274],
[-64.2532,65.3886],
[-64.3991,65.2945],
[-64.4072,65.2758],
[-64.3958,65.2072],
[-64.3771,65.1791],
[-64.3392,65.1614],
[-64.3071,65.1594],
[-64.2126,65.1991],
[-64.1304,65.188],
[-64.2154,65.1511],
[-64.2703,65.0976],
[-64.1289,65.0448],
[-63.9486,65.1005],
[-63.8847,65.0857],
[-63.8703,65.0425],
[-63.8497,65.0303],
[-63.8244,65.0275],
[-63.7322,65.0489],
[-63.6917,65.0486],
[-63.6646,65.0374],
[-63.8254,65.0121],
[-63.8242,64.9847],
[-63.6597,64.9397],
[-63.6539,64.9117],
[-63.547,64.8872],
[-63.5278,64.9698],
[-63.4244,65.0491],
[-63.3769,65.1108],
[-63.4722,65.1964],
[-63.3357,65.298],
[-63.4836,65.405],
[-63.6519,65.4704],
[-63.5533,65.4689],
[-63.4689,65.4397],
[-63.4019,65.426],
[-63.3022,65.4401],
[-63.6123,65.5358],
[-63.594,65.5905],
[-63.5621,65.5869],
[-63.5279,65.5547],
[-63.4867,65.5284],
[-63.4633,65.5228],
[-63.3579,65.539],
[-63.3367,65.5569],
[-63.3233,65.5971],
[-63.3718,65.6307],
[-63.5047,65.6308],
[-63.6776,65.6496],
[-63.7006,65.6558],
[-63.7186,65.6782],
[-63.4553,65.681],
[-63.3683,65.6694],
[-63.3683,65.6939],
[-63.3792,65.7203],
[-63.4742,65.8331],
[-63.4397,65.85],
[-63.2939,65.7089],
[-63.2061,65.6369],
[-63.167,65.6286],
[-63.1378,65.6441],
[-63.0339,65.6367],
[-63.0106,65.6289],
[-62.9649,65.5829],
[-62.8953,65.6353],
[-62.9156,65.7203],
[-62.9537,65.7501],
[-62.9293,65.7536],
[-62.9042,65.7464],
[-62.8848,65.7262],
[-62.8625,65.6853],
[-62.8599,65.641],
[-62.7939,65.5951],
[-62.7592,65.5864],
[-62.6492,65.5867],
[-62.6228,65.6085],
[-62.5942,65.6671],
[-62.6903,65.7092],
[-62.7936,65.7101],
[-62.83,65.7522],
[-62.6174,65.7236],
[-62.5849,65.7244],
[-62.5707,65.7545],
[-62.59,65.7687],
[-62.6589,65.7919],
[-62.7532,65.8132],
[-62.873,65.8944],
[-62.8608,65.9111],
[-62.8075,65.89],
[-62.7232,65.8278],
[-62.6121,65.8021],
[-62.4789,65.7908],
[-62.3172,65.808],
[-62.3211,65.8311],
[-62.4119,65.9668],
[-62.5201,66.0014],
[-62.6747,66.0155],
[-62.7936,66.0108],
[-62.8419,66.0275],
[-62.8686,66.0436],
[-62.8901,66.069],
[-63.0064,66.1169],
[-63.0611,66.1186],
[-63.0417,66.1303],
[-62.965,66.1485],
[-62.9056,66.1408],
[-62.8787,66.1257],
[-62.8381,66.0611],
[-62.8046,66.0418],
[-62.7693,66.0332],
[-62.6955,66.0422],
[-62.5333,66.0348],
[-62.3982,66.013],
[-62.2997,65.9771],
[-62.1928,66.0117],
[-62.1408,66.0007],
[-62.0889,66.0003],
[-61.9598,66.0216],
[-62.0375,66.1008],
[-62.1806,66.1486],
[-62.4881,66.2003],
[-62.7106,66.2007],
[-62.8054,66.238],
[-62.8835,66.3337],
[-62.8589,66.3342],
[-62.781,66.3052],
[-62.7814,66.2817],
[-62.7546,66.2432],
[-62.6739,66.2157],
[-62.6219,66.2214],
[-62.3936,66.2746],
[-62.3201,66.3028],
[-62.3375,66.3158],
[-62.4781,66.37],
[-62.6736,66.3936],
[-62.7087,66.4085],
[-62.6267,66.4261],
[-62.4561,66.4239],
[-62.2621,66.4089],
[-62.2226,66.3986],
[-62.2296,66.3728],
[-62.2092,66.3205],
[-61.9289,66.2839],
[-61.8775,66.2833],
[-61.465,66.3697],
[-61.5513,66.4118],
[-61.574,66.4154],
[-61.9342,66.4008],
[-61.9778,66.4124],
[-61.9569,66.4241],
[-61.854,66.4463],
[-61.635,66.46],
[-61.5792,66.481],
[-61.7539,66.5886],
[-61.8303,66.6214],
[-61.9854,66.648],
[-62.0506,66.625],
[-62.1239,66.6264],
[-62.0156,66.6714],
[-61.9506,66.6769],
[-61.7301,66.6444],
[-61.6692,66.6164],
[-61.6366,66.5922],
[-61.621,66.5621],
[-61.5917,66.549],
[-61.4547,66.5408],
[-61.3967,66.5768],
[-61.347,66.5714],
[-61.3003,66.5936],
[-61.2646,66.6261],
[-61.2901,66.67],
[-61.3142,66.6872],
[-61.7497,66.948],
[-61.8447,66.9696],
[-61.9133,66.9708],
[-61.9504,66.9661],
[-62.0206,66.9064],
[-62.1042,66.9151],
[-62.0063,67.0336],
[-62.0258,67.0437],
[-62.1014,67.0547],
[-62.2792,67.0383],
[-62.2927,67.0149],
[-62.2782,66.9535],
[-62.3469,66.9336],
[-62.4231,66.9239],
[-62.4369,66.8844],
[-62.4226,66.8464],
[-62.3622,66.8183],
[-62.2928,66.7602],
[-62.3147,66.7292],
[-62.3988,66.7876],
[-62.4028,66.8094],
[-62.52,66.9111],
[-62.5738,66.9459],
[-62.6,66.9515],
[-62.7342,66.9447],
[-62.7628,66.9272],
[-62.7711,66.8355],
[-62.735,66.7962],
[-62.82,66.6844],
[-62.851,66.6573],
[-62.9091,66.6465],
[-62.868,66.7414],
[-62.8345,66.7781],
[-62.8208,66.8219],
[-62.8424,66.9598],
[-62.9682,66.9625],
[-63.2247,66.8994],
[-63.3199,66.8171],
[-63.3767,66.7341],
[-63.4117,66.7032],
[-63.4491,66.7093],
[-63.4081,66.8096],
[-63.4344,66.9049],
[-63.4653,66.9085],
[-63.484,66.8997],
[-63.4958,66.8732],
[-63.4814,66.8395],
[-63.5431,66.8139],
[-63.6531,66.8025],
[-63.7736,66.8185],
[-63.5933,66.8317],
[-63.5638,66.8432],
[-63.5578,66.896],
[-63.5204,66.9109],
[-63.3206,66.9403],
[-63.2778,66.9497],
[-63.2285,66.9747],
[-63.2225,67.0208],
[-63.2789,67.092],
[-63.2745,67.1134],
[-63.1903,67.1433],
[-63.0403,67.1692],
[-62.9724,67.2296],
[-62.9953,67.2789],
[-63.0397,67.3061],
[-63.1103,67.33],
[-63.2765,67.3079],
[-63.3441,67.2737],
[-63.4174,67.2044],
[-63.4185,67.183],
[-63.3992,67.1518],
[-63.4972,67.0853],
[-63.5656,67.0625],
[-63.6893,67.0424],
[-63.7425,67.0208],
[-63.7671,67.0044],
[-63.7739,66.974],
[-63.8027,66.9926],
[-63.7797,67.0175],
[-63.7379,67.0446],
[-63.6093,67.074],
[-63.5339,67.1025],
[-63.4524,67.1746],
[-63.4606,67.2245],
[-63.5542,67.2364],
[-63.8025,67.2397],
[-63.8622,67.2258],
[-63.9227,67.1956],
[-63.966,67.1833],
[-64.0872,67.1797],
[-64.4747,67.135],
[-64.5475,67.1186],
[-64.5907,67.0985],
[-64.6067,67.0851],
[-64.6189,67.0339],
[-64.6324,67.0119],
[-64.6603,67.0039],
[-64.697,67.0091],
[-64.6876,67.0855],
[-64.6581,67.113],
[-64.6119,67.1325],
[-64.5014,67.1617],
[-64.2202,67.2017],
[-64.0174,67.2105],
[-63.9957,67.225],
[-63.9758,67.2519],
[-63.9711,67.2759],
[-64.1642,67.2617],
[-64.2874,67.2383],
[-64.6558,67.2172],
[-64.7658,67.1903],
[-64.8027,67.204],
[-64.7792,67.2189],
[-64.5436,67.2564],
[-64.4194,67.2472],
[-64.3561,67.2503],
[-64.3157,67.2597],
[-64.2452,67.2942],
[-64.4022,67.2991],
[-64.6878,67.3275],
[-64.7279,67.3325],
[-64.7924,67.3554],
[-64.7489,67.3576],
[-64.34,67.3194],
[-64.0553,67.3114],
[-63.9372,67.2928],
[-63.9079,67.3017],
[-63.9511,67.41],
[-64.0039,67.456],
[-64.0864,67.4675],
[-64.2901,67.448],
[-64.3847,67.4583],
[-64.4328,67.4757],
[-64.2447,67.4668],
[-64.1397,67.4887],
[-64.0436,67.5334],
[-64.0703,67.6064],
[-64.3004,67.7319],
[-64.3268,67.7299],
[-64.3549,67.7062],
[-64.3808,67.698],
[-64.5158,67.6861],
[-64.6303,67.6621],
[-64.6172,67.6786],
[-64.5783,67.6969],
[-64.4663,67.711],
[-64.4021,67.7097],
[-64.3662,67.7605],
[-64.507,67.8072],
[-64.6531,67.8289],
[-64.7506,67.8207],
[-64.7751,67.7021],
[-64.8206,67.6883],
[-64.8594,67.6895],
[-64.8239,67.7061],
[-64.8075,67.7428],
[-64.8158,67.7788],
[-64.9216,67.7896],
[-65.1269,67.7169],
[-65.1702,67.6355],
[-65.2038,67.6512],
[-65.1919,67.7012],
[-65.1519,67.7343],
[-65.1212,67.7465],
[-65.0558,67.7533],
[-65.0113,67.7828],
[-65.0153,67.8625],
[-64.9425,67.9125],
[-64.7344,67.9687],
[-64.7262,67.9888],
[-65.0011,68.0555],
[-65.1764,68.0143],
[-65.1469,67.9863],
[-65.2014,67.9544],
[-65.4236,67.898],
[-65.551,67.7809],
[-65.3742,67.7072],
[-65.3279,67.5958],
[-65.3464,67.5933],
[-65.3603,67.5961],
[-65.3847,67.6258],
[-65.42,67.69],
[-65.4472,67.7092],
[-65.5647,67.7485],
[-65.5919,67.763],
[-65.6082,67.7905],
[-65.5231,67.8404],
[-65.461,67.929],
[-65.4442,67.989],
[-65.4631,67.9964],
[-65.6844,67.9925],
[-65.8172,67.9644],
[-65.7989,67.9383],
[-65.7642,67.9169],
[-65.7997,67.8658],
[-65.9264,67.8328],
[-65.953,67.8195],
[-65.9539,67.7983],
[-65.9387,67.772],
[-65.9503,67.7225],
[-65.9614,67.6897],
[-66.002,67.6288],
[-66.021,67.6428],
[-66.0289,67.7219],
[-66.0074,67.8092],
[-65.974,67.848],
[-65.9858,67.9167],
[-66.0322,67.9525],
[-65.9338,68.0123],
[-65.8546,68.0742],
[-65.8642,68.1198],
[-65.9257,68.16],
[-65.9572,68.1414],
[-65.9436,68.0461],
[-66.1285,67.9787],
[-66.2726,67.9562],
[-66.3195,67.9111],
[-66.3464,67.8611],
[-66.3567,67.8214],
[-66.4014,67.8111],
[-66.695,67.8632],
[-66.7352,67.8761],
[-66.6725,67.8803],
[-66.5288,67.8622],
[-66.4036,67.8933],
[-66.3153,67.9825],
[-66.188,68.0139],
[-66.2456,68.0778],
[-66.266,68.0868],
[-66.39,68.0694],
[-66.438,68.0681],
[-66.4657,68.0802],
[-66.3583,68.0868],
[-66.3181,68.1238],
[-66.5136,68.1483],
[-66.6103,68.1346],
[-66.6255,68.1033],
[-66.6472,68.0155],
[-66.706,67.9855],
[-66.7339,67.9821],
[-66.6824,68.0364],
[-66.6706,68.1215],
[-66.6808,68.1401],
[-66.748,68.1317],
[-66.8361,68.0955],
[-66.9249,68.046],
[-66.9467,68.0136],
[-66.9717,68.0439],
[-66.9529,68.072],
[-66.8971,68.0898],
[-66.8522,68.1153],
[-66.7803,68.2078],
[-66.7762,68.2419],
[-66.9306,68.2625],
[-67.0031,68.2928],
[-67.1397,68.28],
[-67.2856,68.2344],
[-67.2757,68.1971],
[-67.306,68.1571],
[-67.3742,68.1275],
[-67.4736,68.1335],
[-67.5986,68.1639],
[-67.5744,68.169],
[-67.3932,68.1451],
[-67.3422,68.1686],
[-67.3276,68.1839],
[-67.3372,68.2032],
[-67.3374,68.2299],
[-67.3238,68.2467],
[-67.235,68.2917],
[-67.0197,68.3139],
[-67.0781,68.3311],
[-67.2382,68.3579],
[-67.396,68.3534],
[-67.4942,68.3219],
[-67.537,68.2904],
[-67.5522,68.2594],
[-67.5797,68.2514],
[-67.6877,68.2426],
[-67.581,68.2676],
[-67.5831,68.308],
[-67.5978,68.323],
[-67.7489,68.3197],
[-67.8188,68.2853],
[-67.8315,68.2633],
[-67.8716,68.2622],
[-67.8685,68.2962],
[-67.8497,68.31],
[-67.8105,68.3286],
[-67.7439,68.3433],
[-67.5953,68.3478],
[-67.4556,68.3678],
[-67.3797,68.3908],
[-67.2864,68.3958],
[-67.1363,68.3812],
[-67.0756,68.3605],
[-67.0117,68.3541],
[-66.9436,68.3716],
[-66.9143,68.4061],
[-66.7024,68.4364],
[-66.7953,68.4661],
[-66.9081,68.4539],
[-67.1242,68.4738],
[-67.1052,68.4582],
[-67.1074,68.4141],
[-67.157,68.4064],
[-67.3318,68.4158],
[-67.2183,68.4334],
[-67.2267,68.4774],
[-67.326,68.4965],
[-67.4261,68.4944],
[-67.5111,68.4833],
[-67.5505,68.4449],
[-67.5511,68.4144],
[-67.6033,68.3789],
[-67.6185,68.3823],
[-67.6231,68.4967],
[-67.5062,68.5148],
[-67.4965,68.5328],
[-67.5325,68.5497],
[-67.6686,68.5619],
[-67.8092,68.5311],
[-67.8669,68.5097],
[-67.9203,68.5344],
[-68.0653,68.5458],
[-68.1367,68.5722],
[-68.2156,68.5855],
[-68.3378,68.5933],
[-68.3961,68.593],
[-68.4536,68.5629],
[-68.6561,68.5597],
[-68.7093,68.5701],
[-68.5267,68.5848],
[-68.5039,68.59],
[-68.478,68.6107],
[-68.5333,68.625],
[-68.6381,68.6355],
[-68.68,68.6308],
[-68.8042,68.59],
[-68.8358,68.5892],
[-68.8978,68.6053],
[-68.7778,68.6431],
[-68.6578,68.6564],
[-68.3445,68.6286],
[-68.091,68.6286],
[-68.0475,68.6795],
[-68.1964,68.7069],
[-68.9651,68.7908],
[-69.3724,68.8217],
[-69.315,68.8317],
[-69.1578,68.8293],
[-69.1783,68.8405],
[-69.2455,68.8514],
[-69.3704,68.8547],
[-69.3901,68.8647],
[-69.3619,68.8741],
[-69.2808,68.8758],
[-69.1058,68.8486],
[-68.9675,68.8147],
[-68.8012,68.7998],
[-68.5269,68.7953],
[-68.5578,68.8214],
[-68.6011,68.839],
[-68.5561,68.8469],
[-68.1708,68.8147],
[-67.915,68.7742],
[-67.8117,68.7735],
[-67.7741,68.7823],
[-67.8614,68.8055],
[-67.9642,68.8111],
[-68.1339,68.8372],
[-68.2931,68.875],
[-68.4325,68.8833],
[-68.4807,68.8937],
[-68.2894,68.895],
[-68.1292,68.8678],
[-67.9809,68.8579],
[-68.0442,68.9426],
[-68.1918,68.9489],
[-68.3289,68.9861],
[-68.4406,68.9728],
[-68.5471,68.9756],
[-68.3142,69.0105],
[-68.0589,68.9736],
[-67.9747,68.9728],
[-67.7189,69.0261],
[-68.1783,69.1467],
[-68.4128,69.1769],
[-68.7536,69.1097],
[-68.873,69.0831],
[-68.9254,68.9978],
[-68.9731,68.9708],
[-69.0018,68.9649],
[-69.0228,68.9705],
[-68.9609,69.0018],
[-68.9283,69.0947],
[-68.998,69.1036],
[-68.6989,69.1397],
[-68.5092,69.1972],
[-68.657,69.2105],
[-68.7672,69.1997],
[-68.8628,69.2019],
[-68.9678,69.2211],
[-68.8397,69.2147],
[-68.6436,69.2294],
[-68.55,69.2269],
[-68.1297,69.1978],
[-68.0976,69.2039],
[-68.0828,69.221],
[-68.144,69.2597],
[-68.1986,69.2747],
[-68.5047,69.2803],
[-68.9312,69.3322],
[-69.0133,69.3275],
[-69.1481,69.2997],
[-69.209,69.268],
[-69.2477,69.2717],
[-69.2031,69.303],
[-69.015,69.355],
[-68.8445,69.3461],
[-68.6753,69.3222],
[-68.3657,69.2944],
[-68.2424,69.3105],
[-68.1845,69.308],
[-67.6764,69.1694],
[-67.5133,69.1576],
[-67.4625,69.1617],
[-67.3787,69.1841],
[-66.9969,69.1778],
[-66.9593,69.1733],
[-66.8433,69.1371],
[-66.7602,69.1289],
[-66.7253,69.1415],
[-66.6635,69.1833],
[-66.6467,69.2036],
[-66.6481,69.2307],
[-66.6889,69.276],
[-66.7904,69.3391],
[-67.21,69.4614],
[-67.2583,69.4675],
[-67.4758,69.463],
[-67.605,69.478],
[-67.7996,69.4825],
[-67.8933,69.4544],
[-67.9822,69.4575],
[-68.5364,69.5786],
[-68.6119,69.5875],
[-68.761,69.5885],
[-68.9261,69.5667],
[-68.9643,69.5582],
[-68.9973,69.5396],
[-69.3,69.5061],
[-69.3758,69.5097],
[-69.6633,69.5483],
[-69.7967,69.5368],
[-69.8442,69.5175],
[-69.8994,69.5072],
[-70.0033,69.5192],
[-70.0289,69.5326],
[-69.8386,69.5589],
[-69.6889,69.5694],
[-69.4186,69.5471],
[-69.3339,69.5325],
[-69.2106,69.5369],
[-68.84,69.6161],
[-68.6453,69.6411],
[-68.5181,69.6261],
[-68.319,69.6308],
[-68.2357,69.6797],
[-68.219,69.7055],
[-68.0878,69.7561],
[-68.0046,69.7732],
[-67.7671,69.779],
[-67.399,69.7143],
[-67.1278,69.7269],
[-67.1506,69.814],
[-67.2199,69.9408],
[-67.3781,70.048],
[-67.5283,70.1339],
[-67.5836,70.1618],
[-67.7406,70.2189],
[-67.8014,70.2607],
[-68.0394,70.3014],
[-68.16,70.2828],
[-68.3161,70.2204],
[-68.3481,70.1742],
[-68.3271,70.1374],
[-68.2294,70.1353],
[-68.2001,70.1203],
[-68.2214,70.1028],
[-68.3383,70.0641],
[-68.4717,70.0466],
[-68.6228,69.9824],
[-68.7593,69.9478],
[-68.9397,69.9505],
[-69.0767,69.9239],
[-69.2611,69.8575],
[-69.3139,69.8164],
[-69.4025,69.7771],
[-69.49,69.7797],
[-69.6028,69.8097],
[-69.7221,69.8068],
[-69.7565,69.7986],
[-69.8124,69.7628],
[-69.8111,69.7311],
[-69.9906,69.615],
[-70.0001,69.6194],
[-69.9992,69.6651],
[-69.8725,69.7811],
[-69.8058,69.82],
[-69.745,69.8378],
[-69.6839,69.84],
[-69.5733,69.8355],
[-69.4676,69.8135],
[-69.4333,69.818],
[-69.3705,69.84],
[-69.3131,69.8823],
[-69.1531,69.953],
[-69.0886,69.975],
[-68.8681,70.0169],
[-68.7831,70.0444],
[-68.744,70.0639],
[-68.6456,70.1528],
[-68.6837,70.2029],
[-68.8492,70.2033],
[-69.0111,70.1783],
[-69.2195,70.1883],
[-69.4042,70.1778],
[-69.6533,70.145],
[-69.7408,70.1142],
[-69.7899,70.084],
[-69.804,70.0439],
[-69.7521,70.0128],
[-69.7426,69.9817],
[-69.7772,69.9636],
[-69.8375,69.9528],
[-69.9786,69.9642],
[-70.0681,69.9589],
[-70.0986,69.953],
[-70.3497,69.8433],
[-70.4042,69.8375],
[-70.4658,69.8435],
[-70.4472,69.8589],
[-70.3928,69.8598],
[-70.2914,69.8894],
[-70.1644,69.9617],
[-70.0031,69.9897],
[-69.8445,69.9783],
[-69.8158,69.989],
[-69.8299,70.0157],
[-69.8948,70.0463],
[-70.0244,70.0587],
[-70.0585,70.0554],
[-70.1133,70.0239],
[-70.1529,70.0156],
[-70.1814,70.0289],
[-70.0823,70.0671],
[-69.9467,70.0764],
[-69.9178,70.0855],
[-69.8472,70.1208],
[-69.8302,70.1518],
[-69.6681,70.1986],
[-69.4739,70.2389],
[-69.2839,70.2647],
[-69.0719,70.288],
[-68.907,70.2939],
[-68.7355,70.3178],
[-68.6576,70.3421],
[-68.6706,70.4065],
[-68.6583,70.4336],
[-68.6217,70.4528],
[-68.5736,70.4654],
[-68.5528,70.4464],
[-68.5751,70.4211],
[-68.5723,70.3958],
[-68.4901,70.3682],
[-68.452,70.3753],
[-68.4509,70.4046],
[-68.2929,70.4971],
[-68.281,70.5259],
[-68.2936,70.5514],
[-68.3197,70.5648],
[-68.4847,70.6042],
[-68.6644,70.6269],
[-68.9581,70.6886],
[-69.1319,70.7375],
[-69.1906,70.7669],
[-69.2428,70.7825],
[-69.4606,70.7912],
[-69.62,70.758],
[-69.646,70.7362],
[-69.7758,70.6822],
[-69.8758,70.6772],
[-69.9877,70.6487],
[-70.0233,70.6105],
[-70.3445,70.613],
[-70.3711,70.5736],
[-70.3213,70.5357],
[-70.3097,70.498],
[-70.4503,70.4764],
[-70.4879,70.4839],
[-70.405,70.5247],
[-70.4178,70.5471],
[-70.4606,70.5742],
[-70.4755,70.6133],
[-70.4547,70.6278],
[-70.4156,70.6379],
[-70.2353,70.6401],
[-70.0793,70.6855],
[-69.8794,70.7681],
[-69.8024,70.8158],
[-69.7747,70.8572],
[-69.8336,70.8769],
[-69.9073,70.8799],
[-70.075,70.8303],
[-70.2289,70.7972],
[-70.397,70.7783],
[-70.6119,70.7236],
[-70.7711,70.6689],
[-71.0015,70.6214],
[-71.0506,70.5512],
[-71.0306,70.5405],
[-71.2308,70.288],
[-71.2128,70.2697],
[-71.3317,70.1286],
[-71.4758,70.0681],
[-71.5003,70.0383],
[-71.5334,70.0271],
[-71.5231,70.0522],
[-71.4917,70.0844],
[-71.317,70.2186],
[-71.2824,70.2571],
[-71.2928,70.2814],
[-71.3213,70.308],
[-71.2606,70.3778],
[-71.173,70.5323],
[-71.3978,70.5744],
[-71.5054,70.5744],
[-71.5044,70.5489],
[-71.5253,70.5247],
[-71.641,70.4478],
[-71.6805,70.3628],
[-71.7408,70.3118],
[-71.8437,70.2935],
[-71.7593,70.3262],
[-71.7464,70.3478],
[-71.7308,70.4121],
[-71.7556,70.4265],
[-71.8031,70.4283],
[-71.5835,70.5513],
[-71.5919,70.5962],
[-71.5586,70.6094],
[-71.4151,70.604],
[-71.2817,70.5842],
[-71.1835,70.583],
[-71.1456,70.5943],
[-71.1133,70.6444],
[-71.0917,70.6583],
[-70.8818,70.7014],
[-70.7733,70.7344],
[-70.7439,70.7501],
[-70.6789,70.8405],
[-70.5894,70.8761],
[-70.5154,70.9254],
[-70.6031,71.0537],
[-70.6356,71.0722],
[-70.7636,71.1168],
[-70.8361,71.1144],
[-71.1855,71.0194],
[-71.2083,71.005],
[-71.2884,70.9087],
[-71.3544,70.8828],
[-71.5439,70.8725],
[-72.0047,70.7869],
[-72.1855,70.7664],
[-72.2331,70.7466],
[-72.2711,70.7036],
[-72.3342,70.6647],
[-72.4968,70.6321],
[-72.5517,70.608],
[-72.5695,70.61],
[-72.6115,70.6342],
[-72.4676,70.6516],
[-72.3819,70.6772],
[-72.1707,70.8379],
[-72.2571,70.8653],
[-72.3028,70.8672],
[-72.5114,70.8272],
[-72.6539,70.8243],
[-72.5246,70.8432],
[-72.3235,70.8873],
[-72.3165,70.9214],
[-72.2939,70.9491],
[-72.1726,70.9651],
[-72.1056,71.026],
[-72.1096,71.0517],
[-72.0775,71.0728],
[-71.9108,71.1078],
[-71.8125,71.1042],
[-71.6083,71.0686],
[-71.4583,71.0653],
[-71.4158,71.0933],
[-71.3247,71.1778],
[-71.1478,71.2419],
[-71.1236,71.2611],
[-71.2955,71.3847],
[-71.4476,71.4696],
[-71.5542,71.5039],
[-72.3011,71.6122],
[-72.4444,71.6361],
[-72.5308,71.6598],
[-72.5736,71.6555],
[-72.5939,71.6425],
[-72.6126,71.5702],
[-72.7669,71.4554],
[-72.7603,71.4301],
[-72.8364,71.4133],
[-72.8972,71.4167],
[-72.9858,71.3938],
[-72.9633,71.361],
[-72.9521,71.3136],
[-72.9997,71.2448],
[-73.0196,71.2308],
[-73.0455,71.2255],
[-73.1085,71.231],
[-73.1422,71.2244],
[-73.1809,71.1983],
[-73.1711,71.1637],
[-73.3737,70.9832],
[-73.449,71.0327],
[-73.4264,71.0478],
[-73.3195,71.0768],
[-73.2944,71.0925],
[-73.2367,71.1597],
[-73.2397,71.1811],
[-73.269,71.2228],
[-73.2401,71.2361],
[-73.0574,71.2664],
[-73.0836,71.2858],
[-73.3208,71.3408],
[-73.3822,71.3453],
[-73.4349,71.3377],
[-73.431,71.3147],
[-73.4547,71.3003],
[-73.5492,71.27],
[-73.6197,71.2279],
[-73.6712,71.168],
[-73.6615,71.1317],
[-73.6692,71.0935],
[-73.7243,71.0697],
[-73.8464,71.0621],
[-73.8728,71.0475],
[-73.886,71.0595],
[-73.7322,71.096],
[-73.7151,71.1328],
[-73.7156,71.17],
[-73.6789,71.238],
[-73.6224,71.2909],
[-73.3835,71.3878],
[-73.4379,71.438],
[-73.4775,71.4364],
[-73.5,71.4266],
[-73.5145,71.406],
[-73.5178,71.381],
[-73.604,71.3568],
[-73.6288,71.358],
[-73.6303,71.4566],
[-73.6175,71.518],
[-73.5658,71.548],
[-73.5918,71.5737],
[-73.6308,71.5849],
[-73.7399,71.5861],
[-73.865,71.5285],
[-73.971,71.4165],
[-74.0394,71.3022],
[-74.1183,71.2433],
[-74.1908,71.2111],
[-74.2316,71.2041],
[-74.099,71.2801],
[-74.0639,71.3369],
[-74.0372,71.4393],
[-74.1214,71.4386],
[-74.3075,71.4141],
[-74.0953,71.4628],
[-74.0108,71.4914],
[-73.9879,71.5308],
[-73.8908,71.6094],
[-73.7711,71.6708],
[-73.6381,71.7064],
[-73.6162,71.7192],
[-73.5924,71.7526],
[-73.6076,71.7722],
[-73.748,71.7769],
[-73.9283,71.7691],
[-73.9711,71.7615],
[-74.0169,71.7396],
[-74.1461,71.6375],
[-74.1626,71.5391],
[-74.2189,71.5566],
[-74.2461,71.5761],
[-74.2536,71.603],
[-74.2442,71.6279],
[-74.2265,71.6396],
[-74.1464,71.6596],
[-74.1264,71.6762],
[-74.1087,71.7342],
[-74.147,71.7389],
[-74.2683,71.7303],
[-74.3011,71.7203],
[-74.3406,71.6918],
[-74.5439,71.6314],
[-74.58,71.5886],
[-74.6244,71.5564],
[-74.6639,71.5572],
[-74.719,71.5443],
[-74.7396,71.5212],
[-74.7297,71.4694],
[-74.6346,71.423],
[-74.628,71.3958],
[-74.646,71.3754],
[-74.8693,71.2501],
[-74.9938,71.2016],
[-75.0814,71.1794],
[-75.075,71.2044],
[-74.8883,71.2872],
[-74.7052,71.3835],
[-74.7167,71.4191],
[-74.8333,71.5196],
[-74.9965,71.5184],
[-75.0517,71.5089],
[-75.0893,71.4955],
[-75.1108,71.476],
[-75.1445,71.4668],
[-75.1162,71.4978],
[-75.0319,71.5315],
[-74.8119,71.5478],
[-74.7089,71.586],
[-74.6464,71.6319],
[-74.6314,71.656],
[-74.6887,71.6954],
[-74.7918,71.6808],
[-74.8564,71.6522],
[-75.2053,71.5464],
[-75.4025,71.52],
[-75.2006,71.5937],
[-75.0089,71.6319],
[-74.9403,71.6642],
[-75.0171,71.6965],
[-75.0436,71.6997],
[-75.3902,71.6769],
[-75.3428,71.6958],
[-75.1367,71.7169],
[-74.885,71.7086],
[-74.6783,71.7453],
[-74.5706,71.8094],
[-74.5075,71.8139],
[-74.44,71.8019],
[-74.2365,71.8207],
[-74.1721,71.8684],
[-74.1186,71.9629],
[-74.1222,71.9836],
[-74.1775,72.0319],
[-74.2521,72.0746],
[-74.7645,72.0947],
[-74.9922,72.128],
[-75.0436,72.1239],
[-75.1142,72.0987],
[-75.1544,72.0497],
[-75.1978,72.0233],
[-75.3278,71.9994],
[-75.4767,72.0008],
[-75.5386,71.9864],
[-75.5685,71.9631],
[-75.5684,71.9315],
[-75.58,71.9061],
[-75.655,71.8261],
[-75.7911,71.7282],
[-75.8803,71.7025],
[-76.092,71.6964],
[-76.0403,71.7094],
[-75.8983,71.7144],
[-75.8025,71.7505],
[-75.6936,71.8498],
[-75.6867,71.883],
[-75.6114,71.9853],
[-75.5804,72.0014],
[-75.4942,72.0214],
[-75.3383,72.0289],
[-75.2817,72.0386],
[-75.2553,72.0461],
[-75.2259,72.0747],
[-75.4881,72.1189],
[-75.6306,72.1197],
[-75.7967,72.1036],
[-75.9986,72.0542],
[-76.0246,72.0436],
[-76.0897,71.9789],
[-76.3108,71.8847],
[-76.3481,71.8917],
[-76.3183,71.92],
[-76.2685,71.9471],
[-76.165,71.9804],
[-76.1058,72.0235],
[-76.0811,72.0546],
[-76.0242,72.0839],
[-75.7333,72.1342],
[-75.6075,72.1433],
[-75.4778,72.1447],
[-75.2457,72.1173],
[-75.045,72.1883],
[-74.9461,72.2597],
[-74.9806,72.2883],
[-75.0542,72.3289],
[-75.1325,72.3936],
[-75.1997,72.4644],
[-75.1902,72.4874],
[-75.2235,72.499],
[-75.4722,72.5275],
[-75.5294,72.5379],
[-75.5592,72.5535],
[-75.7592,72.5792],
[-75.9319,72.5836],
[-76.0189,72.5744],
[-76.0712,72.5385],
[-76.0419,72.4882],
[-76.0786,72.4733],
[-76.1147,72.4757],
[-76.1593,72.5221],
[-76.1569,72.576],
[-76.1822,72.59],
[-76.6461,72.6397],
[-76.6578,72.668],
[-76.689,72.6929],
[-76.7531,72.7205],
[-77.0025,72.7494],
[-77.5764,72.7556],
[-77.6207,72.7501],
[-77.7747,72.7082],
[-78.0017,72.6825],
[-78.1633,72.6553],
[-78.4368,72.5843],
[-78.5567,72.5044],
[-78.5601,72.4415],
[-78.4992,72.4047],
[-78.3815,72.3712],
[-78.1547,72.3255],
[-77.8661,72.2811],
[-77.55,72.198],
[-77.4558,72.1908],
[-77.2781,72.1969],
[-77.0686,72.1522],
[-77.0066,72.1292],
[-77.2894,72.1833],
[-77.5408,72.1769],
[-77.6534,72.1967],
[-77.8275,72.2486],
[-78.3053,72.3133],
[-78.4453,72.3254],
[-78.4656,72.3169],
[-78.4663,72.2382],
[-78.4149,72.2195],
[-78.3902,72.1713],
[-78.4151,72.1686],
[-78.5298,72.2399],
[-78.5294,72.3114],
[-78.5142,72.3275],
[-78.61,72.3593],
[-78.7347,72.3286],
[-78.87,72.2282],
[-78.81,72.1972],
[-78.6967,72.1636],
[-78.4689,72.1241],
[-78.3944,72.1003],
[-78.3569,72.0583],
[-78.3283,71.9886],
[-78.29,71.9757],
[-78.1531,71.9805],
[-78.1044,71.9718],
[-77.96,71.8817],
[-77.8078,71.823],
[-77.7856,71.7875],
[-77.9747,71.86],
[-78.1493,71.9662],
[-78.2792,71.9536],
[-78.3117,71.93],
[-78.14,71.8306],
[-77.9083,71.7696],
[-77.9244,71.7647],
[-78.1576,71.8106],
[-78.2187,71.8294],
[-78.3736,71.9228],
[-78.3892,71.9385],
[-78.3953,71.9825],
[-78.4608,72.0733],
[-78.4819,72.0898],
[-78.5544,72.1114],
[-78.8584,72.1703],
[-78.8775,72.1533],
[-78.9192,72.0128],
[-78.8556,71.9797],
[-78.6149,71.9404],
[-78.5956,71.9333],
[-78.5131,71.8679],
[-78.5785,71.8643],
[-78.6328,71.8818],
[-78.6839,71.9097],
[-78.7225,71.9189],
[-79.0267,71.9705],
[-79.0667,71.9751],
[-79.1308,71.9566],
[-79.1967,71.9601],
[-79.2315,71.9783],
[-79.1435,72.0038],
[-79.0364,72.0694],
[-78.9454,72.195],
[-79.0128,72.2739],
[-79.1467,72.3458],
[-79.3458,72.3989],
[-79.5658,72.2753],
[-79.7069,72.2135],
[-79.7414,72.2139],
[-79.7659,72.2433],
[-79.7258,72.2671],
[-79.6389,72.2892],
[-79.5956,72.3347],
[-79.6879,72.3844],
[-79.7686,72.4118],
[-79.6964,72.4697],
[-79.7992,72.5014],
[-79.8289,72.5],
[-79.8708,72.4785],
[-79.9572,72.4083],
[-80.0674,72.3823],
[-80.1336,72.3497],
[-80.1596,72.3243],
[-80.0455,72.2425],
[-79.9325,72.1932],
[-79.79,72.1558],
[-79.7192,72.1483],
[-79.6856,72.1345],
[-79.7906,72.1378],
[-79.9917,72.1767],
[-80.1558,72.2736],
[-80.2333,72.2969],
[-80.2665,72.2926],
[-80.2926,72.2772],
[-80.304,72.2519],
[-80.2764,72.2223],
[-80.2405,72.2021],
[-80.3314,72.1761],
[-80.3851,72.1758],
[-80.4178,72.1901],
[-80.4799,72.1768],
[-80.4421,72.138],
[-80.3767,72.1107],
[-80.3502,72.0819],
[-80.385,72.0483],
[-80.4489,72.0292],
[-80.6592,72.0031],
[-80.7517,71.9722],
[-80.7495,71.9428],
[-80.7672,71.9294],
[-80.8681,71.8931],
[-80.9503,71.8811],
[-80.9778,71.8885],
[-80.8414,71.9403],
[-80.8214,71.9564],
[-80.7935,72.0251],
[-80.8569,72.0572],
[-80.9272,72.0378],
[-81.0558,72.0408],
[-81.0826,72.0489],
[-80.9411,72.0875],
[-80.7419,72.0941],
[-80.6383,72.0628],
[-80.5742,72.0706],
[-80.5751,72.0914],
[-80.7097,72.1319],
[-80.8167,72.1505],
[-80.9013,72.1875],
[-80.8012,72.2794],
[-80.6749,72.3447],
[-80.5142,72.3797],
[-80.4942,72.4571],
[-80.506,72.4908],
[-80.521,72.506],
[-80.5469,72.5121],
[-80.6006,72.5067],
[-80.715,72.473],
[-80.9294,72.4003],
[-81.2444,72.2542],
[-81.3724,72.2417],
[-81.3047,72.2683],
[-81.2308,72.2797],
[-81.1915,72.2953],
[-80.9482,72.4529],
[-80.6486,72.555],
[-80.5414,72.6289],
[-80.4647,72.6653],
[-80.3617,72.7061],
[-80.2528,72.7275],
[-80.2918,72.7828],
[-80.3264,72.8011],
[-80.4406,72.8186],
[-80.5139,72.8389],
[-80.6415,72.9307],
[-80.6515,72.9719],
[-80.6444,72.9933],
[-80.5933,73.0258],
[-80.5506,73.0957],
[-80.5964,73.148],
[-80.6408,73.1655],
[-80.7128,73.1803],
[-81.0744,73.2322],
[-81.2071,73.2697],
[-81.2139,73.3204],
[-81.1883,73.3897],
[-81.1975,73.4772],
[-81.2242,73.5285],
[-81.2825,73.5803],
[-81.4761,73.698],
[-81.5725,73.7197],
[-81.9908,73.7314],
[-82.4139,73.7189],
[-82.8468,73.7315],
[-82.8961,73.7028],
[-83.0183,73.6661],
[-83.0853,73.6578],
[-83.2192,73.6566],
[-83.7408,73.5678],
[-83.9915,73.505],
[-83.9547,73.4928],
[-83.6582,73.4475],
[-83.625,73.4153],
[-83.5923,73.3118],
[-83.6072,73.2968],
[-83.6617,73.3057],
[-83.6894,73.3236],
[-83.7243,73.3735],
[-83.7217,73.4031],
[-83.7519,73.4275],
[-84.1944,73.4747],
[-84.5839,73.4091],
[-84.6539,73.3896],
[-84.5924,73.3269],
[-84.456,73.2903],
[-84.4131,73.2722],
[-84.3494,73.2262],
[-84.4168,73.2305],
[-84.655,73.3055],
[-84.6901,73.3235],
[-84.749,73.3786],
[-84.808,73.3883],
[-85.0172,73.3483],
[-85.1158,73.3144],
[-85.1365,73.3028],
[-85.1776,73.2161],
[-85.1381,73.2044],
[-85.02,73.1969],
[-84.7894,73.1458],
[-84.5844,73.1158],
[-84.4339,73.1061],
[-84.095,73.0583],
[-83.9136,73.0583],
[-83.7767,73.0311],
[-83.6379,72.9857],
[-83.7189,72.9892],
[-83.7614,73.0064],
[-83.8678,73.0297],
[-84.2125,73.0403],
[-84.8297,73.0855],
[-84.9128,73.0968],
[-85.0533,73.1322],
[-85.1483,73.1417],
[-85.1919,73.1417],
[-85.2252,73.1236],
[-85.1869,73.0969],
[-85.1665,73.0646],
[-85.1881,73.0598],
[-85.3003,73.078],
[-85.3336,73.0925],
[-85.3697,73.1252],
[-85.4013,73.136],
[-85.4226,73.1329],
[-85.4719,73.098],
[-85.5362,73.0251],
[-85.5139,73.0191],
[-85.2236,73.015],
[-85.06,72.9966],
[-84.7521,72.9125],
[-84.5289,72.8825],
[-84.2469,72.7997],
[-83.9894,72.7689],
[-83.9557,72.7506],
[-83.9818,72.745],
[-84.2575,72.7853],
[-84.5045,72.8461],
[-84.8744,72.8855],
[-85.1275,72.9403],
[-85.2831,72.9644],
[-85.4908,72.9742],
[-85.5492,72.9697],
[-85.5842,72.9623],
[-85.6851,72.8973],
[-85.7094,72.7369],
[-85.7048,72.6381],
[-85.6329,72.5898],
[-85.4823,72.5714],
[-85.611,72.5398],
[-85.5353,72.4697],
[-85.3703,72.4147],
[-85.1447,72.3594],
[-84.9186,72.4253],
[-84.7724,72.4508],
[-84.7935,72.4078],
[-84.8699,72.3991],
[-84.8693,72.3689],
[-84.5717,72.3614],
[-84.4624,72.381],
[-84.4369,72.3778],
[-84.5211,72.3505],
[-84.8087,72.3537],
[-84.9343,72.2869],
[-84.7219,72.213],
[-84.6133,72.1636],
[-84.3803,72.116],
[-84.3522,72.0731],
[-84.2181,72.0441],
[-84.1679,72.0226],
[-84.1586,71.9772],
[-84.1746,71.9369],
[-84.2015,71.9325],
[-84.2277,71.9497],
[-84.2597,72.0118],
[-84.281,72.0262],
[-84.5122,72.1142],
[-84.604,72.1394],
[-84.7106,72.1517],
[-84.8093,72.1796],
[-84.8646,72.2193],
[-84.9282,72.2343],
[-85.0213,72.2504],
[-85.2919,72.26],
[-85.4974,72.2547],
[-85.5017,72.1841],
[-85.4492,72.1583],
[-85.4406,72.1328],
[-85.5024,72.0735],
[-85.5383,72.0591],
[-85.7789,72.0269],
[-85.9811,72.0286],
[-86.0492,72.0125],
[-86.0414,71.9922],
[-86.0247,71.9811],
[-85.8458,71.9625],
[-85.5557,71.8985],
[-85.434,71.81],
[-85.4543,71.7951],
[-85.5508,71.7954],
[-85.5738,71.7839],
[-85.2856,71.6704],
[-85.2308,71.66],
[-85.0975,71.6553],
[-84.9267,71.6361],
[-84.8672,71.668],
[-84.8275,71.6753],
[-84.7779,71.6787],
[-84.6346,71.6692],
[-84.6118,71.6426],
[-84.6514,71.6133],
[-84.6449,71.5753],
[-84.5629,71.5512],
[-84.5263,71.4736],
[-84.5441,71.4501],
[-84.5717,71.4408],
[-84.6857,71.4347],
[-84.756,71.4117],
[-84.7969,71.3004],
[-84.7667,71.1975],
[-84.8014,71.1486],
[-84.8283,71.0768],
[-84.8114,71.0523],
[-84.7711,71.0375],
[-84.7482,70.9818],
[-84.8052,70.9218],
[-84.9411,70.918],
[-84.9676,70.9257],
[-84.9693,70.9505],
[-84.9461,70.968],
[-84.9292,70.9946],
[-84.9685,71.074],
[-85.1446,71.0846],
[-84.9735,71.1007],
[-84.8744,71.0717],
[-84.8479,71.1512],
[-84.8753,71.1728],
[-84.9529,71.1879],
[-85.0397,71.1823],
[-85.1105,71.1617],
[-85.2814,71.1572],
[-85.4017,71.1747],
[-85.505,71.158],
[-85.7792,71.1392],
[-86.2922,71.0003],
[-86.6019,70.9716],
[-86.7578,70.9767],
[-86.8162,70.9878],
[-86.75,71.0078],
[-86.5178,71.0317],
[-86.4081,71.0353],
[-86.2489,71.0586],
[-86.1708,71.1069],
[-85.9328,71.1789],
[-85.6631,71.1944],
[-85.5003,71.1772],
[-85.395,71.1953],
[-85.1743,71.2703],
[-85.0419,71.2786],
[-84.8686,71.2689],
[-84.8369,71.2811],
[-84.8592,71.3211],
[-84.9405,71.419],
[-85.2286,71.4655],
[-85.3831,71.4803],
[-85.5008,71.5111],
[-85.8719,71.6769],
[-85.9472,71.7269],
[-86.0244,71.7658],
[-86.1105,71.7831],
[-86.1328,71.7958],
[-86.4232,72.0189],
[-86.4335,72.0467],
[-86.4553,72.2072],
[-86.4319,72.2761],
[-86.3778,72.3236],
[-86.2521,72.3897],
[-86.2408,72.4135],
[-86.2614,72.45],
[-86.3456,72.5074],
[-86.4058,72.5383],
[-86.5042,72.5686],
[-86.6622,72.6317],
[-86.698,72.6538],
[-86.7328,72.7161],
[-86.6961,72.8179],
[-86.6517,72.8698],
[-86.4545,72.9636],
[-86.3283,73.0367],
[-86.2862,73.0798],
[-86.2938,73.0988],
[-86.1378,73.2289],
[-85.9303,73.3553],
[-85.7664,73.4253],
[-85.5964,73.4866],
[-84.9561,73.6653],
[-84.8656,73.7133],
[-84.8403,73.7387],
[-85.0347,73.7947],
[-85.1633,73.8133],
[-85.4219,73.8242],
[-85.5531,73.8208],
[-85.7478,73.8364],
[-86.2086,73.85],
[-86.7167,73.8408],
[-87.4567,73.7603],
[-87.74,73.7114],
[-87.9744,73.6547],
[-88.2864,73.5669],
[-88.4333,73.5142],
[-88.4681,73.4919],
[-88.6897,73.4147],
[-88.9954,73.281],
[-89.2283,73.1258],
[-89.3614,72.9917],
[-89.3583,72.9653],
[-89.3333,72.9505],
[-89.2942,72.7972],
[-89.3306,72.7558],
[-89.4794,72.7797],
[-89.5721,72.7861],
[-89.5807,72.7144],
[-89.5711,72.696],
[-89.5186,72.6914],
[-89.4721,72.6693],
[-89.5667,72.6194],
[-89.6061,72.6154],
[-89.6783,72.6294],
[-89.7369,72.6167],
[-89.7539,72.6055],
[-89.7867,72.56],
[-89.7726,72.523],
[-89.7763,72.4962],
[-89.8051,72.4591],
[-89.8906,72.445],
[-89.9104,72.4272],
[-89.9556,72.3119],
[-89.9394,72.2619],
[-89.8958,72.1891],
[-89.7675,72.1587],
[-89.6767,72.1769],
[-89.6085,72.1785],
[-89.579,72.1669],
[-89.5975,72.1483],
[-89.6736,72.1119],
[-89.7508,72.123],
[-89.9971,72.0668],
[-90.0486,71.9539]
]
],
[
[
[-90.0256,68.7719],
[-90.0238,68.7494],
[-89.9742,68.7058],
[-89.9504,68.6619],
[-89.8775,68.6908],
[-89.8089,68.7333],
[-89.7871,68.7581],
[-89.9182,68.8535],
[-89.9382,68.8498],
[-90.0031,68.8066],
[-90.0256,68.7719]
]
],
[
[
[-88.4086,78.2681],
[-88.3878,78.2457],
[-88.36,78.2378],
[-88.2872,78.2433],
[-88.2503,78.25],
[-88.1664,78.308],
[-88.0572,78.4075],
[-88.0479,78.4369],
[-88.0658,78.4536],
[-88.0945,78.4569],
[-88.2353,78.4269],
[-88.4071,78.2951],
[-88.4086,78.2681]
]
],
[
[
[-87.3698,70.0934],
[-87.2921,70.0754],
[-87.2756,70.0637],
[-87.2758,70.0385],
[-87.255,70.0253],
[-87.1958,70.0172],
[-87.1415,69.9951],
[-87.0953,69.9878],
[-87.0585,69.9904],
[-87.0022,70.015],
[-86.8897,69.981],
[-86.6622,69.9675],
[-86.4963,69.9822],
[-86.4681,70.0101],
[-86.504,70.0221],
[-86.5081,70.0505],
[-86.5501,70.0694],
[-86.5926,70.1065],
[-86.6117,70.1119],
[-86.6703,70.118],
[-86.7989,70.0872],
[-86.914,70.1036],
[-87.0092,70.1164],
[-87.0576,70.1449],
[-87.0914,70.1503],
[-87.1432,70.142],
[-87.1015,70.1227],
[-87.1183,70.1191],
[-87.1603,70.1182],
[-87.1878,70.1083],
[-87.3489,70.1079],
[-87.3698,70.0934]
]
],
[
[
[-87.2258,63.6461],
[-87.22,63.6269],
[-87.188,63.59],
[-87.1456,63.5661],
[-87.0894,63.5508],
[-86.8792,63.5555],
[-86.7781,63.5811],
[-86.6664,63.6483],
[-86.5961,63.6686],
[-86.4503,63.6605],
[-86.267,63.638],
[-85.9858,63.6933],
[-85.7175,63.7161],
[-85.6104,63.6675],
[-85.5929,63.6271],
[-85.6061,63.5018],
[-85.6401,63.4511],
[-85.6524,63.4187],
[-85.6386,63.2474],
[-85.5843,63.1713],
[-85.5401,63.1367],
[-85.4907,63.1201],
[-85.3758,63.1239],
[-85.2664,63.1175],
[-85.1433,63.14],
[-84.8906,63.2072],
[-84.5633,63.3375],
[-84.4775,63.3836],
[-84.4482,63.4485],
[-84.4486,63.4829],
[-84.393,63.5552],
[-84.2861,63.6155],
[-84.1964,63.625],
[-84.1157,63.6039],
[-84.0946,63.6065],
[-84.0503,63.6269],
[-84.01,63.6654],
[-83.7457,63.7783],
[-83.7186,63.78],
[-83.6644,63.7653],
[-83.6349,63.7707],
[-83.5963,63.8233],
[-83.6067,63.9339],
[-83.6712,63.9882],
[-83.678,64.011],
[-83.5483,64.1025],
[-83.4883,64.1225],
[-83.3394,64.1347],
[-83.1572,64.163],
[-83.0728,64.1866],
[-83.014,64.1882],
[-82.9622,64.143],
[-82.9756,64.1205],
[-83.0228,64.0798],
[-83.1425,64.0036],
[-83.1265,63.9751],
[-83.0929,63.9571],
[-83.0642,63.9519],
[-82.8286,63.9794],
[-82.5489,63.9692],
[-82.3667,63.9076],
[-82.3526,63.8571],
[-82.3835,63.8175],
[-82.4236,63.8201],
[-82.4789,63.8067],
[-82.5378,63.7749],
[-82.5483,63.7489],
[-82.5353,63.7264],
[-82.4799,63.6836],
[-82.3457,63.6521],
[-82.3143,63.6542],
[-82.295,63.6719],
[-82.2194,63.6871],
[-82.0581,63.69],
[-81.9097,63.6319],
[-81.8019,63.6411],
[-81.7658,63.6368],
[-81.6942,63.6075],
[-81.0764,63.4514],
[-81.0111,63.4492],
[-80.9633,63.4568],
[-80.9332,63.481],
[-80.9356,63.5087],
[-80.9174,63.5239],
[-80.5878,63.6358],
[-80.5108,63.6822],
[-80.4894,63.7129],
[-80.4542,63.7278],
[-80.3968,63.7349],
[-80.3524,63.7283],
[-80.1904,63.7501],
[-80.1744,63.7712],
[-80.1922,63.8022],
[-80.2172,63.81],
[-80.5675,63.8894],
[-80.493,63.9073],
[-80.5288,63.9809],
[-80.7347,64.0542],
[-80.7775,64.0794],
[-80.8908,64.1155],
[-80.9358,64.1119],
[-80.9724,64.0553],
[-80.9131,64.0245],
[-80.9174,63.9976],
[-80.9425,63.9905],
[-81.2592,64.0625],
[-81.2821,64.0789],
[-81.3836,64.0905],
[-81.5608,64.0294],
[-81.8975,63.99],
[-81.9582,63.9886],
[-81.9894,63.9967],
[-81.9659,64.055],
[-81.8792,64.0808],
[-81.7639,64.0887],
[-81.6067,64.1279],
[-81.5939,64.1896],
[-81.6178,64.2144],
[-81.7272,64.2583],
[-81.7489,64.2736],
[-81.7769,64.3164],
[-81.7531,64.3558],
[-81.7526,64.4797],
[-81.7631,64.5011],
[-82.0644,64.6486],
[-82.2036,64.6844],
[-82.2175,64.6986],
[-82.2121,64.7048],
[-82.3554,64.7619],
[-82.5697,64.7639],
[-82.7032,64.7751],
[-82.8003,64.8089],
[-82.8531,64.8668],
[-82.9989,64.9114],
[-83.2012,64.9429],
[-83.3251,65.0168],
[-83.3419,65.0404],
[-83.337,65.0674],
[-83.3835,65.1219],
[-83.4086,65.1355],
[-83.5342,65.163],
[-83.8761,65.1628],
[-84.1414,65.22],
[-84.2276,65.2746],
[-84.1533,65.3357],
[-84.3144,65.3817],
[-84.4338,65.4514],
[-84.5557,65.48],
[-84.5877,65.4785],
[-84.7431,65.3539],
[-84.759,65.3336],
[-84.7499,65.3035],
[-84.7964,65.2243],
[-84.8242,65.2138],
[-84.9062,65.2062],
[-84.9276,65.2119],
[-85.0117,65.3522],
[-85.0021,65.399],
[-85.0131,65.416],
[-85.0886,65.4536],
[-85.2408,65.4983],
[-85.2711,65.5117],
[-85.3059,65.5423],
[-85.277,65.5566],
[-85.2379,65.5543],
[-85.1203,65.575],
[-85.0881,65.5855],
[-85.0515,65.6148],
[-85.1594,65.779],
[-85.2136,65.808],
[-85.2631,65.8211],
[-85.376,65.8351],
[-85.419,65.8047],
[-85.4508,65.7926],
[-85.5019,65.7997],
[-85.5186,65.811],
[-85.5221,65.8329],
[-85.5111,65.8578],
[-85.4889,65.8786],
[-85.4776,65.9195],
[-85.4956,65.9322],
[-85.5425,65.9333],
[-85.6211,65.9175],
[-85.7914,65.8533],
[-85.8883,65.8],
[-85.9865,65.737],
[-86.012,65.7121],
[-86.0978,65.5292],
[-86.1515,65.3897],
[-86.1711,65.274],
[-86.1356,65.1828],
[-86.1415,65.0928],
[-86.1874,65.0671],
[-86.2073,65.0414],
[-86.2262,64.9915],
[-86.2167,64.9685],
[-86.1842,64.9578],
[-86.1537,64.9253],
[-86.1835,64.8176],
[-86.2157,64.8139],
[-86.242,64.8003],
[-86.2725,64.7681],
[-86.3689,64.6294],
[-86.4014,64.4391],
[-86.3842,64.3644],
[-86.3547,64.29],
[-86.3056,64.2253],
[-86.2122,64.1786],
[-86.1794,64.1292],
[-86.1967,64.0964],
[-86.226,64.0816],
[-86.4136,64.0486],
[-86.5039,64.0183],
[-86.7842,63.9569],
[-86.9392,63.9033],
[-87.1611,63.7436],
[-87.2058,63.6989],
[-87.2258,63.6461]
]
],
[
[
[-86.9896,68.0748],
[-86.9374,68.038],
[-86.8639,68.0292],
[-86.8408,68.0108],
[-86.8433,67.9586],
[-86.9133,67.9319],
[-86.9454,67.9304],
[-86.9458,67.9094],
[-86.8817,67.8126],
[-86.8583,67.7969],
[-86.6836,67.7328],
[-86.5967,67.7255],
[-86.5778,67.7271],
[-86.4679,67.784],
[-86.3999,67.8543],
[-86.3697,67.9473],
[-86.3775,67.991],
[-86.4264,68.0692],
[-86.435,68.1625],
[-86.4058,68.2005],
[-86.4586,68.2355],
[-86.5386,68.2705],
[-86.675,68.3061],
[-86.7063,68.3014],
[-86.7425,68.2828],
[-86.9022,68.1829],
[-86.9789,68.0969],
[-86.9896,68.0748]
]
],
[
[
[-86.474,78.894],
[-86.4147,78.8844],
[-86.3195,78.8836],
[-85.3014,78.9753],
[-85.2176,78.9911],
[-85.1749,79.0118],
[-85.1825,79.0314],
[-85.2079,79.0394],
[-85.3214,79.0539],
[-85.6461,79.0644],
[-85.8961,79.0569],
[-86.047,79.0386],
[-86.2886,78.9894],
[-86.3461,78.9397],
[-86.474,78.894]
]
],
[
[
[-86.0997,72.2834],
[-86.0058,72.2436],
[-85.9083,72.2178],
[-85.8833,72.2198],
[-85.8517,72.2414],
[-85.8372,72.2628],
[-85.8422,72.2915],
[-85.8639,72.2972],
[-86.005,72.2966],
[-86.0672,72.2939],
[-86.0997,72.2834]
]
],
[
[
[-85.5369,77.5419],
[-85.2708,77.53],
[-85.1703,77.5117],
[-85.1413,77.4969],
[-85.1756,77.4689],
[-85.161,77.4557],
[-85.1269,77.453],
[-84.9608,77.4664],
[-84.8431,77.4872],
[-84.8203,77.4981],
[-85.0032,77.5717],
[-85.2853,77.5875],
[-85.3522,77.5828],
[-85.5369,77.5419]
]
],
[
[
[-85.1819,65.9455],
[-85.1181,65.7647],
[-85.1069,65.7505],
[-85.0706,65.7267],
[-85.0286,65.7117],
[-84.8786,65.6691],
[-84.8583,65.6483],
[-84.8444,65.5928],
[-84.7847,65.5566],
[-84.7372,65.5456],
[-84.6678,65.5605],
[-84.5918,65.6139],
[-84.5751,65.6342],
[-84.5921,65.6944],
[-84.6372,65.7122],
[-84.755,65.8533],
[-84.8078,65.8958],
[-84.8853,65.9432],
[-84.9103,66],
[-84.9311,66.0093],
[-85.0817,66.0267],
[-85.1406,66.0222],
[-85.173,65.9947],
[-85.1819,65.9455]
]
],
[
[
[-84.4677,66.0663],
[-84.4301,66.0326],
[-84.3828,66.0005],
[-84.2994,66.0025],
[-84.2086,65.9772],
[-84.1937,65.9707],
[-84.1236,65.9003],
[-84.1022,65.8148],
[-84.1143,65.7923],
[-84.1428,65.7704],
[-84.1269,65.7596],
[-83.9658,65.7375],
[-83.9433,65.7423],
[-83.9275,65.7597],
[-83.9058,65.7675],
[-83.7975,65.7894],
[-83.6862,65.7505],
[-83.6953,65.7411],
[-83.7825,65.7251],
[-83.8443,65.6747],
[-83.8371,65.6483],
[-83.6603,65.6472],
[-83.5989,65.6564],
[-83.4931,65.6578],
[-83.4306,65.6439],
[-83.3872,65.6173],
[-83.345,65.6208],
[-83.3027,65.6291],
[-83.2553,65.6521],
[-83.2198,65.7112],
[-83.525,65.7378],
[-83.7275,65.7997],
[-83.7358,65.8336],
[-83.6997,65.8514],
[-83.6892,65.8667],
[-83.6821,65.9058],
[-83.7,65.9294],
[-83.7308,65.9478],
[-83.9214,66.0097],
[-84.0017,66.0336],
[-84.0394,66.0769],
[-84.1464,66.0811],
[-84.4331,66.1389],
[-84.4654,66.1354],
[-84.4677,66.0663]
]
],
[
[
[-84.1338,76.5086],
[-84.1167,76.4478],
[-84.0092,76.4258],
[-83.9628,76.4264],
[-83.9132,76.4672],
[-83.9847,76.493],
[-84.1338,76.5086]
]
],
[
[
[-83.9444,62.4448],
[-83.9439,62.4244],
[-83.9025,62.3875],
[-83.8067,62.3264],
[-83.7478,62.3097],
[-83.7254,62.2917],
[-83.7118,62.2265],
[-83.7205,62.1648],
[-83.7078,62.1437],
[-83.678,62.1404],
[-83.6465,62.1485],
[-83.4764,62.2214],
[-83.3303,62.2526],
[-83.2758,62.2486],
[-83.1986,62.2222],
[-83.1722,62.2103],
[-83.131,62.174],
[-83.0878,62.1789],
[-82.9938,62.2071],
[-82.7375,62.3062],
[-82.6214,62.3953],
[-82.446,62.4569],
[-82.4201,62.474],
[-82.4053,62.5119],
[-82.3769,62.5423],
[-82.3156,62.5717],
[-82.1875,62.5994],
[-82.1022,62.6292],
[-81.966,62.6937],
[-81.9295,62.7203],
[-81.907,62.8664],
[-81.868,62.925],
[-81.9088,62.9511],
[-82.1219,62.9667],
[-82.2394,62.9903],
[-82.2667,62.9892],
[-82.3787,62.954],
[-82.3835,62.9344],
[-82.4285,62.9251],
[-82.6157,62.9455],
[-82.7558,62.9279],
[-82.9822,62.8478],
[-83.0312,62.8379],
[-83.1165,62.8457],
[-83.1803,62.8789],
[-83.202,62.9081],
[-83.3047,62.9251],
[-83.4003,62.8975],
[-83.5253,62.8217],
[-83.5529,62.73],
[-83.5479,62.7061],
[-83.5647,62.6797],
[-83.7011,62.5712],
[-83.9113,62.4807],
[-83.9444,62.4448]
]
],
[
[
[-83.9151,69.786],
[-83.9038,69.7668],
[-83.7769,69.7328],
[-83.6815,69.7197],
[-83.6584,69.7296],
[-83.7083,69.7535],
[-83.6958,69.7639],
[-83.5771,69.7893],
[-83.8325,69.8253],
[-83.8671,69.8237],
[-83.8939,69.8135],
[-83.9151,69.786]
]
],
[
[
[-83.579,65.854],
[-83.5592,65.8311],
[-83.4793,65.8005],
[-83.4067,65.8303],
[-83.3096,65.8262],
[-83.2881,65.8364],
[-83.3393,65.8621],
[-83.37,65.8667],
[-83.5253,65.8683],
[-83.5603,65.865],
[-83.579,65.854]
]
],
[
[
[-83.2983,66.3139],
[-83.2937,66.2631],
[-83.2633,66.2472],
[-83.0867,66.1978],
[-83.0138,66.1951],
[-82.9933,66.2011],
[-82.9114,66.2661],
[-82.9372,66.2753],
[-82.9969,66.2658],
[-83.0672,66.2556],
[-83.171,66.2862],
[-83.2215,66.3378],
[-83.2604,66.3433],
[-83.2983,66.3139]
]
],
[
[
[-82.8718,69.7738],
[-82.72,69.7333],
[-82.5428,69.7042],
[-82.5078,69.705],
[-82.4606,69.7137],
[-82.4603,69.7617],
[-82.63,69.7892],
[-82.8017,69.8056],
[-82.8496,69.8019],
[-82.8718,69.7738]
]
],
[
[
[-82.6886,69.8508],
[-82.5197,69.7894],
[-82.4442,69.7783],
[-82.427,69.7905],
[-82.4394,69.8185],
[-82.4757,69.8355],
[-82.5172,69.8542],
[-82.6668,69.8759],
[-82.6886,69.8508]
]
],
[
[
[-82.3384,68.368],
[-82.3197,68.3514],
[-82.2711,68.3386],
[-82.0663,68.3046],
[-82.0079,68.3401],
[-82.1356,68.3728],
[-82.2238,68.3849],
[-82.3384,68.368]
]
],
[
[
[-82.0579,53.0199],
[-81.925,52.9637],
[-81.7725,52.9397],
[-81.5844,52.8892],
[-81.252,52.8325],
[-81.02,52.7496],
[-80.8063,52.7211],
[-80.7433,52.6956],
[-80.7094,52.6914],
[-80.6711,52.7466],
[-80.6685,52.7744],
[-80.7692,52.9379],
[-80.9762,53.1112],
[-81.0453,53.1486],
[-81.1113,53.2003],
[-81.3801,53.225],
[-81.8562,53.1801],
[-81.9108,53.1589],
[-81.9621,53.124],
[-82.053,53.0418],
[-82.0579,53.0199]
]
],
[
[
[-80.8761,73.3332],
[-80.7975,73.2769],
[-80.4153,73.2441],
[-80.2169,73.2433],
[-80.141,73.2144],
[-80.1122,73.183],
[-80.1228,73.1144],
[-80.1356,73.085],
[-80.1812,73.0471],
[-80.1208,72.9789],
[-80.0039,72.8679],
[-79.6239,72.7633],
[-79.3914,72.7333],
[-79.2092,72.745],
[-78.6239,72.848],
[-78.2364,72.893],
[-78.1072,72.8864],
[-77.7138,72.8971],
[-77.4472,72.88],
[-77.2269,72.8461],
[-76.9372,72.8308],
[-76.7314,72.8339],
[-76.5721,72.8125],
[-76.3397,72.815],
[-76.1096,72.8512],
[-76.0901,72.8608],
[-76.0608,72.9039],
[-76.0744,72.923],
[-76.1111,72.9383],
[-76.1622,72.9464],
[-76.2835,72.9478],
[-76.3247,72.9592],
[-76.3136,73.1005],
[-76.501,73.1184],
[-76.5846,73.1451],
[-76.6053,73.1591],
[-76.6108,73.1796],
[-76.5805,73.2098],
[-76.715,73.3201],
[-76.8372,73.3272],
[-76.8874,73.322],
[-76.9994,73.3458],
[-77.0521,73.3642],
[-77.152,73.4698],
[-77.1975,73.5035],
[-77.3449,73.5183],
[-77.4244,73.5547],
[-77.8231,73.6039],
[-78.1664,73.668],
[-78.8614,73.6583],
[-78.9242,73.6485],
[-78.9617,73.6328],
[-79.4519,73.6305],
[-79.6255,73.6708],
[-79.9014,73.6983],
[-80.1503,73.698],
[-80.2233,73.7158],
[-80.3122,73.7509],
[-80.435,73.7661],
[-80.5605,73.7678],
[-80.8578,73.7419],
[-80.81,73.6444],
[-80.8203,73.4892],
[-80.8725,73.425],
[-80.8761,73.3332]
]
],
[
[
[-80.8014,69.7011],
[-80.8001,69.6756],
[-80.7524,69.6665],
[-80.4928,69.665],
[-80.3536,69.6147],
[-80.2147,69.5867],
[-80.2006,69.5308],
[-80.0165,69.4922],
[-79.9744,69.5022],
[-79.9375,69.5254],
[-80.0814,69.6275],
[-80.0625,69.6428],
[-80.0219,69.6436],
[-79.9673,69.6274],
[-79.6317,69.6089],
[-79.6003,69.6128],
[-79.3547,69.688],
[-79.3308,69.7048],
[-79.4274,69.7873],
[-79.4769,69.8036],
[-79.6828,69.8146],
[-79.7525,69.7825],
[-79.7681,69.7528],
[-79.9728,69.7233],
[-80.1292,69.7655],
[-80.2067,69.798],
[-80.2642,69.7953],
[-80.3297,69.7742],
[-80.3438,69.7805],
[-80.3416,69.7866],
[-80.3801,69.7996],
[-80.496,69.7851],
[-80.52,69.7208],
[-80.6497,69.7486],
[-80.7267,69.7481],
[-80.8014,69.7011]
]
],
[
[
[-80.3415,59.6182],
[-80.3244,59.6124],
[-80.2692,59.6211],
[-80.2403,59.6358],
[-80.2228,59.6603],
[-80.1631,59.6771],
[-80.1497,59.7078],
[-80.2275,59.7244],
[-80.2953,59.6783],
[-80.3415,59.6182]
]
],
[
[
[-80.2953,61.9836],
[-80.2778,61.8124],
[-80.1985,61.7592],
[-80.1676,61.7494],
[-80.083,61.7473],
[-79.9542,61.6836],
[-79.8711,61.6097],
[-79.837,61.5683],
[-79.7704,61.5744],
[-79.6496,61.6492],
[-79.6305,61.6671],
[-79.6069,61.7222],
[-79.6103,61.7501],
[-79.5901,61.7787],
[-79.5244,61.8114],
[-79.3964,61.9689],
[-79.3297,62.0153],
[-79.2618,62.1612],
[-79.2598,62.2471],
[-79.3532,62.2925],
[-79.4205,62.34],
[-79.4464,62.3814],
[-79.5406,62.4111],
[-79.5842,62.4172],
[-79.7308,62.3992],
[-79.8382,62.4039],
[-79.9426,62.3874],
[-80.0135,62.3605],
[-80.1803,62.2175],
[-80.2676,62.1093],
[-80.2953,61.9836]
]
],
[
[
[-80.1749,59.7459],
[-80.0897,59.7519],
[-80.0253,59.7644],
[-79.9251,59.8136],
[-79.8826,59.8533],
[-79.9362,59.8763],
[-80.0114,59.8856],
[-80.109,59.8414],
[-80.1289,59.8239],
[-80.1749,59.7459]
]
],
[
[
[-80.1229,72.5212],
[-80.0158,72.4121],
[-80.0033,72.4116],
[-79.957,72.4261],
[-79.9192,72.4607],
[-80.0369,72.5164],
[-80.0636,72.5239],
[-80.1229,72.5212]
]
],
[
[
[-80.107,56.1969],
[-80.0605,56.1844],
[-79.9861,56.1997],
[-79.7078,56.3032],
[-79.6494,56.3464],
[-79.6169,56.3903],
[-79.5479,56.5166],
[-79.5861,56.4971],
[-79.5914,56.4692],
[-79.6167,56.4293],
[-79.6564,56.3928],
[-79.6989,56.3689],
[-79.8675,56.3575],
[-80.0489,56.3077],
[-80.0994,56.2417],
[-80.107,56.1969]
]
],
[
[
[-80.084,53.3228],
[-80.019,53.2669],
[-79.9428,53.2669],
[-79.924,53.2717],
[-79.9129,53.2882],
[-79.9519,53.3483],
[-79.9447,53.368],
[-80.0662,53.3533],
[-80.084,53.3228]
]
],
[
[
[-79.9858,55.898],
[-79.9092,55.8405],
[-79.8615,55.8545],
[-79.8195,55.9011],
[-79.5972,56.0914],
[-79.5503,56.1233],
[-79.5131,56.135],
[-79.4757,56.1201],
[-79.4747,56.0983],
[-79.5981,55.9817],
[-79.782,55.788],
[-79.605,55.8817],
[-79.524,55.8551],
[-79.48,55.8639],
[-79.4525,55.88],
[-79.3586,55.9744],
[-79.3092,56.0364],
[-79.2439,56.1511],
[-79.1703,56.2255],
[-79.1506,56.233],
[-79.1327,56.1758],
[-79.1339,56.1267],
[-79.2197,55.9583],
[-79.0833,56.1742],
[-79.0928,56.214],
[-79.0906,56.2639],
[-79.0553,56.3444],
[-79.0433,56.3605],
[-78.9989,56.3842],
[-78.9803,56.3892],
[-78.9706,56.3808],
[-78.969,56.3189],
[-79.0089,56.2217],
[-79.0619,56.1486],
[-79.1663,55.9739],
[-79.1994,55.893],
[-79.13,55.9894],
[-79.0614,56.1244],
[-78.9525,56.2795],
[-78.9364,56.3175],
[-78.9223,56.4119],
[-78.9392,56.429],
[-79.0217,56.4269],
[-79.0756,56.4442],
[-79.1119,56.4753],
[-79.1358,56.5433],
[-79.2864,56.5703],
[-79.3011,56.4472],
[-79.4147,56.2144],
[-79.4389,56.1972],
[-79.5144,56.1864],
[-79.5314,56.2069],
[-79.4194,56.4436],
[-79.4183,56.4908],
[-79.4502,56.5526],
[-79.4687,56.5464],
[-79.4744,56.5211],
[-79.4588,56.4662],
[-79.4873,56.4027],
[-79.4947,56.3672],
[-79.5268,56.3042],
[-79.5878,56.2303],
[-79.6681,56.19],
[-79.9619,55.9603],
[-79.9858,55.898]
]
],
[
[
[-79.9583,56.8068],
[-79.9451,56.7695],
[-79.9274,56.7532],
[-79.9047,56.7417],
[-79.8799,56.7462],
[-79.836,56.7912],
[-79.815,56.8252],
[-79.8392,56.8554],
[-79.8619,56.866],
[-79.9171,56.8599],
[-79.9503,56.8286],
[-79.9583,56.8068]
]
],
[
[
[-79.9386,53.1287],
[-79.9269,53.0877],
[-79.8397,53.083],
[-79.7933,53.108],
[-79.8461,53.1605],
[-79.9021,53.1736],
[-79.9328,53.1501],
[-79.9386,53.1287]
]
],
[
[
[-79.8954,56.8909],
[-79.8528,56.8852],
[-79.8238,56.895],
[-79.7931,56.8599],
[-79.7891,56.7905],
[-79.7536,56.7828],
[-79.7225,56.8038],
[-79.7521,56.9083],
[-79.7957,56.9466],
[-79.8553,56.9394],
[-79.8954,56.8909]
]
],
[
[
[-79.8358,57.4603],
[-79.8026,57.4177],
[-79.7088,57.5046],
[-79.6972,57.5258],
[-79.6986,57.5633],
[-79.7315,57.6161],
[-79.7928,57.5789],
[-79.8269,57.538],
[-79.8358,57.4603]
]
],
[
[
[-79.7701,54.7776],
[-79.5153,54.8405],
[-79.235,54.8967],
[-79.1301,54.8965],
[-79.1028,54.9039],
[-79.0211,54.9303],
[-79.0479,54.9462],
[-79.3394,54.8969],
[-79.4629,54.8892],
[-79.6869,54.8383],
[-79.7201,54.8226],
[-79.7701,54.7776]
]
],
[
[
[-79.7522,75.8786],
[-79.7335,75.8628],
[-79.5981,75.8614],
[-79.4586,75.8108],
[-79.4083,75.8528],
[-79.3195,75.8736],
[-79.0217,75.8675],
[-79.0635,75.8493],
[-79.0489,75.8369],
[-78.9211,75.8375],
[-78.8792,75.8477],
[-78.9092,75.8701],
[-78.935,75.8769],
[-79.0294,75.8883],
[-79.1119,75.9103],
[-79.1714,75.9357],
[-79.1767,75.9496],
[-79.1561,75.97],
[-79.085,75.9939],
[-78.8535,76.0454],
[-78.8299,76.0553],
[-78.8022,76.0881],
[-78.9239,76.1211],
[-79.0867,76.1154],
[-79.1338,76.08],
[-79.2728,76.028],
[-79.397,76.0019],
[-79.5738,75.9472],
[-79.7522,75.8786]
]
],
[
[
[-79.6833,72.4305],
[-79.5945,72.3569],
[-79.5558,72.3469],
[-79.5081,72.3486],
[-79.4496,72.3639],
[-79.4331,72.415],
[-79.5814,72.455],
[-79.6833,72.4305]
]
],
[
[
[-79.6522,51.9879],
[-79.6138,51.9178],
[-79.5725,51.9349],
[-79.5011,51.9425],
[-79.3744,51.9381],
[-79.3197,51.97],
[-79.2528,52.0714],
[-79.2685,52.0865],
[-79.3419,52.1094],
[-79.3839,52.0908],
[-79.3967,52.0772],
[-79.5383,52.0233],
[-79.5853,52.0128],
[-79.6253,52.022],
[-79.6522,51.9879]
]
],
[
[
[-79.59,56.7683],
[-79.5838,56.6504],
[-79.5656,56.6174],
[-79.4875,56.6568],
[-79.4747,56.6892],
[-79.4769,56.7217],
[-79.4964,56.7669],
[-79.5167,56.7856],
[-79.5754,56.8133],
[-79.59,56.7683]
]
],
[
[
[-79.4022,68.9236],
[-79.394,68.8634],
[-79.3597,68.846],
[-79.2389,68.8275],
[-79.209,68.8333],
[-79.1897,68.8514],
[-79.0953,68.8728],
[-78.9344,68.8886],
[-78.8353,68.9108],
[-78.7301,68.9662],
[-78.7144,68.9821],
[-78.7111,69.0122],
[-78.6278,69.0586],
[-78.5722,69.0733],
[-78.554,69.0864],
[-78.4725,69.1914],
[-78.3183,69.2383],
[-78.212,69.2957],
[-78.2753,69.3672],
[-78.2986,69.3764],
[-78.3964,69.3778],
[-78.4647,69.3911],
[-78.6069,69.3714],
[-78.7221,69.3346],
[-78.7492,69.2611],
[-78.86,69.1433],
[-78.9603,69.1025],
[-79.1461,69.0936],
[-79.2221,69.0787],
[-79.2831,69.0128],
[-79.3067,68.976],
[-79.3539,68.9439],
[-79.4022,68.9236]
]
],
[
[
[-79.2828,55.8678],
[-79.2361,55.9175],
[-79.2197,55.9583],
[-79.2672,55.903],
[-79.2828,55.8678]
]
],
[
[
[-79.1911,68.3194],
[-79.1883,68.2472],
[-79.1771,68.2114],
[-79.0957,68.1728],
[-79.0265,68.1672],
[-78.8419,68.2405],
[-78.8194,68.2531],
[-78.8055,68.2783],
[-78.8261,68.2955],
[-78.93,68.3389],
[-79.1255,68.3503],
[-79.1468,68.3478],
[-79.1911,68.3194]
]
],
[
[
[-79.1288,55.7945],
[-79.1044,55.8008],
[-78.9397,56.0253],
[-78.9549,56.0798],
[-79.0094,56.0636],
[-79.029,55.9728],
[-79.1288,55.7945]
]
],
[
[
[-79.072,72.412],
[-79.0531,72.3608],
[-78.9426,72.3357],
[-78.9171,72.3435],
[-78.8542,72.3622],
[-78.7458,72.3664],
[-78.8404,72.4137],
[-78.9708,72.4453],
[-79.0444,72.4267],
[-79.072,72.412]
]
],
[
[
[-78.9597,68.4747],
[-78.8206,68.4398],
[-78.7431,68.4427],
[-78.7108,68.4497],
[-78.617,68.5023],
[-78.6447,68.5128],
[-78.6914,68.5092],
[-78.7247,68.5219],
[-78.6689,68.5542],
[-78.6389,68.558],
[-78.5383,68.541],
[-78.5031,68.5455],
[-78.4732,68.5612],
[-78.465,68.6191],
[-78.4889,68.6264],
[-78.72,68.6572],
[-78.8639,68.6597],
[-78.893,68.6502],
[-78.6931,68.5969],
[-78.6697,68.5811],
[-78.7239,68.5475],
[-78.8161,68.5492],
[-78.9408,68.5132],
[-78.9597,68.4747]
]
],
[
[
[-78.9305,56.1217],
[-78.84,56.13],
[-78.6825,56.1769],
[-78.6556,56.2236],
[-78.6528,56.2419],
[-78.6622,56.4342],
[-78.6907,56.4436],
[-78.7317,56.4405],
[-78.757,56.4286],
[-78.8336,56.3482],
[-78.8117,56.3411],
[-78.8253,56.2628],
[-78.8464,56.2347],
[-78.9115,56.1787],
[-78.9305,56.1217]
]
],
[
[
[-78.8783,69.4802],
[-78.8643,69.4592],
[-78.8386,69.4514],
[-78.757,69.4675],
[-78.6461,69.51],
[-78.505,69.4889],
[-78.3119,69.543],
[-78.0703,69.5928],
[-77.9658,69.625],
[-77.9461,69.6416],
[-77.9556,69.6683],
[-77.9878,69.6971],
[-78.08,69.7294],
[-78.1806,69.7522],
[-78.2682,69.7305],
[-78.2603,69.7097],
[-78.2288,69.6746],
[-78.2453,69.6636],
[-78.4003,69.6433],
[-78.5225,69.6483],
[-78.5811,69.6342],
[-78.7178,69.5447],
[-78.8337,69.5099],
[-78.8783,69.4802]
]
],
[
[
[-78.6952,60.7187],
[-78.6629,60.7031],
[-78.6233,60.7056],
[-78.2811,60.7676],
[-78.2225,60.8199],
[-78.4,60.81],
[-78.5736,60.7842],
[-78.6164,60.7719],
[-78.6952,60.7187]
]
],
[
[
[-78.5725,63.4375],
[-78.5625,63.3958],
[-78.5218,63.3714],
[-78.4467,63.3503],
[-78.3544,63.3036],
[-78.2955,63.26],
[-78.1247,63.1658],
[-78.025,63.1172],
[-77.9525,63.0921],
[-77.9028,63.0922],
[-77.7853,63.1217],
[-77.642,63.1719],
[-77.5733,63.2005],
[-77.5039,63.2525],
[-77.4951,63.2714],
[-77.6367,63.4028],
[-77.6806,63.4344],
[-77.845,63.4722],
[-77.9197,63.4762],
[-77.9419,63.4696],
[-78.0917,63.4705],
[-78.2135,63.4963],
[-78.38,63.4764],
[-78.5725,63.4375]
]
],
[
[
[-78.4194,82.8992],
[-78.3746,82.8836],
[-78.3364,82.888],
[-78.2128,82.9114],
[-78.1204,82.9413],
[-78.1453,82.9547],
[-78.2739,82.963],
[-78.3617,82.9586],
[-78.4109,82.9432],
[-78.4194,82.8992]
]
],
[
[
[-78.1085,62.5628],
[-77.9131,62.5394],
[-77.8763,62.5381],
[-77.844,62.5483],
[-77.8461,62.5754],
[-77.8672,62.5892],
[-78.0392,62.5926],
[-78.1078,62.5819],
[-78.1085,62.5628]
]
],
[
[
[-77.98,63.9795],
[-77.9599,63.9558],
[-77.7408,63.9282],
[-77.6864,63.9544],
[-77.625,63.9978],
[-77.5498,64.0219],
[-77.5911,64.0303],
[-77.7744,64.0317],
[-77.9487,64.009],
[-77.98,63.9795]
]
],
[
[
[-77.9536,77.8317],
[-77.8817,77.7779],
[-77.8519,77.7744],
[-77.6806,77.7928],
[-77.5851,77.8172],
[-77.5738,77.8531],
[-77.6228,77.8628],
[-77.7178,77.863],
[-77.8803,77.848],
[-77.9536,77.8317]
]
],
[
[
[-77.4556,63.6478],
[-77.4422,63.6083],
[-77.4189,63.5868],
[-77.3278,63.5722],
[-77.1087,63.4782],
[-77.039,63.4259],
[-76.9842,63.4064],
[-76.7261,63.3669],
[-76.6786,63.3728],
[-76.5445,63.4633],
[-76.6816,63.4814],
[-76.6722,63.5289],
[-76.7106,63.5658],
[-77.0214,63.6642],
[-77.1101,63.6804],
[-77.3433,63.6961],
[-77.4054,63.6878],
[-77.4556,63.6478]
]
],
[
[
[-77.3838,69.2671],
[-77.3819,69.2475],
[-77.2858,69.1536],
[-77.2136,69.1258],
[-77.1378,69.1167],
[-76.9589,69.1425],
[-76.95,69.1954],
[-76.93,69.2157],
[-76.7369,69.2964],
[-76.6764,69.3061],
[-76.6478,69.3344],
[-76.6462,69.3791],
[-76.7196,69.4219],
[-76.8042,69.4003],
[-76.9508,69.3953],
[-77.1218,69.4435],
[-77.1536,69.4444],
[-77.3532,69.3982],
[-77.3838,69.2671]
]
],
[
[
[-77.3208,67.7047],
[-77.3165,67.684],
[-77.2251,67.5397],
[-77.2471,67.4546],
[-77.1014,67.3058],
[-77.051,67.2639],
[-76.9781,67.2455],
[-76.6636,67.22],
[-76.2269,67.2608],
[-75.9461,67.2519],
[-75.8445,67.2642],
[-75.5536,67.3336],
[-75.392,67.3539],
[-75.1986,67.4433],
[-75.1336,67.4817],
[-75.0704,67.5408],
[-75.0251,67.6225],
[-75.0642,67.7825],
[-75.1613,67.9542],
[-75.1481,67.9744],
[-75.0535,68.0366],
[-75.0011,68.1171],
[-75.0075,68.14],
[-75.0306,68.1672],
[-75.1283,68.2319],
[-75.1911,68.2447],
[-75.4297,68.2622],
[-75.5828,68.3003],
[-75.6955,68.3269],
[-75.8875,68.3397],
[-75.9603,68.3325],
[-76.0567,68.2978],
[-76.1161,68.2966],
[-76.2287,68.3023],
[-76.2724,68.3325],
[-76.6069,68.2794],
[-76.7261,68.2389],
[-76.8622,68.1597],
[-77.2039,67.8764],
[-77.2551,67.8214],
[-77.3208,67.7047]
]
],
[
[
[-75.4164,68.5212],
[-75.3961,68.5036],
[-75.2414,68.4364],
[-75.0333,68.3926],
[-75.0021,68.3628],
[-75.0026,68.3344],
[-74.8144,68.3196],
[-74.7764,68.4105],
[-74.7703,68.4766],
[-74.7826,68.4925],
[-74.8369,68.5117],
[-74.9349,68.5692],
[-75.0072,68.6747],
[-75.2471,68.7178],
[-75.3037,68.6976],
[-75.3931,68.6171],
[-75.4164,68.5212]
]
],
[
[
[-74.9363,72.1804],
[-74.8414,72.1667],
[-74.7967,72.168],
[-74.7442,72.1844],
[-74.6743,72.2246],
[-74.7039,72.2305],
[-74.8508,72.2178],
[-74.9111,72.1997],
[-74.9363,72.1804]
]
],
[
[
[-74.8867,68.619],
[-74.8386,68.5728],
[-74.8146,68.5647],
[-74.5514,68.5505],
[-74.5261,68.5573],
[-74.6521,68.6536],
[-74.7634,68.6729],
[-74.7987,68.6706],
[-74.8867,68.619]
]
],
[
[
[-74.7778,68.0119],
[-74.7743,67.9674],
[-74.6844,67.8819],
[-74.6408,67.8522],
[-74.5353,67.8047],
[-74.3947,67.776],
[-74.3131,67.7687],
[-74.1133,67.7872],
[-73.9931,67.788],
[-73.4294,67.7628],
[-73.3806,67.7916],
[-73.3486,67.828],
[-73.4172,67.9767],
[-73.5728,68.0137],
[-73.6494,68.01],
[-73.7364,68.0136],
[-74.1647,68.0655],
[-74.2356,68.1435],
[-74.3432,68.1768],
[-74.3599,68.1696],
[-74.4367,68.0975],
[-74.7253,68.0715],
[-74.7557,68.0587],
[-74.7778,68.0119]
]
],
[
[
[-74.7079,78.7297],
[-74.6142,78.7028],
[-74.3672,78.6761],
[-74.3069,78.6767],
[-74.2364,78.6872],
[-74.1692,78.7147],
[-74.1925,78.7297],
[-74.282,78.7461],
[-74.5911,78.7789],
[-74.6386,78.7749],
[-74.7079,78.7297]
]
],
[
[
[-74.6446,62.7117],
[-74.5462,62.6696],
[-74.1764,62.6031],
[-73.9886,62.6022],
[-73.9647,62.6093],
[-74.0125,62.6637],
[-74.1524,62.6883],
[-74.3478,62.6794],
[-74.3922,62.6872],
[-74.4818,62.74],
[-74.5301,62.7486],
[-74.6446,62.7117]
]
],
[
[
[-74.4308,64.4478],
[-74.3772,64.4244],
[-74.2785,64.4133],
[-74.1797,64.4384],
[-74.2286,64.4511],
[-74.3104,64.4988],
[-74.3351,64.4958],
[-74.4308,64.4478]
]
],
[
[
[-74.4006,68.4291],
[-74.3886,68.3983],
[-74.2606,68.2733],
[-74.225,68.249],
[-74.1992,68.2429],
[-74.1547,68.2492],
[-74.0773,68.3301],
[-74.198,68.415],
[-74.2746,68.4565],
[-74.3686,68.4618],
[-74.3931,68.4453],
[-74.4006,68.4291]
]
],
[
[
[-73.8285,64.3282],
[-73.7539,64.2828],
[-73.6992,64.2709],
[-73.7008,64.3185],
[-73.7285,64.3837],
[-73.7468,64.408],
[-73.7722,64.408],
[-73.8285,64.3282]
]
],
[
[
[-73.6825,64.5097],
[-73.6104,64.4705],
[-73.6695,64.4268],
[-73.6556,64.3269],
[-73.6264,64.3128],
[-73.5564,64.3137],
[-73.489,64.45],
[-73.5065,64.5454],
[-73.5308,64.5664],
[-73.6728,64.5323],
[-73.6825,64.5097]
]
],
[
[
[-73.4476,71.5918],
[-73.4256,71.5656],
[-73.4006,71.5554],
[-73.3703,71.5544],
[-73.3458,71.5628],
[-73.3226,71.6023],
[-73.2828,71.6378],
[-73.1511,71.679],
[-73.1675,71.6922],
[-73.1906,71.6972],
[-73.2761,71.6919],
[-73.3483,71.6583],
[-73.4476,71.5918]
]
],
[
[
[-73.3728,71.5244],
[-73.3683,71.4835],
[-73.2975,71.4572],
[-73.2549,71.4121],
[-73.2742,71.371],
[-73.245,71.3489],
[-73.0894,71.3139],
[-73.0605,71.2947],
[-72.9903,71.3064],
[-72.9747,71.3214],
[-73.0075,71.3522],
[-73.0279,71.404],
[-73.01,71.4155],
[-72.8497,71.4328],
[-72.8271,71.4416],
[-72.9342,71.5092],
[-72.9674,71.5207],
[-73.0019,71.5144],
[-73.0394,71.4815],
[-73.1294,71.4508],
[-73.1169,71.4828],
[-73.076,71.5355],
[-73.1399,71.5629],
[-73.1835,71.566],
[-73.3728,71.5244]
]
],
[
[
[-73.0347,71.5808],
[-73.0147,71.5635],
[-72.95,71.5472],
[-72.8489,71.5322],
[-72.7608,71.5319],
[-72.7217,71.5418],
[-72.6614,71.6012],
[-72.6844,71.6428],
[-72.7025,71.6532],
[-72.7453,71.66],
[-72.9247,71.6494],
[-72.9681,71.6367],
[-73.0347,71.5808]
]
],
[
[
[-72.7747,63.6643],
[-72.592,63.6433],
[-72.4627,63.6807],
[-72.4774,63.7051],
[-72.5067,63.7072],
[-72.7231,63.6786],
[-72.7747,63.6643]
]
],
[
[
[-72.2254,70.9256],
[-72.1986,70.8828],
[-72.1122,70.8114],
[-71.9917,70.8147],
[-71.6544,70.8908],
[-71.409,70.9098],
[-71.3895,70.9196],
[-71.3417,70.9951],
[-71.3643,71.0108],
[-71.4717,71.0128],
[-71.7947,71.053],
[-71.8317,71.0711],
[-71.8842,71.0689],
[-72.0146,71.0439],
[-72.0333,70.963],
[-72.0578,70.933],
[-72.0783,70.9236],
[-72.1361,70.9169],
[-72.1667,70.938],
[-72.2081,70.9357],
[-72.2254,70.9256]
]
],
[
[
[-71.2541,71.0753],
[-71.2394,71.0626],
[-71.1433,71.0825],
[-71.0763,71.1048],
[-71.0403,71.1477],
[-71.0822,71.1553],
[-71.2006,71.1258],
[-71.2474,71.0942],
[-71.2541,71.0753]
]
],
[
[
[-71.2369,62.8831],
[-71.1761,62.8092],
[-71.1516,62.7961],
[-71.0192,62.8119],
[-70.9455,62.798],
[-70.8467,62.7661],
[-70.8544,62.7136],
[-70.8224,62.6096],
[-70.7679,62.5626],
[-70.7464,62.5547],
[-70.3931,62.5303],
[-70.2647,62.5592],
[-70.2118,62.5797],
[-70.2219,62.5987],
[-70.397,62.723],
[-70.7117,62.815],
[-70.7881,62.8361],
[-71.1911,62.8847],
[-71.2369,62.8831]
]
],
[
[
[-71.125,46.8661],
[-71.1122,46.8507],
[-71.0371,46.8615],
[-70.9042,46.9136],
[-70.8824,46.9274],
[-70.8117,47.0034],
[-70.8163,47.0211],
[-70.8661,47.026],
[-71.0783,46.9136],
[-71.125,46.8661]
]
],
[
[
[-69.3586,58.9617],
[-69.3459,58.9462],
[-69.3239,58.9457],
[-69.2272,58.9719],
[-69.1783,59.0297],
[-69.191,59.0681],
[-69.1984,59.0704],
[-69.1844,59.1335],
[-69.1986,59.1453],
[-69.2788,59.1547],
[-69.3494,59.1404],
[-69.3195,59.098],
[-69.3183,59.0256],
[-69.3586,58.9617]
]
],
[
[
[-68.457,68.788],
[-68.1883,68.7639],
[-67.9514,68.7216],
[-67.8697,68.6986],
[-67.6746,68.705],
[-68.1103,68.7828],
[-68.4236,68.8116],
[-68.4461,68.8086],
[-68.457,68.788]
]
],
[
[
[-68.3944,60.2559],
[-68.3821,60.2367],
[-68.3619,60.2258],
[-68.3105,60.223],
[-68.2514,60.2308],
[-68.1724,60.2443],
[-67.9344,60.3217],
[-67.8107,60.4128],
[-67.7969,60.439],
[-67.8021,60.4613],
[-67.8622,60.488],
[-67.9494,60.5623],
[-68.0353,60.5811],
[-68.087,60.5821],
[-68.1243,60.5739],
[-68.1753,60.5344],
[-68.3144,60.3903],
[-68.381,60.305],
[-68.3931,60.2761],
[-68.3944,60.2559]
]
],
[
[
[-68.2489,69.5966],
[-68.2389,69.5703],
[-68.0022,69.5267],
[-67.9353,69.5189],
[-67.9153,69.5243],
[-67.8317,69.6019],
[-67.8211,69.6764],
[-67.8926,69.7085],
[-67.9653,69.7035],
[-68.2489,69.5966]
]
],
[
[
[-67.7395,69.516],
[-67.6344,69.5004],
[-67.5856,69.5075],
[-67.5078,69.495],
[-67.4871,69.4978],
[-67.499,69.5122],
[-67.5492,69.5221],
[-67.4928,69.5331],
[-67.3279,69.5326],
[-67.314,69.5548],
[-67.3945,69.585],
[-67.4844,69.5903],
[-67.5293,69.5792],
[-67.5458,69.5673],
[-67.6633,69.5419],
[-67.7291,69.5439],
[-67.7395,69.516]
]
],
[
[
[-66.9477,66.4031],
[-66.911,66.3783],
[-66.8431,66.3625],
[-66.6706,66.2842],
[-66.6233,66.2808],
[-66.5985,66.2901],
[-66.5794,66.3164],
[-66.6609,66.3435],
[-66.7822,66.3691],
[-66.8519,66.4022],
[-66.9477,66.4031]
]
],
[
[
[-66.9272,81.5836],
[-66.8158,81.5686],
[-66.608,81.5641],
[-66.2967,81.5847],
[-66.5289,81.5911],
[-66.9272,81.5836]
]
],
[
[
[-66.9033,44.6191],
[-66.8807,44.6169],
[-66.7631,44.6737],
[-66.7367,44.7208],
[-66.7625,44.7984],
[-66.7832,44.8086],
[-66.8356,44.7729],
[-66.8586,44.743],
[-66.9033,44.6191]
]
],
[
[
[-66.6072,68.2172],
[-66.6019,68.1825],
[-66.3075,68.1485],
[-66.2632,68.1611],
[-66.2219,68.2411],
[-66.2994,68.2544],
[-66.5,68.2397],
[-66.6072,68.2172]
]
],
[
[
[-65.9405,61.7866],
[-65.8976,61.7674],
[-65.8031,61.7556],
[-65.7195,61.7542],
[-65.6953,61.7767],
[-65.7151,61.8316],
[-65.7814,61.8649],
[-65.8139,61.8621],
[-65.9405,61.7866]
]
],
[
[
[-65.7219,68.1644],
[-65.7118,68.1094],
[-65.6835,68.0967],
[-65.5211,68.1114],
[-65.4982,68.1251],
[-65.5051,68.1494],
[-65.6444,68.1615],
[-65.6758,68.18],
[-65.7079,68.1797],
[-65.7219,68.1644]
]
],
[
[
[-65.6874,64.5262],
[-65.6639,64.51],
[-65.4928,64.5178],
[-65.4617,64.5229],
[-65.4203,64.5544],
[-65.3094,64.6005],
[-65.2281,64.6203],
[-65.2111,64.6308],
[-65.25,64.6636],
[-65.2664,64.6933],
[-65.2614,64.6989],
[-65.2925,64.7355],
[-65.3819,64.7169],
[-65.4358,64.6964],
[-65.4465,64.6818],
[-65.547,64.6225],
[-65.6557,64.5772],
[-65.6725,64.5605],
[-65.6874,64.5262]
]
],
[
[
[-65.4874,61.6051],
[-65.4778,61.5889],
[-65.3768,61.5389],
[-65.2953,61.5289],
[-65.1929,61.4971],
[-65.1829,61.4724],
[-64.985,61.3675],
[-64.975,61.346],
[-64.8786,61.324],
[-64.8206,61.3553],
[-64.7101,61.4387],
[-64.6869,61.4658],
[-64.6747,61.506],
[-64.6858,61.5333],
[-64.725,61.5403],
[-64.7172,61.5539],
[-64.6474,61.6005],
[-64.7261,61.659],
[-65.0683,61.693],
[-65.2475,61.6808],
[-65.4449,61.6551],
[-65.4836,61.6253],
[-65.4874,61.6051]
]
],
[
[
[-65.2539,61.8776],
[-65.2126,61.8194],
[-65.1524,61.7822],
[-64.952,61.7225],
[-64.8895,61.7258],
[-64.8314,61.7543],
[-64.8901,61.8278],
[-64.9808,61.8858],
[-65.0392,61.8997],
[-65.0727,61.9268],
[-65.1636,61.9474],
[-65.1897,61.9455],
[-65.2512,61.9071],
[-65.2539,61.8776]
]
],
[
[
[-65.1374,62.545],
[-65.0964,62.535],
[-64.976,62.5293],
[-64.8689,62.5572],
[-64.8417,62.5803],
[-64.9092,62.6044],
[-65.0031,62.5989],
[-65.1374,62.545]
]
],
[
[
[-65.1119,64.3338],
[-65.1058,64.3036],
[-65.0567,64.2221],
[-64.9961,64.2097],
[-64.9328,64.239],
[-64.8866,64.2837],
[-64.9822,64.3331],
[-65.0031,64.3573],
[-65.0251,64.3618],
[-65.0894,64.3497],
[-65.1119,64.3338]
]
],
[
[
[-65.0525,63.5503],
[-64.9465,63.435],
[-64.9113,63.4101],
[-64.8504,63.389],
[-64.8475,63.4075],
[-64.8642,63.4544],
[-64.9107,63.531],
[-64.9724,63.5683],
[-65.0525,63.5503]
]
],
[
[
[-64.9658,62.4658],
[-64.9474,62.4263],
[-64.9267,62.4183],
[-64.7728,62.3864],
[-64.5947,62.3668],
[-64.4772,62.408],
[-64.3942,62.4614],
[-64.3828,62.5114],
[-64.3861,62.5295],
[-64.5563,62.5589],
[-64.5808,62.5386],
[-64.6539,62.5408],
[-64.7474,62.5617],
[-64.8461,62.5553],
[-64.9658,62.4658]
]
],
[
[
[-64.9556,64.3839],
[-64.9414,64.3661],
[-64.8826,64.3172],
[-64.8556,64.3075],
[-64.7721,64.3449],
[-64.82,64.3794],
[-64.9019,64.4117],
[-64.9289,64.418],
[-64.9542,64.407],
[-64.9556,64.3839]
]
],
[
[
[-64.9178,63.8132],
[-64.8969,63.7926],
[-64.8078,63.7658],
[-64.6617,63.755],
[-64.455,63.6722],
[-64.4364,63.6733],
[-64.3881,63.699],
[-64.3908,63.7409],
[-64.4294,63.7786],
[-64.5258,63.7714],
[-64.5761,63.7808],
[-64.5856,63.845],
[-64.5523,63.9017],
[-64.6538,63.9162],
[-64.7106,63.9089],
[-64.8964,63.8453],
[-64.914,63.8342],
[-64.9178,63.8132]
]
],
[
[
[-64.8679,60.4532],
[-64.8156,60.4061],
[-64.7289,60.3633],
[-64.606,60.3519],
[-64.5251,60.3131],
[-64.5077,60.3504],
[-64.4811,60.3665],
[-64.4277,60.3729],
[-64.4243,60.3934],
[-64.64,60.4847],
[-64.8231,60.4853],
[-64.8493,60.4773],
[-64.8679,60.4532]
]
],
[
[
[-64.7003,47.8299],
[-64.6919,47.7556],
[-64.6417,47.7349],
[-64.6078,47.7468],
[-64.5189,47.8274],
[-64.5026,47.8533],
[-64.4828,47.9178],
[-64.5081,47.9039],
[-64.5842,47.885],
[-64.6151,47.8863],
[-64.6649,47.8689],
[-64.7003,47.8299]
]
],
[
[
[-64.5125,49.8611],
[-64.4183,49.8017],
[-64.3861,49.7896],
[-64.3069,49.7775],
[-64.0156,49.7025],
[-63.8819,49.6592],
[-63.6708,49.5389],
[-63.6154,49.4833],
[-63.6189,49.4576],
[-63.5731,49.3967],
[-63.5372,49.3797],
[-63.2748,49.3137],
[-63.2308,49.2803],
[-63.0939,49.2293],
[-62.7261,49.1547],
[-62.1955,49.075],
[-62.0246,49.0694],
[-61.7961,49.078],
[-61.7022,49.1111],
[-61.6648,49.1442],
[-61.8235,49.3105],
[-61.8839,49.3482],
[-62.0431,49.3896],
[-62.0924,49.3869],
[-62.1692,49.4011],
[-62.2048,49.4115],
[-62.5456,49.6],
[-62.7106,49.6608],
[-62.7867,49.6764],
[-63.1361,49.7808],
[-63.4837,49.8407],
[-63.6158,49.8492],
[-63.9589,49.898],
[-64.0292,49.9244],
[-64.1356,49.9471],
[-64.2269,49.9483],
[-64.4521,49.9026],
[-64.4996,49.8792],
[-64.5125,49.8611]
]
],
[
[
[-64.4933,63.6151],
[-64.4219,63.4717],
[-64.3518,63.394],
[-64.2592,63.3236],
[-64.07,63.2708],
[-64.1,63.3228],
[-64.1669,63.3694],
[-64.2289,63.3864],
[-64.2625,63.4211],
[-64.3217,63.5775],
[-64.3272,63.641],
[-64.3735,63.675],
[-64.4764,63.6387],
[-64.4933,63.6151]
]
],
[
[
[-64.4147,46.6682],
[-64.3897,46.6228],
[-64.1056,46.618],
[-64.1025,46.5471],
[-64.1146,46.5289],
[-64.1273,46.4109],
[-63.9856,46.3937],
[-63.9636,46.4011],
[-63.7501,46.3947],
[-63.7294,46.3537],
[-63.7722,46.3608],
[-63.8111,46.3275],
[-63.7482,46.3076],
[-63.6463,46.2265],
[-63.5919,46.2119],
[-63.5197,46.2061],
[-63.2892,46.1439],
[-63.2315,46.1389],
[-63.1404,46.1946],
[-63.165,46.2105],
[-63.0908,46.2692],
[-63.047,46.2965],
[-62.9665,46.3156],
[-62.997,46.2942],
[-63.0389,46.2803],
[-63.1138,46.2089],
[-62.8881,46.1576],
[-62.8736,46.1393],
[-62.9199,46.0944],
[-62.9708,46.0742],
[-62.8567,45.9775],
[-62.8378,45.9675],
[-62.7611,45.9542],
[-62.5451,45.97],
[-62.4664,46.0005],
[-62.4547,46.0189],
[-62.4482,46.0968],
[-62.471,46.1482],
[-62.499,46.1432],
[-62.4782,46.125],
[-62.5422,46.1225],
[-62.6039,46.1799],
[-62.5075,46.2142],
[-62.4221,46.2178],
[-62.3347,46.3119],
[-62.3568,46.3533],
[-62.3346,46.3555],
[-62.2797,46.338],
[-62.1733,46.3494],
[-62.0131,46.4211],
[-61.9746,46.4547],
[-62.1744,46.486],
[-62.4556,46.4786],
[-62.595,46.4708],
[-62.9428,46.4269],
[-63.2164,46.4122],
[-63.272,46.4269],
[-63.315,46.4886],
[-63.6547,46.5668],
[-63.7181,46.5493],
[-63.739,46.4937],
[-63.7002,46.4562],
[-63.7094,46.4375],
[-63.7803,46.445],
[-63.8346,46.4612],
[-63.8669,46.5347],
[-63.8321,46.6146],
[-63.9769,46.7444],
[-64.0015,46.7501],
[-64.0319,46.7433],
[-64.0742,46.7535],
[-64.0917,46.7786],
[-63.9687,46.8967],
[-63.995,46.9842],
[-64.0208,47.0386],
[-64.1757,46.9511],
[-64.2317,46.9018],
[-64.2796,46.8165],
[-64.3825,46.7467],
[-64.4053,46.7193],
[-64.4147,46.6682]
]
],
[
[
[-64.3983,63.8494],
[-64.3256,63.8058],
[-64.2485,63.7728],
[-64.1808,63.7853],
[-64.1782,63.8628],
[-64.2683,63.8461],
[-64.3256,63.8503],
[-64.3539,63.8611],
[-64.3983,63.8494]
]
],
[
[
[-64.214,63.6205],
[-64.2092,63.575],
[-64.1759,63.5294],
[-64.1032,63.4818],
[-64.0868,63.4899],
[-64.0778,63.5438],
[-64.0933,63.5683],
[-64.1772,63.6365],
[-64.1958,63.6353],
[-64.214,63.6205]
]
],
[
[
[-64.2102,63.7034],
[-64.2003,63.6855],
[-64.1811,63.6758],
[-64.0274,63.6959],
[-64.0303,63.7297],
[-64.0548,63.7366],
[-64.0774,63.7578],
[-64.1755,63.7444],
[-64.2089,63.7219],
[-64.2102,63.7034]
]
],
[
[
[-64.0381,67.5428],
[-64.0296,67.5154],
[-64.0001,67.5047],
[-63.8819,67.5033],
[-63.7644,67.5156],
[-63.7668,67.5337],
[-63.7872,67.5505],
[-63.9044,67.608],
[-63.9431,67.6491],
[-63.9727,67.6507],
[-64.0344,67.5586],
[-64.0381,67.5428]
]
],
[
[
[-63.8212,67.2838],
[-63.7636,67.2725],
[-63.5597,67.273],
[-63.4561,67.2644],
[-63.3961,67.27],
[-63.3656,67.2966],
[-63.485,67.3411],
[-63.5858,67.3533],
[-63.6883,67.3417],
[-63.7967,67.3],
[-63.8212,67.2838]
]
],
[
[
[-63.135,67.0652],
[-63.1239,67.0491],
[-63.0097,67.01],
[-62.938,67.0058],
[-62.9187,67.0244],
[-62.9611,67.0547],
[-63.0022,67.0694],
[-63.107,67.0796],
[-63.135,67.0652]
]
],
[
[
[-62.897,67.0587],
[-62.8131,67.0169],
[-62.7585,67.0099],
[-62.6486,67.0503],
[-62.6351,67.0669],
[-62.58,67.1022],
[-62.4725,67.1261],
[-62.3823,67.1618],
[-62.4217,67.1909],
[-62.6369,67.1755],
[-62.8085,67.058],
[-62.897,67.0587]
]
],
[
[
[-62.4831,65.7294],
[-62.4606,65.6619],
[-62.2197,65.6105],
[-62.1987,65.6115],
[-62.1379,65.6496],
[-62.13,65.6765],
[-62.1864,65.7119],
[-62.2639,65.7007],
[-62.2975,65.7086],
[-62.2644,65.7258],
[-62.2539,65.7409],
[-62.4665,65.7441],
[-62.4831,65.7294]
]
],
[
[
[-62.4237,66.2344],
[-62.4117,66.2196],
[-62.1992,66.2169],
[-62.1839,66.2372],
[-62.2538,66.279],
[-62.2828,66.2789],
[-62.4237,66.2344]
]
],
[
[
[-62.014,47.2374],
[-62.0115,47.2236],
[-61.9553,47.2117],
[-61.8594,47.218],
[-61.8136,47.2257],
[-61.7918,47.2397],
[-61.7829,47.2579],
[-61.8236,47.2337],
[-61.9604,47.2651],
[-61.9639,47.2786],
[-61.9253,47.3436],
[-61.8433,47.3886],
[-61.7408,47.445],
[-61.7014,47.4919],
[-61.6914,47.5155],
[-61.7772,47.4317],
[-61.8376,47.4104],
[-61.8526,47.4154],
[-61.5594,47.6092],
[-61.5382,47.618],
[-61.4751,47.6164],
[-61.4756,47.6031],
[-61.5469,47.5555],
[-61.5389,47.5457],
[-61.4958,47.5514],
[-61.3787,47.6245],
[-61.3854,47.6361],
[-61.4253,47.6428],
[-61.5325,47.6326],
[-61.6622,47.5617],
[-61.7361,47.5072],
[-61.9251,47.4086],
[-61.9486,47.3794],
[-62.014,47.2374]
]
],
[
[
[-61.5275,45.9894],
[-61.4561,45.7104],
[-61.4306,45.6655],
[-61.3756,45.6221],
[-61.3369,45.5733],
[-61.2731,45.5619],
[-61.2281,45.5812],
[-61.1969,45.5837],
[-61.1683,45.5514],
[-60.9608,45.5994],
[-60.7656,45.595],
[-60.506,45.6196],
[-60.3797,45.645],
[-60.2345,45.7018],
[-60.1744,45.7639],
[-60.1576,45.8425],
[-60.1332,45.8664],
[-59.9586,45.9017],
[-59.8406,45.9383],
[-59.8539,46.0025],
[-59.8268,46.091],
[-59.8092,46.1092],
[-59.8731,46.1758],
[-60.0958,46.2455],
[-60.2056,46.2403],
[-60.2853,46.3214],
[-60.3538,46.3078],
[-60.4561,46.2414],
[-60.6449,46.0713],
[-60.6058,46.0747],
[-60.4031,46.2091],
[-60.3692,46.2242],
[-60.2987,46.227],
[-60.3075,46.2087],
[-60.5411,46.0655],
[-60.6853,46.0043],
[-60.7872,45.9362],
[-60.7161,45.8903],
[-60.69,45.8865],
[-60.555,45.9469],
[-60.4027,45.9888],
[-60.4669,45.938],
[-60.5169,45.9208],
[-60.811,45.7189],
[-60.8818,45.7494],
[-60.9183,45.7536],
[-60.9728,45.738],
[-61.0742,45.6894],
[-61.1465,45.7015],
[-61.1229,45.7594],
[-61.0194,45.81],
[-60.9396,45.8232],
[-60.9181,45.8538],
[-60.9642,45.8818],
[-60.99,45.8819],
[-61.0551,45.8556],
[-61.0905,45.8528],
[-61.0485,45.8893],
[-60.8703,45.9108],
[-60.8075,45.9311],
[-60.7367,46.0551],
[-60.7642,46.059],
[-60.8531,46.0314],
[-60.9489,45.9897],
[-61.0162,45.942],
[-61.1244,45.9258],
[-61.1079,45.9533],
[-61.084,45.9515],
[-60.9861,45.9825],
[-60.8633,46.0525],
[-60.6944,46.0868],
[-60.6458,46.1061],
[-60.5903,46.1386],
[-60.4626,46.2567],
[-60.4251,46.278],
[-60.4208,46.3275],
[-60.4439,46.3269],
[-60.5357,46.2726],
[-60.5887,46.2087],
[-60.6092,46.2019],
[-60.5894,46.255],
[-60.4789,46.39],
[-60.325,46.7307],
[-60.3029,46.8236],
[-60.3058,46.8443],
[-60.3318,46.866],
[-60.4467,46.8629],
[-60.496,46.8994],
[-60.4275,46.9658],
[-60.4608,46.9992],
[-60.5956,47.0301],
[-60.6403,47],
[-60.691,46.9071],
[-60.7171,46.881],
[-60.7997,46.8228],
[-60.8371,46.8146],
[-60.8686,46.7972],
[-60.8922,46.7739],
[-60.9969,46.6347],
[-61.0933,46.4521],
[-61.2971,46.2299],
[-61.3824,46.1961],
[-61.4433,46.1544],
[-61.4556,46.1375],
[-61.5275,45.9894]
]
],
[
[
[-61.1039,45.525],
[-61.0024,45.457],
[-60.9506,45.4978],
[-60.9615,45.5128],
[-60.95,45.5318],
[-60.8829,45.5538],
[-60.9042,45.5758],
[-61.0204,45.5751],
[-61.1025,45.5464],
[-61.1039,45.525]
]
]
]}
}
