{
"type": "Feature",
"properties": {"id":"cshapes-2-1959-08-21","edge_precision":"unknown","cshapes_gwcode":2,"cshapes_name":"United States of America","cshapes_first_day":"1959-08-21","cshapes_last_day":"2019-12-31","cshapes_status":"independent","cshapes_owner":2,"cshapes_borders_defined":true},
"geometry": {"type": "MultiPolygon", "coordinates": [
[
[
[-178.2165,51.8689],
[-177.954,51.7619],
[-177.9488,51.7308],
[-177.9549,51.721],
[-178.0365,51.6957],
[-178.0866,51.6976],
[-178.0942,51.6621],
[-177.95,51.6064],
[-177.9078,51.5919],
[-177.9111,51.6594],
[-177.8139,51.7197],
[-177.7972,51.7889],
[-177.8253,51.8311],
[-177.9361,51.9169],
[-178.1518,51.9097],
[-178.1792,51.9007],
[-178.2165,51.8689]
]
],
[
[
[-177.7028,51.6985],
[-177.6693,51.6564],
[-177.6422,51.6494],
[-177.64,51.6805],
[-177.6236,51.6943],
[-177.3842,51.7269],
[-177.2706,51.6725],
[-177.1539,51.6994],
[-177.1293,51.7217],
[-177.1222,51.7844],
[-177.0449,51.8919],
[-177.0478,51.9032],
[-177.1053,51.9297],
[-177.142,51.9378],
[-177.1782,51.9339],
[-177.1956,51.9205],
[-177.2006,51.824],
[-177.213,51.8089],
[-177.2433,51.7933],
[-177.5253,51.7161],
[-177.6395,51.7325],
[-177.7028,51.6985]
]
],
[
[
[-176.981,51.6164],
[-176.9693,51.5942],
[-176.9386,51.5844],
[-176.9131,51.6039],
[-176.7236,51.6592],
[-176.7077,51.6776],
[-176.5306,51.7269],
[-176.467,51.7191],
[-176.4275,51.7323],
[-176.4167,51.7497],
[-176.427,51.8326],
[-176.465,51.8436],
[-176.555,51.8391],
[-176.594,51.8304],
[-176.6422,51.8572],
[-176.6057,51.9014],
[-176.5532,51.9059],
[-176.5403,51.9236],
[-176.5539,51.9815],
[-176.6056,51.9855],
[-176.7752,51.9423],
[-176.7834,51.9253],
[-176.7814,51.8303],
[-176.8933,51.7658],
[-176.9723,51.6578],
[-176.981,51.6164]
]
],
[
[
[-176.4162,51.8525],
[-176.4043,51.7761],
[-176.3819,51.728],
[-176.3339,51.7239],
[-176.2612,51.7803],
[-176.2781,51.8592],
[-176.3139,51.8674],
[-176.4162,51.8525]
]
],
[
[
[-176.2176,51.8261],
[-176.1468,51.7796],
[-176.1503,51.8005],
[-176.1403,51.8199],
[-176.0325,51.8233],
[-176.0061,51.8097],
[-176.0139,51.833],
[-176.0239,51.848],
[-176.1742,51.8814],
[-176.2077,51.8768],
[-176.2176,51.8261]
]
],
[
[
[-176.1902,52.0481],
[-176.1675,51.9946],
[-176.0625,51.9637],
[-176.0372,51.9644],
[-176.0184,51.9716],
[-175.9953,52.0292],
[-176.0461,52.1005],
[-176.1336,52.1083],
[-176.1656,52.0911],
[-176.1902,52.0481]
]
],
[
[
[-175.334,52.0165],
[-175.3128,51.9987],
[-175.295,52.0082],
[-175.2598,52.0086],
[-175.0797,51.9983],
[-175.0073,52.0083],
[-174.9698,52.0297],
[-174.8905,52.0382],
[-174.7875,52.023],
[-174.7247,52.0026],
[-174.6095,52.025],
[-174.4442,52.0419],
[-174.3973,52.055],
[-174.3747,52.098],
[-174.2823,52.1097],
[-174.2094,52.0989],
[-174.142,52.1239],
[-173.9936,52.2935],
[-173.9908,52.3221],
[-174.0803,52.3901],
[-174.1589,52.4186],
[-174.18,52.4176],
[-174.3372,52.365],
[-174.4339,52.3192],
[-174.441,52.3009],
[-174.4189,52.2883],
[-174.3686,52.2775],
[-174.2367,52.2693],
[-174.2271,52.2615],
[-174.2293,52.2464],
[-174.2792,52.21],
[-174.3442,52.1919],
[-174.38,52.2108],
[-174.4417,52.2122],
[-174.5547,52.1736],
[-174.5457,52.1509],
[-174.5061,52.1492],
[-174.4964,52.1436],
[-174.5045,52.1346],
[-174.7993,52.095],
[-174.9132,52.1085],
[-174.9792,52.0547],
[-175.0054,52.0726],
[-175.334,52.0165]
]
],
[
[
[-174.0538,52.1278],
[-174.0289,52.1047],
[-173.9231,52.0517],
[-173.8325,52.0357],
[-173.6739,52.0575],
[-173.5614,52.0489],
[-173.4998,52.0182],
[-173.4742,52.0361],
[-173.2336,52.0711],
[-173.1573,52.0553],
[-172.959,52.0839],
[-173.1779,52.1076],
[-173.3633,52.1014],
[-173.5121,52.1058],
[-173.5424,52.1196],
[-173.5489,52.1464],
[-173.592,52.1494],
[-173.7564,52.1247],
[-173.7928,52.1061],
[-174.0538,52.1278]
]
],
[
[
[-173.051,60.4958],
[-172.9367,60.4675],
[-172.7681,60.3994],
[-172.7319,60.3716],
[-172.593,60.3244],
[-172.4867,60.3411],
[-172.3825,60.3417],
[-172.3304,60.3357],
[-172.28,60.3028],
[-172.2081,60.3151],
[-172.3861,60.3929],
[-172.4292,60.3969],
[-172.4817,60.3861],
[-172.5203,60.3883],
[-172.5942,60.4011],
[-172.8445,60.485],
[-172.9006,60.5253],
[-172.9206,60.5489],
[-172.9285,60.5617],
[-172.9142,60.5855],
[-172.9214,60.6028],
[-172.9486,60.5976],
[-173.0336,60.5494],
[-173.051,60.4958]
]
],
[
[
[-172.6281,52.2583],
[-172.6038,52.2489],
[-172.5167,52.2471],
[-172.4379,52.2825],
[-172.3495,52.3],
[-172.2966,52.3249],
[-172.3115,52.3496],
[-172.4142,52.3897],
[-172.4664,52.385],
[-172.5672,52.3347],
[-172.616,52.2903],
[-172.6281,52.2583]
]
],
[
[
[-171.8508,63.5086],
[-171.8247,63.443],
[-171.8025,63.4164],
[-171.7389,63.3805],
[-171.5492,63.3278],
[-171.455,63.3146],
[-171.3259,63.34],
[-171.2835,63.38],
[-171.2414,63.3989],
[-171.1016,63.4317],
[-171.0103,63.4324],
[-170.8629,63.4614],
[-170.8336,63.4532],
[-170.786,63.4221],
[-170.6407,63.395],
[-170.5686,63.3908],
[-170.234,63.2789],
[-170.2118,63.251],
[-170.2244,63.2063],
[-170.2581,63.1995],
[-170.1514,63.1825],
[-170.0822,63.1928],
[-169.9704,63.1527],
[-169.8934,63.1518],
[-169.8053,63.1253],
[-169.7358,63.0572],
[-169.7581,63.0089],
[-169.7496,62.9625],
[-169.6704,62.9441],
[-169.6431,62.9478],
[-169.5948,62.9797],
[-169.5753,63.0419],
[-169.5124,63.0947],
[-169.3212,63.1846],
[-169.207,63.2037],
[-168.8733,63.1528],
[-168.85,63.1553],
[-168.7972,63.1717],
[-168.7166,63.2305],
[-168.7009,63.2905],
[-168.7172,63.3058],
[-168.8967,63.3303],
[-169.0459,63.3414],
[-169.1902,63.3402],
[-169.1589,63.3303],
[-169.1,63.3262],
[-169.0741,63.3142],
[-169.11,63.2983],
[-169.17,63.2982],
[-169.2038,63.3046],
[-169.2536,63.3375],
[-169.5244,63.3542],
[-169.5601,63.3723],
[-169.5728,63.4083],
[-169.5973,63.4211],
[-169.6539,63.4366],
[-169.8445,63.4514],
[-169.9234,63.4786],
[-170.0323,63.5339],
[-170.0661,63.5955],
[-170.103,63.621],
[-170.1925,63.6353],
[-170.3,63.6942],
[-170.4858,63.7033],
[-170.7111,63.6529],
[-170.7811,63.6148],
[-170.9089,63.5722],
[-171.0633,63.5853],
[-171.1073,63.6028],
[-171.2723,63.6289],
[-171.3214,63.6271],
[-171.3271,63.6233],
[-171.3174,63.6203],
[-171.3747,63.6047],
[-171.4656,63.6067],
[-171.54,63.6139],
[-171.6438,63.7096],
[-171.6303,63.7744],
[-171.6632,63.7902],
[-171.7292,63.7894],
[-171.7245,63.7503],
[-171.7417,63.6664],
[-171.7643,63.6467],
[-171.8057,63.6382],
[-171.841,63.5743],
[-171.8508,63.5086]
]
],
[
[
[-170.8413,52.559],
[-170.795,52.5325],
[-170.7481,52.5736],
[-170.7035,52.5901],
[-170.6348,52.5819],
[-170.6093,52.5897],
[-170.5638,52.6469],
[-170.5646,52.6698],
[-170.6314,52.6919],
[-170.6717,52.6947],
[-170.7454,52.6742],
[-170.8202,52.6215],
[-170.8381,52.5867],
[-170.8413,52.559]
]
],
[
[
[-170.4108,57.1751],
[-170.3539,57.1447],
[-170.3175,57.1511],
[-170.2706,57.1443],
[-170.2806,57.105],
[-170.2489,57.1294],
[-170.1629,57.1669],
[-170.1452,57.2226],
[-170.3167,57.2136],
[-170.3924,57.1996],
[-170.4108,57.1751]
]
],
[
[
[-170.0131,52.8183],
[-169.9604,52.7857],
[-169.9202,52.7897],
[-169.88,52.8089],
[-169.7284,52.7716],
[-169.7086,52.7769],
[-169.675,52.8178],
[-169.6796,52.8573],
[-169.7202,52.8796],
[-169.7812,52.8853],
[-169.9828,52.8476],
[-170.0032,52.8366],
[-170.0131,52.8183]
]
],
[
[
[-169.7829,56.6143],
[-169.7441,56.5889],
[-169.6117,56.54],
[-169.5727,56.5385],
[-169.502,56.5747],
[-169.4804,56.5992],
[-169.5214,56.6136],
[-169.5575,56.6072],
[-169.5945,56.603],
[-169.7603,56.618],
[-169.7829,56.6143]
]
],
[
[
[-169.0867,52.828],
[-169.0496,52.8308],
[-168.6331,52.9919],
[-168.4889,53.038],
[-168.3739,53.1267],
[-168.3268,53.2089],
[-168.2728,53.2419],
[-168.1178,53.2725],
[-167.8489,53.3808],
[-167.8478,53.4033],
[-167.7953,53.4955],
[-168.0056,53.5636],
[-168.0853,53.5569],
[-168.24,53.5286],
[-168.354,53.4733],
[-168.4097,53.408],
[-168.4045,53.3458],
[-168.3453,53.2947],
[-168.3572,53.2624],
[-168.3674,53.2546],
[-168.422,53.2483],
[-168.53,53.2453],
[-168.6145,53.2724],
[-168.7358,53.1969],
[-168.7918,53.1501],
[-168.7964,53.1076],
[-168.765,53.0839],
[-168.7672,53.0708],
[-168.8803,52.9383],
[-168.9695,52.9097],
[-169.0539,52.8605],
[-169.0867,52.828]
]
],
[
[
[-168.1298,65.6487],
[-168.0732,65.5839],
[-167.9158,65.5619],
[-167.7353,65.5164],
[-167.6185,65.4773],
[-167.5903,65.4536],
[-167.4624,65.4201],
[-167.0481,65.3886],
[-166.7986,65.3464],
[-166.7336,65.3439],
[-166.764,65.3548],
[-166.8308,65.355],
[-166.9228,65.3764],
[-166.8231,65.3778],
[-166.6269,65.3642],
[-166.1744,65.2983],
[-166.0542,65.25],
[-166.1194,65.2364],
[-166.2117,65.2567],
[-166.3679,65.2704],
[-166.4821,65.2329],
[-166.4685,65.1911],
[-166.5393,65.1342],
[-166.6117,65.1211],
[-166.7514,65.1164],
[-166.81,65.1222],
[-166.9245,65.1493],
[-166.9367,65.1803],
[-166.9361,65.2026],
[-166.92,65.2267],
[-166.8644,65.2567],
[-166.8488,65.277],
[-166.8723,65.2817],
[-166.9358,65.2439],
[-166.9529,65.2216],
[-166.9598,65.1799],
[-166.9197,65.1314],
[-166.8469,65.088],
[-166.7225,65.0554],
[-166.7057,65.0389],
[-166.6967,64.9959],
[-166.5392,64.9455],
[-166.5153,64.9491],
[-166.4222,64.9191],
[-166.3872,64.8885],
[-166.4053,64.835],
[-166.4189,64.8161],
[-166.466,64.804],
[-166.4896,64.7366],
[-166.4583,64.7011],
[-166.3739,64.6392],
[-166.208,64.5886],
[-166.1214,64.5747],
[-165.4808,64.515],
[-165.0346,64.4444],
[-164.9056,64.4515],
[-164.9611,64.4986],
[-164.9326,64.5326],
[-164.5831,64.5211],
[-164.3928,64.5719],
[-164.3128,64.5844],
[-164.0011,64.5621],
[-163.8219,64.5892],
[-163.6086,64.5722],
[-163.4905,64.5528],
[-163.279,64.4844],
[-163.2492,64.4471],
[-163.1913,64.4105],
[-163.1387,64.4127],
[-163.0436,64.4914],
[-163.0406,64.5183],
[-163.1589,64.5151],
[-163.3097,64.5616],
[-163.3526,64.5907],
[-163.3139,64.6183],
[-163.2242,64.6549],
[-163.17,64.6553],
[-162.875,64.5083],
[-162.8165,64.4117],
[-162.7903,64.3361],
[-162.6317,64.3875],
[-162.613,64.4468],
[-162.6194,64.472],
[-162.6064,64.4974],
[-162.5828,64.5168],
[-162.2328,64.6516],
[-162.1872,64.6822],
[-162.1078,64.7162],
[-162.03,64.7037],
[-161.8917,64.711],
[-161.7974,64.755],
[-161.9329,64.7212],
[-161.9108,64.7428],
[-161.7444,64.7958],
[-161.6903,64.7986],
[-161.6372,64.7803],
[-161.5164,64.7597],
[-161.4257,64.7708],
[-161.3792,64.7864],
[-161.3705,64.8059],
[-161.3111,64.8636],
[-161.1979,64.933],
[-161.1746,64.938],
[-160.9974,64.9385],
[-161.0645,64.9119],
[-161.1479,64.9191],
[-161.058,64.8667],
[-160.9589,64.8342],
[-160.8716,64.7939],
[-160.7828,64.7192],
[-160.7872,64.6586],
[-160.8076,64.6265],
[-161.0172,64.5105],
[-161.0892,64.5014],
[-161.1961,64.5033],
[-161.3852,64.5364],
[-161.4635,64.5094],
[-161.5292,64.4189],
[-161.5228,64.3887],
[-161.4578,64.4275],
[-161.189,64.4142],
[-161.1681,64.3466],
[-161.0519,64.2825],
[-160.9483,64.1994],
[-160.9571,64.1458],
[-160.9421,64.0711],
[-160.7812,63.8746],
[-160.7643,63.7932],
[-160.7904,63.7367],
[-161.1517,63.5125],
[-161.2631,63.4828],
[-161.4415,63.4578],
[-161.5678,63.4508],
[-161.7294,63.4622],
[-161.9611,63.4505],
[-162.1422,63.4253],
[-162.0342,63.4825],
[-162.0808,63.5067],
[-162.2401,63.5407],
[-162.306,63.5406],
[-162.3628,63.4467],
[-162.4957,63.3405],
[-162.6214,63.2594],
[-163.0671,63.0589],
[-163.1117,63.0519],
[-163.3286,63.0336],
[-163.5397,63.1283],
[-163.6761,63.1655],
[-163.7253,63.2147],
[-163.9943,63.2529],
[-164.1522,63.2596],
[-164.3056,63.2392],
[-164.4011,63.215],
[-164.5845,63.1341],
[-164.5284,63.0849],
[-164.3648,63.0678],
[-164.3269,63.0436],
[-164.3181,63.0096],
[-164.3437,63.0085],
[-164.3775,63.0205],
[-164.4519,63.0305],
[-164.5625,63.0328],
[-164.6983,63.0192],
[-164.7542,62.9825],
[-164.8117,62.9276],
[-164.8768,62.838],
[-164.8875,62.7814],
[-164.8786,62.7355],
[-164.786,62.6523],
[-164.6584,62.6744],
[-164.4934,62.7467],
[-164.6495,62.6312],
[-164.8478,62.5693],
[-164.7767,62.4903],
[-164.6778,62.465],
[-164.6364,62.4175],
[-164.6864,62.3803],
[-164.6539,62.43],
[-164.8975,62.5314],
[-165.0011,62.5375],
[-165.0718,62.5328],
[-165.2472,62.4461],
[-165.5664,62.1992],
[-165.6771,62.1374],
[-165.7015,62.116],
[-165.7444,62.0462],
[-165.7561,62.0153],
[-165.7529,61.9861],
[-165.7191,61.938],
[-165.6808,61.9072],
[-165.6333,61.8469],
[-166.0927,61.816],
[-166.0087,61.7318],
[-165.9339,61.7039],
[-165.8269,61.6812],
[-166.0605,61.6389],
[-166.1372,61.6347],
[-166.1515,61.6562],
[-166.1477,61.7138],
[-166.1974,61.5903],
[-166.1708,61.5458],
[-166.1168,61.4921],
[-166.0683,61.4969],
[-166.0892,61.5201],
[-165.9622,61.5547],
[-165.8938,61.5547],
[-165.816,61.5343],
[-165.7931,61.5197],
[-165.7645,61.4854],
[-165.7929,61.4453],
[-165.8845,61.43],
[-165.9207,61.4014],
[-165.8736,61.3326],
[-165.8382,61.3093],
[-165.7408,61.3069],
[-165.6155,61.2765],
[-165.6443,61.2439],
[-165.635,61.1664],
[-165.6006,61.1145],
[-165.532,61.0831],
[-165.3867,61.0686],
[-165.3664,61.0726],
[-165.3453,61.1624],
[-165.3865,61.1796],
[-165.4036,61.2025],
[-165.3075,61.258],
[-165.2708,61.3119],
[-165.2877,61.326],
[-165.1976,61.4065],
[-165.1542,61.4333],
[-165.0756,61.4322],
[-165.0172,61.5],
[-164.9721,61.5194],
[-164.9353,61.5249],
[-164.8072,61.5844],
[-164.7625,61.6269],
[-164.7194,61.6253],
[-164.6922,61.6003],
[-164.7633,61.5361],
[-164.8532,61.4934],
[-164.9921,61.4713],
[-165.0597,61.4168],
[-165.156,61.4129],
[-165.2925,61.2514],
[-165.3669,61.2018],
[-165.245,61.1557],
[-165.1645,61.1711],
[-165.1244,61.2275],
[-165.1386,61.2567],
[-165.0936,61.2275],
[-165.0958,61.1986],
[-165.1206,61.1471],
[-165.1541,61.1265],
[-165.1132,61.0805],
[-165.0728,61.0661],
[-165.0273,61.0624],
[-164.9962,61.0733],
[-165.0062,61.0983],
[-164.9655,61.1158],
[-164.8221,61.1031],
[-164.9472,61.0192],
[-165.0972,61.0111],
[-165.1561,60.9947],
[-165.1869,60.9714],
[-165.1503,60.928],
[-165.0737,60.9077],
[-165.0286,60.913],
[-164.9726,60.9444],
[-164.9418,60.9528],
[-164.8947,60.9526],
[-164.6137,60.924],
[-164.5855,60.9025],
[-164.5969,60.876],
[-164.554,60.8513],
[-164.3986,60.8658],
[-164.1822,60.8683],
[-164.0461,60.8569],
[-163.9629,60.868],
[-163.8925,60.9183],
[-163.7417,60.9922],
[-163.673,60.9907],
[-163.5551,60.8971],
[-163.6445,60.8694],
[-163.6953,60.8636],
[-163.7445,60.8712],
[-163.7693,60.8835],
[-163.8105,60.8839],
[-163.8888,60.8543],
[-163.756,60.8454],
[-163.6382,60.8249],
[-163.5172,60.8001],
[-163.4125,60.7572],
[-163.4272,60.7027],
[-163.4585,60.6751],
[-163.6754,60.5862],
[-163.7868,60.5777],
[-163.8323,60.6227],
[-163.834,60.6907],
[-163.8059,60.7369],
[-163.8653,60.7742],
[-163.9514,60.7805],
[-164.0383,60.7581],
[-164.109,60.702],
[-164.1243,60.6675],
[-164.1522,60.6562],
[-164.2526,60.6427],
[-164.3268,60.607],
[-164.3924,60.5574],
[-164.4124,60.5528],
[-164.4374,60.5592],
[-164.3856,60.6118],
[-164.2827,60.691],
[-164.2491,60.6993],
[-164.2709,60.7829],
[-164.6559,60.82],
[-164.6924,60.8383],
[-164.6837,60.8633],
[-164.6436,60.8964],
[-164.6593,60.9117],
[-164.7411,60.9042],
[-164.8486,60.8686],
[-164.905,60.8197],
[-165.0114,60.6975],
[-165.2656,60.5953],
[-165.3699,60.581],
[-165.4224,60.5521],
[-165.3856,60.5172],
[-165.3661,60.5097],
[-165.2486,60.4972],
[-165.1854,60.5024],
[-165.0658,60.5425],
[-165.0095,60.5475],
[-164.9796,60.5404],
[-164.9712,60.5147],
[-165.0291,60.4656],
[-165.1384,60.441],
[-165.0356,60.36],
[-165.0069,60.3461],
[-164.775,60.2914],
[-164.6781,60.2958],
[-164.647,60.2839],
[-164.6609,60.2669],
[-164.6461,60.245],
[-164.4911,60.1547],
[-164.4175,60.0879],
[-164.347,60.0622],
[-164.2139,60.0314],
[-164.0942,59.9778],
[-164.1978,59.9619],
[-164.2142,59.9501],
[-164.2,59.9155],
[-164.1575,59.8597],
[-164.0653,59.8242],
[-163.843,59.7997],
[-163.6595,59.795],
[-163.3642,59.8197],
[-163.1397,59.8528],
[-162.7589,59.9575],
[-162.5422,59.988],
[-162.5107,60.0008],
[-162.4758,60.0501],
[-162.4483,60.1697],
[-162.4542,60.1906],
[-162.4961,60.2137],
[-162.5547,60.2311],
[-162.5695,60.3164],
[-162.5514,60.3347],
[-162.4639,60.368],
[-162.4189,60.3936],
[-162.2617,60.6164],
[-162.1214,60.6911],
[-161.9072,60.708],
[-161.8794,60.7022],
[-161.9533,60.6486],
[-162.0842,60.6411],
[-162.2219,60.5817],
[-162.2278,60.5333],
[-162.312,60.4422],
[-162.3842,60.3325],
[-162.3696,60.1694],
[-162.355,60.1458],
[-162.3298,60.135],
[-162.2695,60.1642],
[-162.2342,60.2117],
[-162.2011,60.2397],
[-162.1561,60.2449],
[-162.1586,60.22],
[-162.2361,60.0928],
[-162.2365,60.0636],
[-162.1997,60.0101],
[-162.0953,59.8919],
[-161.9767,59.7844],
[-161.7803,59.5605],
[-161.7096,59.4969],
[-161.7535,59.4694],
[-161.8228,59.4486],
[-161.9558,59.3807],
[-162.0261,59.2311],
[-161.994,59.1471],
[-161.9172,59.0818],
[-161.8621,59.0612],
[-161.8872,59.0915],
[-161.8528,59.1142],
[-161.7319,59.11],
[-161.624,59.1371],
[-161.5684,59.1067],
[-161.6158,59.0721],
[-161.7169,59.0342],
[-161.7928,59.0172],
[-161.7918,58.8665],
[-161.7531,58.8181],
[-161.6854,58.8215],
[-161.6559,58.8029],
[-161.6992,58.7633],
[-161.8539,58.6686],
[-161.9111,58.648],
[-161.9377,58.6476],
[-161.9523,58.6685],
[-161.9947,58.6805],
[-162.166,58.6551],
[-162.1253,58.6333],
[-162.0784,58.6199],
[-161.8195,58.6269],
[-161.6322,58.5992],
[-161.3542,58.6644],
[-161.3809,58.6692],
[-161.3744,58.7111],
[-161.2509,58.7906],
[-161.1264,58.8078],
[-161.0292,58.843],
[-160.9806,58.8699],
[-160.8967,58.8856],
[-160.8389,58.8692],
[-160.4853,59.0283],
[-160.3949,59.06],
[-160.3228,59.0583],
[-160.2692,59.0083],
[-160.2589,58.9883],
[-160.2984,58.9744],
[-160.3188,58.953],
[-160.2553,58.9192],
[-159.9879,58.841],
[-159.9143,58.7704],
[-159.8553,58.785],
[-159.8124,58.8057],
[-159.7525,58.9258],
[-159.7336,58.9342],
[-159.6209,58.9441],
[-159.6028,58.8986],
[-159.3456,58.7194],
[-159.0629,58.4286],
[-158.8975,58.3955],
[-158.7958,58.4158],
[-158.7109,58.4928],
[-158.7568,58.5042],
[-158.9072,58.7244],
[-158.9114,58.7671],
[-158.8875,58.8017],
[-158.8658,58.8112],
[-158.8396,58.8155],
[-158.8086,58.8019],
[-158.8218,58.7775],
[-158.8813,58.763],
[-158.8828,58.7367],
[-158.8548,58.7257],
[-158.8288,58.7299],
[-158.7968,58.7507],
[-158.7789,58.7739],
[-158.7726,58.8983],
[-158.7928,58.9517],
[-158.8212,58.9685],
[-158.7448,58.9918],
[-158.729,58.92],
[-158.7335,58.886],
[-158.6961,58.8828],
[-158.6161,58.9211],
[-158.4972,59.044],
[-158.532,59.0687],
[-158.5195,59.1117],
[-158.548,59.1425],
[-158.5386,59.1737],
[-158.4486,59.0987],
[-158.3649,59.0674],
[-158.1294,59.0283],
[-158.0743,58.994],
[-157.9928,58.905],
[-158.0201,58.8731],
[-158.074,58.9187],
[-158.0939,58.9639],
[-158.1312,58.9942],
[-158.1754,59.0083],
[-158.3667,59.0242],
[-158.4881,59.0008],
[-158.4922,58.9115],
[-158.5095,58.8697],
[-158.5267,58.8492],
[-158.5633,58.8394],
[-158.5592,58.8082],
[-158.5296,58.7925],
[-158.4422,58.7761],
[-158.3722,58.7517],
[-158.346,58.7259],
[-158.3183,58.6458],
[-158.191,58.6068],
[-158.0547,58.6305],
[-157.6781,58.7417],
[-157.373,58.8186],
[-157.2228,58.8436],
[-157.1119,58.8744],
[-157.0753,58.89],
[-156.8803,59.0129],
[-156.8758,59.0337],
[-156.8825,59.0583],
[-156.8653,59.1024],
[-156.7818,59.1512],
[-156.8553,59],
[-156.9458,58.9267],
[-156.9754,58.9176],
[-157.0717,58.7642],
[-157.0725,58.7394],
[-157.4687,58.4985],
[-157.4882,58.4818],
[-157.5514,58.3878],
[-157.5658,58.3071],
[-157.5432,58.2662],
[-157.4295,58.2242],
[-157.3493,58.2352],
[-157.2083,58.21],
[-157.1588,58.1942],
[-157.139,58.1644],
[-157.1638,58.1709],
[-157.1853,58.1896],
[-157.3193,58.2085],
[-157.3972,58.2006],
[-157.5439,58.1674],
[-157.5869,58.128],
[-157.6114,58.084],
[-157.63,57.9133],
[-157.6464,57.8525],
[-157.6898,57.7578],
[-157.7069,57.665],
[-157.7042,57.6374],
[-157.6862,57.6144],
[-157.63,57.6097],
[-157.575,57.5272],
[-157.4697,57.4972],
[-157.4368,57.5203],
[-157.4442,57.5453],
[-157.3929,57.5596],
[-157.3979,57.4928],
[-157.5081,57.473],
[-157.6414,57.4839],
[-157.6822,57.5634],
[-157.7417,57.5622],
[-157.945,57.4887],
[-158.0658,57.4047],
[-158.1153,57.358],
[-158.1589,57.3594],
[-158.2853,57.3242],
[-158.4497,57.2153],
[-158.6155,57.0844],
[-158.6828,57.0126],
[-158.6994,56.98],
[-158.6891,56.8713],
[-158.6474,56.8315],
[-158.639,56.7629],
[-158.8114,56.7805],
[-158.9758,56.7828],
[-159.035,56.805],
[-159.167,56.7603],
[-159.2355,56.728],
[-159.2636,56.7005],
[-159.2936,56.6844],
[-159.4228,56.635],
[-159.4797,56.6222],
[-159.5772,56.6158],
[-159.7153,56.5819],
[-159.8372,56.5408],
[-159.9767,56.4547],
[-160.1945,56.3736],
[-160.347,56.2856],
[-160.4228,56.2056],
[-160.574,55.9937],
[-160.5281,55.9355],
[-160.458,55.9069],
[-160.2396,55.8442],
[-160.2501,55.7715],
[-160.2872,55.7703],
[-160.4676,55.7951],
[-160.477,55.8159],
[-160.4724,55.8388],
[-160.5056,55.8679],
[-160.6625,55.8533],
[-160.7901,55.8776],
[-160.7557,55.7749],
[-160.7039,55.7617],
[-160.6622,55.7346],
[-160.6796,55.6958],
[-160.8069,55.7272],
[-160.9411,55.8194],
[-161.0219,55.8874],
[-161.0142,55.9128],
[-161.0683,55.935],
[-161.3654,55.9507],
[-161.3917,55.9594],
[-161.8076,55.8837],
[-162.0189,55.7831],
[-162.0892,55.7597],
[-162.2606,55.673],
[-162.5458,55.4553],
[-162.5076,55.4441],
[-162.4911,55.3728],
[-162.5489,55.3425],
[-162.5774,55.34],
[-162.6269,55.3544],
[-162.8865,55.2675],
[-162.8866,55.2439],
[-162.9403,55.1775],
[-162.9661,55.1642],
[-162.9935,55.1799],
[-163.0767,55.1878],
[-163.1194,55.1842],
[-163.1814,55.173],
[-163.3071,55.1301],
[-163.3262,55.1171],
[-163.2822,54.9924],
[-163.2586,54.9733],
[-163.3347,54.8748],
[-163.3835,54.8586],
[-163.3529,54.8097],
[-163.3306,54.8082],
[-163.2372,54.8369],
[-163.0531,54.9327],
[-163.0563,54.964],
[-163.2064,55.0133],
[-163.2189,55.0333],
[-163.2385,55.0962],
[-163.1794,55.1396],
[-163.1167,55.1255],
[-163.0182,55.0816],
[-162.9742,55.0319],
[-162.9754,55.0025],
[-162.9603,54.9811],
[-162.917,54.9505],
[-162.8671,54.9303],
[-162.7536,54.9404],
[-162.6508,55.0007],
[-162.5669,54.958],
[-162.5956,55.1239],
[-162.7146,55.2101],
[-162.7141,55.2412],
[-162.6702,55.2871],
[-162.6364,55.2974],
[-162.5685,55.2944],
[-162.5047,55.2125],
[-162.4786,55.1672],
[-162.4886,55.1185],
[-162.5161,55.113],
[-162.523,55.0917],
[-162.4974,55.0621],
[-162.445,55.0364],
[-162.2708,55.0155],
[-162.2173,55.0279],
[-162.1963,55.049],
[-162.2171,55.101],
[-162.1667,55.1506],
[-162.098,55.1592],
[-162.1158,55.1289],
[-162.1355,55.1139],
[-162.0878,55.0789],
[-162.0604,55.0727],
[-161.9753,55.0992],
[-161.9613,55.1202],
[-162.0432,55.2301],
[-162.0009,55.2364],
[-161.9272,55.2248],
[-161.8219,55.295],
[-161.7035,55.4026],
[-161.7148,55.5067],
[-161.6118,55.61],
[-161.5625,55.6228],
[-161.4844,55.6333],
[-161.4049,55.63],
[-161.1453,55.5303],
[-161.1731,55.5165],
[-161.2861,55.5305],
[-161.3135,55.538],
[-161.3621,55.5712],
[-161.4028,55.5547],
[-161.4837,55.4835],
[-161.5099,55.3684],
[-161.2489,55.3479],
[-161.0256,55.4272],
[-160.9972,55.4455],
[-160.9474,55.5028],
[-160.8994,55.5189],
[-160.8558,55.5203],
[-160.8342,55.5109],
[-160.836,55.4647],
[-160.8103,55.4517],
[-160.7628,55.4478],
[-160.6989,55.4553],
[-160.6691,55.4668],
[-160.6573,55.5004],
[-160.6759,55.5173],
[-160.7594,55.5338],
[-160.6331,55.5667],
[-160.5926,55.5589],
[-160.5406,55.4801],
[-160.5078,55.478],
[-160.4773,55.4925],
[-160.4206,55.63],
[-160.2806,55.6369],
[-160.1442,55.6603],
[-160.0272,55.7215],
[-160.0308,55.7414],
[-160.0565,55.7626],
[-160.0361,55.7897],
[-159.9756,55.8155],
[-159.8426,55.8503],
[-159.7121,55.8432],
[-159.6446,55.8253],
[-159.624,55.8121],
[-159.6769,55.685],
[-159.7414,55.6086],
[-159.7254,55.5632],
[-159.6672,55.5772],
[-159.63,55.5894],
[-159.5608,55.6411],
[-159.5038,55.7625],
[-159.5106,55.7914],
[-159.4706,55.8228],
[-159.3615,55.8744],
[-159.1381,55.9142],
[-158.9397,55.9292],
[-158.8499,56.0112],
[-158.7426,56.0025],
[-158.7307,55.9746],
[-158.7526,55.9577],
[-158.6754,55.9542],
[-158.6443,55.995],
[-158.6559,56.1097],
[-158.6011,56.188],
[-158.4996,56.194],
[-158.4842,56.1798],
[-158.5378,56.1505],
[-158.6004,56.101],
[-158.585,56.0425],
[-158.5045,55.9971],
[-158.4894,56.0431],
[-158.4995,56.0969],
[-158.3996,56.1751],
[-158.3572,56.1455],
[-158.2076,56.1825],
[-158.1264,56.2352],
[-158.1831,56.23],
[-158.2447,56.1955],
[-158.3337,56.1742],
[-158.3339,56.2278],
[-158.2534,56.2501],
[-158.2154,56.2773],
[-158.3325,56.3203],
[-158.4478,56.3403],
[-158.5144,56.3139],
[-158.5371,56.297],
[-158.56,56.27],
[-158.5424,56.2521],
[-158.6374,56.2587],
[-158.6506,56.2787],
[-158.5688,56.3329],
[-158.5188,56.3518],
[-158.4285,56.4401],
[-158.3364,56.4765],
[-158.2579,56.4558],
[-158.1992,56.4519],
[-158.1362,56.4621],
[-158.1308,56.4873],
[-158.1608,56.4967],
[-158.1415,56.5124],
[-157.8826,56.4675],
[-157.8369,56.51],
[-157.8435,56.5512],
[-157.9253,56.5742],
[-158.0645,56.5361],
[-158.1224,56.5289],
[-158.1157,56.5606],
[-157.9706,56.6074],
[-157.9156,56.6455],
[-157.7872,56.6783],
[-157.7526,56.6751],
[-157.711,56.6299],
[-157.6799,56.6085],
[-157.5015,56.6132],
[-157.4701,56.6203],
[-157.4549,56.638],
[-157.4797,56.6694],
[-157.5549,56.6789],
[-157.5833,56.7074],
[-157.4548,56.8449],
[-157.4279,56.8575],
[-157.404,56.8608],
[-157.3629,56.8501],
[-157.2924,56.7989],
[-157.2137,56.7715],
[-157.1852,56.7736],
[-157.0875,56.8236],
[-156.9844,56.9086],
[-156.9408,56.9625],
[-156.891,56.9568],
[-156.8517,56.9219],
[-156.7595,56.9914],
[-156.6801,56.9961],
[-156.5523,56.9789],
[-156.4528,57.0833],
[-156.3661,57.1442],
[-156.3417,57.1708],
[-156.335,57.2844],
[-156.3556,57.309],
[-156.5011,57.2872],
[-156.49,57.3311],
[-156.2062,57.4762],
[-156.1832,57.4761],
[-156.098,57.4343],
[-156.0664,57.4322],
[-156.0306,57.4417],
[-156.0386,57.5089],
[-155.965,57.5364],
[-155.8403,57.5644],
[-155.8157,57.559],
[-155.7993,57.5408],
[-155.7344,57.5514],
[-155.7067,57.6417],
[-155.6237,57.778],
[-155.6069,57.7893],
[-155.5571,57.7924],
[-155.3896,57.7173],
[-155.3111,57.7344],
[-155.295,57.7491],
[-155.257,57.8292],
[-155.0661,57.8918],
[-155.0334,58.0146],
[-154.9655,58.0294],
[-154.8947,58.029],
[-154.8253,58.0203],
[-154.7828,58.0022],
[-154.7358,58.0192],
[-154.6371,58.0326],
[-154.5705,58.0248],
[-154.4431,58.1444],
[-154.3842,58.1103],
[-154.3267,58.1061],
[-154.2357,58.1307],
[-154.1146,58.2804],
[-154.1544,58.3119],
[-154.1853,58.3172],
[-154.21,58.2965],
[-154.2853,58.2675],
[-154.3378,58.2597],
[-154.3542,58.2783],
[-154.3228,58.3067],
[-154.2062,58.3525],
[-154.0596,58.3569],
[-154.0051,58.382],
[-154.0697,58.4203],
[-154.1027,58.4801],
[-154.0689,58.4919],
[-153.9596,58.49],
[-153.926,58.5115],
[-153.9053,58.583],
[-153.6086,58.6347],
[-153.4478,58.7144],
[-153.2612,58.8596],
[-153.3314,58.9292],
[-153.4235,58.9808],
[-153.488,58.9992],
[-153.5381,58.9862],
[-153.5985,58.9986],
[-153.6326,59.0152],
[-153.6731,59.0536],
[-153.7117,59.0705],
[-153.9217,59.0681],
[-154.0406,59.0794],
[-154.0879,59.063],
[-154.1469,59.026],
[-154.1803,59.0294],
[-154.257,59.1328],
[-154.1314,59.2869],
[-154.1087,59.3057],
[-153.9968,59.3539],
[-154.0794,59.3458],
[-154.1,59.3494],
[-154.1436,59.3761],
[-154.0828,59.3744],
[-153.7433,59.4372],
[-153.7207,59.4725],
[-153.765,59.5205],
[-153.5928,59.5547],
[-153.47,59.658],
[-153.4206,59.7661],
[-153.33,59.7251],
[-153.368,59.7033],
[-153.4029,59.6522],
[-153.3483,59.6286],
[-153.2047,59.6472],
[-153.0426,59.7094],
[-153.0006,59.7911],
[-153.002,59.8193],
[-153.0536,59.8336],
[-153.2101,59.8286],
[-153.2546,59.8164],
[-153.2776,59.819],
[-153.2258,59.8651],
[-153.0292,59.8878],
[-152.8722,59.8762],
[-152.8261,59.8814],
[-152.7163,59.9166],
[-152.5875,60.0464],
[-152.5773,60.0733],
[-152.5961,60.0944],
[-152.7686,60.1894],
[-152.895,60.2219],
[-152.9283,60.2425],
[-152.9369,60.2813],
[-153.0057,60.2942],
[-153.1026,60.2784],
[-153.0789,60.2982],
[-153.0067,60.3114],
[-152.9122,60.308],
[-152.8186,60.265],
[-152.6303,60.2294],
[-152.4218,60.2933],
[-152.3361,60.3642],
[-152.3012,60.411],
[-152.3336,60.4363],
[-152.3393,60.4672],
[-152.3278,60.4915],
[-152.2251,60.5574],
[-152.1669,60.5736],
[-152.1047,60.6025],
[-152.0389,60.6697],
[-151.9272,60.7183],
[-151.8483,60.7405],
[-151.7731,60.7204],
[-151.7298,60.7173],
[-151.7097,60.7319],
[-151.7303,60.7592],
[-151.7883,60.8071],
[-151.8047,60.8339],
[-151.8001,60.855],
[-151.7408,60.9047],
[-151.5836,60.9769],
[-151.485,61.0114],
[-151.198,61.0421],
[-151.1613,61.0535],
[-151.1378,61.0692],
[-151.0683,61.1529],
[-151.0264,61.1772],
[-150.9292,61.2046],
[-150.8922,61.2047],
[-150.7491,61.2389],
[-150.6264,61.2864],
[-150.5454,61.2853],
[-150.5061,61.2562],
[-150.4533,61.2475],
[-150.1625,61.2558],
[-150.0714,61.245],
[-149.9946,61.2589],
[-149.9634,61.2695],
[-149.9486,61.2992],
[-149.8822,61.3801],
[-149.6875,61.4748],
[-149.6349,61.4874],
[-149.4228,61.5083],
[-149.252,61.4925],
[-149.7069,61.3836],
[-149.9952,61.2163],
[-150.062,61.1578],
[-149.9433,61.11],
[-149.85,61.0833],
[-149.8033,61.0547],
[-149.72,61.0219],
[-149.6158,60.9903],
[-149.4012,60.9568],
[-149.1536,60.9419],
[-149.0461,60.8815],
[-149.0297,60.8517],
[-149.1706,60.8856],
[-149.4281,60.9157],
[-149.8153,60.9744],
[-150.0453,60.9111],
[-150.1553,60.9247],
[-150.2194,60.9337],
[-150.2775,60.9596],
[-150.3225,60.9992],
[-150.3373,61.0298],
[-150.4042,61.0368],
[-150.6695,60.9639],
[-151.0478,60.7892],
[-151.2506,60.7754],
[-151.4067,60.7281],
[-151.4165,60.7089],
[-151.3722,60.6583],
[-151.333,60.5871],
[-151.2783,60.543],
[-151.2775,60.5103],
[-151.3026,60.3883],
[-151.4274,60.2111],
[-151.4894,60.1669],
[-151.6464,60.0808],
[-151.7247,60.0147],
[-151.8796,59.7825],
[-151.8783,59.76],
[-151.8642,59.7394],
[-151.836,59.7194],
[-151.7296,59.6749],
[-151.5751,59.6463],
[-151.4692,59.6367],
[-151.4349,59.6568],
[-151.0537,59.7923],
[-151.0178,59.7925],
[-150.9979,59.7808],
[-151.2161,59.5947],
[-151.4351,59.5354],
[-151.4485,59.5087],
[-151.4531,59.4675],
[-151.6631,59.4808],
[-151.8992,59.408],
[-151.983,59.3024],
[-151.9762,59.2758],
[-151.9006,59.2197],
[-151.7461,59.1625],
[-151.7233,59.1608],
[-151.5762,59.173],
[-151.5542,59.2017],
[-151.4193,59.2576],
[-151.3978,59.2585],
[-151.267,59.22],
[-151.1542,59.208],
[-151.1207,59.2118],
[-151.0979,59.2304],
[-151.1808,59.2814],
[-151.1422,59.2906],
[-151.041,59.2958],
[-150.9966,59.2742],
[-150.9514,59.2383],
[-150.9075,59.2433],
[-150.8858,59.2546],
[-150.8925,59.2933],
[-150.8733,59.3275],
[-150.7522,59.3819],
[-150.7225,59.4215],
[-150.6778,59.4193],
[-150.6031,59.4322],
[-150.5852,59.485],
[-150.6067,59.5183],
[-150.6286,59.5347],
[-150.6169,59.5544],
[-150.5417,59.5917],
[-150.5007,59.5912],
[-150.5397,59.5475],
[-150.5384,59.5184],
[-150.4867,59.4639],
[-150.3575,59.5894],
[-150.2792,59.6861],
[-150.2528,59.7069],
[-150.2247,59.7155],
[-150.2914,59.6061],
[-150.3597,59.5331],
[-150.3794,59.4955],
[-150.3817,59.4694],
[-150.3447,59.4665],
[-150.2499,59.495],
[-150.0136,59.6275],
[-149.9594,59.665],
[-149.9183,59.7131],
[-150.0348,59.7733],
[-150.0278,59.7963],
[-149.9199,59.774],
[-149.7864,59.666],
[-149.7508,59.6592],
[-149.746,59.7158],
[-149.7647,59.78],
[-149.7343,59.9547],
[-149.6919,59.9547],
[-149.6556,59.9167],
[-149.6451,59.8717],
[-149.6669,59.8125],
[-149.5867,59.7394],
[-149.5503,59.7201],
[-149.5237,59.7268],
[-149.6281,59.8219],
[-149.5635,59.9046],
[-149.5301,59.926],
[-149.4387,60.0515],
[-149.4339,60.0925],
[-149.4197,60.1162],
[-149.3715,60.1162],
[-149.2956,60.0044],
[-149.2908,59.8751],
[-149.2697,59.8698],
[-149.2328,59.9029],
[-149.2017,59.9898],
[-149.1474,60.04],
[-149.0775,60.0564],
[-149.0434,60.0459],
[-149.1125,59.9837],
[-149.0706,59.9617],
[-148.8928,59.95],
[-148.7614,59.962],
[-148.4385,59.9485],
[-148.4011,59.9867],
[-148.3755,60.0611],
[-148.3651,60.1239],
[-148.3243,60.1632],
[-148.2897,60.1554],
[-148.288,60.1246],
[-148.2544,60.1169],
[-148.1576,60.1471],
[-148.0989,60.206],
[-148.1134,60.2283],
[-148.2,60.2539],
[-148.2734,60.2353],
[-148.3367,60.2011],
[-148.4266,60.181],
[-148.3661,60.2472],
[-148.3103,60.2628],
[-148.2366,60.3007],
[-148.1672,60.3489],
[-148.1128,60.4005],
[-148.0428,60.3999],
[-147.9499,60.4317],
[-147.9379,60.4514],
[-147.9589,60.5103],
[-148.0855,60.6001],
[-148.1875,60.5544],
[-148.2611,60.483],
[-148.4483,60.5404],
[-148.5494,60.5103],
[-148.6731,60.4469],
[-148.6871,60.4516],
[-148.6804,60.4728],
[-148.6472,60.4975],
[-148.4811,60.5781],
[-148.4308,60.5786],
[-148.3994,60.555],
[-148.3283,60.5369],
[-148.2046,60.6175],
[-148.2516,60.7028],
[-148.2524,60.7418],
[-148.2297,60.7658],
[-148.3942,60.7778],
[-148.4957,60.7633],
[-148.5765,60.7333],
[-148.5842,60.7101],
[-148.6603,60.6712],
[-148.7001,60.6739],
[-148.6706,60.7144],
[-148.6311,60.7503],
[-148.5861,60.7693],
[-148.4593,60.7975],
[-148.567,60.8075],
[-148.64,60.7889],
[-148.6924,60.7881],
[-148.6013,60.8269],
[-148.4683,60.8397],
[-148.4347,60.8368],
[-148.3735,60.8085],
[-148.3446,60.8125],
[-148.304,60.8479],
[-148.1726,61.0172],
[-148.164,61.057],
[-148.1994,61.0683],
[-148.2425,61.0622],
[-148.3964,60.9861],
[-148.4423,60.9885],
[-148.4042,61.0544],
[-148.2756,61.0893],
[-148.188,61.0947],
[-148.1394,61.0792],
[-148.12,61.0542],
[-148.0715,61.0178],
[-148.0146,61.0523],
[-147.9592,61.1164],
[-147.7595,61.2608],
[-147.7378,61.2744],
[-147.7157,61.2754],
[-147.7578,61.1844],
[-147.9242,61.071],
[-148.0503,60.9474],
[-147.9596,60.9154],
[-147.9145,60.8899],
[-147.8925,60.8464],
[-147.8604,60.8314],
[-147.7872,60.8217],
[-147.7494,60.8375],
[-147.6681,60.8531],
[-147.6044,60.8957],
[-147.6166,60.96],
[-147.5733,61.1399],
[-147.551,61.1532],
[-147.5192,61.1514],
[-147.5103,61.093],
[-147.5417,60.9778],
[-147.537,60.9174],
[-147.3669,60.8878],
[-147.254,60.9344],
[-147.2089,60.9869],
[-147.0919,61.0119],
[-146.9802,61.0007],
[-146.9882,60.979],
[-147.0229,60.9562],
[-146.9692,60.94],
[-146.944,60.9447],
[-146.88,60.9714],
[-146.8573,60.986],
[-146.8464,61.0044],
[-146.7858,61.0425],
[-146.5793,61.1318],
[-146.4128,61.1358],
[-146.2968,61.1293],
[-146.244,61.0886],
[-146.6112,61.0804],
[-146.64,61.0705],
[-146.7554,60.9525],
[-146.6907,60.8785],
[-146.5492,60.8214],
[-146.455,60.8197],
[-146.3932,60.8397],
[-146.3936,60.8153],
[-146.3633,60.8205],
[-146.3103,60.8353],
[-146.2348,60.8905],
[-146.1481,60.8607],
[-146.1253,60.8454],
[-146.4289,60.7747],
[-146.5061,60.7753],
[-146.6891,60.7434],
[-146.644,60.6941],
[-146.4933,60.6883],
[-146.4264,60.6967],
[-146.1756,60.7421],
[-146.0381,60.7957],
[-146.0169,60.7453],
[-146.2616,60.6544],
[-146.2442,60.636],
[-146.2153,60.6324],
[-145.9991,60.635],
[-145.8878,60.6756],
[-145.8659,60.6248],
[-145.8306,60.6236],
[-145.7178,60.645],
[-145.6586,60.6694],
[-145.6254,60.667],
[-145.7394,60.5569],
[-145.8594,60.4917],
[-145.762,60.468],
[-145.6536,60.4675],
[-145.5445,60.44],
[-145.4962,60.4206],
[-145.4803,60.3952],
[-145.3758,60.3568],
[-145.2885,60.3507],
[-145.2301,60.3654],
[-145.097,60.4371],
[-144.8572,60.6186],
[-144.7539,60.678],
[-144.6878,60.7036],
[-144.6114,60.7155],
[-144.6137,60.6805],
[-144.7536,60.6275],
[-144.8331,60.5172],
[-144.9147,60.3789],
[-144.9259,60.2934],
[-144.9028,60.2853],
[-144.8728,60.3],
[-144.7911,60.2997],
[-144.7035,60.2787],
[-144.6554,60.2405],
[-144.6422,60.2135],
[-144.6205,60.1978],
[-144.5742,60.1858],
[-144.4457,60.1726],
[-144.3407,60.1994],
[-144.2536,60.1908],
[-144.155,60.1222],
[-144.0309,60.0622],
[-143.9656,60.0082],
[-143.9006,59.9911],
[-143.6717,60.0358],
[-143.3206,60.06],
[-143.1642,60.0622],
[-142.8219,60.1053],
[-142.7172,60.11],
[-141.9306,60.0205],
[-141.8456,59.9987],
[-141.731,59.9533],
[-141.6105,59.9639],
[-141.4006,60.0183],
[-141.3809,60.0322],
[-141.4188,60.0646],
[-141.4558,60.0792],
[-141.4738,60.1125],
[-141.4136,60.1375],
[-141.3849,60.1379],
[-141.282,60.0739],
[-141.257,59.996],
[-141.2734,59.9444],
[-141.3547,59.9136],
[-141.3958,59.9089],
[-141.3766,59.8664],
[-141.0128,59.7869],
[-140.8778,59.7458],
[-140.6128,59.7139],
[-140.4034,59.698],
[-140.2311,59.7111],
[-140.0869,59.7592],
[-139.9192,59.7997],
[-139.7781,59.8583],
[-139.5417,60.0305],
[-139.5,60.0331],
[-139.3981,59.9953],
[-139.3601,59.9555],
[-139.2728,59.8947],
[-139.2025,59.8727],
[-139.0414,59.8578],
[-138.9869,59.843],
[-138.8997,59.8053],
[-138.9657,59.8097],
[-139.0049,59.8372],
[-139.0485,59.8453],
[-139.2182,59.832],
[-139.2708,59.8008],
[-139.2778,59.743],
[-139.2597,59.6853],
[-139.2244,59.6161],
[-139.2626,59.573],
[-139.29,59.5728],
[-139.3295,59.6002],
[-139.3124,59.7154],
[-139.317,59.87],
[-139.4358,59.9736],
[-139.4812,59.9851],
[-139.6151,59.8936],
[-139.6099,59.8553],
[-139.576,59.79],
[-139.5242,59.7404],
[-139.5309,59.6761],
[-139.5903,59.6139],
[-139.635,59.5808],
[-139.7306,59.5464],
[-139.7105,59.4958],
[-139.5137,59.4348],
[-139.4358,59.4248],
[-139.3336,59.3934],
[-139.3757,59.3764],
[-139.44,59.3916],
[-139.335,59.3586],
[-139.2908,59.3593],
[-139.2553,59.3778],
[-139.2303,59.379],
[-139.1606,59.3249],
[-139.196,59.3185],
[-139.162,59.3036],
[-138.9508,59.2631],
[-138.6511,59.1608],
[-138.4603,59.1928],
[-138.4392,59.1846],
[-138.4983,59.1197],
[-138.5995,59.1232],
[-138.5747,59.11],
[-138.545,59.1058],
[-138.4708,59.1107],
[-138.3892,59.104],
[-138.2003,59.0297],
[-137.965,58.9047],
[-137.9264,58.8614],
[-137.9178,58.8338],
[-137.9275,58.8058],
[-137.9106,58.785],
[-137.7491,58.708],
[-137.6945,58.6771],
[-137.6756,58.6575],
[-137.6031,58.6486],
[-137.4911,58.6793],
[-137.4611,58.6703],
[-137.4425,58.653],
[-137.5747,58.6125],
[-137.5855,58.5936],
[-137.265,58.4561],
[-137.1481,58.4158],
[-137.0569,58.3956],
[-136.9904,58.4024],
[-136.8617,58.3799],
[-136.705,58.238],
[-136.6589,58.2165],
[-136.5985,58.2212],
[-136.5728,58.24],
[-136.5604,58.2618],
[-136.6008,58.3039],
[-136.6294,58.3157],
[-136.6478,58.3345],
[-136.5825,58.3511],
[-136.532,58.3337],
[-136.496,58.3086],
[-136.3674,58.2985],
[-136.3544,58.3375],
[-136.4123,58.3648],
[-136.4457,58.3683],
[-136.4803,58.3594],
[-136.4805,58.3381],
[-136.5366,58.359],
[-136.4794,58.4158],
[-136.3022,58.3814],
[-136.2719,58.3572],
[-136.2783,58.3272],
[-136.2545,58.3078],
[-136.0829,58.3403],
[-136.0283,58.3853],
[-136.0445,58.4275],
[-136.0808,58.5117],
[-136.1225,58.5644],
[-136.1892,58.6149],
[-136.2871,58.6618],
[-136.3766,58.62],
[-136.4605,58.5947],
[-136.4848,58.5929],
[-136.5192,58.6103],
[-136.4642,58.6147],
[-136.3429,58.6803],
[-136.3786,58.719],
[-136.5822,58.7692],
[-136.6358,58.8143],
[-136.5842,58.8083],
[-136.5482,58.772],
[-136.5049,58.7888],
[-136.5381,58.8231],
[-136.578,58.8394],
[-136.735,58.868],
[-136.9081,58.8889],
[-136.9866,58.8879],
[-137.0286,58.8739],
[-137.1186,58.8227],
[-137.114,58.8468],
[-137.0065,58.9313],
[-136.9775,58.9889],
[-137.0508,59.0352],
[-137.0653,59.065],
[-137.2961,58.99],
[-137.4239,58.9128],
[-137.4718,58.9067],
[-137.4976,58.9144],
[-137.5063,58.9379],
[-137.4837,58.9903],
[-137.4991,59.0414],
[-137.5908,59.2386],
[-138.6158,59.7742],
[-138.651,59.8101],
[-138.667,59.8384],
[-138.6903,59.9069],
[-139.0478,59.9975],
[-139.1614,60.0703],
[-139.1864,60.0956],
[-139.0822,60.2875],
[-139.0669,60.3447],
[-139.6767,60.3405],
[-139.9794,60.1878],
[-140.4508,60.3097],
[-140.5214,60.2222],
[-140.9955,60.3072],
[-141.0017,60.9664],
[-141.003,69.6424],
[-141.2643,69.6894],
[-141.3107,69.6885],
[-141.2197,69.6703],
[-141.2603,69.6344],
[-141.3821,69.6397],
[-141.4347,69.6561],
[-141.4933,69.6989],
[-141.5342,69.7186],
[-141.7311,69.7755],
[-141.8792,69.7955],
[-141.9478,69.795],
[-142.1189,69.8512],
[-142.2617,69.8475],
[-142.6425,70.0161],
[-142.8882,70.0754],
[-143.2155,70.1103],
[-143.294,70.1125],
[-143.3014,70.0728],
[-143.4114,70.0969],
[-143.5203,70.0972],
[-143.6664,70.0835],
[-143.7311,70.0965],
[-144.042,70.0847],
[-144.1629,70.043],
[-144.3867,70.0394],
[-144.5186,70.011],
[-144.6119,69.9778],
[-144.7075,69.9722],
[-144.8781,69.983],
[-144.9522,69.9683],
[-145.0249,69.9871],
[-145.1967,70.0019],
[-145.4253,70.0411],
[-145.6008,70.0817],
[-145.8036,70.1503],
[-146.0803,70.1522],
[-146.1697,70.1733],
[-146.5386,70.1944],
[-146.9803,70.1644],
[-147.1562,70.1637],
[-147.2695,70.1933],
[-147.3361,70.1997],
[-147.6897,70.2092],
[-147.7633,70.2255],
[-147.815,70.2678],
[-148.0817,70.33],
[-148.1396,70.3549],
[-148.2228,70.3591],
[-148.2704,70.3498],
[-148.3026,70.3312],
[-148.3728,70.3107],
[-148.4993,70.3214],
[-148.4984,70.3432],
[-148.5193,70.3665],
[-148.5953,70.3955],
[-148.694,70.4137],
[-148.8222,70.4111],
[-148.9925,70.4427],
[-149.0456,70.4642],
[-149.1747,70.4908],
[-149.3208,70.4991],
[-149.3833,70.4805],
[-149.5431,70.5117],
[-149.88,70.515],
[-150.1241,70.4371],
[-150.312,70.4264],
[-150.397,70.4307],
[-150.3677,70.4756],
[-150.5256,70.5053],
[-150.78,70.5022],
[-151.015,70.4608],
[-151.1765,70.443],
[-151.207,70.4224],
[-151.1975,70.395],
[-151.1796,70.3744],
[-151.2299,70.373],
[-151.3344,70.415],
[-151.5219,70.4394],
[-151.9703,70.4457],
[-151.9661,70.4653],
[-151.9064,70.4828],
[-151.7703,70.498],
[-151.7366,70.5586],
[-152.0001,70.5697],
[-152.1,70.5522],
[-152.3514,70.5528],
[-152.5253,70.5436],
[-152.6195,70.5584],
[-152.5222,70.5875],
[-152.1046,70.5686],
[-152.0774,70.5784],
[-152.0936,70.5907],
[-152.1303,70.5953],
[-152.3719,70.606],
[-152.4927,70.6461],
[-152.5089,70.6876],
[-152.2172,70.813],
[-152.2472,70.8336],
[-152.2772,70.8405],
[-152.4353,70.87],
[-152.647,70.8861],
[-152.7347,70.8819],
[-152.7367,70.8339],
[-152.945,70.9022],
[-153.2225,70.9286],
[-153.287,70.9216],
[-153.3842,70.8953],
[-153.5022,70.8872],
[-153.7281,70.8941],
[-153.915,70.8892],
[-154.0014,70.8394],
[-154.13,70.7894],
[-154.2036,70.7765],
[-154.3029,70.8229],
[-154.3511,70.8303],
[-154.6126,70.8276],
[-154.6803,70.8842],
[-154.5957,71.0019],
[-154.6142,71.0214],
[-154.8211,71.095],
[-154.9744,71.1171],
[-155.0018,71.1013],
[-155.0153,71.0221],
[-155.0621,71.0103],
[-155.0838,71.0219],
[-155.0414,71.0472],
[-155.0487,71.1214],
[-155.0744,71.1489],
[-155.0944,71.1501],
[-155.1978,71.1183],
[-155.2741,71.0864],
[-155.2563,71.0668],
[-155.1983,71.0403],
[-155.1788,71.0178],
[-155.1867,70.9941],
[-155.215,70.9873],
[-155.2932,71.0177],
[-155.392,71.0018],
[-155.5367,70.9313],
[-155.6169,70.8444],
[-155.8876,70.829],
[-155.9107,70.8226],
[-155.925,70.8075],
[-155.9028,70.7705],
[-155.9736,70.7558],
[-155.983,70.826],
[-155.9462,70.8477],
[-155.9874,70.9005],
[-156.058,70.92],
[-156.1773,70.9178],
[-156.0862,70.9679],
[-155.8943,70.9725],
[-155.7358,71],
[-155.5503,71.0857],
[-155.5434,71.1115],
[-155.5925,71.1683],
[-155.6381,71.1846],
[-155.8069,71.205],
[-155.9864,71.1925],
[-156.047,71.208],
[-156.1071,71.2432],
[-156.1936,71.2583],
[-156.2751,71.2679],
[-156.4403,71.2624],
[-156.5467,71.3053],
[-156.5967,71.3514],
[-156.6983,71.3383],
[-156.8419,71.2883],
[-157.0014,71.2108],
[-157.1911,71.0892],
[-157.2753,71.0489],
[-157.5442,70.9514],
[-157.8805,70.8564],
[-157.9794,70.8375],
[-158.1614,70.825],
[-158.5022,70.8322],
[-158.5392,70.8105],
[-158.6433,70.7878],
[-158.9208,70.7964],
[-159.1092,70.76],
[-159.2239,70.7044],
[-159.4454,70.7782],
[-159.3078,70.8097],
[-159.1945,70.8136],
[-159.1469,70.8229],
[-159.1647,70.8493],
[-159.1908,70.8529],
[-159.3483,70.8411],
[-159.3679,70.8461],
[-159.3383,70.8564],
[-159.171,70.8775],
[-159.3033,70.8642],
[-159.6724,70.7961],
[-159.8192,70.72],
[-159.9475,70.6864],
[-160.1101,70.6314],
[-160.1216,70.6123],
[-159.9966,70.6353],
[-159.945,70.6337],
[-159.9189,70.6253],
[-159.8585,70.5914],
[-159.8463,70.561],
[-159.7386,70.4955],
[-159.6575,70.5036],
[-159.5647,70.5244],
[-159.3056,70.5307],
[-159.4008,70.505],
[-159.5572,70.4917],
[-159.6925,70.4664],
[-159.8195,70.4844],
[-159.8631,70.4376],
[-159.886,70.3946],
[-159.8361,70.2683],
[-159.9817,70.3683],
[-160.0061,70.42],
[-160.0186,70.4719],
[-160.1601,70.4625],
[-160.1939,70.4701],
[-160.0707,70.4822],
[-159.9445,70.5153],
[-159.9242,70.5298],
[-159.9291,70.5869],
[-160.1639,70.5897],
[-160.7506,70.3775],
[-160.875,70.3414],
[-161.1739,70.2794],
[-161.3408,70.2547],
[-161.6043,70.2558],
[-161.6408,70.2505],
[-161.865,70.1614],
[-162.1142,70.1543],
[-162.0139,70.1911],
[-161.9413,70.1771],
[-161.8672,70.1775],
[-161.8519,70.2094],
[-161.767,70.2572],
[-161.8589,70.3181],
[-161.9422,70.3072],
[-161.9936,70.2837],
[-162.0867,70.2164],
[-162.1964,70.1655],
[-162.351,70.1104],
[-162.4806,70.0132],
[-162.5142,69.9708],
[-162.5753,69.938],
[-162.8417,69.8319],
[-163.0039,69.7528],
[-163.0229,69.7307],
[-162.94,69.7172],
[-162.9404,69.6941],
[-162.9732,69.6739],
[-163.0025,69.6751],
[-163.0638,69.5618],
[-163.065,69.509],
[-163.1203,69.3847],
[-163.157,69.3522],
[-163.2574,69.301],
[-163.1579,69.4208],
[-163.1793,69.4207],
[-163.2,69.405],
[-163.2405,69.3412],
[-163.2817,69.3072],
[-163.365,69.2686],
[-163.5609,69.1451],
[-163.6453,69.1069],
[-163.9933,68.9917],
[-164.2397,68.9394],
[-164.3247,68.9305],
[-164.5611,68.9211],
[-164.9503,68.888],
[-165.4458,68.8603],
[-165.7306,68.8572],
[-166.2075,68.8835],
[-166.2324,68.8723],
[-166.2272,68.8455],
[-166.1934,68.7896],
[-166.189,68.7544],
[-166.2258,68.5725],
[-166.3022,68.4986],
[-166.3886,68.4341],
[-166.3726,68.4168],
[-166.5485,68.3532],
[-166.6633,68.3511],
[-166.7532,68.3619],
[-166.4546,68.4181],
[-166.8236,68.3487],
[-166.6086,68.3372],
[-166.4275,68.3181],
[-166.2933,68.2935],
[-166.0736,68.2186],
[-166.0365,68.1994],
[-165.9765,68.1514],
[-165.8889,68.1216],
[-165.8206,68.108],
[-165.5864,68.0861],
[-165.3928,68.0478],
[-165.243,68.0011],
[-164.7964,67.8269],
[-164.7593,67.8214],
[-164.7101,67.8287],
[-164.498,67.7278],
[-164.1241,67.61],
[-163.9878,67.5217],
[-163.8268,67.361],
[-163.7818,67.2692],
[-163.7747,67.2293],
[-163.7779,67.1751],
[-163.7697,67.1497],
[-163.7567,67.1257],
[-163.7272,67.1122],
[-163.0131,67.0305],
[-162.9528,67.0303],
[-162.7778,67.053],
[-162.7203,67.0519],
[-162.6524,67.0108],
[-162.5595,67.0104],
[-162.4702,67.0624],
[-162.4019,67.1128],
[-162.3771,67.1456],
[-162.4126,67.1591],
[-162.3836,67.1637],
[-162.3418,67.1567],
[-162.3525,67.1208],
[-162.4424,67.0309],
[-162.4608,66.9981],
[-161.8992,67.0511],
[-161.8161,67.0472],
[-161.6678,67.0205],
[-161.5108,66.9843],
[-161.4985,66.9605],
[-161.5318,66.951],
[-161.5683,66.9517],
[-161.6442,66.9637],
[-161.7211,66.9507],
[-161.8003,66.8997],
[-161.8883,66.8],
[-161.8978,66.7283],
[-161.8722,66.7046],
[-161.7166,66.6283],
[-161.4973,66.5333],
[-161.3814,66.5328],
[-161.3135,66.5344],
[-161.2407,66.5538],
[-161.2327,66.5819],
[-161.1961,66.6278],
[-161.1403,66.6475],
[-160.9487,66.6639],
[-160.8386,66.6628],
[-160.785,66.6511],
[-160.6987,66.6033],
[-160.5492,66.5871],
[-160.521,66.5957],
[-160.5069,66.6171],
[-160.3342,66.6486],
[-160.2403,66.6441],
[-160.2093,66.5214],
[-160.2151,66.4271],
[-160.235,66.398],
[-160.6383,66.3653],
[-160.6772,66.3726],
[-160.7833,66.3711],
[-160.8176,66.3769],
[-160.937,66.4219],
[-161.1861,66.5386],
[-161.2389,66.5322],
[-161.3425,66.4828],
[-161.4586,66.4593],
[-161.5725,66.4472],
[-161.6303,66.4561],
[-161.885,66.538],
[-162.0779,66.6635],
[-162.0746,66.703],
[-162.1172,66.8001],
[-162.3026,66.9455],
[-162.3296,66.9557],
[-162.5122,66.9186],
[-162.6061,66.9105],
[-162.6338,66.8974],
[-162.6338,66.8658],
[-162.5047,66.7401],
[-162.3022,66.725],
[-162.2239,66.7105],
[-162.1312,66.6662],
[-161.9004,66.5301],
[-161.8786,66.5086],
[-161.8696,66.4866],
[-161.8769,66.4298],
[-161.9615,66.3355],
[-161.9135,66.2766],
[-161.8765,66.2728],
[-161.8598,66.2846],
[-161.8903,66.3114],
[-161.8722,66.3711],
[-161.7287,66.4036],
[-161.52,66.4022],
[-161.123,66.3375],
[-161.0192,66.2672],
[-161.0006,66.2467],
[-161.0028,66.2071],
[-161.0156,66.1839],
[-161.0567,66.1379],
[-161.0911,66.1225],
[-161.1494,66.1158],
[-161.177,66.1234],
[-161.1179,66.1301],
[-161.0919,66.1705],
[-161.0785,66.2341],
[-161.1053,66.2439],
[-161.1945,66.223],
[-161.2556,66.2216],
[-161.3361,66.2343],
[-161.3636,66.2613],
[-161.3978,66.2703],
[-161.5233,66.2686],
[-161.5751,66.2517],
[-161.659,66.1528],
[-161.7683,66.0864],
[-161.8405,66.0085],
[-161.8164,65.975],
[-161.855,65.9778],
[-161.9353,66.0358],
[-162.0557,66.0687],
[-162.1364,66.0697],
[-162.3787,66.0323],
[-162.5617,66.0475],
[-162.7622,66.0992],
[-162.792,66.1005],
[-163.1265,66.0665],
[-163.2629,66.0703],
[-163.3425,66.0872],
[-163.6564,66.0705],
[-163.8047,66.1019],
[-163.836,66.1157],
[-163.8885,66.1605],
[-163.9481,66.1953],
[-164.174,66.1907],
[-164.0911,66.2144],
[-163.9446,66.2312],
[-163.8575,66.2762],
[-163.8691,66.3086],
[-163.8902,66.3319],
[-163.8942,66.3925],
[-163.8543,66.4355],
[-163.79,66.4607],
[-163.7663,66.4833],
[-163.7564,66.5155],
[-163.7783,66.5565],
[-163.7985,66.5647],
[-163.9117,66.5705],
[-163.9318,66.578],
[-163.8539,66.59],
[-163.7022,66.5678],
[-163.6424,66.5667],
[-163.6617,66.5803],
[-163.7747,66.5997],
[-163.9336,66.6086],
[-164.3619,66.5939],
[-164.7122,66.5408],
[-165.0156,66.4239],
[-165.1528,66.4441],
[-165.3242,66.4258],
[-165.6422,66.3608],
[-165.7986,66.303],
[-165.8533,66.2711],
[-165.8874,66.2365],
[-165.8709,66.2214],
[-165.7139,66.2094],
[-165.5113,66.1571],
[-165.7268,66.1053],
[-165.7803,66.1022],
[-166.0808,66.1244],
[-166.1437,66.1484],
[-166.1003,66.1528],
[-166.1367,66.1675],
[-166.2111,66.1811],
[-166.2599,66.1801],
[-166.6967,66.0689],
[-166.9086,65.9936],
[-166.9628,65.9701],
[-166.881,65.9378],
[-167.0461,65.8761],
[-167.1604,65.8568],
[-167.2226,65.8662],
[-167.2811,65.89],
[-167.5122,65.8294],
[-167.571,65.7937],
[-167.5513,65.7753],
[-167.5072,65.769],
[-167.5015,65.7375],
[-167.86,65.6789],
[-168.02,65.6358],
[-168.0467,65.636],
[-168.063,65.6494],
[-168.0492,65.6764],
[-168.024,65.6929],
[-167.8716,65.735],
[-167.85,65.7617],
[-167.9086,65.7555],
[-168.0732,65.7021],
[-168.1292,65.6665],
[-168.1298,65.6487]
]
],
[
[
[-167.8426,53.3064],
[-167.7648,53.2708],
[-167.6633,53.2555],
[-167.4953,53.2792],
[-167.3833,53.3397],
[-167.1375,53.4174],
[-166.9794,53.4408],
[-166.9594,53.4317],
[-166.7566,53.4453],
[-166.6502,53.4921],
[-166.6322,53.5311],
[-166.5428,53.6251],
[-166.4109,53.67],
[-166.2801,53.6788],
[-166.271,53.711],
[-166.3372,53.778],
[-166.4393,53.7512],
[-166.4992,53.7228],
[-166.55,53.6855],
[-166.5708,53.7103],
[-166.5331,53.7805],
[-166.4381,53.7967],
[-166.2734,53.8633],
[-166.2479,53.8764],
[-166.2151,53.921],
[-166.2614,53.9725],
[-166.3752,54.001],
[-166.4135,53.9692],
[-166.4375,53.9233],
[-166.4689,53.8905],
[-166.6036,53.829],
[-166.6364,53.875],
[-166.6377,53.9157],
[-166.6169,53.9489],
[-166.5926,53.9645],
[-166.6104,53.9878],
[-166.6685,54.0094],
[-166.7549,54.0085],
[-167.0204,53.9567],
[-167.0914,53.9176],
[-167.1603,53.8508],
[-167.1524,53.8239],
[-167.0345,53.7528],
[-166.9588,53.7712],
[-166.7689,53.7297],
[-166.7664,53.6858],
[-166.8039,53.6489],
[-166.9056,53.7087],
[-167.0257,53.7026],
[-167.0635,53.6782],
[-167.0464,53.5939],
[-167.067,53.618],
[-167.0938,53.6303],
[-167.1459,53.6205],
[-167.1617,53.6002],
[-167.1428,53.5511],
[-167.0838,53.5286],
[-167.1641,53.4646],
[-167.3722,53.428],
[-167.4789,53.4333],
[-167.5042,53.3997],
[-167.5553,53.3869],
[-167.6914,53.3847],
[-167.8426,53.3064]
]
],
[
[
[-167.4181,60.1894],
[-167.3164,60.0955],
[-167.1304,59.9989],
[-167.0796,59.9926],
[-166.9978,59.9989],
[-166.9586,59.975],
[-166.5981,59.8504],
[-166.4122,59.8519],
[-166.2963,59.8173],
[-166.1935,59.7572],
[-166.1673,59.7533],
[-166.1225,59.7553],
[-166.0881,59.7709],
[-166.1089,59.8053],
[-166.2318,59.8395],
[-166.2092,59.8575],
[-166.1765,59.863],
[-166.1182,59.8512],
[-165.8867,59.8739],
[-165.7867,59.9022],
[-165.7289,59.91],
[-165.6122,59.9022],
[-165.5742,59.9132],
[-165.5554,59.9287],
[-165.5431,59.9803],
[-165.6071,59.9692],
[-165.6395,59.9961],
[-165.6695,60.0592],
[-165.6883,60.1539],
[-165.6747,60.2756],
[-165.6843,60.2965],
[-165.7953,60.3372],
[-165.8723,60.3444],
[-165.9096,60.3349],
[-165.9228,60.3193],
[-166.0653,60.3294],
[-166.1139,60.4138],
[-166.1509,60.4305],
[-166.2003,60.3922],
[-166.3161,60.375],
[-166.4599,60.3844],
[-166.4958,60.3789],
[-166.6886,60.3222],
[-166.8046,60.2696],
[-166.7945,60.2398],
[-166.8331,60.2067],
[-166.9317,60.2075],
[-167.2019,60.2333],
[-167.2759,60.2319],
[-167.3564,60.2225],
[-167.404,60.2058],
[-167.4181,60.1894]
]
],
[
[
[-166.6632,66.1053],
[-166.5878,66.1164],
[-166.1774,66.2197],
[-166.2556,66.2197],
[-166.4436,66.1808],
[-166.5983,66.1336],
[-166.6632,66.1053]
]
],
[
[
[-166.297,53.7732],
[-166.2908,53.7487],
[-166.2188,53.7058],
[-166.1175,53.775],
[-166.09,53.8394],
[-166.11,53.8489],
[-166.1951,53.835],
[-166.2918,53.7943],
[-166.297,53.7732]
]
],
[
[
[-166.1217,54.1144],
[-166.0672,54.0539],
[-166.0427,54.0375],
[-165.9895,54.0496],
[-165.9675,54.0622],
[-165.935,54.0608],
[-165.9119,54.0542],
[-165.8975,54.0289],
[-165.8489,54.0703],
[-165.7751,54.0637],
[-165.697,54.0847],
[-165.6779,54.0942],
[-165.659,54.1223],
[-165.9431,54.2203],
[-165.9779,54.2154],
[-166.091,54.1682],
[-166.1217,54.1144]
]
],
[
[
[-165.6809,54.2355],
[-165.6213,54.1255],
[-165.6054,54.1144],
[-165.5579,54.1122],
[-165.4858,54.1733],
[-165.4781,54.2019],
[-165.4866,54.2865],
[-165.6253,54.2911],
[-165.6675,54.2618],
[-165.6809,54.2355]
]
],
[
[
[-165.4685,66.4129],
[-164.8769,66.5028],
[-164.7796,66.5257],
[-164.7635,66.5362],
[-165.1447,66.4814],
[-165.4333,66.4275],
[-165.4685,66.4129]
]
],
[
[
[-165.2176,54.0889],
[-165.0817,54.0669],
[-165.0189,54.0708],
[-164.9559,54.0798],
[-164.9332,54.1196],
[-164.9528,54.129],
[-165.0389,54.1042],
[-165.0808,54.1222],
[-165.1332,54.1275],
[-165.2047,54.1139],
[-165.2176,54.0889]
]
],
[
[
[-164.9523,54.5802],
[-164.9335,54.5301],
[-164.8571,54.4286],
[-164.7767,54.3964],
[-164.6639,54.3919],
[-164.4372,54.4214],
[-164.3431,54.4697],
[-164.3244,54.5036],
[-164.3263,54.5293],
[-164.28,54.5594],
[-164.1933,54.5992],
[-164.085,54.6219],
[-163.8145,54.6336],
[-163.595,54.6118],
[-163.52,54.6322],
[-163.336,54.708],
[-163.1549,54.6587],
[-163.0549,54.6681],
[-163.1406,54.7632],
[-163.1974,54.7776],
[-163.222,54.7619],
[-163.2642,54.755],
[-163.3113,54.7618],
[-163.375,54.7918],
[-163.3994,54.8367],
[-163.4221,54.9202],
[-163.5364,55.0473],
[-163.7775,55.0554],
[-163.9262,55.0317],
[-163.9861,54.9919],
[-164.2353,54.8911],
[-164.3044,54.8907],
[-164.425,54.9294],
[-164.4911,54.9146],
[-164.548,54.8707],
[-164.554,54.8414],
[-164.7042,54.6683],
[-164.7711,54.6356],
[-164.8057,54.6333],
[-164.9283,54.6014],
[-164.9523,54.5802]
]
],
[
[
[-162.8361,54.4542],
[-162.7864,54.4147],
[-162.6397,54.3686],
[-162.5429,54.384],
[-162.5446,54.4128],
[-162.5956,54.4535],
[-162.8224,54.4981],
[-162.8361,54.4542]
]
],
[
[
[-162.7026,63.5767],
[-162.6869,63.5592],
[-162.5625,63.5386],
[-162.3775,63.5444],
[-162.3452,63.5924],
[-162.3769,63.6314],
[-162.3975,63.6353],
[-162.562,63.6353],
[-162.6465,63.6204],
[-162.67,63.6085],
[-162.7026,63.5767]
]
],
[
[
[-162.4277,54.9299],
[-162.4129,54.8812],
[-162.3289,54.8297],
[-162.3013,54.8315],
[-162.2322,54.8924],
[-162.2311,54.9586],
[-162.2482,54.9739],
[-162.3119,54.9816],
[-162.4277,54.9299]
]
],
[
[
[-161.9035,55.1517],
[-161.9034,55.1325],
[-161.7707,55.0578],
[-161.7443,55.0549],
[-161.6431,55.1106],
[-161.6596,55.1278],
[-161.73,55.1521],
[-161.8225,55.171],
[-161.9035,55.1517]
]
],
[
[
[-161.1131,58.6553],
[-161.0861,58.5858],
[-161.088,58.5569],
[-160.9504,58.5575],
[-160.9071,58.574],
[-160.6898,58.8147],
[-160.7529,58.7972],
[-160.8642,58.7508],
[-160.942,58.7411],
[-161.0422,58.71],
[-161.1131,58.6553]
]
],
[
[
[-160.8576,55.2657],
[-160.8508,55.2039],
[-160.8242,55.1369],
[-160.8076,55.1216],
[-160.6792,55.1639],
[-160.6286,55.1499],
[-160.5475,55.1525],
[-160.4643,55.1868],
[-160.5171,55.2206],
[-160.5738,55.2307],
[-160.5847,55.3055],
[-160.5817,55.3194],
[-160.5375,55.3458],
[-160.5342,55.3685],
[-160.5488,55.3878],
[-160.6614,55.3872],
[-160.6956,55.4],
[-160.7267,55.4068],
[-160.7756,55.39],
[-160.7958,55.3803],
[-160.8465,55.3325],
[-160.8576,55.2657]
]
],
[
[
[-160.5254,55.3164],
[-160.4831,55.29],
[-160.3321,55.2521],
[-160.3193,55.2842],
[-160.3281,55.3535],
[-160.347,55.3686],
[-160.4985,55.3494],
[-160.5254,55.3164]
]
],
[
[
[-160.3409,55.4123],
[-160.3233,55.394],
[-160.1789,55.3961],
[-160.155,55.4375],
[-160.2458,55.4621],
[-160.2903,55.4578],
[-160.3348,55.4334],
[-160.3409,55.4123]
]
],
[
[
[-160.2479,21.8433],
[-160.2464,21.8115],
[-160.2021,21.7836],
[-160.1822,21.8369],
[-160.1478,21.8858],
[-160.1227,21.8861],
[-160.0711,21.9092],
[-160.0465,21.9981],
[-160.0614,22.0139],
[-160.0862,22.0174],
[-160.2272,21.8914],
[-160.2479,21.8433]
]
],
[
[
[-160.2447,54.9014],
[-160.221,54.8727],
[-160.2026,54.8746],
[-160.1733,54.9311],
[-160.1225,54.9711],
[-160.0081,55.0428],
[-159.8856,55.0983],
[-159.8408,55.136],
[-159.8269,55.1767],
[-159.8769,55.2844],
[-159.92,55.2586],
[-159.9364,55.2344],
[-159.9494,55.1689],
[-160.0096,55.1058],
[-160.0603,55.1178],
[-160.0705,55.1377],
[-160.1096,55.155],
[-160.1934,55.1133],
[-160.1617,55.0672],
[-160.1383,55.0478],
[-160.1236,55.0153],
[-160.1714,54.9689],
[-160.2404,54.9261],
[-160.2447,54.9014]
]
],
[
[
[-159.7885,22.0291],
[-159.7542,21.9792],
[-159.5603,21.9003],
[-159.5054,21.8971],
[-159.4563,21.8769],
[-159.4336,21.8814],
[-159.3786,21.9208],
[-159.3331,21.9655],
[-159.2904,22.1342],
[-159.3225,22.196],
[-159.3496,22.22],
[-159.4017,22.2392],
[-159.5527,22.2361],
[-159.5826,22.2262],
[-159.7146,22.1542],
[-159.7874,22.0561],
[-159.7885,22.0291]
]
],
[
[
[-159.6531,55.1255],
[-159.652,55.0482],
[-159.5195,55.0642],
[-159.5049,55.1722],
[-159.5191,55.2418],
[-159.5379,55.2455],
[-159.6531,55.1255]
]
],
[
[
[-159.4792,55.0142],
[-159.4539,54.9435],
[-159.429,54.9412],
[-159.3797,54.9533],
[-159.3386,54.9719],
[-159.3529,55.0504],
[-159.3822,55.0561],
[-159.4426,55.0518],
[-159.4792,55.0142]
]
],
[
[
[-158.912,55.8347],
[-158.9061,55.8149],
[-158.8906,55.8043],
[-158.8587,55.8046],
[-158.7161,55.8382],
[-158.7763,55.8861],
[-158.8328,55.8939],
[-158.8947,55.87],
[-158.912,55.8347]
]
],
[
[
[-158.2691,21.5822],
[-158.2352,21.4785],
[-158.1364,21.3814],
[-158.1164,21.3447],
[-158.1044,21.2979],
[-157.9853,21.3025],
[-157.9261,21.3207],
[-157.9025,21.3369],
[-157.8678,21.3192],
[-157.8131,21.2589],
[-157.7606,21.2714],
[-157.7086,21.2686],
[-157.6656,21.3242],
[-157.7303,21.4117],
[-157.8034,21.4347],
[-157.8442,21.4711],
[-157.8767,21.5767],
[-157.9257,21.6665],
[-157.9648,21.6961],
[-158.0119,21.6924],
[-158.1069,21.6097],
[-158.2691,21.5822]
]
],
[
[
[-157.3285,56.529],
[-157.1953,56.5308],
[-157.1228,56.5494],
[-157.0364,56.5486],
[-157.0022,56.5294],
[-156.9757,56.5372],
[-157.0001,56.5571],
[-157.0643,56.5789],
[-157.246,56.5817],
[-157.2928,56.5628],
[-157.3285,56.529]
]
],
[
[
[-157.3007,21.094],
[-157.2595,21.0881],
[-157.1575,21.0944],
[-157.0678,21.1089],
[-156.8798,21.047],
[-156.844,21.051],
[-156.7562,21.0858],
[-156.7052,21.1555],
[-156.7505,21.1728],
[-156.7914,21.1767],
[-156.8107,21.1652],
[-156.8945,21.1611],
[-157.0348,21.195],
[-157.1886,21.2097],
[-157.2441,21.1986],
[-157.2906,21.149],
[-157.3007,21.094]
]
],
[
[
[-157.056,20.8867],
[-156.9661,20.7435],
[-156.8996,20.741],
[-156.8382,20.7736],
[-156.8062,20.821],
[-156.8177,20.849],
[-156.8838,20.9085],
[-156.9242,20.9278],
[-157.0074,20.9262],
[-157.051,20.9149],
[-157.056,20.8867]
]
],
[
[
[-156.7016,20.9261],
[-156.6886,20.8861],
[-156.6337,20.8256],
[-156.5343,20.7862],
[-156.5014,20.7994],
[-156.472,20.7883],
[-156.4475,20.7189],
[-156.444,20.6119],
[-156.42,20.5886],
[-156.3813,20.5815],
[-156.1994,20.638],
[-156.1398,20.6296],
[-156.0617,20.6611],
[-156.0049,20.713],
[-155.9877,20.7577],
[-155.9978,20.7887],
[-156.0878,20.8403],
[-156.1139,20.8408],
[-156.1961,20.8936],
[-156.2314,20.9355],
[-156.2886,20.9499],
[-156.3334,20.9461],
[-156.3726,20.9249],
[-156.3874,20.9133],
[-156.4704,20.8974],
[-156.48,20.9028],
[-156.5231,20.9903],
[-156.5971,21.0514],
[-156.6614,21.0136],
[-156.7016,20.9261]
]
],
[
[
[-156.049,19.7351],
[-155.8791,19.3618],
[-155.9079,19.1587],
[-155.9003,19.0903],
[-155.8551,19.0312],
[-155.8004,19.0309],
[-155.6761,18.9556],
[-155.6631,18.9255],
[-155.5899,18.9878],
[-155.5539,19.0425],
[-155.5511,19.0768],
[-155.5393,19.1035],
[-155.5186,19.1242],
[-155.2871,19.2757],
[-155.2408,19.2842],
[-155.2124,19.2747],
[-155.1673,19.2769],
[-155.0056,19.3289],
[-154.8321,19.456],
[-154.8152,19.4776],
[-154.7978,19.5381],
[-154.9242,19.6096],
[-154.9666,19.6503],
[-155.0009,19.7461],
[-155.0852,19.8804],
[-155.1604,19.9644],
[-155.211,20.0017],
[-155.4324,20.1003],
[-155.5749,20.1283],
[-155.7206,20.2072],
[-155.7271,20.2303],
[-155.7447,20.2422],
[-155.8465,20.2776],
[-155.8678,20.2651],
[-155.888,20.2222],
[-155.8945,20.1737],
[-155.874,20.1138],
[-155.8111,20.0343],
[-155.8133,20.004],
[-155.9296,19.8607],
[-155.9676,19.851],
[-156.0352,19.7887],
[-156.0461,19.7686],
[-156.049,19.7351]
]
],
[
[
[-155.74,55.8286],
[-155.716,55.7844],
[-155.5768,55.776],
[-155.5558,55.8072],
[-155.5603,55.915],
[-155.5806,55.9225],
[-155.613,55.9171],
[-155.74,55.8286]
]
],
[
[
[-154.7995,57.2833],
[-154.7712,57.2714],
[-154.6924,57.2792],
[-154.6096,57.261],
[-154.5392,57.1844],
[-154.5276,57.1475],
[-154.5154,57.0751],
[-154.5281,56.996],
[-154.4039,56.9678],
[-154.3333,56.9308],
[-154.3017,56.9028],
[-154.29,56.8517],
[-154.243,56.8742],
[-154.1595,56.9594],
[-154.1062,57.0833],
[-154.1061,57.1155],
[-154.2753,57.1146],
[-154.3155,57.0967],
[-154.3557,57.0532],
[-154.38,57.0461],
[-154.4395,57.0526],
[-154.4588,57.0618],
[-154.4817,57.0928],
[-154.4732,57.1221],
[-154.345,57.1478],
[-154.145,57.145],
[-154.0206,57.1077],
[-154.0781,57.0679],
[-154.1343,56.995],
[-154.0997,56.9649],
[-154.0778,56.966],
[-154.0529,56.9799],
[-154.0075,57.0353],
[-153.9544,57.068],
[-153.7921,57.1529],
[-153.7387,57.1287],
[-153.9042,57.0636],
[-153.9601,56.9937],
[-153.9669,56.9583],
[-153.8982,56.9626],
[-153.8769,56.9757],
[-153.8503,57.0203],
[-153.8272,57.0103],
[-153.8056,56.9733],
[-153.8595,56.9333],
[-153.9494,56.9074],
[-154.0731,56.8414],
[-154.1205,56.79],
[-154.1389,56.7417],
[-153.986,56.7385],
[-153.9139,56.7655],
[-153.7739,56.8383],
[-153.7253,56.878],
[-153.6331,56.9328],
[-153.6064,56.936],
[-153.5542,56.9803],
[-153.5947,57.0465],
[-153.7495,57.0442],
[-153.7274,57.061],
[-153.6021,57.0818],
[-153.5045,57.0635],
[-153.3708,57.1789],
[-153.256,57.2289],
[-153.0981,57.2122],
[-152.9842,57.2417],
[-152.9565,57.2558],
[-152.9772,57.28],
[-153.0043,57.2926],
[-153.0347,57.2983],
[-153.0793,57.2876],
[-153.1749,57.3025],
[-153.1669,57.346],
[-152.907,57.3271],
[-152.8974,57.3035],
[-152.8479,57.2704],
[-152.7042,57.2739],
[-152.6339,57.3178],
[-152.6008,57.3736],
[-152.6313,57.4019],
[-152.8044,57.4686],
[-152.8404,57.4724],
[-152.9766,57.4592],
[-153.037,57.4333],
[-153.0245,57.4712],
[-152.9269,57.5169],
[-152.731,57.5042],
[-152.6525,57.4655],
[-152.5244,57.4361],
[-152.3618,57.423],
[-152.3358,57.4275],
[-152.2164,57.5575],
[-152.1523,57.6082],
[-152.1635,57.6261],
[-152.3386,57.633],
[-152.4353,57.6047],
[-152.5516,57.7042],
[-152.4481,57.7689],
[-152.3839,57.79],
[-152.3299,57.8189],
[-152.3536,57.8383],
[-152.4978,57.91],
[-152.5922,57.9305],
[-152.6236,57.9275],
[-152.6917,57.8805],
[-152.8014,57.8588],
[-152.8499,57.8346],
[-152.8605,57.794],
[-152.8573,57.7492],
[-152.8775,57.7289],
[-152.9206,57.7578],
[-152.9096,57.8349],
[-152.8798,57.8802],
[-152.8307,57.894],
[-152.8135,57.9096],
[-152.8408,57.9244],
[-152.95,57.9472],
[-152.9998,57.9464],
[-153.0328,57.9336],
[-153.1169,57.95],
[-153.2586,58.0024],
[-153.2949,57.9944],
[-153.2626,57.9562],
[-153.1961,57.9411],
[-153.0512,57.8303],
[-153.0966,57.8378],
[-153.1506,57.8639],
[-153.1931,57.8375],
[-153.213,57.7883],
[-153.4707,57.8409],
[-153.4735,57.8103],
[-153.4501,57.7917],
[-153.406,57.7888],
[-153.3205,57.7272],
[-153.5062,57.6285],
[-153.5452,57.6865],
[-153.5582,57.8117],
[-153.5711,57.8293],
[-153.6431,57.8661],
[-153.7321,57.9025],
[-153.9036,57.8317],
[-153.9293,57.8083],
[-153.9372,57.7797],
[-153.9274,57.728],
[-153.895,57.7039],
[-153.7896,57.6944],
[-153.6788,57.6701],
[-153.6114,57.6379],
[-153.5856,57.6054],
[-153.5978,57.5989],
[-153.6486,57.633],
[-153.6697,57.6386],
[-153.754,57.6497],
[-153.8695,57.6433],
[-153.8353,57.548],
[-153.809,57.4036],
[-153.7424,57.3187],
[-153.635,57.276],
[-153.7603,57.3099],
[-153.8904,57.4097],
[-153.9125,57.4472],
[-153.9304,57.5237],
[-154.002,57.6408],
[-154.03,57.6514],
[-154.2072,57.6667],
[-154.3483,57.6453],
[-154.517,57.5786],
[-154.6392,57.505],
[-154.7278,57.4222],
[-154.7995,57.2833]
]
],
[
[
[-154.7898,56.4225],
[-154.7632,56.3982],
[-154.728,56.398],
[-154.7044,56.4083],
[-154.6374,56.4638],
[-154.5696,56.4906],
[-154.4904,56.5083],
[-154.5038,56.5359],
[-154.5267,56.5513],
[-154.5249,56.5786],
[-154.5002,56.5993],
[-154.5314,56.5993],
[-154.5633,56.5871],
[-154.715,56.5178],
[-154.7406,56.4953],
[-154.7788,56.452],
[-154.7898,56.4225]
]
],
[
[
[-154.4497,56.5922],
[-154.4182,56.5421],
[-154.4015,56.5674],
[-154.4167,56.5853],
[-154.4497,56.5922]
]
],
[
[
[-154.3525,56.5417],
[-154.3344,56.516],
[-154.297,56.5047],
[-154.2417,56.4985],
[-154.1769,56.5075],
[-154.1069,56.5367],
[-154.0764,56.5811],
[-154.0853,56.6071],
[-154.2147,56.6089],
[-154.28,56.5968],
[-154.3525,56.5417]
]
],
[
[
[-154.1298,56.5085],
[-154.063,56.4992],
[-153.9506,56.505],
[-153.8841,56.5338],
[-153.876,56.5534],
[-153.8992,56.558],
[-154.0128,56.5508],
[-154.0711,56.538],
[-154.1298,56.5085]
]
],
[
[
[-153.5522,59.3647],
[-153.5521,59.338],
[-153.5339,59.3306],
[-153.4068,59.3314],
[-153.3458,59.3619],
[-153.3544,59.3808],
[-153.3981,59.4047],
[-153.4372,59.4114],
[-153.5188,59.3851],
[-153.5522,59.3647]
]
],
[
[
[-153.5351,57.9309],
[-153.4539,57.8839],
[-153.218,57.8089],
[-153.2175,57.8362],
[-153.2668,57.8954],
[-153.3533,57.9364],
[-153.4572,57.9692],
[-153.4762,57.9717],
[-153.5257,57.9562],
[-153.5351,57.9309]
]
],
[
[
[-153.4157,58.0607],
[-153.3697,58.0404],
[-153.2105,58.0303],
[-153.0639,57.9936],
[-152.9805,57.981],
[-152.8977,57.9882],
[-152.9071,58.0015],
[-153.0558,58.0356],
[-153.2847,58.1439],
[-153.3128,58.1376],
[-153.4157,58.0607]
]
],
[
[
[-153.4032,57.0628],
[-153.3375,56.998],
[-153.3111,56.9889],
[-153.249,56.9994],
[-153.224,57.018],
[-153.2094,57.0419],
[-153.1022,57.0842],
[-152.9171,57.1239],
[-152.8947,57.1358],
[-152.8871,57.1533],
[-152.961,57.1753],
[-153.1753,57.1842],
[-153.2286,57.2064],
[-153.2758,57.1968],
[-153.4032,57.0628]
]
],
[
[
[-153.2256,58.1599],
[-153.1689,58.1119],
[-153.0697,58.0905],
[-153.0353,58.0517],
[-153.0068,58.0393],
[-152.8522,57.9929],
[-152.7771,57.996],
[-152.6958,58.0533],
[-152.6561,58.0603],
[-152.6264,58.0786],
[-152.5941,58.1325],
[-152.4039,58.12],
[-152.2772,58.1294],
[-152.2936,58.153],
[-152.321,58.1518],
[-152.3674,58.1943],
[-152.3136,58.2479],
[-152.2742,58.2622],
[-152.241,58.2622],
[-152.1917,58.1744],
[-152.108,58.1485],
[-152.0614,58.1669],
[-151.9728,58.233],
[-151.9631,58.278],
[-151.9657,58.3233],
[-151.983,58.3436],
[-152.3019,58.4242],
[-152.3514,58.4205],
[-152.407,58.3632],
[-152.5467,58.4605],
[-152.6464,58.4789],
[-152.7195,58.4556],
[-152.7881,58.4122],
[-152.7978,58.2828],
[-153.0442,58.3019],
[-153.1043,58.2617],
[-153.0715,58.2375],
[-152.9481,58.1954],
[-152.9022,58.1675],
[-153.0125,58.1792],
[-153.1765,58.2165],
[-153.2213,58.1936],
[-153.2256,58.1599]
]
],
[
[
[-152.6581,58.5454],
[-152.6281,58.5055],
[-152.6115,58.4981],
[-152.5267,58.4739],
[-152.4997,58.4718],
[-152.4708,58.481],
[-152.3411,58.5978],
[-152.3486,58.6293],
[-152.3753,58.6357],
[-152.4,58.6311],
[-152.6581,58.5454]
]
],
[
[
[-150.7701,59.3219],
[-150.7144,59.3058],
[-150.6883,59.3085],
[-150.6272,59.3489],
[-150.611,59.3747],
[-150.6193,59.3917],
[-150.6383,59.3992],
[-150.691,59.4042],
[-150.7701,59.3219]
]
],
[
[
[-148.3071,60.0276],
[-148.2514,60.0175],
[-148.2086,60.023],
[-148.1549,60.0403],
[-148.1042,60.0733],
[-148.0775,60.128],
[-148.0364,60.1856],
[-148.0565,60.1937],
[-148.2244,60.1083],
[-148.3003,60.0555],
[-148.3071,60.0276]
]
],
[
[
[-148.2314,60.7176],
[-148.2231,60.6986],
[-148.1513,60.6417],
[-148.1191,60.6522],
[-148.0963,60.6717],
[-148.1083,60.735],
[-148.1308,60.7529],
[-148.1621,60.759],
[-148.2142,60.7544],
[-148.2314,60.7176]
]
],
[
[
[-148.1415,60.3111],
[-148.0982,60.2829],
[-148.027,60.2874],
[-148.0106,60.3017],
[-147.9839,60.3539],
[-147.9786,60.3719],
[-147.993,60.3853],
[-148.0782,60.3644],
[-148.1336,60.33],
[-148.1415,60.3111]
]
],
[
[
[-148.1411,60.0161],
[-148.1388,59.9982],
[-148.1203,59.9954],
[-147.8826,60.1095],
[-147.9637,60.1533],
[-148.0994,60.0611],
[-148.1411,60.0161]
]
],
[
[
[-148.1343,60.8275],
[-148.1278,60.7987],
[-148.1067,60.7917],
[-148.0183,60.7897],
[-147.9289,60.8069],
[-147.9124,60.8173],
[-147.9404,60.8849],
[-147.9642,60.9025],
[-148.0342,60.9276],
[-148.1044,60.9147],
[-148.1343,60.8275]
]
],
[
[
[-148.043,59.953],
[-148.0229,59.9476],
[-147.9227,59.9755],
[-147.8478,60.0203],
[-147.8185,60.0653],
[-147.8501,60.0815],
[-147.8833,60.0672],
[-148.0289,59.9755],
[-148.043,59.953]
]
],
[
[
[-147.9103,59.7926],
[-147.8796,59.7774],
[-147.8554,59.7764],
[-147.7139,59.8144],
[-147.5311,59.8519],
[-147.4842,59.9286],
[-147.4825,59.944],
[-147.2389,60.1292],
[-146.9847,60.2417],
[-146.9228,60.3068],
[-147.1035,60.3805],
[-147.1575,60.3697],
[-147.1974,60.35],
[-147.2093,60.2925],
[-147.2022,60.2689],
[-147.3369,60.1789],
[-147.4042,60.1114],
[-147.6044,60.0272],
[-147.6717,60.0064],
[-147.7922,59.9308],
[-147.8936,59.8428],
[-147.9103,59.7926]
]
],
[
[
[-147.9097,60.2347],
[-147.8261,60.1822],
[-147.7894,60.1656],
[-147.7642,60.1662],
[-147.7236,60.21],
[-147.623,60.3883],
[-147.6511,60.3919],
[-147.7119,60.3761],
[-147.73,60.3907],
[-147.69,60.4111],
[-147.6226,60.4266],
[-147.6265,60.473],
[-147.699,60.5104],
[-147.7799,60.4787],
[-147.8567,60.3717],
[-147.8983,60.2836],
[-147.9097,60.2347]
]
],
[
[
[-146.7192,60.384],
[-146.7158,60.3589],
[-146.6988,60.3503],
[-146.622,60.3491],
[-146.5878,60.3675],
[-146.4855,60.3657],
[-146.6779,60.2833],
[-146.667,60.2678],
[-146.6224,60.2436],
[-146.5974,60.2389],
[-146.5172,60.285],
[-146.4158,60.3233],
[-146.3103,60.3517],
[-146.097,60.3928],
[-146.0806,60.4037],
[-146.1329,60.4336],
[-146.161,60.4354],
[-146.34,60.4072],
[-146.3631,60.4119],
[-146.3658,60.4437],
[-146.5357,60.4815],
[-146.5808,60.4825],
[-146.6109,60.4749],
[-146.7008,60.4124],
[-146.7192,60.384]
]
],
[
[
[-146.3239,60.4606],
[-146.2532,60.4549],
[-146.1294,60.4703],
[-145.9175,60.5275],
[-145.7731,60.5774],
[-145.7513,60.593],
[-145.7678,60.6164],
[-145.942,60.5889],
[-146.1047,60.5392],
[-146.2786,60.5189],
[-146.2996,60.5132],
[-146.3189,60.4968],
[-146.3239,60.4606]
]
],
[
[
[-145.2808,60.3324],
[-145.2166,60.3105],
[-145.1414,60.3044],
[-145.121,60.3099],
[-145.0897,60.4072],
[-145.113,60.4094],
[-145.2808,60.3324]
]
],
[
[
[-144.5953,59.8099],
[-144.5628,59.8194],
[-144.4111,59.9164],
[-144.2157,59.9984],
[-144.2317,60.0086],
[-144.2789,59.9992],
[-144.5039,59.8944],
[-144.5568,59.8614],
[-144.5953,59.8099]
]
],
[
[
[-137.0374,59.0743],
[-136.8838,58.9915],
[-136.6839,58.9122],
[-136.6556,58.9662],
[-136.469,58.8296],
[-136.2365,58.7517],
[-136.1671,58.7547],
[-136.1299,58.7782],
[-136.0944,58.8625],
[-136.1083,58.9293],
[-136.1439,59.0155],
[-136.1641,59.0274],
[-136.1432,59.0318],
[-136.1006,59.0114],
[-136.0458,58.8911],
[-135.9561,58.8894],
[-135.9275,58.9019],
[-135.8331,58.9103],
[-135.7659,58.896],
[-135.9451,58.861],
[-136.0657,58.8183],
[-135.93,58.6561],
[-135.8716,58.6019],
[-135.8365,58.5382],
[-135.8476,58.4679],
[-135.8875,58.4511],
[-135.9104,58.3811],
[-135.7553,58.3955],
[-135.6097,58.4203],
[-135.5096,58.4752],
[-135.4709,58.4714],
[-135.4077,58.3822],
[-135.4027,58.3467],
[-135.3441,58.265],
[-135.2749,58.2337],
[-135.157,58.2072],
[-135.0855,58.233],
[-135.0508,58.3046],
[-135.0494,58.3405],
[-135.0917,58.4367],
[-135.1806,58.5607],
[-135.1853,58.6225],
[-135.1697,58.6458],
[-135.2446,58.7214],
[-135.3125,58.8483],
[-135.3902,58.9617],
[-135.3963,59.0707],
[-135.5467,59.2253],
[-135.4883,59.2239],
[-135.4156,59.199],
[-135.3943,59.1801],
[-135.366,59.1269],
[-135.3034,59.0928],
[-135.3439,59.189],
[-135.4597,59.2908],
[-135.3987,59.3681],
[-135.3478,59.4642],
[-135.3254,59.453],
[-135.3561,59.3304],
[-135.3596,59.2615],
[-135.2833,59.2035],
[-135.2331,59.1283],
[-135.1312,58.8814],
[-135.1454,58.8431],
[-135.0597,58.7526],
[-135.0274,58.7421],
[-135.0186,58.7779],
[-135.0003,58.8055],
[-134.9511,58.8151],
[-134.9307,58.7774],
[-134.9214,58.6878],
[-134.975,58.6458],
[-134.9474,58.6319],
[-134.7735,58.4605],
[-134.7576,58.382],
[-134.6406,58.3561],
[-134.5185,58.3557],
[-134.4893,58.3465],
[-134.2398,58.2087],
[-134.1806,58.1971],
[-134.1492,58.2005],
[-134.0992,58.2403],
[-134.0439,58.3932],
[-133.9727,58.4978],
[-133.8811,58.5214],
[-133.774,58.515],
[-133.8175,58.5032],
[-133.8583,58.5094],
[-133.9028,58.5057],
[-133.9285,58.4914],
[-134.009,58.3899],
[-133.9953,58.3403],
[-134.086,58.189],
[-134.0597,58.0789],
[-133.9756,58.0139],
[-133.9133,57.9801],
[-133.8293,58.0087],
[-133.749,58.1329],
[-133.6802,58.146],
[-133.6972,58.1033],
[-133.813,57.9729],
[-133.8042,57.8972],
[-133.7006,57.7915],
[-133.6589,57.7846],
[-133.6328,57.7967],
[-133.6205,57.8251],
[-133.6406,57.8708],
[-133.5911,57.911],
[-133.5576,57.9236],
[-133.1833,57.8914],
[-133.1311,57.8533],
[-133.429,57.907],
[-133.5443,57.9081],
[-133.5544,57.8247],
[-133.5445,57.7689],
[-133.5178,57.7458],
[-133.3203,57.6614],
[-133.1806,57.6169],
[-133.0064,57.514],
[-133.0417,57.5035],
[-133.0858,57.5183],
[-133.1669,57.5732],
[-133.5611,57.7089],
[-133.6406,57.6964],
[-133.6594,57.6277],
[-133.5994,57.5745],
[-133.5492,57.5658],
[-133.448,57.5826],
[-133.3179,57.5901],
[-133.3326,57.5759],
[-133.4355,57.5548],
[-133.4609,57.5409],
[-133.5068,57.4843],
[-133.4413,57.3554],
[-133.4075,57.338],
[-133.2298,57.3139],
[-133.1136,57.3283],
[-133.066,57.3468],
[-133.0839,57.3219],
[-133.2425,57.2753],
[-133.468,57.2805],
[-133.498,57.2552],
[-133.5084,57.1936],
[-133.4886,57.1661],
[-133.4376,57.1404],
[-133.4014,57.1358],
[-133.3147,57.1019],
[-133.2838,57.0992],
[-133.1683,57.163],
[-133.1238,57.1514],
[-133.1422,57.1167],
[-133.1272,57.08],
[-132.9053,57.0331],
[-132.8041,57.0838],
[-132.7652,56.9817],
[-132.7796,56.9588],
[-132.8429,56.9661],
[-132.8561,56.9314],
[-132.7689,56.8439],
[-132.6431,56.7889],
[-132.4989,56.7507],
[-132.4226,56.8113],
[-132.3857,56.8224],
[-132.365,56.8171],
[-132.4158,56.7722],
[-132.5244,56.7147],
[-132.5511,56.6377],
[-132.5239,56.6185],
[-132.4386,56.6043],
[-132.3157,56.6334],
[-132.338,56.5981],
[-132.3511,56.5433],
[-132.3417,56.5233],
[-132.1861,56.4228],
[-131.993,56.3578],
[-131.9333,56.2578],
[-131.9008,56.2269],
[-131.7697,56.1969],
[-131.9568,56.1649],
[-131.9666,56.0814],
[-131.9408,56.0105],
[-131.9475,55.9645],
[-131.976,55.9558],
[-132.0213,55.9565],
[-132.0547,55.9428],
[-132.0714,55.8628],
[-132.0483,55.8222],
[-132.1047,55.8055],
[-132.1714,55.7998],
[-132.2453,55.7239],
[-132.1869,55.6062],
[-132.1681,55.5844],
[-132.1128,55.555],
[-132.0628,55.5433],
[-131.9587,55.4999],
[-131.8172,55.6633],
[-131.7591,55.8141],
[-131.8748,55.8385],
[-131.9006,55.8553],
[-131.8026,55.8818],
[-131.7326,55.886],
[-131.4786,55.9753],
[-131.404,55.9946],
[-131.3701,55.9614],
[-131.3267,55.9643],
[-131.2072,56.0114],
[-131.0744,56.0942],
[-131.0128,56.1065],
[-131.0948,56.0221],
[-131.1642,55.9851],
[-131.1695,55.9417],
[-131.0258,55.8347],
[-130.9125,55.7411],
[-130.8864,55.7079],
[-130.8666,55.578],
[-130.8747,55.413],
[-130.8719,55.3369],
[-130.8613,55.3101],
[-130.717,55.3078],
[-130.6855,55.3382],
[-130.659,55.3448],
[-130.6161,55.2943],
[-130.6422,55.2872],
[-130.9315,55.2846],
[-131.05,55.205],
[-131.0665,55.1864],
[-131.0588,55.1275],
[-131.0101,55.088],
[-130.9647,55.085],
[-130.8943,55.0971],
[-130.8735,55.1157],
[-130.8127,55.1418],
[-130.7278,55.1264],
[-130.5994,55.2142],
[-130.5497,55.2822],
[-130.5045,55.3158],
[-130.4742,55.3259],
[-130.5532,55.2235],
[-130.7028,55.1169],
[-130.8354,55.1039],
[-130.9647,55.063],
[-130.9822,55.0511],
[-131.0078,55.0002],
[-130.9346,54.9583],
[-130.9286,54.9328],
[-130.931,54.8218],
[-130.9106,54.7919],
[-130.8689,54.7719],
[-130.8085,54.7715],
[-130.751,54.821],
[-130.7383,54.8522],
[-130.75,54.8724],
[-130.7427,54.9551],
[-130.7064,54.8447],
[-130.7183,54.7986],
[-130.7093,54.7679],
[-130.5794,54.7961],
[-130.498,54.8314],
[-130.366,54.9044],
[-130.2772,54.9836],
[-130.1356,55.1714],
[-130.1019,55.2056],
[-129.9937,55.281],
[-130.1439,55.5414],
[-130.1744,55.7572],
[-130.1354,55.8087],
[-130.1037,55.8214],
[-130.0149,55.9096],
[-130.0145,56.0249],
[-130.0886,56.118],
[-130.2292,56.0903],
[-130.3653,56.1239],
[-130.4475,56.2064],
[-130.4619,56.2353],
[-130.6272,56.2586],
[-130.7744,56.3661],
[-131.0628,56.4008],
[-131.29,56.5005],
[-131.5486,56.5994],
[-131.8244,56.5984],
[-131.858,56.7189],
[-131.8617,56.7958],
[-132.1031,56.8667],
[-132.0275,57.0364],
[-132.3242,57.0892],
[-132.2267,57.2047],
[-132.3744,57.3751],
[-132.4982,57.4704],
[-132.7628,57.7201],
[-132.8159,57.798],
[-132.8773,57.8594],
[-133.0708,58.0122],
[-133.137,58.1358],
[-133.2336,58.2114],
[-133.3061,58.2572],
[-133.3611,58.2805],
[-133.4303,58.36],
[-133.4089,58.4003],
[-133.3879,58.4121],
[-133.43,58.4592],
[-133.5589,58.528],
[-133.7358,58.6447],
[-133.8269,58.7261],
[-134.2383,58.8544],
[-134.3275,58.9255],
[-134.3256,58.9711],
[-134.3828,59.0536],
[-134.4667,59.1291],
[-134.5664,59.1305],
[-134.6508,59.1855],
[-134.6735,59.2075],
[-134.688,59.2433],
[-134.9519,59.28],
[-135.0917,59.4269],
[-135.0633,59.458],
[-135.0281,59.4693],
[-135.0178,59.4989],
[-135.0145,59.5675],
[-135.0972,59.6214],
[-135.1542,59.6272],
[-135.1775,59.6369],
[-135.4736,59.8019],
[-135.9492,59.6692],
[-136.2078,59.6394],
[-136.3105,59.6125],
[-136.3451,59.6017],
[-136.2392,59.5614],
[-136.2339,59.5258],
[-136.2965,59.4736],
[-136.3716,59.4525],
[-136.4636,59.4697],
[-136.4626,59.296],
[-136.4865,59.2558],
[-136.5839,59.1633],
[-136.8089,59.1653],
[-137.0374,59.0743]
]
],
[
[
[-136.5556,58.0171],
[-136.5467,57.9608],
[-136.5328,57.9181],
[-136.4419,57.8458],
[-136.4204,57.8592],
[-136.3803,57.9147],
[-136.3854,57.9567],
[-136.376,57.9841],
[-136.3355,58.0129],
[-136.4544,58.0886],
[-136.4809,58.0928],
[-136.5418,58.0647],
[-136.5556,58.0171]
]
],
[
[
[-136.4317,58.1108],
[-136.4183,58.0897],
[-136.373,58.0533],
[-136.0336,57.8469],
[-136.054,57.846],
[-136.3056,57.9867],
[-136.3373,57.9889],
[-136.3613,57.9664],
[-136.356,57.9378],
[-136.4037,57.8227],
[-136.373,57.8367],
[-136.3531,57.8331],
[-136.1255,57.6989],
[-136.0753,57.6472],
[-135.9914,57.6314],
[-135.9513,57.6116],
[-135.9947,57.6003],
[-136.0626,57.6008],
[-136.03,57.5672],
[-135.9519,57.5311],
[-135.8378,57.4844],
[-135.7946,57.4593],
[-135.7822,57.4346],
[-135.8047,57.4372],
[-135.9064,57.4969],
[-135.9696,57.5181],
[-136.0015,57.518],
[-135.9519,57.4692],
[-135.8354,57.3871],
[-135.7294,57.3664],
[-135.688,57.3628],
[-135.6019,57.4142],
[-135.5459,57.4658],
[-135.5525,57.5342],
[-135.5708,57.5858],
[-135.6875,57.6417],
[-135.8009,57.7599],
[-135.6972,57.7364],
[-135.5647,57.6725],
[-135.1197,57.4975],
[-135.0593,57.4595],
[-134.9883,57.4505],
[-134.8545,57.4587],
[-134.8442,57.5965],
[-134.9128,57.7499],
[-134.9311,57.7594],
[-135.0453,57.7511],
[-135.2331,57.7211],
[-135.297,57.7317],
[-135.36,57.7972],
[-135.6472,57.9017],
[-135.7962,57.9307],
[-135.8803,57.9925],
[-135.8446,57.9899],
[-135.718,57.9439],
[-135.5558,57.9028],
[-135.2312,57.7797],
[-135.1236,57.7744],
[-135.0894,57.7819],
[-135.0053,57.7795],
[-134.9647,57.8096],
[-135.0486,57.8689],
[-135.1208,57.8818],
[-135.1987,57.9369],
[-135.1675,57.9364],
[-135.0186,57.8892],
[-134.97,57.8853],
[-134.9113,57.92],
[-134.9053,57.9823],
[-134.9206,58.0171],
[-134.9358,58.0319],
[-135.0994,58.0942],
[-135.4065,58.1375],
[-135.4524,58.1201],
[-135.5414,58.0128],
[-135.6183,57.9617],
[-135.6472,57.9622],
[-135.7078,57.9783],
[-135.779,58.0426],
[-135.7006,58.0554],
[-135.6102,58.0424],
[-135.5137,58.1039],
[-135.4835,58.158],
[-135.5081,58.1756],
[-135.585,58.1967],
[-135.7793,58.2751],
[-135.8129,58.274],
[-135.9232,58.2285],
[-135.9593,58.2018],
[-136.1346,58.2204],
[-136.1801,58.1762],
[-136.1672,58.098],
[-136.2278,58.1489],
[-136.2695,58.2166],
[-136.3479,58.2204],
[-136.4317,58.1108]
]
],
[
[
[-135.8396,57.3226],
[-135.8135,57.1717],
[-135.7128,57.1629],
[-135.7144,57.1411],
[-135.7525,57.1105],
[-135.8207,57.0846],
[-135.8324,56.9883],
[-135.7197,56.9936],
[-135.6258,57.0061],
[-135.5667,57.0822],
[-135.5462,57.1322],
[-135.5549,57.2267],
[-135.6192,57.2833],
[-135.7054,57.3203],
[-135.7606,57.3317],
[-135.8396,57.3226]
]
],
[
[
[-135.6675,57.3458],
[-135.6353,57.3133],
[-135.5519,57.2575],
[-135.505,57.2428],
[-135.3383,57.2452],
[-135.3614,57.1918],
[-135.4054,57.1652],
[-135.3781,57.0986],
[-135.3566,57.0717],
[-135.3674,56.8322],
[-135.2983,56.7867],
[-135.2634,56.7839],
[-135.1554,56.8239],
[-135.1243,56.8278],
[-135.1544,56.7417],
[-135.2021,56.6857],
[-135.0975,56.5946],
[-135.0519,56.6069],
[-134.8769,56.6858],
[-134.8468,56.6836],
[-134.94,56.6005],
[-135.0299,56.5752],
[-135.0475,56.531],
[-134.9947,56.4664],
[-134.7617,56.2214],
[-134.6546,56.1661],
[-134.6225,56.25],
[-134.625,56.5375],
[-134.6075,56.6019],
[-134.6189,56.7287],
[-134.8361,57.2503],
[-134.9454,57.3649],
[-135.1578,57.4755],
[-135.3519,57.548],
[-135.3921,57.5539],
[-135.4397,57.5444],
[-135.5157,57.505],
[-135.5467,57.4125],
[-135.4783,57.3639],
[-135.5192,57.35],
[-135.6456,57.3649],
[-135.6675,57.3458]
]
],
[
[
[-134.9731,57.409],
[-134.8157,57.3003],
[-134.7949,57.2997],
[-134.7876,57.3444],
[-134.8096,57.3612],
[-134.8231,57.3905],
[-134.8124,57.4151],
[-134.8824,57.4281],
[-134.9406,57.4222],
[-134.9731,57.409]
]
],
[
[
[-134.9721,58.3669],
[-134.953,58.2993],
[-134.9125,58.2053],
[-134.7861,58.1059],
[-134.7008,57.8258],
[-134.6973,57.7803],
[-134.7126,57.7408],
[-134.6576,57.6029],
[-134.6103,57.5617],
[-134.5733,57.5058],
[-134.3825,57.5481],
[-134.353,57.5413],
[-134.509,57.4874],
[-134.5532,57.4803],
[-134.5267,57.4425],
[-134.4593,57.3911],
[-134.3825,57.3801],
[-134.3429,57.3871],
[-134.3165,57.3315],
[-134.346,57.3289],
[-134.4961,57.3712],
[-134.6133,57.225],
[-134.6203,57.1108],
[-134.5939,57.0372],
[-134.5764,57.0272],
[-134.4777,57.0291],
[-134.1639,57.1892],
[-134.0767,57.269],
[-134.1712,57.3809],
[-134.0641,57.3535],
[-134.0431,57.3294],
[-133.9725,57.3011],
[-133.9432,57.303],
[-133.8626,57.3655],
[-133.8897,57.4244],
[-134.0563,57.4655],
[-134.0492,57.4911],
[-133.8647,57.4583],
[-133.8741,57.4892],
[-133.9224,57.5328],
[-133.9315,57.5622],
[-134.0059,57.6483],
[-134.1817,57.8144],
[-134.2711,57.8736],
[-134.3196,58.031],
[-134.2886,58.0772],
[-134.2387,58.0668],
[-134.1546,57.9921],
[-134.092,57.8486],
[-133.9964,57.7686],
[-133.9603,57.6844],
[-133.8933,57.6553],
[-133.8758,57.6728],
[-133.9139,57.8128],
[-134.0036,57.9361],
[-134.0781,58.0083],
[-134.1364,58.0517],
[-134.1731,58.1598],
[-134.2019,58.1639],
[-134.3569,58.1451],
[-134.4519,58.1768],
[-134.5553,58.1858],
[-134.6372,58.1608],
[-134.6923,58.1677],
[-134.7053,58.2145],
[-134.797,58.3086],
[-134.9501,58.4055],
[-134.9721,58.3669]
]
],
[
[
[-134.6826,58.2996],
[-134.6329,58.2525],
[-134.5832,58.226],
[-134.5019,58.2189],
[-134.4511,58.2239],
[-134.2689,58.1948],
[-134.2758,58.2125],
[-134.4753,58.3239],
[-134.5115,58.3371],
[-134.5615,58.3408],
[-134.6633,58.3142],
[-134.6826,58.2996]
]
],
[
[
[-134.4089,56.8294],
[-134.3917,56.7162],
[-134.304,56.5582],
[-134.1742,56.5358],
[-134.0894,56.5382],
[-134.0712,56.556],
[-134.0646,56.548],
[-134.0326,56.4175],
[-134.0346,56.3774],
[-134.0499,56.3621],
[-134.0646,56.3843],
[-134.085,56.3972],
[-134.1747,56.436],
[-134.2317,56.4192],
[-134.2823,56.3485],
[-134.252,56.315],
[-134.2047,56.298],
[-134.2203,56.2769],
[-134.2624,56.2581],
[-134.2208,56.0667],
[-134.1261,55.9976],
[-134.1058,56.0045],
[-134.0872,56.0839],
[-134.0958,56.1318],
[-134.0663,56.3028],
[-134.0567,56.3117],
[-134.0366,56.3052],
[-134.0125,56.1903],
[-134.0353,56.1087],
[-133.9778,56.0829],
[-133.9526,56.0858],
[-133.9145,56.1489],
[-133.8893,56.2271],
[-133.8999,56.2602],
[-133.9172,56.277],
[-133.9843,56.269],
[-133.9671,56.3102],
[-133.9711,56.3585],
[-133.9476,56.3511],
[-133.8953,56.3003],
[-133.8555,56.2819],
[-133.846,56.3486],
[-133.8825,56.4372],
[-133.8766,56.5236],
[-133.9212,56.6111],
[-133.8908,56.615],
[-133.8174,56.6071],
[-133.7943,56.5935],
[-133.7756,56.5603],
[-133.7438,56.5583],
[-133.6926,56.5971],
[-133.726,56.653],
[-133.7261,56.7724],
[-133.8306,56.7961],
[-133.8653,56.7903],
[-133.8531,56.7606],
[-133.8561,56.7369],
[-133.8723,56.7096],
[-133.9172,56.6672],
[-133.975,56.6356],
[-134.0242,56.6485],
[-133.9722,56.6546],
[-133.9225,56.715],
[-133.9036,56.75],
[-133.9258,56.8019],
[-133.9905,56.8726],
[-134.1917,56.9303],
[-134.2548,56.9392],
[-134.2136,56.9014],
[-134.1361,56.8842],
[-134.1069,56.8458],
[-134.1556,56.8494],
[-134.2441,56.8936],
[-134.2978,56.9005],
[-134.4006,56.8512],
[-134.4089,56.8294]
]
],
[
[
[-134.3408,55.9137],
[-134.3158,55.8525],
[-134.2939,55.8306],
[-134.2525,55.8174],
[-134.2353,55.8358],
[-134.2092,55.8583],
[-134.1182,55.8992],
[-134.1088,55.9184],
[-134.3217,55.9236],
[-134.3408,55.9137]
]
],
[
[
[-134.0181,57.0147],
[-133.8856,56.9505],
[-133.7413,56.895],
[-133.7486,56.8742],
[-133.8064,56.8761],
[-133.8818,56.8981],
[-133.8708,56.869],
[-133.7397,56.8071],
[-133.6993,56.8296],
[-133.6819,56.7942],
[-133.7069,56.6835],
[-133.6938,56.6507],
[-133.6673,56.6383],
[-133.635,56.5968],
[-133.6622,56.523],
[-133.6579,56.4626],
[-133.6389,56.4394],
[-133.5052,56.4354],
[-133.4269,56.4733],
[-133.305,56.4717],
[-133.187,56.4518],
[-133.1563,56.4561],
[-133.1315,56.4711],
[-133.0827,56.5326],
[-133.0953,56.6137],
[-133.1864,56.6375],
[-133.3056,56.7314],
[-133.3325,56.7619],
[-133.3472,56.8376],
[-133.2426,56.806],
[-133.2167,56.7818],
[-133.1875,56.7167],
[-133.1262,56.6664],
[-133.0093,56.6007],
[-132.97,56.6086],
[-132.9338,56.6298],
[-132.9247,56.66],
[-132.9456,56.7428],
[-132.9265,56.8515],
[-132.9728,56.9244],
[-133.081,56.9937],
[-133.1672,57.0017],
[-133.3178,56.9939],
[-133.8428,57.0811],
[-133.9081,57.0803],
[-134.0081,57.0546],
[-134.0181,57.0147]
]
],
[
[
[-133.7904,55.9252],
[-133.6999,55.896],
[-133.6372,55.9333],
[-133.6083,55.9589],
[-133.4583,56.0033],
[-133.363,56.0103],
[-133.2826,56.1334],
[-133.3089,56.1487],
[-133.3956,56.1544],
[-133.5714,56.1272],
[-133.6826,56.0643],
[-133.7895,55.9557],
[-133.7904,55.9252]
]
],
[
[
[-133.7581,55.4872],
[-133.7466,55.4653],
[-133.7142,55.4655],
[-133.6401,55.443],
[-133.5762,55.5021],
[-133.5808,55.5324],
[-133.6971,55.551],
[-133.7228,55.5447],
[-133.7581,55.4872]
]
],
[
[
[-133.6843,55.3083],
[-133.6486,55.2631],
[-133.6008,55.2339],
[-133.5599,55.3142],
[-133.5031,55.3486],
[-133.4454,55.3719],
[-133.4474,55.4051],
[-133.5867,55.4172],
[-133.6445,55.3774],
[-133.6843,55.3083]
]
],
[
[
[-133.6769,55.781],
[-133.6404,55.7403],
[-133.611,55.7221],
[-133.5285,55.6912],
[-133.5056,55.6933],
[-133.3186,55.7658],
[-133.3022,55.794],
[-133.5479,55.8287],
[-133.6169,55.8276],
[-133.6769,55.781]
]
],
[
[
[-133.6328,56.2739],
[-133.6116,56.2052],
[-133.5643,56.179],
[-133.4175,56.1647],
[-133.3217,56.1694],
[-133.2651,56.1548],
[-133.257,55.9469],
[-133.2398,55.9021],
[-133.2267,55.8869],
[-133.1776,55.861],
[-133.1439,55.8798],
[-133.1419,55.8164],
[-133.2432,55.7444],
[-133.3713,55.7216],
[-133.383,55.6408],
[-133.366,55.6156],
[-133.2595,55.5744],
[-133.1986,55.5779],
[-133.0594,55.6236],
[-132.9668,55.6386],
[-132.9211,55.6246],
[-132.9612,55.6236],
[-133.0061,55.6094],
[-133.1179,55.5156],
[-133.127,55.491],
[-133.1146,55.4655],
[-132.9942,55.3762],
[-132.8675,55.3539],
[-132.9004,55.3457],
[-132.9686,55.35],
[-133.1164,55.3775],
[-133.2098,55.3811],
[-133.2614,55.3357],
[-133.2128,55.2778],
[-133.0254,55.2672],
[-132.9108,55.2757],
[-132.9878,55.2287],
[-133.0276,55.2156],
[-133.0028,55.203],
[-132.9447,55.2078],
[-132.8075,55.248],
[-132.8022,55.2096],
[-132.7772,55.1815],
[-132.694,55.1429],
[-132.6551,55.1387],
[-132.6229,55.1479],
[-132.6098,55.1707],
[-132.6472,55.2058],
[-132.6507,55.2438],
[-132.512,55.1064],
[-132.5154,55.0514],
[-132.5744,55.035],
[-132.596,54.9691],
[-132.5733,54.9486],
[-132.5442,54.9344],
[-132.5171,54.9389],
[-132.4897,54.9775],
[-132.3267,54.8819],
[-132.2221,54.811],
[-132.2142,54.7912],
[-132.2191,54.7847],
[-132.2574,54.7843],
[-132.2894,54.7681],
[-132.2971,54.744],
[-132.2865,54.7133],
[-132.1264,54.6882],
[-132.0072,54.69],
[-131.9494,54.7883],
[-131.9726,55.0297],
[-132.0279,55.0219],
[-132.0857,54.9764],
[-132.1374,54.9651],
[-132.2135,54.9937],
[-132.0747,55.041],
[-132.0839,55.0678],
[-132.0435,55.079],
[-131.9956,55.1055],
[-131.97,55.1786],
[-131.968,55.221],
[-131.9858,55.2596],
[-132.0148,55.2697],
[-132.0577,55.2358],
[-132.0704,55.2133],
[-132.1005,55.198],
[-132.2353,55.1931],
[-132.25,55.2117],
[-132.2333,55.2493],
[-132.135,55.2392],
[-132.0883,55.2676],
[-132.2824,55.4574],
[-132.5001,55.5111],
[-132.5625,55.5678],
[-132.5429,55.621],
[-132.5128,55.6151],
[-132.4758,55.591],
[-132.4344,55.5453],
[-132.2178,55.4755],
[-132.1592,55.4444],
[-132.1431,55.4524],
[-132.1418,55.4757],
[-132.1653,55.5014],
[-132.2469,55.5419],
[-132.4425,55.688],
[-132.464,55.7754],
[-132.4983,55.8207],
[-132.6218,55.9196],
[-132.8228,56.0287],
[-132.9478,56.058],
[-133.0431,56.0476],
[-133.0729,56.0513],
[-133.1254,56.1187],
[-133.0881,56.1056],
[-133.0628,56.118],
[-133.0235,56.1725],
[-133.0568,56.2375],
[-133.1802,56.3273],
[-133.4886,56.3369],
[-133.6105,56.3483],
[-133.6328,56.2739]
]
],
[
[
[-133.599,55.4487],
[-133.5375,55.4297],
[-133.4515,55.4331],
[-133.4253,55.4432],
[-133.4172,55.4625],
[-133.4208,55.481],
[-133.4783,55.515],
[-133.506,55.5201],
[-133.599,55.4487]
]
],
[
[
[-133.4506,55.2522],
[-133.4393,55.2165],
[-133.4224,55.2012],
[-133.3231,55.1947],
[-133.2456,55.2123],
[-133.2272,55.2578],
[-133.2967,55.3306],
[-133.3196,55.3352],
[-133.4333,55.308],
[-133.4506,55.2522]
]
],
[
[
[-133.4341,55.5241],
[-133.3489,55.4473],
[-133.2895,55.4758],
[-133.2702,55.4925],
[-133.2745,55.5318],
[-133.3054,55.5529],
[-133.3857,55.5547],
[-133.4196,55.5443],
[-133.4341,55.5241]
]
],
[
[
[-133.3315,55.8736],
[-133.3097,55.8211],
[-133.2532,55.7766],
[-133.2305,55.7896],
[-133.2119,55.8336],
[-133.2138,55.8583],
[-133.2682,55.8994],
[-133.2869,55.9011],
[-133.3315,55.8736]
]
],
[
[
[-133.2136,55.0922],
[-133.1972,55.0467],
[-133.1225,54.9394],
[-133.0047,54.8447],
[-132.9355,54.805],
[-132.8406,54.6907],
[-132.68,54.6661],
[-132.6678,54.6792],
[-132.7231,54.7847],
[-132.755,54.8222],
[-132.8459,54.8914],
[-132.8986,54.9105],
[-132.998,55.0594],
[-133.0036,55.0878],
[-132.9925,55.123],
[-133.0708,55.1997],
[-133.1079,55.2487],
[-133.1922,55.2303],
[-133.2136,55.0922]
]
],
[
[
[-133.0555,56.3491],
[-133.0447,56.3321],
[-132.9103,56.2611],
[-132.8614,56.2375],
[-132.8172,56.2339],
[-132.7008,56.2592],
[-132.6442,56.2796],
[-132.6143,56.3936],
[-132.6341,56.4303],
[-132.6831,56.4525],
[-132.7276,56.4583],
[-132.9208,56.4533],
[-132.9893,56.4212],
[-133.0555,56.3491]
]
],
[
[
[-132.9564,56.5942],
[-132.9367,56.5101],
[-132.9003,56.4979],
[-132.7731,56.4947],
[-132.5696,56.5567],
[-132.5388,56.5708],
[-132.5288,56.5869],
[-132.543,56.6033],
[-132.7325,56.7247],
[-132.8019,56.7864],
[-132.8736,56.7961],
[-132.9183,56.7489],
[-132.923,56.7023],
[-132.8832,56.6347],
[-132.8967,56.6219],
[-132.923,56.6189],
[-132.9564,56.5942]
]
],
[
[
[-132.8668,55.0321],
[-132.8017,55.0064],
[-132.7319,55.0028],
[-132.6719,55.0371],
[-132.6917,55.0922],
[-132.7322,55.1403],
[-132.8193,55.1888],
[-132.8533,55.1594],
[-132.8642,55.1411],
[-132.8668,55.0321]
]
],
[
[
[-132.7899,54.905],
[-132.779,54.8624],
[-132.6551,54.7544],
[-132.6262,54.7517],
[-132.6092,54.77],
[-132.6114,54.878],
[-132.6231,54.8977],
[-132.7089,54.9405],
[-132.7775,54.9265],
[-132.7899,54.905]
]
],
[
[
[-132.7149,56.1436],
[-132.6915,56.1036],
[-132.6284,56.0491],
[-132.5985,56.0806],
[-132.4478,56.0536],
[-132.4197,56.0283],
[-132.4113,55.9958],
[-132.4238,55.9622],
[-132.3189,55.9122],
[-132.1376,55.9258],
[-132.1171,55.9413],
[-132.1378,56.0675],
[-132.0937,56.101],
[-132.1793,56.1687],
[-132.395,56.2219],
[-132.3705,56.2683],
[-132.3846,56.332],
[-132.4099,56.3491],
[-132.4372,56.3503],
[-132.5225,56.3353],
[-132.5733,56.2778],
[-132.69,56.2228],
[-132.7149,56.1436]
]
],
[
[
[-132.3737,56.4813],
[-132.3682,56.4542],
[-132.3267,56.4018],
[-132.3278,56.3153],
[-132.3471,56.2762],
[-132.3074,56.2361],
[-132.2514,56.203],
[-132.1094,56.1658],
[-132.0561,56.1114],
[-132.0103,56.1342],
[-131.9472,56.2322],
[-131.9922,56.3236],
[-132.0065,56.3386],
[-132.0742,56.3596],
[-132.1086,56.3443],
[-132.1608,56.3531],
[-132.2124,56.3896],
[-132.2312,56.4392],
[-132.355,56.4886],
[-132.3737,56.4813]
]
],
[
[
[-131.8583,55.3594],
[-131.8486,55.2958],
[-131.8083,55.1828],
[-131.7299,55.1361],
[-131.6166,55.2766],
[-131.6268,55.2968],
[-131.6781,55.3306],
[-131.8236,55.416],
[-131.8469,55.4158],
[-131.8583,55.3594]
]
],
[
[
[-131.8192,55.4536],
[-131.6872,55.3547],
[-131.545,55.2918],
[-131.5186,55.2946],
[-131.4657,55.3688],
[-131.4719,55.3931],
[-131.4954,55.4218],
[-131.5163,55.481],
[-131.4939,55.5056],
[-131.4292,55.5204],
[-131.4658,55.4717],
[-131.4703,55.4483],
[-131.4457,55.407],
[-131.4228,55.3854],
[-131.4215,55.3651],
[-131.4588,55.3268],
[-131.4001,55.3485],
[-131.3286,55.4258],
[-131.3166,55.4576],
[-131.3269,55.508],
[-131.3608,55.575],
[-131.3676,55.625],
[-131.3477,55.6431],
[-131.2814,55.4892],
[-131.2735,55.4331],
[-131.3683,55.3378],
[-131.4581,55.2998],
[-131.4549,55.2786],
[-131.3935,55.2557],
[-131.3441,55.2569],
[-131.2906,55.2765],
[-131.2562,55.3185],
[-131.2731,55.3517],
[-131.2688,55.383],
[-131.218,55.403],
[-131.1961,55.3933],
[-131.192,55.3616],
[-131.2325,55.2825],
[-131.2847,55.2464],
[-131.2811,55.2264],
[-131.2478,55.201],
[-131.2053,55.1868],
[-131.1421,55.1989],
[-131.135,55.2292],
[-131.1003,55.2335],
[-131.0564,55.258],
[-130.9681,55.3882],
[-130.938,55.5622],
[-130.935,55.6368],
[-131.056,55.8062],
[-131.2092,55.938],
[-131.2317,55.9539],
[-131.2596,55.9603],
[-131.4783,55.9192],
[-131.5303,55.9017],
[-131.5392,55.8519],
[-131.6849,55.8303],
[-131.684,55.7936],
[-131.6228,55.7814],
[-131.6294,55.7308],
[-131.6961,55.671],
[-131.7043,55.6252],
[-131.6908,55.61],
[-131.7008,55.5261],
[-131.8192,55.4536]
]
],
[
[
[-131.6209,55.02],
[-131.5864,54.9926],
[-131.3806,55.0098],
[-131.355,55.0356],
[-131.344,55.0598],
[-131.3483,55.119],
[-131.3733,55.1969],
[-131.3874,55.2112],
[-131.4215,55.2097],
[-131.4521,55.2222],
[-131.4683,55.2413],
[-131.5206,55.2636],
[-131.5461,55.2672],
[-131.5817,55.2547],
[-131.5844,55.2226],
[-131.5668,55.171],
[-131.5778,55.0836],
[-131.6209,55.02]
]
],
[
[
[-131.4821,54.928],
[-131.4739,54.9114],
[-131.3781,54.8636],
[-131.3372,54.8565],
[-131.2339,54.8772],
[-131.1972,54.9135],
[-131.2414,54.9314],
[-131.2403,54.9833],
[-131.2534,54.9989],
[-131.4514,54.953],
[-131.4821,54.928]
]
],
[
[
[-124.7143,48.3971],
[-124.682,48.2522],
[-124.6872,48.1844],
[-124.6814,48.1264],
[-124.6557,47.9969],
[-124.6182,47.925],
[-124.579,47.8851],
[-124.5487,47.883],
[-124.5256,47.8712],
[-124.4632,47.8243],
[-124.3593,47.6672],
[-124.3272,47.5358],
[-124.3007,47.3731],
[-124.2279,47.3139],
[-124.1833,47.2214],
[-124.1486,47.0608],
[-124.1642,46.9464],
[-124.1526,46.9417],
[-124.1106,46.9756],
[-124.1339,47.0421],
[-124.1116,47.0595],
[-124.075,47.0662],
[-124.0219,47.0472],
[-123.9892,47.0009],
[-123.9619,46.9886],
[-123.9092,46.9908],
[-123.8012,46.9768],
[-123.8719,46.9533],
[-123.9719,46.9328],
[-124.0822,46.8861],
[-124.0975,46.8614],
[-124.0781,46.7492],
[-124.0536,46.7355],
[-123.9593,46.723],
[-123.8765,46.7549],
[-123.8467,46.7467],
[-123.7595,46.6856],
[-123.7897,46.6778],
[-123.8308,46.7142],
[-123.8952,46.6874],
[-123.9408,46.6367],
[-123.9065,46.6058],
[-123.882,46.5642],
[-123.8792,46.5325],
[-123.8994,46.443],
[-123.9412,46.393],
[-123.9835,46.3938],
[-124.0135,46.4988],
[-124.0052,46.5744],
[-124.0183,46.6562],
[-124.0387,46.6567],
[-124.05,46.6251],
[-124.0383,46.4097],
[-124,46.3236],
[-123.8925,46.2657],
[-123.858,46.2605],
[-123.6936,46.3005],
[-123.5896,46.2726],
[-123.4875,46.2872],
[-123.4304,46.2869],
[-123.4092,46.2727],
[-123.3931,46.2417],
[-123.3714,46.2228],
[-123.2953,46.1774],
[-123.2583,46.1715],
[-123.1636,46.1952],
[-123.2039,46.1608],
[-123.2635,46.1449],
[-123.3986,46.175],
[-123.4744,46.2465],
[-123.5063,46.2501],
[-123.596,46.2025],
[-123.7022,46.188],
[-123.8289,46.1903],
[-123.9269,46.2144],
[-123.9519,46.1811],
[-123.9274,46.1333],
[-123.9092,46.0304],
[-123.95,45.8061],
[-123.9517,45.7658],
[-123.9047,45.7092],
[-123.9003,45.6747],
[-123.9311,45.5919],
[-123.8924,45.5726],
[-123.8716,45.529],
[-123.9441,45.5206],
[-123.956,45.2155],
[-123.9448,45.1799],
[-124.0225,44.8869],
[-124.0549,44.8369],
[-124.0594,44.79],
[-124.041,44.7392],
[-124.0478,44.6254],
[-124.0681,44.5226],
[-124.1314,43.9208],
[-124.1539,43.7939],
[-124.1158,43.7253],
[-124.1872,43.6744],
[-124.2222,43.5628],
[-124.2968,43.4027],
[-124.197,43.4561],
[-124.1428,43.3717],
[-124.1885,43.3782],
[-124.2067,43.3924],
[-124.2481,43.3958],
[-124.3342,43.3551],
[-124.3785,43.319],
[-124.37,43.2644],
[-124.4267,43.0407],
[-124.5149,42.9057],
[-124.5244,42.8661],
[-124.5219,42.8286],
[-124.4814,42.748],
[-124.4331,42.6949],
[-124.3926,42.6661],
[-124.3822,42.6289],
[-124.3847,42.5542],
[-124.4199,42.4839],
[-124.4086,42.3747],
[-124.3811,42.243],
[-124.3275,42.106],
[-124.1859,41.9995],
[-124.1753,41.9497],
[-124.1903,41.8694],
[-124.2156,41.82],
[-124.1814,41.7542],
[-124.1186,41.6831],
[-124.04,41.4278],
[-124.1222,41.1575],
[-124.1125,41.0575],
[-124.0993,41.0385],
[-124.0989,40.9919],
[-124.1431,40.8119],
[-124.1994,40.7455],
[-124.2294,40.7464],
[-124.275,40.6947],
[-124.3524,40.5322],
[-124.3758,40.4477],
[-124.3543,40.4153],
[-124.3233,40.3362],
[-124.3312,40.2725],
[-124.2972,40.238],
[-124.0624,40.0917],
[-123.9311,39.9497],
[-123.8675,39.8692],
[-123.7724,39.7097],
[-123.7369,39.555],
[-123.7742,39.4965],
[-123.7957,39.3533],
[-123.6861,39.1219],
[-123.6669,39.0255],
[-123.6746,39.0046],
[-123.7073,38.9711],
[-123.7015,38.9304],
[-123.62,38.8608],
[-123.4475,38.734],
[-123.3131,38.5739],
[-123.2372,38.5228],
[-123.1072,38.4628],
[-122.8306,38.1275],
[-122.803,38.0819],
[-122.9269,38.1625],
[-122.9564,38.058],
[-122.8967,38.0544],
[-122.817,38.0203],
[-122.6567,37.9105],
[-122.5055,37.831],
[-122.4567,37.8335],
[-122.4201,37.8832],
[-122.4799,37.9367],
[-122.4783,38.1196],
[-122.3653,38.1555],
[-122.2642,38.11],
[-122.1097,38.0614],
[-122.05,38.1088],
[-122.0186,38.1481],
[-121.9778,38.0972],
[-121.9053,38.0661],
[-121.8187,38.0812],
[-121.7229,38.0475],
[-121.6852,38.0665],
[-121.6622,38.0966],
[-121.585,38.1157],
[-121.5532,38.1104],
[-121.4706,38.055],
[-121.4272,38.0129],
[-121.5911,38.1046],
[-121.6435,38.079],
[-121.6542,38.0486],
[-121.6849,38.0181],
[-121.9894,38.0655],
[-122.0158,38.0661],
[-122.1277,38.0353],
[-122.2253,38.0642],
[-122.3528,37.9908],
[-122.3934,37.9592],
[-122.3,37.8264],
[-122.2428,37.7667],
[-122.1572,37.6947],
[-122.1385,37.6622],
[-122.126,37.6028],
[-122.0808,37.5103],
[-122.0058,37.4714],
[-122.0232,37.4579],
[-122.0643,37.4593],
[-122.3578,37.6158],
[-122.3674,37.6544],
[-122.3514,37.7317],
[-122.36,37.7869],
[-122.3796,37.8138],
[-122.4481,37.8101],
[-122.4843,37.7899],
[-122.4994,37.59],
[-122.4903,37.53],
[-122.4806,37.5122],
[-122.4433,37.5044],
[-122.426,37.4843],
[-122.378,37.3744],
[-122.3732,37.3292],
[-122.3937,37.2519],
[-122.379,37.2],
[-122.1796,37.0176],
[-122.1472,36.9958],
[-122.0415,36.9542],
[-121.9136,36.9803],
[-121.8792,36.9725],
[-121.8511,36.9507],
[-121.7992,36.884],
[-121.7639,36.8125],
[-121.7993,36.6679],
[-121.8256,36.6271],
[-121.845,36.6151],
[-121.8998,36.6412],
[-121.9433,36.5946],
[-121.8735,36.3939],
[-121.8642,36.3429],
[-121.8676,36.3153],
[-121.7961,36.2411],
[-121.6654,36.183],
[-121.4721,35.9978],
[-121.435,35.8943],
[-121.2964,35.7661],
[-121.2688,35.7001],
[-121.1667,35.6492],
[-120.9995,35.4792],
[-120.92,35.4489],
[-120.8411,35.3553],
[-120.8682,35.28],
[-120.8697,35.2572],
[-120.8568,35.2288],
[-120.7385,35.1646],
[-120.7187,35.1805],
[-120.6806,35.1711],
[-120.6182,35.1394],
[-120.6001,35.1001],
[-120.6247,34.895],
[-120.5981,34.8608],
[-120.5914,34.7108],
[-120.5942,34.6903],
[-120.6283,34.6236],
[-120.626,34.5844],
[-120.6058,34.5586],
[-120.5583,34.5619],
[-120.4953,34.5305],
[-120.449,34.4557],
[-120.1308,34.4787],
[-120.0037,34.4679],
[-119.7986,34.4264],
[-119.5997,34.4236],
[-119.5417,34.4142],
[-119.4161,34.3575],
[-119.3125,34.2835],
[-119.2558,34.2235],
[-119.2197,34.1649],
[-119.1292,34.1139],
[-118.8364,34.0305],
[-118.5544,34.0557],
[-118.53,34.0479],
[-118.4711,33.9878],
[-118.4211,33.9212],
[-118.3862,33.841],
[-118.4175,33.7818],
[-118.4,33.7499],
[-118.2978,33.7161],
[-118.2721,33.7233],
[-118.2671,33.7578],
[-118.2222,33.7842],
[-118.1082,33.7569],
[-117.955,33.6328],
[-117.9108,33.6067],
[-117.8639,33.5957],
[-117.7744,33.5394],
[-117.6319,33.4428],
[-117.4808,33.3275],
[-117.4094,33.2442],
[-117.3295,33.1244],
[-117.2699,32.9771],
[-117.2491,32.8713],
[-117.2803,32.8292],
[-117.2588,32.7704],
[-117.2685,32.6884],
[-117.255,32.6571],
[-117.242,32.6625],
[-117.2288,32.7156],
[-117.2022,32.7277],
[-117.1414,32.6806],
[-117.1167,32.6425],
[-117.1156,32.6213],
[-117.1472,32.6186],
[-117.1741,32.6749],
[-117.2005,32.6976],
[-117.2124,32.6971],
[-117.2129,32.683],
[-117.1827,32.6593],
[-117.1224,32.5353],
[-115.6056,32.6547],
[-114.7234,32.7158],
[-114.7917,32.5578],
[-114.8025,32.5037],
[-112.8673,31.9134],
[-111.0458,31.3331],
[-108.2083,31.3331],
[-108.2086,31.7833],
[-106.6083,31.7836],
[-106.5312,31.7814],
[-106.4964,31.7571],
[-106.3958,31.7475],
[-106.3343,31.6874],
[-106.3033,31.6375],
[-106.2722,31.5593],
[-106.2099,31.4722],
[-106.1436,31.4319],
[-106.0629,31.4025],
[-106.0117,31.3953],
[-105.9728,31.3697],
[-105.8419,31.2692],
[-105.787,31.2082],
[-105.7717,31.1783],
[-105.6,31.0815],
[-105.5414,30.9964],
[-105.3931,30.8658],
[-105.2531,30.7972],
[-105.2226,30.8047],
[-105.1694,30.7786],
[-105.125,30.7497],
[-104.9908,30.6322],
[-104.9347,30.6076],
[-104.8965,30.5662],
[-104.865,30.4664],
[-104.8222,30.3861],
[-104.7769,30.3181],
[-104.7056,30.2333],
[-104.6822,30.1875],
[-104.675,30.1678],
[-104.6793,30.1054],
[-104.7013,30.0589],
[-104.6781,29.941],
[-104.5418,29.6729],
[-104.4192,29.5694],
[-104.3381,29.525],
[-104.3167,29.5309],
[-104.2851,29.526],
[-104.2283,29.4944],
[-104.1697,29.4228],
[-104.0453,29.3308],
[-103.8892,29.2858],
[-103.7358,29.1992],
[-103.5314,29.1261],
[-103.4619,29.0731],
[-103.375,29.0236],
[-103.2936,28.9969],
[-103.1637,28.984],
[-102.955,29.1831],
[-102.8958,29.2542],
[-102.8048,29.4741],
[-102.6703,29.7428],
[-102.4963,29.7817],
[-102.3556,29.8506],
[-102.3018,29.888],
[-102.2278,29.8472],
[-102.0728,29.7982],
[-101.9908,29.8058],
[-101.8258,29.8047],
[-101.6288,29.7664],
[-101.405,29.7728],
[-101.3558,29.6606],
[-101.3108,29.6153],
[-101.2186,29.5403],
[-101.139,29.4907],
[-101.043,29.4615],
[-100.937,29.35],
[-100.7957,29.2587],
[-100.6658,29.109],
[-100.6282,28.9958],
[-100.6345,28.9586],
[-100.6219,28.9333],
[-100.5274,28.8228],
[-100.4799,28.6758],
[-100.3592,28.5183],
[-100.3296,28.4254],
[-100.3313,28.4004],
[-100.2815,28.2806],
[-100.1864,28.1975],
[-100.0783,28.1556],
[-99.9622,27.9847],
[-99.8808,27.9039],
[-99.8609,27.8051],
[-99.8329,27.7743],
[-99.8024,27.7692],
[-99.7823,27.7376],
[-99.7414,27.7147],
[-99.7139,27.6689],
[-99.6964,27.6569],
[-99.6536,27.6414],
[-99.6062,27.6412],
[-99.5308,27.6001],
[-99.5039,27.5681],
[-99.4732,27.4767],
[-99.4433,27.2581],
[-99.4586,27.0469],
[-99.3192,26.8699],
[-99.2711,26.8599],
[-99.2533,26.8308],
[-99.2006,26.7144],
[-99.1047,26.435],
[-98.9756,26.4058],
[-98.7842,26.3489],
[-98.6956,26.2897],
[-98.6047,26.2567],
[-98.4399,26.2233],
[-98.3881,26.1917],
[-98.3614,26.1536],
[-98.3053,26.1092],
[-98.2,26.0625],
[-98.0601,26.0389],
[-97.9797,26.0586],
[-97.8475,26.0636],
[-97.6481,26.0294],
[-97.5594,25.9511],
[-97.5144,25.8983],
[-97.4172,25.8433],
[-97.3647,25.8399],
[-97.3447,25.8597],
[-97.3467,25.8931],
[-97.3153,25.92],
[-97.2653,25.9411],
[-97.1409,25.9723],
[-97.1506,26.0403],
[-97.1679,26.0701],
[-97.1807,26.0277],
[-97.2093,25.9925],
[-97.2408,25.9819],
[-97.3072,26.1228],
[-97.3175,26.1614],
[-97.3186,26.2461],
[-97.3694,26.3651],
[-97.4019,26.3694],
[-97.4128,26.4119],
[-97.423,26.5456],
[-97.4919,26.7903],
[-97.504,26.807],
[-97.5399,26.8169],
[-97.5604,26.8421],
[-97.5656,26.9818],
[-97.5574,27.0055],
[-97.475,27.0308],
[-97.4444,27.1281],
[-97.4294,27.2623],
[-97.4769,27.2578],
[-97.5339,27.2353],
[-97.6339,27.2525],
[-97.6608,27.2767],
[-97.7233,27.3955],
[-97.7693,27.4497],
[-97.7233,27.4322],
[-97.6769,27.3856],
[-97.6383,27.3709],
[-97.6247,27.3448],
[-97.5253,27.3772],
[-97.49,27.3062],
[-97.413,27.3273],
[-97.2797,27.6561],
[-97.3156,27.7155],
[-97.3928,27.7833],
[-97.4847,27.8258],
[-97.5171,27.8638],
[-97.4925,27.8781],
[-97.3453,27.8525],
[-97.2265,27.8209],
[-97.1945,27.8218],
[-97.0225,28.0317],
[-97.0258,28.0786],
[-97.0461,28.0917],
[-97.0981,28.0697],
[-97.1442,28.0281],
[-97.1829,28.0603],
[-97.2135,28.0685],
[-97.1694,28.1618],
[-97.0281,28.1864],
[-97.0161,28.1358],
[-96.9833,28.1211],
[-96.8828,28.1403],
[-96.7808,28.2414],
[-96.7838,28.349],
[-96.8318,28.388],
[-96.8452,28.4099],
[-96.8003,28.4715],
[-96.7469,28.4378],
[-96.7071,28.3977],
[-96.697,28.3341],
[-96.6593,28.3152],
[-96.6247,28.3242],
[-96.4,28.4417],
[-96.49,28.5094],
[-96.5839,28.5669],
[-96.6513,28.6856],
[-96.6447,28.7119],
[-96.5947,28.7192],
[-96.5626,28.6976],
[-96.5552,28.6478],
[-96.4955,28.6194],
[-96.4319,28.5993],
[-96.4115,28.6014],
[-96.3755,28.622],
[-96.4087,28.6355],
[-96.4429,28.7603],
[-96.2674,28.6851],
[-96.1921,28.6955],
[-96.1408,28.6273],
[-96.1832,28.6028],
[-96.2072,28.6033],
[-96.2174,28.5819],
[-96.1336,28.6021],
[-96.0297,28.645],
[-95.9907,28.651],
[-95.9817,28.6324],
[-95.9985,28.5971],
[-95.9517,28.6036],
[-95.8272,28.6483],
[-95.7655,28.6925],
[-95.817,28.6808],
[-95.8961,28.64],
[-95.9415,28.6263],
[-95.9411,28.6864],
[-95.7972,28.7369],
[-95.6899,28.7381],
[-95.6183,28.7556],
[-95.332,28.9128],
[-95.1486,29.0512],
[-95.0869,29.1819],
[-94.9028,29.3144],
[-94.8875,29.3853],
[-94.898,29.4209],
[-95.0158,29.5656],
[-95.0601,29.7151],
[-95.0071,29.7165],
[-94.9556,29.6958],
[-94.8243,29.7619],
[-94.757,29.785],
[-94.711,29.7568],
[-94.7067,29.7111],
[-94.7304,29.6129],
[-94.7658,29.5681],
[-94.6756,29.5528],
[-94.574,29.5732],
[-94.4766,29.5589],
[-94.5154,29.5165],
[-94.6921,29.4675],
[-94.7811,29.3972],
[-94.7869,29.3735],
[-94.7542,29.3679],
[-94.6536,29.4471],
[-94.1343,29.6536],
[-94.0364,29.6792],
[-93.9203,29.6815],
[-93.8909,29.6721],
[-93.8584,29.6816],
[-93.8907,29.7404],
[-93.9475,29.7863],
[-93.9585,29.8167],
[-93.852,29.9851],
[-93.7967,29.9942],
[-93.768,29.9763],
[-93.7731,29.9004],
[-93.8119,29.8339],
[-93.8621,29.8307],
[-93.892,29.8176],
[-93.901,29.7911],
[-93.8856,29.7453],
[-93.8505,29.7088],
[-93.8235,29.7082],
[-93.75,29.75],
[-93.7193,29.7592],
[-93.2408,29.785],
[-93.1183,29.7636],
[-93.0375,29.7392],
[-92.9056,29.6933],
[-92.8136,29.6439],
[-92.6878,29.6003],
[-92.57,29.5758],
[-92.3083,29.5397],
[-92.2732,29.541],
[-92.1372,29.59],
[-92.0997,29.6156],
[-92.1758,29.6903],
[-92.1486,29.7689],
[-91.8992,29.8361],
[-91.8388,29.8283],
[-91.8239,29.7956],
[-91.631,29.739],
[-91.5571,29.6305],
[-91.5433,29.5428],
[-91.5231,29.5322],
[-91.415,29.5403],
[-91.2672,29.4669],
[-91.1265,29.3474],
[-91.1144,29.3254],
[-91.1177,29.2625],
[-91.1492,29.2494],
[-91.1735,29.2736],
[-91.1631,29.2932],
[-91.1621,29.3298],
[-91.2233,29.3606],
[-91.3393,29.3247],
[-91.2994,29.2714],
[-91.2549,29.2443],
[-91.0776,29.1949],
[-91.0483,29.1942],
[-91.0353,29.2131],
[-90.9989,29.2192],
[-90.8783,29.1287],
[-90.765,29.1094],
[-90.702,29.1158],
[-90.6786,29.1297],
[-90.6472,29.1581],
[-90.5897,29.2333],
[-90.5244,29.2897],
[-90.4444,29.3261],
[-90.345,29.3092],
[-90.2728,29.2597],
[-90.2357,29.1185],
[-90.2404,29.0861],
[-90.2094,29.0911],
[-90.116,29.139],
[-90.0658,29.1833],
[-90.0516,29.2215],
[-90.0569,29.3119],
[-90.0265,29.4251],
[-90.0587,29.4596],
[-90.1249,29.4658],
[-90.1721,29.4881],
[-90.1911,29.5108],
[-90.2033,29.5447],
[-90.1825,29.5699],
[-90.1192,29.5514],
[-89.9853,29.4864],
[-89.8317,29.4439],
[-89.7733,29.4149],
[-89.7508,29.3606],
[-89.7706,29.3392],
[-89.6084,29.2511],
[-89.4786,29.2336],
[-89.3896,29.0921],
[-89.3554,29.0867],
[-89.3314,29.1017],
[-89.3238,29.1218],
[-89.3297,29.1531],
[-89.3243,29.178],
[-89.272,29.1496],
[-89.3019,29.0825],
[-89.3975,28.9746],
[-89.409,28.9289],
[-89.3906,28.9321],
[-89.3631,28.9536],
[-89.3069,29.0422],
[-89.2494,29.0961],
[-89.1539,29.04],
[-89.0424,29.1104],
[-89.0088,29.1742],
[-89.0093,29.1964],
[-89.0292,29.2158],
[-89.1872,29.3397],
[-89.2558,29.3347],
[-89.4642,29.403],
[-89.5192,29.4625],
[-89.6778,29.5257],
[-89.7527,29.633],
[-89.6625,29.6664],
[-89.5906,29.7389],
[-89.4764,29.8323],
[-89.4297,29.8083],
[-89.4122,29.7903],
[-89.4042,29.7625],
[-89.3338,29.8782],
[-89.3994,30.0508],
[-89.4763,30.0746],
[-89.5658,29.9611],
[-89.5893,29.8996],
[-89.6257,29.8734],
[-89.6836,29.879],
[-89.8178,29.9455],
[-89.8437,30.0071],
[-89.8278,30.0329],
[-89.8057,30.0443],
[-89.7695,30.0443],
[-89.7192,30.0581],
[-89.6426,30.1332],
[-89.6735,30.1671],
[-89.8119,30.0992],
[-90.034,30.0367],
[-90.1701,30.0235],
[-90.3497,30.0617],
[-90.4126,30.0979],
[-90.4305,30.1518],
[-90.4279,30.1786],
[-90.415,30.2035],
[-90.2363,30.3765],
[-90.2138,30.3869],
[-90.1876,30.3878],
[-90.0639,30.3589],
[-90.0008,30.3192],
[-89.9879,30.3011],
[-89.9796,30.2664],
[-89.5931,30.1533],
[-89.5221,30.1869],
[-89.4483,30.1843],
[-89.3118,30.3106],
[-89.2024,30.3271],
[-88.985,30.3864],
[-88.9808,30.4183],
[-88.8325,30.4131],
[-88.7882,30.3776],
[-88.7225,30.3464],
[-88.6144,30.3636],
[-88.4579,30.3175],
[-88.406,30.3564],
[-88.4022,30.3877],
[-88.3534,30.4042],
[-88.1923,30.3599],
[-88.194,30.3315],
[-88.1315,30.319],
[-88.1111,30.3671],
[-88.101,30.5126],
[-88.0825,30.5747],
[-88.0203,30.7011],
[-87.949,30.6703],
[-87.9305,30.6411],
[-87.9094,30.5694],
[-87.9342,30.4953],
[-87.9084,30.4097],
[-87.8317,30.3608],
[-87.7634,30.3031],
[-87.7577,30.2824],
[-87.7782,30.2629],
[-87.8736,30.2334],
[-87.7336,30.235],
[-87.5686,30.2794],
[-87.4633,30.3597],
[-87.4089,30.4528],
[-87.4204,30.4809],
[-87.3551,30.4563],
[-87.3408,30.4346],
[-87.4559,30.2987],
[-87.3067,30.3214],
[-87.3021,30.3454],
[-87.2661,30.3511],
[-87.1797,30.4317],
[-87.1567,30.4721],
[-87.1532,30.4986],
[-87.1608,30.5178],
[-87.1019,30.5267],
[-87.0125,30.52],
[-86.9364,30.45],
[-87.0095,30.4075],
[-87.1158,30.3944],
[-87.1755,30.3698],
[-87.1261,30.3639],
[-87.0722,30.3786],
[-86.7803,30.4167],
[-86.5981,30.415],
[-86.438,30.4961],
[-86.26,30.4958],
[-86.1975,30.473],
[-86.1228,30.4261],
[-86.1042,30.3791],
[-86.1625,30.3908],
[-86.3374,30.3844],
[-86.0858,30.3036],
[-85.93,30.2447],
[-85.8303,30.1955],
[-85.7256,30.1258],
[-85.7226,30.1622],
[-85.764,30.2403],
[-85.8035,30.2415],
[-85.8297,30.2276],
[-85.8456,30.2471],
[-85.8387,30.2874],
[-85.7469,30.2972],
[-85.6636,30.2461],
[-85.6882,30.1907],
[-85.6474,30.146],
[-85.4425,30.0542],
[-85.4132,30.0554],
[-85.3939,30.0415],
[-85.4394,30.0177],
[-85.477,30.0258],
[-85.5215,30.0606],
[-85.5987,30.1024],
[-85.6294,30.1046],
[-85.6136,30.07],
[-85.5464,30.0339],
[-85.3629,29.8979],
[-85.3072,29.816],
[-85.3066,29.7],
[-85.3471,29.687],
[-85.3857,29.7411],
[-85.3967,29.7917],
[-85.3992,29.8647],
[-85.4122,29.7937],
[-85.3867,29.711],
[-85.3571,29.6778],
[-84.9778,29.7336],
[-84.915,29.7797],
[-84.8642,29.7956],
[-84.8853,29.7472],
[-84.8656,29.7375],
[-84.7522,29.7812],
[-84.6519,29.8458],
[-84.5158,29.9147],
[-84.4097,29.9169],
[-84.3473,29.8944],
[-84.335,29.92],
[-84.3367,29.9415],
[-84.3861,29.958],
[-84.4375,29.958],
[-84.459,29.9971],
[-84.3292,30.0708],
[-84.2643,30.0964],
[-84.2056,30.1057],
[-84.011,30.0976],
[-83.8893,30.0176],
[-83.7378,29.9525],
[-83.6694,29.9061],
[-83.6319,29.8757],
[-83.5833,29.8054],
[-83.5783,29.7665],
[-83.5367,29.7226],
[-83.4669,29.6805],
[-83.4281,29.6683],
[-83.3981,29.5254],
[-83.3522,29.5053],
[-83.2225,29.4228],
[-83.1003,29.2744],
[-83.0717,29.2244],
[-82.9837,29.1797],
[-82.9626,29.1862],
[-82.9331,29.1828],
[-82.8028,29.155],
[-82.7508,29.0075],
[-82.6297,28.8801],
[-82.6289,28.8496],
[-82.6411,28.8258],
[-82.6756,28.8041],
[-82.6368,28.7524],
[-82.6286,28.6964],
[-82.6417,28.5394],
[-82.664,28.4369],
[-82.7497,28.2305],
[-82.7739,28.0703],
[-82.7975,27.9697],
[-82.8094,27.9367],
[-82.8357,27.8972],
[-82.8338,27.908],
[-82.844,27.896],
[-82.8542,27.8586],
[-82.835,27.8144],
[-82.7247,27.6581],
[-82.6365,27.6961],
[-82.5951,27.8219],
[-82.6036,27.8731],
[-82.7149,27.9256],
[-82.6912,28.0299],
[-82.4242,27.9194],
[-82.3885,27.8211],
[-82.405,27.7807],
[-82.4422,27.745],
[-82.4658,27.7329],
[-82.6161,27.5536],
[-82.5838,27.5503],
[-82.5908,27.4969],
[-82.6509,27.4618],
[-82.5715,27.3912],
[-82.5384,27.2885],
[-82.3964,26.9624],
[-82.3094,26.8444],
[-82.2911,26.8296],
[-82.1589,26.7829],
[-82.1508,26.8189],
[-82.1642,26.8742],
[-82.1919,26.938],
[-82.0172,26.9647],
[-82.0797,26.7078],
[-82.0669,26.5544],
[-82.0234,26.5292],
[-81.9487,26.5408],
[-81.9201,26.5993],
[-81.9156,26.6281],
[-81.8911,26.6603],
[-81.7859,26.7069],
[-81.9228,26.5336],
[-81.9187,26.5123],
[-81.9552,26.5012],
[-81.9693,26.4818],
[-81.8816,26.4457],
[-81.8411,26.35],
[-81.817,26.1656],
[-81.8004,26.1],
[-81.7806,26.0869],
[-81.7366,25.9594],
[-81.6747,25.9144],
[-81.6183,25.9305],
[-81.5586,25.9197],
[-81.4022,25.8489],
[-81.3409,25.8097],
[-81.1264,25.3795],
[-81.0425,25.3296],
[-80.9908,25.3224],
[-80.9545,25.2992],
[-80.9178,25.2469],
[-80.9289,25.2199],
[-80.9772,25.2009],
[-81.0033,25.2111],
[-81.1356,25.3205],
[-81.1775,25.2405],
[-81.1467,25.1604],
[-81.0881,25.1156],
[-80.8278,25.1622],
[-80.6822,25.1636],
[-80.574,25.2405],
[-80.54,25.2455],
[-80.5109,25.234],
[-80.5032,25.1987],
[-80.4535,25.2419],
[-80.4153,25.1912],
[-80.3975,25.1867],
[-80.4194,25.2079],
[-80.4211,25.2499],
[-80.3761,25.3197],
[-80.3394,25.5024],
[-80.3126,25.5403],
[-80.3129,25.5994],
[-80.2558,25.6842],
[-80.1912,25.7432],
[-80.1361,25.9056],
[-80.0508,26.4925],
[-80.0352,26.553],
[-80.0287,26.6324],
[-80.0353,26.7957],
[-80.1053,27.0517],
[-80.151,27.1382],
[-80.215,27.1936],
[-80.3121,27.43],
[-80.3972,27.6955],
[-80.4419,27.7872],
[-80.4869,27.8542],
[-80.5767,28.0344],
[-80.7572,28.4207],
[-80.8231,28.6517],
[-80.8436,28.781],
[-80.813,28.7717],
[-80.7515,28.7317],
[-80.7451,28.7081],
[-80.7703,28.6872],
[-80.7825,28.6357],
[-80.7553,28.6044],
[-80.6746,28.589],
[-80.6593,28.6083],
[-80.6032,28.6086],
[-80.5847,28.5489],
[-80.5843,28.5017],
[-80.6169,28.4028],
[-80.6203,28.2179],
[-80.6008,28.1375],
[-80.5614,28.0446],
[-80.4467,27.8644],
[-80.4642,27.9183],
[-80.5614,28.0794],
[-80.5908,28.1947],
[-80.5978,28.2467],
[-80.597,28.4022],
[-80.5352,28.4493],
[-80.5525,28.525],
[-80.6385,28.6692],
[-80.7025,28.7472],
[-80.9661,29.153],
[-81.0139,29.243],
[-81.1853,29.6197],
[-81.2553,29.7967],
[-81.3861,30.2611],
[-81.3907,30.385],
[-81.4125,30.4671],
[-81.4531,30.5083],
[-81.4353,30.6394],
[-81.4728,30.6919],
[-81.5073,30.7135],
[-81.4873,30.752],
[-81.4929,30.7779],
[-81.5338,30.8494],
[-81.5014,30.9007],
[-81.4596,30.9422],
[-81.4194,31.029],
[-81.4099,31.0897],
[-81.4356,31.0847],
[-81.4884,31.1135],
[-81.4441,31.2072],
[-81.4085,31.2051],
[-81.4041,31.1776],
[-81.386,31.1624],
[-81.2842,31.2212],
[-81.269,31.2672],
[-81.2939,31.3231],
[-81.2047,31.4747],
[-81.2521,31.5018],
[-81.2841,31.4911],
[-81.329,31.5548],
[-81.3025,31.5678],
[-81.2418,31.5601],
[-81.1659,31.5649],
[-81.1369,31.6133],
[-81.1219,31.7286],
[-80.8547,31.9719],
[-80.8354,32.0063],
[-80.893,32.0279],
[-80.8962,32.0418],
[-80.8792,32.0794],
[-80.8256,32.1567],
[-80.8011,32.1525],
[-80.8197,32.1096],
[-80.7207,32.1567],
[-80.6723,32.2171],
[-80.7103,32.2589],
[-80.7403,32.2601],
[-80.7833,32.3105],
[-80.8275,32.4625],
[-80.8324,32.52],
[-80.8069,32.5003],
[-80.7645,32.3727],
[-80.7111,32.3197],
[-80.6826,32.3282],
[-80.6744,32.4503],
[-80.6536,32.4228],
[-80.6417,32.343],
[-80.6431,32.2938],
[-80.6314,32.2564],
[-80.5744,32.2681],
[-80.465,32.3175],
[-80.4425,32.3519],
[-80.4295,32.398],
[-80.4821,32.4751],
[-80.5306,32.4912],
[-80.555,32.4858],
[-80.68,32.5002],
[-80.6693,32.5229],
[-80.5369,32.515],
[-80.4319,32.4984],
[-80.4092,32.4717],
[-80.3277,32.4804],
[-80.2228,32.5408],
[-80.047,32.6061],
[-79.9878,32.6183],
[-79.878,32.6949],
[-79.8824,32.7277],
[-79.9501,32.7633],
[-79.9692,32.7879],
[-79.9426,32.8535],
[-79.8954,32.852],
[-79.8784,32.8388],
[-79.8937,32.8182],
[-79.884,32.7909],
[-79.8573,32.7707],
[-79.8158,32.7672],
[-79.7326,32.8042],
[-79.6122,32.9175],
[-79.6279,32.9393],
[-79.6025,32.9865],
[-79.5714,33.0155],
[-79.5232,33.0334],
[-79.4944,33.0092],
[-79.3883,33.0082],
[-79.3717,33.0589],
[-79.3444,33.0798],
[-79.2971,33.0992],
[-79.2058,33.1655],
[-79.2047,33.1855],
[-79.2248,33.2326],
[-79.2556,33.244],
[-79.2946,33.2842],
[-79.2896,33.3294],
[-79.2714,33.3733],
[-79.1997,33.4303],
[-79.2635,33.3369],
[-79.2691,33.3142],
[-79.1964,33.2789],
[-79.1642,33.3144],
[-79.1376,33.4157],
[-78.9375,33.638],
[-78.8814,33.6919],
[-78.8275,33.7303],
[-78.6006,33.8708],
[-78.5722,33.8817],
[-78.5181,33.88],
[-78.4372,33.898],
[-78.2374,33.9199],
[-78.1539,33.9147],
[-78.026,33.8894],
[-77.9761,33.9428],
[-77.953,33.9924],
[-77.945,34.065],
[-77.9556,34.149],
[-77.9273,34.1176],
[-77.9207,34.0193],
[-77.9285,33.932],
[-77.8842,34.0328],
[-77.8622,34.1508],
[-77.835,34.1919],
[-77.7053,34.3419],
[-77.6367,34.398],
[-77.4553,34.504],
[-77.3817,34.5165],
[-77.3857,34.6126],
[-77.4289,34.7419],
[-77.3885,34.733],
[-77.331,34.6399],
[-77.3502,34.601],
[-77.3339,34.576],
[-77.3096,34.5597],
[-77.1233,34.6933],
[-77.0942,34.6774],
[-76.7599,34.7666],
[-76.6833,34.7975],
[-76.661,34.7578],
[-76.6536,34.7173],
[-76.6261,34.7101],
[-76.5006,34.7362],
[-76.4814,34.7764],
[-76.4114,34.8478],
[-76.3433,34.8819],
[-76.2718,34.9626],
[-76.3126,35.0126],
[-76.3512,35.0222],
[-76.3235,34.9743],
[-76.4153,34.9412],
[-76.4532,34.9352],
[-76.4623,34.963],
[-76.434,34.9878],
[-76.4324,35.0428],
[-76.4536,35.0668],
[-76.4894,35.0092],
[-76.6338,34.9824],
[-76.6972,34.9489],
[-76.7531,34.9053],
[-76.7789,34.9267],
[-76.9318,34.9696],
[-76.965,34.9978],
[-77.0682,35.1498],
[-76.9764,35.0681],
[-76.8672,35],
[-76.8053,34.9856],
[-76.7614,34.9878],
[-76.604,35.0742],
[-76.5529,35.1379],
[-76.5731,35.1601],
[-76.6649,35.1669],
[-76.5636,35.2336],
[-76.4875,35.2258],
[-76.4689,35.2717],
[-76.503,35.3079],
[-76.8325,35.3922],
[-77.0231,35.4869],
[-77.0496,35.5269],
[-76.9129,35.4617],
[-76.6525,35.415],
[-76.6014,35.4314],
[-76.6161,35.4589],
[-76.6319,35.5225],
[-76.5882,35.551],
[-76.5156,35.5319],
[-76.5638,35.5088],
[-76.5671,35.4849],
[-76.5225,35.4042],
[-76.4961,35.3847],
[-76.4619,35.3722],
[-76.1492,35.3369],
[-76.1332,35.3599],
[-76.0411,35.4242],
[-76.0022,35.4661],
[-75.9796,35.5167],
[-75.8936,35.5756],
[-75.86,35.5847],
[-75.8383,35.5669],
[-75.7894,35.5714],
[-75.7408,35.6185],
[-75.7208,35.6926],
[-75.7208,35.8145],
[-75.7492,35.8779],
[-75.8247,35.965],
[-75.8508,35.9753],
[-75.9894,35.8805],
[-75.9939,35.7103],
[-76.0287,35.6541],
[-76.1032,35.6604],
[-76.1356,35.6924],
[-76.0448,35.6844],
[-76.0417,35.7492],
[-76.0603,35.8469],
[-76.053,35.8737],
[-76.0218,35.9228],
[-76.0265,35.9622],
[-76.0775,35.9932],
[-76.1747,35.996],
[-76.3017,35.9541],
[-76.2675,35.9189],
[-76.3799,35.9576],
[-76.3928,35.9753],
[-76.4201,35.9787],
[-76.5537,35.9397],
[-76.6622,35.933],
[-76.7295,35.9398],
[-76.7339,36.0476],
[-76.7538,36.0948],
[-76.7603,36.1451],
[-76.7575,36.2042],
[-76.7461,36.2282],
[-76.7046,36.2467],
[-76.7276,36.1674],
[-76.6912,36.0716],
[-76.6598,36.0331],
[-76.5186,36.0069],
[-76.4953,36.0096],
[-76.3714,36.0769],
[-76.3708,36.15],
[-76.2358,36.095],
[-76.2142,36.0947],
[-76.071,36.1493],
[-76.0759,36.1791],
[-76.1508,36.2587],
[-76.2226,36.2925],
[-76.1997,36.3174],
[-76.1399,36.2881],
[-76.0427,36.2197],
[-76.0047,36.1811],
[-75.9494,36.1686],
[-75.9265,36.1709],
[-75.9529,36.1924],
[-75.9974,36.3108],
[-75.976,36.3114],
[-75.9389,36.2838],
[-75.8527,36.1107],
[-75.7932,36.0738],
[-75.7964,36.118],
[-75.8833,36.2955],
[-75.9164,36.3514],
[-75.9869,36.4117],
[-76.0347,36.4967],
[-76.0389,36.5182],
[-76.029,36.55],
[-76.0424,36.5746],
[-76.0196,36.5667],
[-75.9699,36.4919],
[-75.9269,36.485],
[-75.8996,36.4928],
[-75.9126,36.5732],
[-75.9383,36.5637],
[-75.949,36.5425],
[-75.9688,36.5497],
[-75.9758,36.5658],
[-75.9667,36.6808],
[-75.9453,36.7124],
[-75.9114,36.6653],
[-75.8819,36.5819],
[-75.8809,36.5414],
[-75.8639,36.4764],
[-75.8117,36.3194],
[-75.7513,36.1828],
[-75.7286,36.0611],
[-75.7008,36.008],
[-75.6369,35.9529],
[-75.5898,35.8975],
[-75.589,35.8565],
[-75.5569,35.808],
[-75.5326,35.8015],
[-75.5756,35.9089],
[-75.7121,36.1165],
[-75.7853,36.2836],
[-75.8506,36.5404],
[-75.9873,36.9092],
[-76.0139,36.9201],
[-76.0572,36.9066],
[-76.1608,36.9189],
[-76.2551,36.9579],
[-76.3144,36.9449],
[-76.3181,36.8811],
[-76.2936,36.8433],
[-76.3317,36.8636],
[-76.4775,36.9053],
[-76.4797,36.9578],
[-76.5756,37.0158],
[-76.6449,37.0468],
[-76.7167,37.1475],
[-77.0272,37.2836],
[-77.2322,37.2964],
[-77.2386,37.3361],
[-76.9903,37.3129],
[-76.9037,37.2661],
[-76.8875,37.2479],
[-76.6539,37.2269],
[-76.6314,37.2162],
[-76.6136,37.1836],
[-76.6131,37.1339],
[-76.5575,37.0844],
[-76.4364,36.9972],
[-76.3897,36.9733],
[-76.2915,37.0053],
[-76.2677,37.0863],
[-76.29,37.1355],
[-76.3772,37.2142],
[-76.4656,37.2297],
[-76.6061,37.3058],
[-76.6705,37.3867],
[-76.6828,37.4297],
[-76.5789,37.3236],
[-76.4795,37.2688],
[-76.4515,37.2624],
[-76.3765,37.2805],
[-76.4035,37.3458],
[-76.3653,37.3839],
[-76.2894,37.3355],
[-76.2611,37.3342],
[-76.2394,37.3735],
[-76.2367,37.4287],
[-76.2453,37.4953],
[-76.2907,37.5686],
[-76.5389,37.6303],
[-76.5642,37.6604],
[-76.5897,37.7275],
[-76.615,37.7528],
[-76.6637,37.7636],
[-76.7203,37.795],
[-76.8485,37.9278],
[-76.9029,38.0062],
[-76.9233,38.0536],
[-76.9479,38.0769],
[-76.986,38.0933],
[-77.0208,38.0964],
[-77.1107,38.1419],
[-77.1299,38.1691],
[-77.0545,38.1607],
[-76.9319,38.0897],
[-76.8344,37.953],
[-76.7025,37.8331],
[-76.4789,37.6783],
[-76.3697,37.6336],
[-76.3536,37.6186],
[-76.3375,37.6267],
[-76.2856,37.6969],
[-76.2282,37.8817],
[-76.2436,37.9061],
[-76.2815,37.9308],
[-76.405,37.9746],
[-76.5011,38.0236],
[-76.591,38.1228],
[-76.6894,38.1514],
[-76.8456,38.1689],
[-76.9325,38.203],
[-77.0233,38.3094],
[-77.0687,38.379],
[-77.1663,38.3432],
[-77.2242,38.3336],
[-77.32,38.3453],
[-77.3264,38.4025],
[-77.3044,38.4955],
[-77.2489,38.5986],
[-77.1344,38.6986],
[-77.0958,38.7047],
[-77.0422,38.7266],
[-77.0372,38.8433],
[-77.0617,38.9046],
[-77.0168,38.8643],
[-77.0213,38.8027],
[-77.0061,38.755],
[-77.0294,38.6989],
[-77.0875,38.6855],
[-77.2346,38.5507],
[-77.2632,38.4878],
[-77.2437,38.3983],
[-77.1968,38.3679],
[-77.0753,38.4165],
[-77.0444,38.4383],
[-76.9701,38.3585],
[-76.8707,38.2746],
[-76.7393,38.2336],
[-76.6744,38.2425],
[-76.6062,38.233],
[-76.582,38.2212],
[-76.5486,38.1864],
[-76.3123,38.0473],
[-76.3175,38.1483],
[-76.3336,38.178],
[-76.3804,38.2198],
[-76.3911,38.2481],
[-76.3711,38.2883],
[-76.4488,38.3],
[-76.4819,38.3155],
[-76.5945,38.405],
[-76.6494,38.4533],
[-76.6635,38.4747],
[-76.6792,38.6625],
[-76.6661,38.6368],
[-76.6657,38.5851],
[-76.6369,38.491],
[-76.5792,38.4319],
[-76.4458,38.3395],
[-76.4062,38.3372],
[-76.3786,38.3652],
[-76.4014,38.4199],
[-76.4783,38.4903],
[-76.505,38.5311],
[-76.5375,38.7317],
[-76.5236,38.8547],
[-76.454,38.9133],
[-76.3939,39.011],
[-76.4215,39.1083],
[-76.441,39.1454],
[-76.5194,39.2048],
[-76.6105,39.2504],
[-76.5767,39.2672],
[-76.5114,39.2478],
[-76.4733,39.2231],
[-76.4164,39.2097],
[-76.3902,39.227],
[-76.4274,39.2392],
[-76.4517,39.2586],
[-76.48,39.3021],
[-76.4278,39.3169],
[-76.3519,39.3753],
[-76.3597,39.4],
[-76.257,39.4447],
[-76.2253,39.4189],
[-76.229,39.387],
[-76.2128,39.3656],
[-76.1879,39.3719],
[-76.0903,39.4311],
[-76.0633,39.458],
[-76.112,39.4835],
[-76.0848,39.549],
[-75.9408,39.6042],
[-75.8353,39.5719],
[-75.8514,39.5358],
[-75.9778,39.39],
[-76.0958,39.3599],
[-76.1683,39.3165],
[-76.2601,39.1537],
[-76.2208,39.0608],
[-76.1414,39.1125],
[-76.0725,39.1417],
[-76.1561,39.0026],
[-76.1919,38.9846],
[-76.2421,38.9839],
[-76.2968,39.0258],
[-76.3389,38.9671],
[-76.3578,38.8953],
[-76.3581,38.8535],
[-76.317,38.888],
[-76.2964,38.9225],
[-76.2247,38.9641],
[-76.142,38.8861],
[-76.1044,38.7991],
[-76.1322,38.7725],
[-76.156,38.7632],
[-76.1861,38.7761],
[-76.2075,38.7936],
[-76.2151,38.8132],
[-76.2552,38.841],
[-76.3001,38.8187],
[-76.332,38.7606],
[-76.3422,38.6883],
[-76.3209,38.682],
[-76.2047,38.7397],
[-76.1911,38.6839],
[-76.0679,38.6137],
[-76.0328,38.6033],
[-76.0022,38.607],
[-75.961,38.6516],
[-75.9628,38.6133],
[-75.9755,38.5937],
[-76.0285,38.5737],
[-76.1037,38.5862],
[-76.1778,38.6117],
[-76.2653,38.6197],
[-76.285,38.5703],
[-76.2649,38.5516],
[-76.2247,38.5563],
[-76.2142,38.5736],
[-76.1872,38.5794],
[-76.1665,38.5682],
[-76.185,38.5344],
[-76.3219,38.4886],
[-76.2425,38.3669],
[-76.2222,38.3433],
[-76.2208,38.3846],
[-76.1611,38.3494],
[-76.0878,38.2864],
[-76.0375,38.2267],
[-75.8464,38.3988],
[-75.8961,38.2503],
[-75.9122,38.1453],
[-75.8531,38.0892],
[-75.8822,37.986],
[-75.8785,37.9476],
[-75.8518,37.929],
[-75.8003,37.9633],
[-75.755,37.9794],
[-75.6932,37.9792],
[-75.644,37.9612],
[-75.6625,37.8405],
[-75.6972,37.7992],
[-75.7814,37.725],
[-75.8747,37.6567],
[-75.9169,37.6083],
[-75.9306,37.5761],
[-76.0165,37.2709],
[-76.0028,37.2239],
[-75.9608,37.1522],
[-75.8681,37.2169],
[-75.8511,37.2761],
[-75.8417,37.3725],
[-75.8039,37.4528],
[-75.7206,37.5478],
[-75.7011,37.5524],
[-75.6876,37.5239],
[-75.6601,37.4973],
[-75.5965,37.559],
[-75.609,37.5774],
[-75.57,37.6811],
[-75.5033,37.7983],
[-75.4122,37.9194],
[-75.3997,37.9886],
[-75.3693,38.0293],
[-75.3558,38.0826],
[-75.1544,38.2415],
[-75.095,38.3288],
[-75.0794,38.4576],
[-75.0605,38.4467],
[-75.0733,38.341],
[-75.0567,38.3628],
[-75.0446,38.4172],
[-75.0385,38.4797],
[-75.0639,38.5869],
[-75.1404,38.5894],
[-75.1703,38.5786],
[-75.2008,38.5978],
[-75.14,38.695],
[-75.1883,38.8167],
[-75.3022,38.9189],
[-75.389,39.0778],
[-75.4055,39.1575],
[-75.3924,39.2008],
[-75.3954,39.2462],
[-75.4326,39.3107],
[-75.5272,39.4167],
[-75.5722,39.4529],
[-75.6044,39.614],
[-75.5886,39.6489],
[-75.4594,39.7883],
[-75.4097,39.8219],
[-75.3611,39.8495],
[-75.3094,39.8639],
[-75.2217,39.8728],
[-75.1772,39.8955],
[-75.1117,39.9733],
[-75.0285,40.0123],
[-75.1011,39.9005],
[-75.1376,39.8739],
[-75.3447,39.8294],
[-75.4243,39.7828],
[-75.4528,39.7568],
[-75.5572,39.6204],
[-75.5428,39.5005],
[-75.5269,39.4653],
[-75.4157,39.378],
[-75.1644,39.2328],
[-75.0864,39.2075],
[-75.0408,39.2139],
[-74.9239,39.1897],
[-74.8949,39.169],
[-74.8826,39.1409],
[-74.8924,39.104],
[-74.9574,38.9854],
[-74.9644,38.9333],
[-74.9453,38.923],
[-74.9083,38.9274],
[-74.8468,38.9508],
[-74.7111,39.09],
[-74.6514,39.193],
[-74.6,39.2575],
[-74.6115,39.2796],
[-74.6501,39.2902],
[-74.5542,39.335],
[-74.5156,39.3367],
[-74.5224,39.316],
[-74.4204,39.354],
[-74.4287,39.3911],
[-74.4473,39.4],
[-74.4626,39.4211],
[-74.4225,39.4589],
[-74.3933,39.4413],
[-74.3766,39.4747],
[-74.4056,39.5161],
[-74.3195,39.5614],
[-74.2111,39.6436],
[-74.1513,39.7037],
[-74.1563,39.725],
[-74.1785,39.7465],
[-74.1711,39.7805],
[-74.1008,39.9508],
[-74.0716,40.0478],
[-74.0455,40.053],
[-74.0444,39.9997],
[-74.0829,39.8771],
[-74.0883,39.7749],
[-73.9522,40.3],
[-73.9564,40.3982],
[-73.9957,40.4588],
[-74.0839,40.438],
[-74.2,40.4376],
[-74.263,40.4664],
[-74.2525,40.5522],
[-74.1993,40.641],
[-74.1339,40.7008],
[-74.1086,40.7134],
[-74.1073,40.693],
[-74.1198,40.6634],
[-74.0864,40.6692],
[-74.021,40.7173],
[-73.9042,40.9594],
[-73.9181,41.1701],
[-73.9601,41.2042],
[-73.9861,41.2684],
[-73.9513,41.3044],
[-73.8779,41.1787],
[-73.8661,41.0892],
[-73.8836,40.9739],
[-73.9233,40.8705],
[-73.9342,40.798],
[-73.8228,40.8261],
[-73.7486,40.9253],
[-73.7085,40.9543],
[-73.6772,40.9539],
[-73.646,40.9839],
[-73.6455,41.0075],
[-73.5594,41.0158],
[-73.3228,41.1183],
[-73.1778,41.1708],
[-73.1506,41.1578],
[-72.9064,41.2861],
[-72.8904,41.2544],
[-72.6069,41.2792],
[-72.5314,41.2636],
[-72.3883,41.2711],
[-72.2549,41.2871],
[-72.2354,41.306],
[-72.1833,41.3261],
[-71.9594,41.3475],
[-71.8786,41.341],
[-71.8458,41.3188],
[-71.7822,41.3258],
[-71.5897,41.3733],
[-71.5353,41.3768],
[-71.5117,41.37],
[-71.4747,41.3931],
[-71.428,41.4611],
[-71.3894,41.8067],
[-71.3078,41.6646],
[-71.2714,41.653],
[-71.2347,41.6775],
[-71.2365,41.7092],
[-71.1149,41.7895],
[-71.1356,41.7489],
[-71.1986,41.6675],
[-71.2063,41.6405],
[-71.2078,41.549],
[-71.2022,41.4983],
[-71.1883,41.4683],
[-71.1424,41.4943],
[-71.1281,41.5108],
[-71.0656,41.5106],
[-70.9264,41.5539],
[-70.8139,41.63],
[-70.7261,41.7278],
[-70.6342,41.7014],
[-70.6589,41.6025],
[-70.6486,41.5394],
[-70.4856,41.5601],
[-70.4185,41.6335],
[-70.2322,41.6442],
[-70.0892,41.6683],
[-69.9354,41.6725],
[-69.9272,41.8322],
[-69.9347,41.8567],
[-69.9931,41.9808],
[-70.0742,42.0589],
[-70.1442,42.0875],
[-70.2261,42.0905],
[-70.244,42.0739],
[-70.1872,42.029],
[-70.1726,42.0558],
[-70.1344,42.0589],
[-70.1069,42.0394],
[-69.9886,41.9126],
[-69.991,41.8304],
[-70.0193,41.7926],
[-70.0853,41.7686],
[-70.2047,41.7436],
[-70.2936,41.7089],
[-70.3329,41.7139],
[-70.4519,41.7555],
[-70.5268,41.806],
[-70.5214,41.8654],
[-70.534,41.9344],
[-70.5736,41.9517],
[-70.5947,41.948],
[-70.6451,41.9639],
[-70.6822,41.9972],
[-70.6517,42.0573],
[-70.7176,42.2139],
[-70.7571,42.2454],
[-70.8489,42.2744],
[-70.8678,42.2572],
[-70.9574,42.2407],
[-71.0395,42.3049],
[-71.0449,42.3672],
[-70.8881,42.5078],
[-70.8683,42.5408],
[-70.6289,42.5954],
[-70.5818,42.6528],
[-70.6178,42.6908],
[-70.6646,42.6639],
[-70.6624,42.6417],
[-70.7467,42.6546],
[-70.806,42.7159],
[-70.8108,42.8936],
[-70.7903,42.9389],
[-70.7194,43.023],
[-70.7045,43.0577],
[-70.7376,43.078],
[-70.7234,43.1199],
[-70.6712,43.0845],
[-70.5717,43.2265],
[-70.5837,43.2571],
[-70.5696,43.2976],
[-70.5492,43.3236],
[-70.514,43.3542],
[-70.4515,43.3578],
[-70.3936,43.403],
[-70.3539,43.4428],
[-70.2907,43.5567],
[-70.1919,43.5755],
[-70.1966,43.6429],
[-70.2162,43.658],
[-70.2528,43.6522],
[-70.2311,43.674],
[-70.1725,43.7805],
[-69.9916,43.8753],
[-69.9222,43.8647],
[-69.8569,43.8008],
[-69.8517,43.7594],
[-69.8314,43.7162],
[-69.8006,43.7888],
[-69.8186,43.9028],
[-69.8304,43.9277],
[-69.868,43.9687],
[-69.8735,43.9924],
[-69.7716,44.0743],
[-69.7794,44.0476],
[-69.7819,43.963],
[-69.752,43.8302],
[-69.7193,43.7921],
[-69.6927,43.8824],
[-69.7173,43.9055],
[-69.6791,43.9671],
[-69.6644,44.0086],
[-69.6431,44.0289],
[-69.6173,44.0388],
[-69.6424,44.0035],
[-69.6512,43.9008],
[-69.587,43.8845],
[-69.5889,43.9583],
[-69.5286,44.0243],
[-69.5564,43.9756],
[-69.5536,43.8978],
[-69.5407,43.8746],
[-69.5004,43.8504],
[-69.4589,43.9253],
[-69.37,44.0469],
[-69.298,43.9972],
[-69.2483,43.938],
[-69.1992,43.9803],
[-69.0656,44.0661],
[-69.0502,44.101],
[-69.0817,44.0995],
[-69.0836,44.1289],
[-69.0225,44.2569],
[-68.9808,44.4417],
[-68.8497,44.473],
[-68.8109,44.5223],
[-68.7969,44.5746],
[-68.7316,44.5559],
[-68.7939,44.458],
[-68.8132,44.3303],
[-68.6158,44.3064],
[-68.5492,44.3212],
[-68.5592,44.4189],
[-68.5042,44.4225],
[-68.4632,44.3994],
[-68.3779,44.4238],
[-68.3643,44.4471],
[-68.3212,44.4659],
[-68.1079,44.455],
[-68.0948,44.4047],
[-68.0595,44.3518],
[-68.0092,44.3933],
[-67.9364,44.4269],
[-67.865,44.4939],
[-67.7753,44.5469],
[-67.7111,44.5125],
[-67.5629,44.5525],
[-67.565,44.6343],
[-67.546,44.6669],
[-67.4158,44.6283],
[-67.2638,44.6431],
[-67.19,44.6603],
[-66.9708,44.8279],
[-66.9831,44.8664],
[-67.0579,44.9009],
[-67.0916,44.8693],
[-67.1786,44.8992],
[-67.192,44.9257],
[-67.1268,44.9314],
[-67.0751,44.9521],
[-67.0344,44.985],
[-67.105,45.0983],
[-67.1628,45.1683],
[-67.2642,45.2],
[-67.2901,45.1801],
[-67.3058,45.1549],
[-67.3387,45.1503],
[-67.406,45.1964],
[-67.4553,45.2631],
[-67.4643,45.2839],
[-67.4506,45.3331],
[-67.4818,45.4958],
[-67.4212,45.525],
[-67.4131,45.5855],
[-67.4581,45.6136],
[-67.5075,45.6014],
[-67.6606,45.6321],
[-67.7945,45.6958],
[-67.8044,45.7314],
[-67.8064,45.7847],
[-67.7725,45.9575],
[-67.795,47.07],
[-67.8922,47.1144],
[-67.95,47.1686],
[-67.961,47.1905],
[-68.1858,47.3328],
[-68.3149,47.3651],
[-68.3431,47.3618],
[-68.8915,47.189],
[-69.0322,47.2556],
[-69.0527,47.2899],
[-69.0558,47.3421],
[-69.0456,47.431],
[-69.1283,47.4592],
[-69.2361,47.4679],
[-70.0092,46.698],
[-70.0478,46.4539],
[-70.0571,46.4314],
[-70.2003,46.3364],
[-70.2878,46.203],
[-70.3056,46.0789],
[-70.3049,45.98],
[-70.2449,45.9604],
[-70.2581,45.9091],
[-70.4667,45.7119],
[-70.5553,45.6728],
[-70.6319,45.6278],
[-70.6931,45.5719],
[-70.7203,45.5283],
[-70.725,45.4972],
[-70.6971,45.4636],
[-70.8766,45.241],
[-71.0211,45.3267],
[-71.0851,45.3077],
[-71.1432,45.2528],
[-71.2117,45.2661],
[-71.2957,45.3037],
[-71.3211,45.2969],
[-71.4244,45.25],
[-71.4014,45.2144],
[-71.4343,45.1278],
[-71.4887,45.078],
[-71.4981,45.0494],
[-71.4942,45.0205],
[-72.7789,45.0208],
[-74.2492,44.9922],
[-74.682,45.0067],
[-74.7511,45.0022],
[-74.8205,45.0185],
[-74.9961,44.9836],
[-75.1705,44.8986],
[-75.3097,44.8419],
[-75.5625,44.6739],
[-75.7361,44.5464],
[-75.8226,44.4725],
[-75.8453,44.4189],
[-75.8721,44.398],
[-75.99,44.3571],
[-76.0611,44.3432],
[-76.4374,44.1021],
[-76.8094,43.6333],
[-77.8872,43.6394],
[-78.6631,43.6375],
[-78.7247,43.6294],
[-79.1847,43.4655],
[-79.0537,43.2596],
[-79.0449,43.163],
[-79.0811,43.0855],
[-79.0421,43.0097],
[-79.0138,42.9822],
[-78.9203,42.9362],
[-78.9178,42.9019],
[-78.9342,42.866],
[-78.9869,42.82],
[-80.0915,42.3982],
[-80.5103,42.3292],
[-81.2492,42.225],
[-82.4253,41.6756],
[-82.4628,41.6761],
[-82.6967,41.6839],
[-83.0764,41.8674],
[-83.1686,42.0461],
[-83.1325,42.2208],
[-83.1129,42.2653],
[-83.0845,42.2994],
[-83.0272,42.3319],
[-82.9406,42.3575],
[-82.8012,42.418],
[-82.6627,42.5453],
[-82.579,42.5637],
[-82.5358,42.5994],
[-82.5174,42.6276],
[-82.4729,42.7608],
[-82.4815,42.8264],
[-82.4635,42.9014],
[-82.4188,43.0186],
[-82.1303,43.5853],
[-82.5431,45.3558],
[-83.5978,45.8272],
[-83.4478,46.0119],
[-83.479,46.0401],
[-83.5961,46.1142],
[-83.6631,46.1261],
[-83.8383,46.1255],
[-83.9238,46.0706],
[-83.9543,46.0705],
[-84.0767,46.203],
[-84.1025,46.2403],
[-84.1576,46.3942],
[-84.1603,46.425],
[-84.1201,46.5071],
[-84.1253,46.5294],
[-84.1928,46.5467],
[-84.4086,46.5086],
[-84.4314,46.5017],
[-84.484,46.4602],
[-84.565,46.4664],
[-84.775,46.653],
[-84.8646,46.9058],
[-86.5689,47.6083],
[-88.3681,48.3122],
[-88.6917,48.2556],
[-89.3567,47.9797],
[-89.4478,48.0033],
[-89.5729,48.0023],
[-89.7556,48.0296],
[-89.8998,47.9906],
[-89.9942,48.0253],
[-90.0656,48.1065],
[-90.1465,48.1214],
[-90.7499,48.0928],
[-90.7739,48.1037],
[-90.8358,48.2045],
[-90.8352,48.2271],
[-90.8686,48.2375],
[-90.9283,48.2286],
[-91.1261,48.155],
[-91.2406,48.0836],
[-91.3868,48.0589],
[-91.4183,48.0411],
[-91.5736,48.093],
[-91.6451,48.0983],
[-91.7401,48.1914],
[-91.8506,48.2039],
[-91.9637,48.2405],
[-92.0081,48.281],
[-92.0394,48.3453],
[-92.1417,48.3572],
[-92.2572,48.3469],
[-92.2768,48.335],
[-92.2998,48.2994],
[-92.2861,48.27],
[-92.2914,48.2489],
[-92.3599,48.2317],
[-92.4264,48.3117],
[-92.4553,48.3942],
[-92.6978,48.4853],
[-92.7153,48.5414],
[-92.9513,48.6226],
[-93.245,48.6405],
[-93.4083,48.6086],
[-93.4541,48.5843],
[-93.4642,48.5517],
[-93.4963,48.5386],
[-93.6607,48.5151],
[-93.7858,48.5171],
[-93.8048,48.5319],
[-93.834,48.6164],
[-93.8587,48.6286],
[-94.1342,48.6428],
[-94.2479,48.661],
[-94.2674,48.6959],
[-94.2985,48.7072],
[-94.4004,48.7108],
[-94.461,48.695],
[-94.5008,48.6969],
[-94.6058,48.7244],
[-94.695,48.7787],
[-94.7081,48.7968],
[-94.701,48.9025],
[-94.7058,48.9332],
[-94.7983,49.1575],
[-94.8178,49.3055],
[-94.932,49.3585],
[-95.0819,49.3596],
[-95.1498,49.3716],
[-95.1542,48.9994],
[-117.0366,49.0031],
[-122.7578,48.9974],
[-122.7341,48.9624],
[-122.7703,48.964],
[-122.8097,48.9429],
[-122.6494,48.7644],
[-122.609,48.7528],
[-122.5876,48.7721],
[-122.5658,48.7751],
[-122.5219,48.7615],
[-122.5,48.7449],
[-122.4367,48.5904],
[-122.4862,48.4527],
[-122.5171,48.453],
[-122.5504,48.4849],
[-122.6197,48.5112],
[-122.6987,48.4948],
[-122.6796,48.4183],
[-122.6583,48.4047],
[-122.6258,48.4032],
[-122.5909,48.4258],
[-122.3928,48.3094],
[-122.3782,48.2847],
[-122.3975,48.2382],
[-122.434,48.2551],
[-122.4983,48.2504],
[-122.5207,48.236],
[-122.5311,48.2051],
[-122.5285,48.1829],
[-122.5004,48.1291],
[-122.4514,48.115],
[-122.43,48.1197],
[-122.47,48.1699],
[-122.4426,48.2255],
[-122.3744,48.2134],
[-122.3206,48.0742],
[-122.2911,47.9582],
[-122.3736,47.8324],
[-122.4183,47.6722],
[-122.3851,47.5467],
[-122.3096,47.4046],
[-122.3135,47.3718],
[-122.4164,47.3147],
[-122.5271,47.2758],
[-122.61,47.1728],
[-122.6397,47.1519],
[-122.7169,47.1203],
[-122.7928,47.1825],
[-122.8451,47.175],
[-122.8854,47.1564],
[-122.8786,47.0642],
[-122.901,47.0664],
[-122.9514,47.135],
[-123.0649,47.1139],
[-123.0626,47.156],
[-122.9801,47.1805],
[-122.9396,47.2057],
[-122.917,47.2845],
[-122.9029,47.3],
[-122.8465,47.3132],
[-122.7975,47.3953],
[-122.7702,47.3721],
[-122.7676,47.3205],
[-122.8112,47.2705],
[-122.7904,47.2226],
[-122.749,47.1893],
[-122.7286,47.2119],
[-122.7141,47.2526],
[-122.743,47.2908],
[-122.7096,47.3555],
[-122.6192,47.4205],
[-122.6137,47.3944],
[-122.6729,47.3218],
[-122.5711,47.2787],
[-122.5478,47.288],
[-122.5086,47.5005],
[-122.5365,47.5932],
[-122.6028,47.5617],
[-122.6633,47.5457],
[-122.6808,47.6392],
[-122.6711,47.6586],
[-122.6385,47.6196],
[-122.5981,47.6084],
[-122.5985,47.7067],
[-122.5417,47.7422],
[-122.46,47.7637],
[-122.5141,47.9221],
[-122.5656,47.938],
[-122.7288,47.7478],
[-122.7361,47.7217],
[-122.8361,47.6567],
[-122.9033,47.6343],
[-122.9425,47.6079],
[-123.0842,47.443],
[-123.0975,47.4008],
[-123.025,47.38],
[-122.8661,47.4453],
[-122.8406,47.4473],
[-122.8761,47.415],
[-123.0067,47.3685],
[-123.1039,47.3564],
[-123.1297,47.3594],
[-123.1479,47.3717],
[-123.1044,47.4694],
[-123.0172,47.5697],
[-122.8939,47.6775],
[-122.8754,47.7037],
[-122.8419,47.7831],
[-122.8493,47.8314],
[-122.795,47.8603],
[-122.7799,47.8122],
[-122.7881,47.7655],
[-122.7478,47.7631],
[-122.6303,47.9158],
[-122.6787,47.9873],
[-122.7139,48.0103],
[-122.7781,48.0903],
[-122.7775,48.1105],
[-122.747,48.1278],
[-122.7494,48.1539],
[-122.7817,48.158],
[-122.8253,48.146],
[-122.8465,48.136],
[-122.868,48.1123],
[-122.97,48.1133],
[-123.1133,48.191],
[-123.2427,48.1294],
[-123.4014,48.1319],
[-123.6739,48.1708],
[-123.807,48.1658],
[-123.9347,48.1758],
[-124.0403,48.193],
[-124.0852,48.2117],
[-124.0993,48.2321],
[-124.145,48.2514],
[-124.2322,48.2758],
[-124.3094,48.2839],
[-124.6372,48.4],
[-124.7143,48.3971]
]
],
[
[
[-123.1773,48.5917],
[-123.1768,48.5517],
[-123.1458,48.5003],
[-123.1219,48.4847],
[-123.0042,48.4457],
[-122.9626,48.4526],
[-122.995,48.5297],
[-123.1028,48.6077],
[-123.1469,48.6177],
[-123.1773,48.5917]
]
],
[
[
[-123.0937,48.9994],
[-123.0865,48.9721],
[-123.0459,48.9775],
[-123.0357,49.0011],
[-123.0937,48.9994]
]
],
[
[
[-123.0218,48.6299],
[-123.0065,48.6027],
[-122.92,48.5875],
[-122.8783,48.5879],
[-122.8076,48.6054],
[-122.7497,48.6545],
[-122.7808,48.6769],
[-122.8517,48.7036],
[-122.8893,48.7111],
[-122.9333,48.7076],
[-123.0218,48.6299]
]
],
[
[
[-122.9364,48.4833],
[-122.9349,48.4553],
[-122.8605,48.4214],
[-122.8331,48.4171],
[-122.8111,48.4227],
[-122.8147,48.4672],
[-122.8556,48.5242],
[-122.8693,48.5566],
[-122.9161,48.5367],
[-122.9364,48.4833]
]
],
[
[
[-122.7553,48.2398],
[-122.7458,48.2149],
[-122.6067,48.0875],
[-122.5317,47.9811],
[-122.4233,47.9258],
[-122.37,47.9214],
[-122.3422,47.9547],
[-122.3366,47.9746],
[-122.3653,48.0375],
[-122.4864,48.1011],
[-122.5878,48.1967],
[-122.6493,48.2272],
[-122.6639,48.2447],
[-122.6147,48.3008],
[-122.585,48.3015],
[-122.5569,48.2843],
[-122.5207,48.2935],
[-122.5058,48.3075],
[-122.6001,48.4046],
[-122.6611,48.3775],
[-122.7553,48.2398]
]
],
[
[
[-122.5185,47.3715],
[-122.4967,47.3498],
[-122.4106,47.3872],
[-122.3811,47.3947],
[-122.4219,47.4322],
[-122.4494,47.5163],
[-122.4961,47.4611],
[-122.5185,47.3715]
]
],
[
[
[-120.2261,34.0061],
[-120.1683,33.9312],
[-120.1146,33.9068],
[-120.0365,33.9192],
[-119.9664,33.9625],
[-119.9694,33.9924],
[-120,33.9896],
[-120.0353,34.0239],
[-120.0519,34.0361],
[-120.2261,34.0061]
]
],
[
[
[-119.916,34.074],
[-119.871,33.9915],
[-119.8369,33.9742],
[-119.7806,33.9672],
[-119.7133,33.9708],
[-119.59,33.9972],
[-119.533,34.0151],
[-119.5156,34.0446],
[-119.558,34.0658],
[-119.5936,34.0539],
[-119.6983,34.0453],
[-119.8681,34.0842],
[-119.916,34.074]
]
],
[
[
[-118.5944,33.0388],
[-118.5706,32.9842],
[-118.4841,32.8578],
[-118.4086,32.8171],
[-118.3695,32.8328],
[-118.3692,32.8547],
[-118.4822,32.938],
[-118.5203,32.975],
[-118.5544,33.0431],
[-118.5944,33.0388]
]
],
[
[
[-118.5855,33.4873],
[-118.4496,33.3286],
[-118.3037,33.3099],
[-118.2931,33.3287],
[-118.2972,33.3461],
[-118.3497,33.3983],
[-118.4033,33.428],
[-118.5353,33.4878],
[-118.5855,33.4873]
]
],
[
[
[-97.4006,27.0208],
[-97.3858,26.8382],
[-97.3663,26.8016],
[-97.3582,26.707],
[-97.2778,26.5042],
[-97.2247,26.3433],
[-97.1955,26.1206],
[-97.1769,26.0971],
[-97.1722,26.1178],
[-97.2064,26.3283],
[-97.2278,26.4108],
[-97.3253,26.6961],
[-97.3558,26.823],
[-97.3939,27.0519],
[-97.4006,27.0208]
]
],
[
[
[-97.3863,27.2775],
[-97.3814,27.224],
[-97.3681,27.2392],
[-97.3378,27.3506],
[-97.2944,27.4572],
[-97.1667,27.6805],
[-97.0471,27.8271],
[-97.0685,27.8387],
[-97.1581,27.7317],
[-97.3172,27.4958],
[-97.3747,27.3431],
[-97.3863,27.2775]
]
],
[
[
[-97.0306,27.8724],
[-96.8878,28.0306],
[-96.8486,28.0839],
[-96.8394,28.1112],
[-96.8714,28.1338],
[-96.9219,28.0897],
[-97.0239,27.9117],
[-97.0306,27.8724]
]
],
[
[
[-96.8135,28.1031],
[-96.7536,28.1411],
[-96.5283,28.2797],
[-96.4194,28.325],
[-96.4034,28.3433],
[-96.4006,28.3672],
[-96.4099,28.3952],
[-96.4307,28.3768],
[-96.6446,28.2607],
[-96.6636,28.2375],
[-96.711,28.2044],
[-96.7992,28.184],
[-96.8108,28.1653],
[-96.8135,28.1031]
]
],
[
[
[-96.212,28.4881],
[-96.1564,28.5106],
[-96.0618,28.5592],
[-96.041,28.579],
[-96.0724,28.5739],
[-96.1467,28.5383],
[-96.1956,28.5098],
[-96.212,28.4881]
]
],
[
[
[-95.1123,29.1016],
[-94.8746,29.2432],
[-94.7831,29.3132],
[-94.8214,29.3386],
[-95.0958,29.1249],
[-95.1123,29.1016]
]
],
[
[
[-92.0316,29.5788],
[-91.9878,29.5508],
[-91.8421,29.4825],
[-91.7829,29.4876],
[-91.7242,29.5586],
[-91.7383,29.5769],
[-91.8622,29.6364],
[-91.9167,29.6449],
[-92.006,29.618],
[-92.0231,29.6039],
[-92.0316,29.5788]
]
],
[
[
[-88.0214,30.2255],
[-87.8736,30.2334],
[-87.9525,30.2483],
[-88.0214,30.2255]
]
],
[
[
[-87.5226,30.2793],
[-87.4559,30.2987],
[-87.4985,30.3033],
[-87.5226,30.2793]
]
],
[
[
[-87.287,30.3303],
[-87.2511,30.3174],
[-87.2097,30.3225],
[-86.7178,30.4079],
[-87.287,30.3303]
]
],
[
[
[-80.7403,28.4783],
[-80.7236,28.3792],
[-80.6597,28.2432],
[-80.6696,28.2807],
[-80.6606,28.3189],
[-80.669,28.3736],
[-80.6461,28.4733],
[-80.6105,28.5483],
[-80.6139,28.575],
[-80.6431,28.5976],
[-80.6955,28.575],
[-80.7317,28.5392],
[-80.7403,28.4783]
]
],
[
[
[-80.6009,24.9508],
[-80.5754,24.9472],
[-80.3703,25.1461],
[-80.2678,25.3283],
[-80.2568,25.3353],
[-80.261,25.3481],
[-80.2868,25.3418],
[-80.3314,25.2911],
[-80.3589,25.2189],
[-80.4556,25.0914],
[-80.5717,24.9667],
[-80.6009,24.9508]
]
],
[
[
[-80.4449,27.8504],
[-80.2889,27.4133],
[-80.1872,27.2071],
[-80.1651,27.1862],
[-80.2378,27.3639],
[-80.2925,27.4689],
[-80.3717,27.7147],
[-80.4386,27.8469],
[-80.4449,27.8504]
]
],
[
[
[-75.6536,35.2255],
[-75.61,35.2222],
[-75.5272,35.2355],
[-75.5158,35.2464],
[-75.4831,35.3458],
[-75.4478,35.6031],
[-75.4828,35.7308],
[-75.5148,35.776],
[-75.5267,35.7684],
[-75.4828,35.6697],
[-75.4647,35.5911],
[-75.5125,35.3078],
[-75.5219,35.278],
[-75.534,35.2696],
[-75.6536,35.2255]
]
],
[
[
[-74.2325,40.5389],
[-74.2276,40.5132],
[-74.145,40.5389],
[-74.116,40.5547],
[-74.0555,40.611],
[-74.0721,40.6465],
[-74.1786,40.6385],
[-74.2325,40.5389]
]
],
[
[
[-74.0325,40.6258],
[-74.0044,40.5804],
[-73.9433,40.5853],
[-73.8812,40.6094],
[-73.8997,40.6358],
[-73.8597,40.6568],
[-73.8364,40.6594],
[-73.8128,40.6567],
[-73.7711,40.6354],
[-73.7773,40.6149],
[-73.7972,40.5922],
[-73.6181,40.5944],
[-73.5873,40.6036],
[-73.6528,40.62],
[-73.5611,40.6453],
[-73.1403,40.7189],
[-73.0109,40.7529],
[-72.8906,40.7737],
[-72.8678,40.7561],
[-72.5428,40.8256],
[-72.0842,40.9817],
[-71.8668,41.0748],
[-71.92,41.0821],
[-72.0007,41.051],
[-72.0533,41.0161],
[-72.1099,41.0055],
[-72.135,41.0353],
[-72.2636,41.0194],
[-72.3458,40.9997],
[-72.4019,40.9647],
[-72.4362,40.9224],
[-72.4912,40.9046],
[-72.5847,40.9061],
[-72.6171,40.9176],
[-72.3883,41.085],
[-72.2576,41.1292],
[-72.2417,41.1571],
[-72.2853,41.1619],
[-72.3508,41.1408],
[-72.6376,40.9817],
[-72.7583,40.9637],
[-73.0372,40.9686],
[-73.1504,40.943],
[-73.2267,40.9105],
[-73.4906,40.9342],
[-73.5894,40.9205],
[-73.8356,40.805],
[-73.9169,40.7924],
[-73.94,40.773],
[-74.031,40.6489],
[-74.0325,40.6258]
]
],
[
[
[-71.3556,41.4576],
[-71.2975,41.4586],
[-71.2328,41.4947],
[-71.2275,41.5394],
[-71.2208,41.6433],
[-71.2632,41.6305],
[-71.3097,41.5611],
[-71.3556,41.4576]
]
],
[
[
[-70.835,41.3612],
[-70.7811,41.3161],
[-70.7599,41.3109],
[-70.7425,41.3357],
[-70.6967,41.3489],
[-70.6011,41.3569],
[-70.5142,41.3541],
[-70.5103,41.408],
[-70.56,41.4671],
[-70.6172,41.4739],
[-70.835,41.3612]
]
],
[
[
[-70.2322,41.2817],
[-70.1007,41.2482],
[-70.0136,41.2478],
[-69.9867,41.2528],
[-69.9612,41.2741],
[-70.0195,41.3839],
[-70.0353,41.3592],
[-70.1096,41.2962],
[-70.1978,41.2942],
[-70.2322,41.2817]
]
],
[
[
[-68.721,44.2317],
[-68.7106,44.1778],
[-68.6562,44.1687],
[-68.6151,44.1882],
[-68.6043,44.2512],
[-68.6226,44.2705],
[-68.6654,44.2841],
[-68.721,44.2317]
]
],
[
[
[-68.4275,44.3217],
[-68.4105,44.2767],
[-68.3297,44.2374],
[-68.1876,44.329],
[-68.1717,44.357],
[-68.189,44.3868],
[-68.2435,44.4427],
[-68.2592,44.4521],
[-68.2986,44.4492],
[-68.3503,44.4403],
[-68.3653,44.4286],
[-68.4061,44.3694],
[-68.4275,44.3217]
]
]
]}
}
