{
"type": "Feature",
"properties": {"id":"cshapes-365-1991-10-27","edge_precision":"unknown","cshapes_gwcode":365,"cshapes_name":"Russia (Soviet Union)","cshapes_first_day":"1991-10-27","cshapes_last_day":"1991-11-30","cshapes_status":"independent","cshapes_owner":365,"cshapes_borders_defined":true},
"geometry": {"type": "MultiPolygon", "coordinates": [
[
[
[-180,65.0689],
[-179.8286,65.1414],
[-179.7354,65.1505],
[-179.7007,65.164],
[-179.6385,65.2194],
[-179.5688,65.2653],
[-179.5484,65.4086],
[-179.5378,65.4284],
[-179.3208,65.5301],
[-179.3267,65.6258],
[-179.3881,65.6572],
[-179.4828,65.6791],
[-179.7405,65.7922],
[-179.8003,65.8741],
[-179.8228,65.9437],
[-179.8153,65.9875],
[-179.762,66.1169],
[-179.6892,66.1836],
[-179.6542,66.1786],
[-179.5802,66.1478],
[-179.5989,66.1401],
[-179.6722,66.1349],
[-179.6345,66.1175],
[-179.3958,66.1314],
[-179.3464,66.1414],
[-179.2838,66.1668],
[-179.2452,66.1945],
[-179.3177,66.2621],
[-179.3843,66.2911],
[-179.4239,66.3407],
[-179.3253,66.3222],
[-179.2791,66.302],
[-179.1751,66.2911],
[-179.1678,66.3358],
[-179.189,66.4036],
[-179.171,66.4148],
[-179.1093,66.3704],
[-179.0833,66.2981],
[-179.105,66.281],
[-179.1108,66.2477],
[-179.0625,66.1947],
[-178.9945,66.1691],
[-178.9096,66.1705],
[-178.7832,66.2057],
[-178.6053,66.3653],
[-178.5495,66.3992],
[-178.5262,66.4029],
[-178.5047,66.3928],
[-178.5089,66.2847],
[-178.5186,66.2278],
[-178.5425,66.1633],
[-178.5799,66.1293],
[-178.6542,66.1236],
[-178.674,66.1136],
[-178.7102,66.0603],
[-178.7081,66.0275],
[-178.7247,66.0089],
[-178.7907,65.99],
[-178.8856,66.0136],
[-178.9095,65.9939],
[-178.8678,65.9266],
[-178.8097,65.8669],
[-178.6547,65.7614],
[-178.6158,65.7508],
[-178.5163,65.7537],
[-178.47,65.7419],
[-178.4561,65.7275],
[-178.4539,65.6963],
[-178.5178,65.5867],
[-178.5714,65.5401],
[-178.5574,65.5142],
[-178.4764,65.4897],
[-178.3695,65.4755],
[-177.6994,65.4755],
[-177.5003,65.4858],
[-177.4075,65.5061],
[-177.2096,65.5932],
[-177.0681,65.6097],
[-176.5886,65.5591],
[-176.4783,65.5242],
[-176.3275,65.4908],
[-176.0781,65.4703],
[-175.9594,65.4209],
[-175.9285,65.3976],
[-175.8822,65.3069],
[-175.8622,65.235],
[-175.7806,65.1608],
[-175.8106,65.0628],
[-175.8309,65.0452],
[-175.9134,65.0164],
[-175.8065,64.9557],
[-175.6398,64.9251],
[-175.4719,64.8564],
[-175.4547,64.8336],
[-175.4489,64.7844],
[-175.0531,64.7789],
[-175.0166,64.7873],
[-175.0056,64.8133],
[-174.8464,64.7778],
[-174.6889,64.7275],
[-174.4442,64.6641],
[-174.1583,64.571],
[-174.1275,64.5566],
[-174.1006,64.5266],
[-174.1054,64.499],
[-174.0711,64.4396],
[-174.0514,64.4241],
[-173.6731,64.3468],
[-173.5994,64.3483],
[-173.4677,64.3944],
[-173.3631,64.465],
[-173.351,64.4953],
[-173.4101,64.588],
[-173.4156,64.6166],
[-173.3452,64.5885],
[-173.2843,64.5205],
[-173.2992,64.4608],
[-173.3355,64.4194],
[-173.398,64.3761],
[-173.4342,64.3274],
[-173.4013,64.3076],
[-173.2708,64.2811],
[-173.1914,64.2544],
[-173.1228,64.2719],
[-172.993,64.2817],
[-172.8981,64.3372],
[-172.8824,64.4487],
[-172.9048,64.4675],
[-172.9346,64.4719],
[-173.0446,64.4632],
[-173.0612,64.477],
[-173.0257,64.4968],
[-172.8289,64.5251],
[-172.7643,64.465],
[-172.7603,64.4214],
[-172.6309,64.3886],
[-172.3592,64.4236],
[-172.3558,64.4583],
[-172.4585,64.5523],
[-172.5797,64.5641],
[-172.7347,64.5936],
[-172.9553,64.6725],
[-173.0584,64.6594],
[-173.0849,64.6626],
[-173.0731,64.6808],
[-172.8695,64.73],
[-172.7931,64.7614],
[-172.7738,64.7797],
[-172.8985,64.8304],
[-172.9685,64.8457],
[-173.0004,64.8408],
[-173.108,64.7911],
[-173.1614,64.7764],
[-173.1952,64.7782],
[-173.0782,64.8536],
[-173.0456,64.863],
[-172.9731,64.8757],
[-172.7823,64.8505],
[-172.7042,64.8855],
[-172.5411,64.9247],
[-172.4988,64.9155],
[-172.4647,64.9203],
[-172.3286,64.9736],
[-172.1498,65.0614],
[-172.129,65.0832],
[-172.252,65.1997],
[-172.3067,65.2169],
[-172.3342,65.223],
[-172.6039,65.213],
[-172.6831,65.2278],
[-172.6988,65.2443],
[-172.6797,65.2687],
[-172.3489,65.2689],
[-172.2447,65.2455],
[-172.2392,65.2886],
[-172.2565,65.3202],
[-172.2547,65.3533],
[-172.1906,65.4466],
[-172.2114,65.4667],
[-172.3214,65.4294],
[-172.4006,65.4227],
[-172.4216,65.4273],
[-172.4621,65.4725],
[-172.425,65.4791],
[-172.4192,65.575],
[-172.4347,65.5914],
[-172.4642,65.6018],
[-172.6911,65.6325],
[-172.8026,65.6747],
[-172.6542,65.7026],
[-172.351,65.6627],
[-172.2881,65.5622],
[-172.2463,65.5376],
[-172.2142,65.5369],
[-172.1589,65.5555],
[-172.1031,65.564],
[-172.0633,65.5548],
[-172.0435,65.5343],
[-171.8358,65.5293],
[-171.814,65.5211],
[-171.8325,65.5117],
[-171.9214,65.4964],
[-172.0825,65.4844],
[-171.947,65.4852],
[-171.3931,65.5378],
[-171.3506,65.534],
[-171.286,65.5162],
[-171.235,65.4915],
[-171.1689,65.4797],
[-171.0745,65.483],
[-171.0538,65.4926],
[-171.0235,65.5791],
[-171.145,65.6379],
[-171.2304,65.6451],
[-171.2883,65.6664],
[-171.3436,65.6941],
[-171.5424,65.8355],
[-171.4203,65.8172],
[-171.2358,65.7407],
[-170.8941,65.6339],
[-170.7856,65.6139],
[-170.6356,65.6105],
[-170.5757,65.6272],
[-170.5311,65.6701],
[-170.5156,65.8212],
[-170.5381,65.849],
[-170.5783,65.8528],
[-170.4509,65.9164],
[-170.1584,66.0147],
[-170.0371,66.0355],
[-169.955,66.0314],
[-169.8133,65.9908],
[-169.7847,65.9916],
[-169.762,66.0005],
[-169.6974,66.0633],
[-169.6917,66.081],
[-169.7072,66.1266],
[-169.7911,66.1508],
[-169.915,66.165],
[-169.9279,66.1623],
[-169.9158,66.1591],
[-170.0003,66.1466],
[-170.0284,66.153],
[-170.1462,66.1535],
[-170.2232,66.1436],
[-170.3313,66.1787],
[-170.3061,66.1919],
[-170.2106,66.1887],
[-170.1819,66.2024],
[-170.2018,66.2489],
[-170.2458,66.2722],
[-170.3496,66.2916],
[-170.5196,66.2658],
[-170.5453,66.2453],
[-170.5656,66.2397],
[-170.6375,66.2391],
[-170.4842,66.3204],
[-170.5089,66.3444],
[-170.5842,66.358],
[-170.7399,66.4572],
[-170.88,66.5144],
[-171.1264,66.5753],
[-171.3017,66.6308],
[-171.3433,66.6508],
[-171.4231,66.7039],
[-171.4164,66.7311],
[-171.3956,66.7523],
[-171.4168,66.7723],
[-171.5925,66.8008],
[-171.7,66.8505],
[-171.7152,66.8636],
[-171.7187,66.886],
[-171.6918,66.937],
[-171.7261,66.9552],
[-171.9272,66.973],
[-172.0364,66.9591],
[-172.3281,66.9625],
[-172.777,67.0208],
[-172.5947,67.015],
[-172.6761,67.0278],
[-173.012,67.0561],
[-173.017,67.0289],
[-172.8376,66.9998],
[-172.5434,66.9716],
[-172.4362,66.9377],
[-172.581,66.9129],
[-172.8195,66.9089],
[-173.0597,66.9383],
[-173.0854,66.9466],
[-173.1086,66.9898],
[-173.1364,66.9966],
[-173.2218,66.9783],
[-173.2228,66.9425],
[-173.2091,66.8834],
[-173.1551,66.8604],
[-173.2006,66.8394],
[-173.3572,66.8396],
[-173.365,66.9117],
[-173.3542,66.9694],
[-173.2742,67.0494],
[-173.2198,67.0458],
[-173.1729,67.059],
[-173.2236,67.0719],
[-173.4192,67.0875],
[-173.6764,67.1321],
[-173.7086,67.1314],
[-173.7276,67.1089],
[-173.765,67.0961],
[-173.8281,67.0869],
[-174.432,67.1028],
[-174.6236,67.0829],
[-174.6512,67.0601],
[-174.5642,67.0333],
[-174.5075,67.0311],
[-174.2946,67.0587],
[-174.1253,66.9891],
[-174.0775,66.94],
[-174.0228,66.8387],
[-173.9993,66.7728],
[-173.9958,66.6913],
[-174.0087,66.6752],
[-174.0733,66.6516],
[-174.1647,66.6311],
[-174.3024,66.5819],
[-174.2268,66.5494],
[-174.1339,66.5447],
[-173.9185,66.5158],
[-173.762,66.4495],
[-173.7818,66.3727],
[-173.8128,66.3541],
[-173.9395,66.3336],
[-173.9564,66.278],
[-174.0368,66.2135],
[-174.078,66.2353],
[-174.0875,66.2622],
[-174.0731,66.3175],
[-174.0349,66.3379],
[-173.9911,66.4626],
[-174.0244,66.4798],
[-174.0853,66.4847],
[-174.1961,66.4639],
[-174.3775,66.3614],
[-174.3538,66.3332],
[-174.4256,66.2972],
[-174.4674,66.3034],
[-174.4941,66.3391],
[-174.516,66.4544],
[-174.4964,66.4725],
[-174.4367,66.4619],
[-174.4813,66.5337],
[-174.5064,66.5522],
[-174.6425,66.5861],
[-174.9056,66.6158],
[-174.9314,66.6236],
[-174.9949,66.672],
[-174.8579,66.7457],
[-174.8108,66.7516],
[-174.7618,66.7322],
[-174.7446,66.7657],
[-174.7645,66.8536],
[-174.8139,66.9461],
[-174.9153,66.9918],
[-174.9548,67.104],
[-174.8925,67.29],
[-174.8649,67.31],
[-174.8368,67.3129],
[-174.8002,67.2914],
[-174.782,67.308],
[-174.8339,67.3861],
[-175.0431,67.4436],
[-175.0987,67.3709],
[-175.187,67.3505],
[-175.376,67.343],
[-175.3596,67.3706],
[-175.2814,67.4194],
[-175.2178,67.4486],
[-175.1911,67.5108],
[-175.2014,67.5358],
[-175.2764,67.5566],
[-175.3742,67.6486],
[-175.4636,67.7075],
[-176.0328,67.8752],
[-176.2345,67.9211],
[-176.9703,68.1336],
[-177.1055,68.153],
[-177.1622,68.1279],
[-177.2408,68.151],
[-177.2495,68.2094],
[-177.3617,68.2497],
[-177.4534,68.2447],
[-177.5478,68.2211],
[-177.6164,68.2139],
[-177.6803,68.2239],
[-177.7533,68.2571],
[-177.63,68.2966],
[-177.6322,68.3247],
[-177.8406,68.4025],
[-178.3767,68.5505],
[-178.345,68.5292],
[-177.7278,68.3523],
[-177.7061,68.3366],
[-177.7353,68.3247],
[-177.9506,68.29],
[-177.9636,68.328],
[-178.0186,68.41],
[-178.0357,68.4233],
[-178.4075,68.4944],
[-178.7404,68.5429],
[-178.7584,68.5744],
[-178.7419,68.6458],
[-178.7156,68.6558],
[-178.6256,68.6255],
[-178.5663,68.5953],
[-178.4904,68.5846],
[-178.7881,68.7169],
[-178.9234,68.7683],
[-179.1792,68.8058],
[-179.3242,68.8083],
[-179.3909,68.823],
[-179.411,68.8448],
[-179.4211,68.8933],
[-179.4635,68.9337],
[-179.5072,68.9558],
[-179.5398,68.9509],
[-179.5288,68.915],
[-179.6261,68.9064],
[-179.759,68.9166],
[-179.9581,68.9633],
[-180,68.9801],
[-180,65.0689]
]
],
[
[
[-180,70.9972],
[-179.9297,70.9972],
[-179.5781,70.9347],
[-179.4951,70.9136],
[-179.2744,70.9078],
[-178.8186,70.98],
[-178.3575,71.0075],
[-178.2234,71.0308],
[-177.9304,71.0394],
[-177.627,71.1144],
[-177.4884,71.174],
[-177.4415,71.2293],
[-177.5028,71.2775],
[-177.557,71.2847],
[-177.6293,71.2826],
[-177.8333,71.3461],
[-177.9619,71.3961],
[-178.0116,71.4469],
[-178.0617,71.4622],
[-178.1324,71.4786],
[-178.238,71.4772],
[-178.3391,71.5229],
[-178.5686,71.5641],
[-179.0441,71.5975],
[-179.1956,71.5814],
[-179.2225,71.5647],
[-179.3053,71.5514],
[-179.6286,71.5772],
[-179.9008,71.5488],
[-179.9272,71.5355],
[-180,71.5358],
[-180,70.9972]
]
],
[
[
[-172.7539,64.6501],
[-172.7003,64.63],
[-172.5975,64.6133],
[-172.5375,64.615],
[-172.4908,64.6312],
[-172.5137,64.6561],
[-172.5323,64.6614],
[-172.6614,64.6741],
[-172.7504,64.6714],
[-172.7539,64.6501]
]
],
[
[
[-172.6712,64.7267],
[-172.625,64.7033],
[-172.4411,64.718],
[-172.1673,64.7725],
[-172.1711,64.7953],
[-172.3099,64.8496],
[-172.4561,64.8589],
[-172.557,64.8355],
[-172.5844,64.7958],
[-172.6712,64.7267]
]
],
[
[
[19.6273,54.4633],
[19.6511,54.4558],
[19.7553,54.515],
[19.8303,54.5728],
[19.8364,54.6],
[19.7318,54.52],
[19.6273,54.4633]
]
],
[
[
[19.797,54.4375],
[20.0042,54.4192],
[20.0906,54.4186],
[20.7389,54.358],
[20.8981,54.3561],
[21.4119,54.3258],
[22.165,54.335],
[22.63,54.3489],
[22.7667,54.3597],
[22.7811,54.3704],
[22.6983,54.4646],
[22.6914,54.4936],
[22.6949,54.5294],
[22.7201,54.6932],
[22.8139,54.7717],
[22.8404,54.7776],
[22.8669,54.8121],
[22.8514,54.8816],
[22.8387,54.8993],
[22.72,54.9626],
[22.6822,54.9583],
[22.6454,54.9645],
[22.6069,55.0392],
[22.5344,55.0623],
[22.2497,55.0642],
[22.1387,55.0527],
[22.1033,55.0294],
[22.0599,55.0285],
[21.9576,55.0672],
[21.7586,55.1222],
[21.646,55.1784],
[21.5455,55.1997],
[21.3776,55.2781],
[21.2714,55.248],
[21.2742,55.2274],
[21.2625,55.2023],
[21.2276,55.1997],
[21.1908,55.1492],
[21.2167,55.0186],
[21.2451,54.9551],
[21.2225,54.9319],
[21.0931,54.8957],
[20.9844,54.8925],
[20.8651,54.9025],
[20.7932,54.94],
[20.5608,54.9392],
[20.5317,54.9644],
[20.8431,55.1493],
[20.9083,55.2283],
[20.9848,55.2766],
[20.9428,55.2872],
[20.6969,55.0782],
[20.5486,54.9964],
[20.4226,54.9476],
[20.3619,54.9419],
[20.0304,54.9464],
[19.9904,54.9572],
[19.9412,54.9278],
[19.9267,54.8992],
[19.9238,54.861],
[19.9597,54.7986],
[19.959,54.7644],
[19.8992,54.6889],
[19.8727,54.6405],
[19.9008,54.6283],
[19.9542,54.6404],
[19.9442,54.6592],
[19.961,54.6926],
[20.0096,54.7198],
[20.3973,54.6751],
[20.2456,54.6118],
[20.0361,54.5639],
[19.8224,54.4664],
[19.797,54.4375]
]
],
[
[
[22.1511,48.4106],
[22.2143,48.4178],
[22.2702,48.4022],
[22.2703,48.36],
[22.381,48.2449],
[22.4946,48.2497],
[22.5747,48.1872],
[22.6052,48.1165],
[22.6257,48.1003],
[22.6798,48.095],
[22.7378,48.1144],
[22.7903,48.1167],
[22.8465,48.0832],
[22.8832,48.0405],
[22.8592,47.9939],
[22.8954,47.9543],
[23.0443,47.9935],
[23.0878,48.0135],
[23.1256,48.0894],
[23.1524,48.1057],
[23.1742,48.1083],
[23.2607,48.0901],
[23.2991,48.0449],
[23.4103,48.0005],
[23.5086,47.9859],
[23.5661,48],
[23.8239,47.9669],
[24.0324,47.956],
[24.0962,47.9324],
[24.1275,47.912],
[24.2469,47.9039],
[24.4215,47.9578],
[24.5643,47.9513],
[24.6154,47.9337],
[24.6701,47.8955],
[24.6717,47.8662],
[24.6939,47.8492],
[24.8211,47.8084],
[24.8963,47.716],
[24.9289,47.7131],
[25.0494,47.7333],
[25.1169,47.7594],
[25.1538,47.7901],
[25.2244,47.8761],
[25.3339,47.9167],
[25.525,47.9347],
[25.7805,47.9369],
[25.8383,47.9635],
[25.9222,47.9747],
[26.1586,47.9853],
[26.1976,48.0033],
[26.2722,48.0761],
[26.3257,48.1791],
[26.4689,48.2175],
[26.5308,48.2082],
[26.5663,48.2219],
[26.6364,48.2654],
[26.6517,48.3008],
[26.7021,48.34],
[26.8083,48.3331],
[26.9811,48.3578],
[27.2394,48.3683],
[27.5203,48.468],
[27.7632,48.4496],
[27.8662,48.4006],
[27.8888,48.3598],
[27.9096,48.3457],
[28.0179,48.3146],
[28.0749,48.3111],
[28.0937,48.2912],
[28.0823,48.2602],
[28.0861,48.2426],
[28.2131,48.2065],
[28.2358,48.2068],
[28.2993,48.2394],
[28.347,48.242],
[28.3705,48.2218],
[28.3675,48.191],
[28.3886,48.1639],
[28.4367,48.1458],
[28.5019,48.1342],
[28.5577,48.1618],
[28.8074,48.1254],
[28.8283,48.1097],
[28.881,48.008],
[28.9826,47.9369],
[29.043,47.9357],
[29.0612,47.9517],
[29.0734,47.977],
[29.1035,47.9865],
[29.1449,47.9835],
[29.1756,47.9547],
[29.2575,47.7664],
[29.1954,47.6092],
[29.1601,47.5817],
[29.1354,47.5491],
[29.1429,47.5118],
[29.1901,47.4395],
[29.2456,47.4576],
[29.3589,47.3783],
[29.381,47.3561],
[29.3803,47.3291],
[29.414,47.2911],
[29.4785,47.2972],
[29.5019,47.3445],
[29.567,47.3377],
[29.5905,47.3103],
[29.5992,47.2791],
[29.5722,47.1428],
[29.5925,47.0232],
[29.5742,46.9474],
[29.7375,46.8903],
[29.867,46.8613],
[29.9443,46.8183],
[29.9717,46.7419],
[29.965,46.5701],
[29.9162,46.5586],
[29.8994,46.5352],
[29.9335,46.4984],
[30.0108,46.464],
[30.0353,46.443],
[30.1176,46.4278],
[30.1299,46.412],
[30.0985,46.3812],
[29.9233,46.382],
[29.8664,46.3464],
[29.8253,46.3686],
[29.7344,46.441],
[29.6622,46.3794],
[29.6336,46.3697],
[29.6021,46.3768],
[29.4944,46.4423],
[29.4994,46.4848],
[29.3508,46.47],
[29.3054,46.4282],
[29.3074,46.4042],
[29.2383,46.3683],
[29.2179,46.3673],
[29.2024,46.3831],
[29.2199,46.4068],
[29.2283,46.4847],
[29.2232,46.5195],
[29.2033,46.545],
[29.0389,46.4967],
[28.9764,46.4682],
[28.934,46.43],
[28.95,46.2894],
[29.0401,46.1955],
[28.9683,46.0061],
[28.7634,45.9619],
[28.7505,45.9264],
[28.7667,45.8628],
[28.68,45.7797],
[28.597,45.768],
[28.5244,45.7111],
[28.4907,45.6658],
[28.5248,45.647],
[28.5306,45.5317],
[28.5158,45.5149],
[28.483,45.5065],
[28.2889,45.526],
[28.2469,45.5111],
[28.2324,45.4954],
[28.2179,45.4564],
[28.2792,45.4289],
[28.2992,45.3626],
[28.3433,45.3155],
[28.5663,45.2452],
[28.7008,45.2201],
[28.7976,45.2379],
[28.8486,45.3017],
[28.9681,45.3211],
[29.2217,45.4258],
[29.3215,45.439],
[29.4114,45.4358],
[29.5807,45.389],
[29.641,45.3464],
[29.655,45.3278],
[29.6721,45.2709],
[29.6664,45.2109],
[29.7086,45.2133],
[29.7319,45.2262],
[29.7604,45.3222],
[29.7535,45.4494],
[29.733,45.4714],
[29.6742,45.4655],
[29.6192,45.4878],
[29.593,45.5571],
[29.5961,45.6834],
[29.6361,45.8207],
[29.6814,45.8036],
[29.6896,45.7686],
[29.6772,45.7396],
[29.6797,45.6962],
[29.7426,45.624],
[29.7801,45.6289],
[29.8599,45.6756],
[29.8257,45.6865],
[29.7974,45.7149],
[29.8021,45.7351],
[29.93,45.8178],
[29.9836,45.8432],
[30.0301,45.8313],
[30.0633,45.7999],
[30.1444,45.8205],
[30.2462,45.8736],
[30.5092,46.0964],
[30.7651,46.379],
[30.7935,46.4453],
[30.78,46.4814],
[30.8328,46.5483],
[31.0531,46.6119],
[31.1769,46.6255],
[31.337,46.6019],
[31.4197,46.6254],
[31.47,46.6686],
[31.5208,46.74],
[31.5957,46.7971],
[31.5505,46.7189],
[31.5125,46.6699],
[31.4878,46.656],
[31.4777,46.632],
[31.5756,46.6076],
[31.6149,46.6482],
[31.6471,46.6533],
[31.7389,46.6272],
[31.8119,46.6157],
[31.8597,46.6283],
[31.9082,46.6536],
[31.9071,46.7337],
[31.8719,46.77],
[31.8638,46.7955],
[31.8717,46.8171],
[31.8879,46.8322],
[31.941,46.8547],
[31.9642,46.89],
[31.965,46.9254],
[31.9076,46.924],
[31.8394,47.0129],
[31.8424,47.0415],
[31.8703,47.0799],
[31.8165,47.1779],
[31.7989,47.1911],
[31.7549,47.2017],
[31.7267,47.2318],
[31.7515,47.2524],
[31.84,47.1797],
[31.9808,47.0075],
[32.0112,46.9261],
[32.008,46.905],
[31.9797,46.8451],
[31.9467,46.8205],
[31.9351,46.794],
[31.936,46.764],
[31.9664,46.7268],
[31.9708,46.6936],
[31.993,46.6539],
[32.0136,46.6343],
[32.1419,46.5603],
[32.2431,46.6011],
[32.299,46.565],
[32.3283,46.5565],
[32.4,46.5614],
[32.5186,46.6083],
[32.6416,46.6423],
[32.5961,46.604],
[32.4908,46.5756],
[32.4487,46.5523],
[32.4126,46.5258],
[32.4161,46.4978],
[32.348,46.4592],
[32.0925,46.5097],
[31.8525,46.5227],
[31.7637,46.5533],
[31.6203,46.5403],
[31.5537,46.5466],
[31.6028,46.5036],
[31.6583,46.4714],
[31.706,46.4892],
[31.7724,46.4936],
[32.007,46.448],
[32.0567,46.3917],
[31.9754,46.3501],
[31.9428,46.343],
[31.815,46.3396],
[31.766,46.3098],
[31.7901,46.2842],
[31.8311,46.2769],
[31.9187,46.2838],
[32.0272,46.2564],
[32.2433,46.173],
[32.2645,46.1269],
[32.5004,46.0762],
[32.538,46.0776],
[32.6344,46.1092],
[32.7744,46.13],
[32.9038,46.1112],
[33.1249,46.1311],
[33.1886,46.1601],
[33.3158,46.1244],
[33.3835,46.0874],
[33.4296,46.046],
[33.4744,46.053],
[33.4953,46.0664],
[33.5253,46.113],
[33.5935,46.1562],
[33.614,46.1426],
[33.623,46.124],
[33.6264,45.9982],
[33.6464,45.9708],
[33.6682,45.9574],
[33.7447,45.945],
[33.7694,45.9253],
[33.5658,45.8617],
[33.424,45.8317],
[33.3592,45.7875],
[33.3104,45.766],
[33.2586,45.7478],
[33.1842,45.7386],
[32.9312,45.6576],
[32.5287,45.4575],
[32.4939,45.4219],
[32.4811,45.394],
[32.5097,45.3397],
[32.5698,45.3199],
[32.6567,45.3126],
[32.7273,45.3546],
[32.8405,45.3597],
[32.9346,45.3428],
[33.0732,45.2676],
[33.1754,45.1901],
[33.2762,45.1555],
[33.3624,45.184],
[33.3962,45.1848],
[33.5462,45.1085],
[33.5665,45.0875],
[33.6125,44.9626],
[33.6212,44.9175],
[33.6014,44.8578],
[33.5562,44.8423],
[33.5197,44.7811],
[33.5544,44.6236],
[33.3691,44.5844],
[33.3871,44.5596],
[33.4596,44.5128],
[33.538,44.4867],
[33.5786,44.4919],
[33.6239,44.4522],
[33.7107,44.3944],
[33.7953,44.3872],
[33.8387,44.3981],
[33.9303,44.3792],
[33.9555,44.3811],
[34.1301,44.4354],
[34.3365,44.5491],
[34.3769,44.6217],
[34.4412,44.7048],
[34.4621,44.7204],
[34.7242,44.8093],
[34.9641,44.8394],
[34.9984,44.8333],
[35.0495,44.7925],
[35.083,44.7912],
[35.1033,44.8061],
[35.1339,44.876],
[35.1489,44.8919],
[35.3972,45.0406],
[35.4289,45.0742],
[35.5266,45.1185],
[35.6419,45.1114],
[35.7279,45.0805],
[35.7854,45.0528],
[35.834,44.9939],
[35.8569,44.9864],
[35.9937,44.9983],
[36.0092,45.0114],
[36.1344,45.0198],
[36.2282,45.0058],
[36.4535,45.0773],
[36.415,45.1282],
[36.4052,45.156],
[36.4311,45.2711],
[36.4941,45.3387],
[36.6204,45.3335],
[36.6369,45.3497],
[36.6368,45.3779],
[36.6046,45.4186],
[36.2908,45.4653],
[36.1362,45.4583],
[36.0689,45.4251],
[36.0407,45.3778],
[36.0151,45.3603],
[35.9551,45.3632],
[35.863,45.4044],
[35.6973,45.3285],
[35.5455,45.2931],
[35.4889,45.2882],
[35.4579,45.2985],
[35.3193,45.3769],
[35.0708,45.6346],
[34.9911,45.7333],
[34.9022,45.8835],
[34.8236,46.0726],
[34.7995,46.0877],
[34.7335,46.1082],
[34.6662,46.0864],
[34.7169,46.0308],
[34.7549,46.0113],
[34.8487,45.8981],
[34.8649,45.8634],
[34.9604,45.7399],
[34.9808,45.7008],
[35.0543,45.61],
[35.343,45.3325],
[35.3386,45.2861],
[35.1671,45.3367],
[35.133,45.325],
[35.0587,45.3654],
[35.0137,45.4234],
[35.0761,45.4478],
[35.0936,45.4639],
[35.0846,45.5248],
[35.0707,45.5511],
[34.9866,45.6319],
[34.7853,45.7158],
[34.6492,45.7856],
[34.4634,45.7693],
[34.5458,45.8422],
[34.6032,45.8788],
[34.6312,45.9171],
[34.6365,45.9374],
[34.5455,45.9655],
[34.5716,45.9278],
[34.4974,45.8748],
[34.3585,45.8837],
[34.3764,45.9187],
[34.3962,45.9253],
[34.4148,45.9486],
[34.3583,46.0162],
[34.1814,46.0332],
[34.2215,46.0077],
[34.1977,45.9949],
[34.2005,45.9562],
[34.1614,45.9378],
[34.1394,45.9401],
[34.1169,45.9683],
[34.1143,46.0176],
[34.0053,46.0973],
[33.9622,46.1008],
[33.9442,46.088],
[33.9898,46.0718],
[33.9896,46.0268],
[33.9682,46.0172],
[33.9,46.0386],
[33.8458,46.1603],
[33.807,46.1706],
[33.8021,46.1403],
[33.7899,46.1211],
[33.7296,46.145],
[33.7057,46.165],
[33.671,46.2155],
[33.773,46.2481],
[33.9572,46.2136],
[34.0325,46.1333],
[34.1269,46.1184],
[34.1278,46.2061],
[34.1558,46.2814],
[34.1833,46.2744],
[34.2396,46.2282],
[34.3294,46.1703],
[34.4564,46.1546],
[34.5369,46.1845],
[34.574,46.1532],
[34.5597,46.0976],
[34.5412,46.0879],
[34.4906,46.112],
[34.4414,46.0939],
[34.4052,46.0127],
[34.5019,45.9866],
[34.5664,45.986],
[34.5826,45.9982],
[34.6315,46.0822],
[34.7025,46.1758],
[34.8125,46.1814],
[35.0567,46.2601],
[35.1152,46.2968],
[35.2054,46.3871],
[35.2157,46.4103],
[35.198,46.4433],
[35.348,46.3496],
[35.3343,46.3217],
[35.2676,46.2598],
[35.2043,46.1844],
[35.1853,46.1724],
[35.0546,46.1417],
[34.9801,46.086],
[34.9967,46.0742],
[35.1606,46.1285],
[35.1962,46.1544],
[35.3522,46.3317],
[35.4842,46.4416],
[35.628,46.4892],
[35.7605,46.5929],
[35.9072,46.6511],
[36.0675,46.6703],
[36.1932,46.6669],
[36.2146,46.6596],
[36.239,46.634],
[36.3955,46.7172],
[36.6136,46.7753],
[36.7001,46.7725],
[36.7417,46.7646],
[36.7639,46.7511],
[36.8679,46.7908],
[36.9167,46.8255],
[36.993,46.8575],
[37.1969,46.9257],
[37.2473,46.9329],
[37.321,46.9001],
[37.3936,46.9492],
[37.5389,47.0786],
[37.5596,47.0864],
[37.7512,47.0701],
[37.8597,47.0969],
[38.0714,47.095],
[38.1337,47.0622],
[38.2358,47.1094],
[38.3133,47.1256],
[38.3336,47.1197],
[38.4521,47.1353],
[38.5235,47.2071],
[38.6047,47.2403],
[38.7686,47.2533],
[38.743,47.2422],
[38.5625,47.2158],
[38.5036,47.1622],
[38.4865,47.128],
[38.5596,47.1115],
[38.7614,47.159],
[38.8105,47.1622],
[38.9303,47.2172],
[38.9567,47.2542],
[39.0675,47.2778],
[39.2515,47.2632],
[39.269,47.2499],
[39.2776,47.2312],
[39.3,47.0769],
[39.2796,47.0172],
[39.2598,47.0083],
[39.0747,47.0272],
[38.9141,46.9378],
[38.7775,46.8819],
[38.7025,46.8615],
[38.4665,46.8586],
[38.4103,46.8269],
[38.3663,46.7451],
[38.3839,46.7112],
[38.3934,46.7346],
[38.4175,46.743],
[38.483,46.739],
[38.5582,46.7124],
[38.5817,46.696],
[38.5849,46.6572],
[38.4575,46.6407],
[38.3878,46.6528],
[38.3023,46.679],
[38.2907,46.7043],
[38.2675,46.7242],
[38.1217,46.6811],
[38.0547,46.6311],
[38.0254,46.6207],
[37.8455,46.6232],
[37.7375,46.6671],
[37.824,46.48],
[37.8978,46.4072],
[37.9934,46.3457],
[38.0044,46.3675],
[37.9832,46.3932],
[38.0669,46.3965],
[38.0873,46.3901],
[38.1608,46.3486],
[38.2678,46.2723],
[38.296,46.2185],
[38.515,46.1292],
[38.5709,46.0911],
[38.5662,46.0434],
[38.548,46.0269],
[38.4539,46.0264],
[38.3556,46.0733],
[38.2667,46.131],
[38.2207,46.1357],
[38.1962,46.1296],
[38.1615,46.1036],
[38.0955,45.945],
[38.0705,45.9536],
[38.0954,46.0522],
[38.0522,46.0592],
[37.9512,46.032],
[37.9275,46.0117],
[37.8907,45.9229],
[37.8769,45.8389],
[37.8346,45.7614],
[37.8099,45.7398],
[37.6655,45.6603],
[37.7048,45.6204],
[37.6696,45.6152],
[37.6453,45.6292],
[37.6309,45.6581],
[37.6025,45.6505],
[37.5914,45.6275],
[37.5837,45.4274],
[37.6075,45.4153],
[37.6314,45.4239],
[37.6462,45.4515],
[37.6475,45.5203],
[37.6246,45.5676],
[37.6427,45.5868],
[37.7017,45.5578],
[37.7408,45.383],
[37.7346,45.2988],
[37.7133,45.2961],
[37.5969,45.3277],
[37.5209,45.3621],
[37.4344,45.3233],
[37.3978,45.3164],
[37.2042,45.3242],
[37.2108,45.2989],
[37.3138,45.2754],
[37.2264,45.2489],
[37.1104,45.2344],
[37.0676,45.2511],
[37.0941,45.3405],
[36.8964,45.4236],
[36.8277,45.4357],
[36.7511,45.4142],
[36.725,45.3979],
[36.6803,45.3596],
[36.6698,45.3326],
[36.7696,45.3839],
[36.9668,45.3076],
[36.9623,45.279],
[36.8367,45.228],
[36.7286,45.2033],
[36.6697,45.2053],
[36.5804,45.1927],
[36.6255,45.1273],
[36.7165,45.0992],
[36.8822,45.0858],
[37.2029,44.9798],
[37.2764,44.9311],
[37.3095,44.8933],
[37.2978,44.8655],
[37.3744,44.7426],
[37.4841,44.6714],
[37.5567,44.6542],
[37.7587,44.6299],
[37.8134,44.638],
[37.8227,44.6637],
[37.7831,44.7234],
[37.8654,44.6928],
[38.1161,44.4892],
[38.1586,44.4158],
[38.1975,44.3894],
[38.3508,44.355],
[38.5998,44.3294],
[38.7537,44.2733],
[38.8444,44.19],
[38.8758,44.1708],
[38.9643,44.1472],
[39.0517,44.0803],
[39.2869,43.9269],
[39.3768,43.8597],
[39.4719,43.7578],
[39.6966,43.6017],
[39.8746,43.491],
[39.9169,43.4129],
[40.003,43.3793],
[40.0211,43.4442],
[40.0812,43.551],
[40.1267,43.5722],
[40.2114,43.5847],
[40.2534,43.5825],
[40.3244,43.5697],
[40.4889,43.5178],
[40.5431,43.5086],
[40.5772,43.5123],
[40.6431,43.5439],
[40.6882,43.5446],
[40.7437,43.5069],
[40.8903,43.4654],
[41.041,43.3761],
[41.193,43.3847],
[41.4355,43.2961],
[41.5975,43.2215],
[42.0311,43.1875],
[42.1112,43.1973],
[42.189,43.2364],
[42.4242,43.2385],
[42.4839,43.2194],
[42.533,43.1819],
[42.6194,43.1454],
[42.6458,43.1447],
[42.695,43.1803],
[42.7694,43.1858],
[42.8552,43.1778],
[42.9489,43.1217],
[43.0105,43.0637],
[43.1393,42.9668],
[43.2072,42.934],
[43.5605,42.8608],
[43.6215,42.8332],
[43.6708,42.7911],
[43.7564,42.7758],
[43.8292,42.7494],
[43.8339,42.7292],
[43.7397,42.6496],
[43.7773,42.604],
[43.9119,42.5833],
[44.1952,42.6271],
[44.2232,42.6385],
[44.2411,42.656],
[44.3694,42.708],
[44.4997,42.7508],
[44.558,42.7597],
[44.6782,42.7418],
[44.751,42.6929],
[44.7655,42.6705],
[44.8083,42.6653],
[44.8596,42.7468],
[44.8937,42.7617],
[44.9311,42.7611],
[45.0458,42.6961],
[45.0662,42.6935],
[45.143,42.7086],
[45.1651,42.7033],
[45.2419,42.6508],
[45.3194,42.578],
[45.3422,42.5407],
[45.3676,42.5272],
[45.4882,42.5476],
[45.5528,42.5503],
[45.7276,42.5049],
[45.7508,42.4878],
[45.759,42.4716],
[45.638,42.2202],
[45.6551,42.2],
[45.9869,42.0286],
[46.2392,42.001],
[46.4001,41.938],
[46.4493,41.9004],
[46.4358,41.8618],
[46.4147,41.8318],
[46.3248,41.7565],
[46.2305,41.7625],
[46.2097,41.7467],
[46.198,41.725],
[46.1961,41.6775],
[46.2333,41.5986],
[46.3319,41.4835],
[46.5026,41.3962],
[46.5933,41.3794],
[46.6896,41.3173],
[46.7108,41.2583],
[46.6972,41.2117],
[46.6667,41.1505],
[46.6225,41.1005],
[46.5147,41.048],
[46.4928,41.0518],
[46.3783,41.1042],
[46.24,41.2047],
[46.1356,41.2026],
[46.0915,41.1789],
[46.0396,41.1703],
[45.9225,41.1892],
[45.8046,41.2304],
[45.7112,41.2872],
[45.7169,41.3486],
[45.3416,41.461],
[45.3067,41.4611],
[45.261,41.4493],
[44.9786,41.2703],
[44.8697,41.2166],
[44.7286,41.2122],
[44.5662,41.1853],
[44.43,41.1922],
[44.2489,41.2236],
[44.1447,41.185],
[43.9928,41.1641],
[43.8565,41.1601],
[43.7914,41.1187],
[43.7562,41.1126],
[43.5701,41.1355],
[43.4608,41.113],
[43.4542,41.0949],
[43.4839,41.0228],
[43.5952,40.9933],
[43.6725,40.9265],
[43.7504,40.745],
[43.7414,40.6667],
[43.7179,40.6209],
[43.653,40.5314],
[43.5928,40.5011],
[43.5831,40.4511],
[43.6069,40.3689],
[43.6617,40.2744],
[43.7154,40.1572],
[43.6685,40.1462],
[43.6488,40.1249],
[43.6684,40.1032],
[43.9339,40.0136],
[44.0443,40.0103],
[44.2826,40.0461],
[44.4878,39.9628],
[44.5518,39.8987],
[44.5925,39.8318],
[44.7866,39.7088],
[44.8147,39.6383],
[44.8685,39.6223],
[44.8886,39.6058],
[44.9278,39.4766],
[44.9546,39.4324],
[45.0022,39.4167],
[45.063,39.373],
[45.1305,39.2856],
[45.1435,39.2169],
[45.2712,39.1872],
[45.2984,39.1976],
[45.3455,39.1647],
[45.4211,39.0608],
[45.4335,39.0032],
[45.5386,38.9655],
[45.8411,38.9036],
[46.0747,38.8719],
[46.1869,38.8426],
[46.2947,38.8958],
[46.3511,38.91],
[46.5404,38.8756],
[46.5725,38.9158],
[46.7455,39.051],
[46.7589,39.086],
[46.8489,39.1606],
[46.9087,39.1679],
[46.9529,39.1564],
[47.0339,39.1967],
[47.0435,39.2379],
[47.0997,39.3044],
[47.1646,39.3353],
[47.1995,39.34],
[47.2869,39.3744],
[47.3917,39.4705],
[47.4607,39.4982],
[47.5425,39.5153],
[47.7699,39.6337],
[47.7939,39.6668],
[47.8129,39.6792],
[47.9847,39.7156],
[48.0633,39.6656],
[48.2125,39.5264],
[48.3219,39.4408],
[48.3405,39.4235],
[48.3579,39.3899],
[48.2789,39.3503],
[48.1985,39.3361],
[48.1489,39.3068],
[48.1239,39.2782],
[48.1217,39.2518],
[48.1333,39.211],
[48.2292,39.1399],
[48.2939,39.1125],
[48.3269,39.0544],
[48.3254,39.0322],
[48.3087,39.0037],
[48.2637,38.9776],
[48.1441,38.9683],
[48.0768,38.9539],
[48.0121,38.8971],
[48.0132,38.863],
[48.0246,38.8334],
[48.1236,38.7722],
[48.1847,38.7505],
[48.2469,38.7154],
[48.2436,38.6721],
[48.3317,38.6028],
[48.4328,38.6246],
[48.5653,38.4714],
[48.5992,38.4169],
[48.6235,38.3965],
[48.6629,38.3892],
[48.7837,38.4455],
[48.8696,38.4456],
[48.8667,38.7458],
[48.8867,38.8772],
[48.9083,38.9013],
[48.9342,38.9542],
[48.9524,39.025],
[48.9326,39.052],
[48.9325,39.1136],
[48.9642,39.1757],
[49.0028,39.1887],
[49.0439,39.1796],
[49.1458,39.0934],
[49.1397,39.0475],
[49.1055,39.0161],
[49.0596,39.007],
[49.0605,38.9692],
[49.0846,38.9642],
[49.159,38.9864],
[49.2007,39.0258],
[49.2411,39.2875],
[49.2551,39.3149],
[49.2937,39.3428],
[49.3462,39.3252],
[49.3955,39.3503],
[49.4105,39.3867],
[49.2994,39.4671],
[49.2837,39.4905],
[49.3138,39.6043],
[49.3874,39.6889],
[49.4175,39.853],
[49.45,39.965],
[49.4553,40.015],
[49.4264,40.0514],
[49.494,40.1555],
[49.5692,40.2114],
[49.7674,40.2903],
[49.9231,40.34],
[50.1286,40.3578],
[50.2596,40.3299],
[50.3099,40.3068],
[50.375,40.2622],
[50.3519,40.3811],
[50.2337,40.4919],
[50.0793,40.5562],
[49.973,40.5894],
[49.805,40.5647],
[49.694,40.5854],
[49.5739,40.6278],
[49.528,40.6628],
[49.5101,40.6882],
[49.5142,40.7211],
[49.5354,40.7675],
[49.5287,40.7912],
[49.4958,40.8203],
[49.4053,40.8448],
[49.2274,41.0124],
[49.1928,41.0611],
[49.155,41.1516],
[49.1397,41.2649],
[49.0361,41.4179],
[48.9918,41.4407],
[48.9009,41.5252],
[48.8583,41.5969],
[48.6753,41.7844],
[48.5877,41.8399],
[48.5425,41.8806],
[48.448,41.8964],
[48.3942,41.9202],
[48.3672,41.9515],
[48.3233,42.036],
[48.306,42.0929],
[48.1139,42.3303],
[48.0411,42.3733],
[47.9489,42.4586],
[47.8654,42.5882],
[47.8379,42.6058],
[47.7543,42.6248],
[47.7323,42.6426],
[47.7085,42.722],
[47.7186,42.7469],
[47.7117,42.8275],
[47.6934,42.8673],
[47.5795,42.9268],
[47.4663,43.0138],
[47.4544,43.0896],
[47.4875,43.2157],
[47.5012,43.2303],
[47.5373,43.2435],
[47.586,43.2914],
[47.5793,43.3222],
[47.5353,43.3161],
[47.4919,43.3322],
[47.4872,43.4564],
[47.555,43.6564],
[47.6357,43.816],
[47.6843,43.8693],
[47.6361,43.9008],
[47.5508,43.8723],
[47.5378,43.8485],
[47.5387,43.7922],
[47.4734,43.6339],
[47.4626,43.5314],
[47.4385,43.503],
[47.4051,43.5029],
[47.3637,43.5893],
[47.3681,43.6132],
[47.3923,43.6084],
[47.4514,43.6811],
[47.5008,43.7701],
[47.4901,43.8105],
[47.2658,44.1436],
[47.1804,44.2025],
[47.1554,44.2018],
[47.0849,44.2499],
[47.0376,44.3476],
[47.0122,44.3608],
[46.8315,44.3962],
[46.7603,44.3919],
[46.6985,44.4476],
[46.68,44.5154],
[46.7153,44.6025],
[46.7729,44.6916],
[46.9489,44.7689],
[46.988,44.8083],
[47.0331,44.83],
[47.0733,44.7832],
[47.1167,44.8653],
[47.1353,44.9403],
[47.2408,45.0558],
[47.3711,45.2333],
[47.4217,45.363],
[47.4819,45.4188],
[47.5682,45.5637],
[47.5407,45.6362],
[47.4143,45.6744],
[47.3902,45.7447],
[47.4883,45.7261],
[47.5961,45.6039],
[47.6155,45.5642],
[47.6471,45.5584],
[47.6544,45.6085],
[47.6237,45.7111],
[47.5537,45.739],
[47.5556,45.768],
[47.616,45.7572],
[47.8305,45.6558],
[47.8543,45.7168],
[48.2239,45.7442],
[48.3733,45.875],
[48.4526,45.9336],
[48.5708,45.9641],
[48.5994,45.9471],
[48.6268,45.9108],
[48.7133,45.8303],
[48.7617,45.8547],
[48.7249,46.0232],
[48.6964,46.0598],
[48.6347,46.0808],
[48.67,46.1185],
[48.7101,46.1315],
[48.7819,46.0928],
[48.9111,46.1305],
[49.0464,46.1958],
[49.1544,46.2867],
[49.1875,46.2736],
[49.296,46.258],
[49.2275,46.3111],
[49.2167,46.378],
[49.2536,46.4233],
[49.2808,46.4386],
[49.3253,46.4069],
[49.3685,46.3949],
[49.3872,46.4933],
[49.3242,46.565],
[49.4011,46.5392],
[49.4542,46.5108],
[49.563,46.53],
[49.6201,46.575],
[49.8267,46.5603],
[49.9673,46.6196],
[50.0528,46.6675],
[50.1455,46.7358],
[50.2216,46.7609],
[50.3125,46.8106],
[50.4328,46.9009],
[50.5217,46.8722],
[50.7097,46.9464],
[50.7322,46.9267],
[50.7864,46.9397],
[50.8442,47.008],
[50.9743,47.0589],
[51.1942,47.115],
[51.3592,47.0819],
[51.635,47.0425],
[51.6821,46.9893],
[51.6838,46.9592],
[51.7799,46.9038],
[51.8675,46.8853],
[52.091,46.8148],
[52.24,46.8025],
[52.4185,46.9501],
[52.4299,46.9866],
[52.4543,46.9957],
[52.5502,46.9753],
[52.601,46.9493],
[52.7603,46.9411],
[52.8658,46.9519],
[53.0592,46.8887],
[53.088,46.8422],
[53.1008,46.7783],
[53.1942,46.715],
[53.2082,46.6836],
[53.2062,46.6433],
[53.0911,46.5533],
[53.0497,46.5436],
[53.0329,46.554],
[53.0069,46.53],
[53.0016,46.4822],
[53.0367,46.4826],
[53.1269,46.3931],
[53.158,46.3378],
[53.1578,46.2739],
[53.0826,46.0034],
[52.9317,45.7992],
[52.8783,45.778],
[52.7465,45.644],
[52.733,45.5494],
[52.7476,45.5189],
[52.8928,45.4608],
[53.1883,45.3714],
[53.228,45.3378],
[53.1049,45.2985],
[52.7658,45.3389],
[52.5183,45.4064],
[51.928,45.3644],
[51.788,45.4037],
[51.7239,45.4028],
[51.5958,45.3376],
[51.4753,45.3353],
[51.4053,45.3705],
[51.2483,45.1658],
[51.2425,45.0997],
[51.1828,45.06],
[50.9621,44.9733],
[50.9472,44.9547],
[50.9624,44.8519],
[51.0236,44.8147],
[51.2267,44.7228],
[51.2461,44.703],
[51.2936,44.6033],
[51.3162,44.5907],
[51.3988,44.6068],
[51.4365,44.6055],
[51.5497,44.5472],
[51.5737,44.5271],
[51.5606,44.5112],
[51.3758,44.5178],
[51.1317,44.4811],
[50.9928,44.5322],
[50.9033,44.6117],
[50.8733,44.626],
[50.785,44.6286],
[50.6936,44.6155],
[50.3062,44.6533],
[50.2394,44.5764],
[50.2299,44.4414],
[50.2326,44.368],
[50.2835,44.3283],
[50.4475,44.2892],
[50.6161,44.2741],
[50.7505,44.2419],
[50.8258,44.2067],
[50.8428,44.1886],
[50.9164,43.98],
[51.0175,43.8075],
[51.1122,43.6614],
[51.1551,43.6176],
[51.2103,43.6136],
[51.2687,43.5549],
[51.3178,43.4419],
[51.3228,43.4125],
[51.315,43.2989],
[51.2635,43.1782],
[51.2685,43.1517],
[51.3147,43.1494],
[51.6521,43.1825],
[51.6728,43.1686],
[51.7818,43.0093],
[51.7943,42.965],
[51.8482,42.8916],
[51.8971,42.8451],
[51.9512,42.8387],
[52.0912,42.8819],
[52.1725,42.8836],
[52.3174,42.8344],
[52.4661,42.8256],
[52.5758,42.7989],
[52.7333,42.7129],
[52.7456,42.6492],
[52.5947,42.3353],
[52.4664,42.1869],
[52.4379,42.1775],
[52.4055,42.0914],
[52.4322,41.9964],
[52.4818,41.9435],
[52.4937,41.9005],
[52.4323,41.7595],
[52.4489,41.7478],
[52.8072,42.0161],
[52.923,42.0936],
[53.0062,42.1357],
[53.3408,42.2433],
[53.4466,42.2679],
[53.663,42.2892],
[53.9955,42.3486],
[54.173,42.3372],
[54.2258,42.3225],
[54.3153,42.2683],
[54.7611,42.0589],
[54.9342,41.93],
[54.9627,41.9006],
[54.9628,41.8165],
[54.9807,41.7925],
[55.1258,41.6519],
[55.24,41.4887],
[55.2892,41.4397],
[55.3925,41.3889],
[55.4361,41.3083],
[55.4548,41.2887],
[55.5289,41.2639],
[55.6525,41.2672],
[55.8058,41.2887],
[55.8944,41.3315],
[56.008,41.327],
[56.0003,41.3539],
[55.9994,41.5764],
[55.9988,45.0021],
[57.3922,45.3205],
[58.5656,45.5697],
[61.1492,44.2111],
[62.0251,43.4848],
[63.2114,43.6364],
[63.9972,43.5705],
[64.458,43.548],
[64.9314,43.7378],
[65.2683,43.4325],
[65.519,43.3211],
[65.8219,42.8772],
[66.1239,42.9969],
[66.0958,42.6044],
[66.0708,42.4239],
[66.0367,42.4233],
[66.0292,42.0031],
[66.5264,42.0031],
[66.5625,41.7169],
[66.72,41.175],
[66.8758,41.15],
[67.0719,41.1433],
[67.4394,41.1542],
[67.7553,41.1921],
[67.9355,41.1833],
[67.9894,41.1305],
[68.1403,41.0517],
[68.1542,41.0361],
[68.1448,40.983],
[68.1033,40.8794],
[68.0539,40.8408],
[68.048,40.8103],
[68.2333,40.6914],
[68.4553,40.5978],
[68.608,40.5997],
[68.6407,40.6142],
[68.6519,40.6717],
[68.6286,40.718],
[68.5892,40.7389],
[68.5681,40.8614],
[68.5936,40.92],
[68.6167,40.9369],
[68.7217,40.9778],
[68.769,41.0703],
[68.7858,41.0857],
[68.8753,41.1186],
[69.0646,41.2222],
[69.073,41.2719],
[69.0707,41.3576],
[69.0596,41.3768],
[69.255,41.4708],
[69.3539,41.4844],
[69.6372,41.6701],
[69.7864,41.7033],
[69.9284,41.7119],
[70.14,41.8283],
[70.2441,41.9552],
[70.3378,42.0429],
[70.3879,42.0694],
[70.4848,42.1005],
[70.5311,42.0674],
[70.5383,42.0406],
[70.6282,42.0243],
[70.6655,42.0966],
[70.7507,42.1988],
[70.7928,42.204],
[70.8409,42.195],
[70.8841,42.2051],
[70.9737,42.2577],
[70.9143,42.2647],
[70.8785,42.3162],
[70.9278,42.3572],
[70.9613,42.399],
[70.9556,42.4275],
[71.0355,42.5775],
[71.169,42.6315],
[71.1698,42.6886],
[71.2753,42.7591],
[71.4247,42.8041],
[71.5103,42.7894],
[71.578,42.7643],
[71.6035,42.7654],
[71.7165,42.8184],
[71.898,42.8275],
[72.1716,42.7736],
[72.2969,42.7736],
[72.458,42.7166],
[72.7487,42.658],
[72.786,42.6424],
[72.8371,42.5748],
[72.8839,42.5541],
[72.9601,42.5393],
[73.1526,42.5604],
[73.3357,42.503],
[73.3353,42.4534],
[73.3465,42.4293],
[73.5205,42.4093],
[73.5328,42.4303],
[73.4425,42.5519],
[73.4336,42.5847],
[73.4341,42.6275],
[73.4636,42.7141],
[73.5243,42.797],
[73.54,42.9302],
[73.5864,43.0402],
[73.713,43.085],
[73.9152,43.1251],
[73.9386,43.1483],
[74.0594,43.188],
[74.2936,43.2169],
[74.3917,43.1955],
[74.5755,43.1264],
[74.6686,43.0441],
[74.7455,42.9967],
[74.8278,42.9927],
[74.8933,42.9791],
[75.1839,42.8688],
[75.2433,42.8552],
[75.5623,42.8347],
[75.6714,42.8072],
[75.7492,42.8529],
[75.7935,42.9371],
[75.8447,42.9452],
[76.2403,42.9369],
[76.4241,42.8994],
[76.6169,42.9002],
[76.7337,42.9187],
[76.8192,42.9525],
[76.8487,42.9784],
[76.981,42.9958],
[77.1386,42.9676],
[77.2082,42.9182],
[77.5355,42.9213],
[77.7222,42.915],
[77.9446,42.8951],
[77.9929,42.8698],
[78.0978,42.8573],
[78.1805,42.8708],
[78.4522,42.8875],
[78.5164,42.8847],
[78.6703,42.8272],
[79.0314,42.76],
[79.1098,42.7866],
[79.1754,42.7976],
[79.2058,42.7837],
[79.1997,42.7113],
[79.2153,42.6791],
[79.2647,42.6326],
[79.2967,42.6173],
[79.3605,42.6029],
[79.388,42.5663],
[79.4238,42.4906],
[79.4439,42.4722],
[79.5789,42.4534],
[79.713,42.4744],
[79.9565,42.4327],
[80.1155,42.3015],
[80.1728,42.2237],
[80.1922,42.2091],
[80.234,42.1962],
[80.2851,42.2161],
[80.2939,42.2522],
[80.2705,42.3178],
[80.2383,42.3633],
[80.158,42.6325],
[80.2425,42.7891],
[80.258,42.8157],
[80.2818,42.8298],
[80.369,42.825],
[80.5723,42.8855],
[80.5745,42.9122],
[80.5508,42.93],
[80.4901,42.9394],
[80.4423,42.9569],
[80.388,42.9948],
[80.384,43.0291],
[80.6153,43.1322],
[80.6548,43.142],
[80.678,43.1419],
[80.7436,43.1077],
[80.7746,43.1093],
[80.8036,43.1248],
[80.816,43.148],
[80.8153,43.1683],
[80.7778,43.2711],
[80.7397,43.4658],
[80.6191,43.6658],
[80.5485,43.8169],
[80.5178,43.865],
[80.5008,43.9158],
[80.4358,44.0339],
[80.3689,44.1138],
[80.3664,44.1552],
[80.3871,44.1986],
[80.4,44.2612],
[80.3494,44.4472],
[80.385,44.6358],
[80.5126,44.7062],
[80.5159,44.7341],
[80.2622,44.8244],
[80.0533,44.7955],
[79.9987,44.799],
[79.8741,44.8682],
[79.8711,44.9028],
[80.0767,45.0247],
[80.1132,45.0373],
[80.2614,45.0361],
[80.4007,45.0504],
[80.525,45.1086],
[80.7658,45.1519],
[80.9169,45.1503],
[81.3967,45.2704],
[81.5564,45.2958],
[81.6464,45.3419],
[81.6793,45.3497],
[81.7517,45.3451],
[81.7832,45.3214],
[81.8115,45.2728],
[81.8076,45.2195],
[81.8242,45.1962],
[81.948,45.1575],
[82.013,45.1594],
[82.1683,45.2128],
[82.2969,45.2378],
[82.3482,45.2198],
[82.4817,45.1275],
[82.515,45.1194],
[82.5453,45.1223],
[82.5867,45.1526],
[82.6323,45.233],
[82.6586,45.3455],
[82.6598,45.3854],
[82.6462,45.4358],
[82.5892,45.4639],
[82.4098,45.4846],
[82.3536,45.4994],
[82.3351,45.5105],
[82.3173,45.5371],
[82.3218,45.5831],
[82.4139,45.7619],
[82.4808,45.8408],
[82.5108,45.9019],
[82.5589,46.075],
[82.5714,46.1678],
[82.6072,46.2301],
[82.7089,46.3542],
[82.8075,46.6228],
[82.8739,46.7636],
[83.0112,46.9532],
[83.0317,47.0844],
[83.0344,47.2006],
[83.0619,47.22],
[83.1551,47.2247],
[83.1852,47.2141],
[83.2301,47.1842],
[83.3283,47.1678],
[83.425,47.1357],
[83.4601,47.1107],
[83.5587,47.0633],
[83.7811,47.0208],
[83.9,46.9772],
[84.1111,46.9717],
[84.1795,46.9987],
[84.2947,47.0075],
[84.5944,46.9908],
[84.678,46.9936],
[84.7183,46.9787],
[84.7743,46.9357],
[84.7819,46.9144],
[84.7444,46.8332],
[84.8032,46.8277],
[84.9697,46.87],
[84.9846,46.8964],
[85.0233,46.9176],
[85.064,46.9228],
[85.1686,46.9819],
[85.1919,47.0001],
[85.219,47.039],
[85.2669,47.0526],
[85.5226,47.0591],
[85.5655,47.1368],
[85.6895,47.218],
[85.7014,47.2622],
[85.7029,47.376],
[85.6822,47.4092],
[85.6216,47.4733],
[85.6091,47.4994],
[85.6039,47.5222],
[85.6233,47.5975],
[85.6222,47.6211],
[85.5371,47.9372],
[85.5448,47.9699],
[85.5696,47.9964],
[85.6014,48.0708],
[85.6037,48.1247],
[85.6182,48.1651],
[85.7392,48.3564],
[85.766,48.3933],
[85.8036,48.4139],
[86.0305,48.4371],
[86.2349,48.4266],
[86.2971,48.4558],
[86.3225,48.4878],
[86.3441,48.4953],
[86.468,48.4944],
[86.5979,48.5428],
[86.6051,48.5703],
[86.638,48.608],
[86.7789,48.7211],
[86.8078,48.8239],
[86.7464,48.9109],
[86.731,48.972],
[86.7708,49.0236],
[86.876,49.1102],
[87.1754,49.1322],
[87.3739,49.085],
[87.4669,49.0797],
[87.5073,49.0992],
[87.5193,49.1172],
[87.7053,49.163],
[87.8388,49.1731],
[87.888,49.1625],
[87.9923,49.1799],
[88.1566,49.2689],
[88.1734,49.2872],
[88.1335,49.3694],
[88.1794,49.4342],
[88.2208,49.4617],
[88.3464,49.4822],
[88.4078,49.4839],
[88.5689,49.4758],
[88.7308,49.4508],
[88.8517,49.4417],
[88.9028,49.45],
[88.8775,49.4783],
[88.8856,49.5338],
[88.9246,49.5466],
[88.9874,49.4689],
[89.0082,49.4631],
[89.1886,49.5096],
[89.2364,49.546],
[89.2334,49.5702],
[89.201,49.6014],
[89.2041,49.6225],
[89.2233,49.6369],
[89.253,49.643],
[89.2855,49.6325],
[89.3731,49.5821],
[89.403,49.5917],
[89.4569,49.6485],
[89.565,49.6782],
[89.6269,49.6843],
[89.722,49.7224],
[89.735,49.745],
[89.7216,49.7643],
[89.659,49.7882],
[89.6389,49.8531],
[89.6442,49.9012],
[89.6686,49.9222],
[89.7628,49.9467],
[89.9003,49.948],
[89.9814,49.9711],
[90.0211,49.9964],
[90.0319,50.0682],
[90.0486,50.081],
[90.1036,50.0989],
[90.2444,50.1203],
[90.3786,50.1858],
[90.5097,50.2244],
[90.5578,50.2261],
[90.6433,50.2119],
[90.6986,50.2194],
[90.8931,50.3392],
[90.9592,50.3961],
[91.0025,50.4225],
[91.0396,50.4342],
[91.1597,50.4339],
[91.3511,50.4761],
[91.458,50.5078],
[91.6155,50.5778],
[91.6532,50.6311],
[91.6976,50.6605],
[91.8197,50.7033],
[91.9522,50.7144],
[92.0853,50.6917],
[92.1903,50.6972],
[92.2642,50.7271],
[92.2954,50.755],
[92.3172,50.7907],
[92.3228,50.815],
[92.4478,50.8108],
[92.4703,50.7871],
[92.6405,50.6883],
[92.6989,50.6831],
[92.7625,50.7143],
[92.7792,50.7406],
[92.7894,50.7806],
[92.8126,50.7946],
[92.9332,50.7996],
[92.9678,50.7931],
[92.9944,50.7725],
[92.9986,50.7486],
[92.9708,50.6709],
[93.0265,50.6108],
[93.0889,50.5997],
[93.3415,50.6047],
[93.4508,50.6221],
[93.578,50.5903],
[93.736,50.5793],
[93.983,50.5853],
[94.2444,50.5756],
[94.2837,50.5649],
[94.3017,50.5487],
[94.3522,50.415],
[94.3573,50.3114],
[94.3869,50.2196],
[94.431,50.1867],
[94.5048,50.167],
[94.629,50.0272],
[94.6647,50.026],
[94.8198,50.06],
[94.9803,50.0521],
[95.0645,49.9644],
[95.0973,49.9565],
[95.414,49.9569],
[95.4386,49.9499],
[95.4916,49.9077],
[95.5242,49.8953],
[95.7476,49.9605],
[95.7855,50.0021],
[95.826,50.0235],
[95.864,50.0251],
[95.9115,50.01],
[95.9351,49.9618],
[95.9565,49.945],
[95.9866,49.9518],
[96.0347,49.9914],
[96.0681,50.0058],
[96.1066,50.0019],
[96.2747,49.9536],
[96.2968,49.9447],
[96.3344,49.9108],
[96.3835,49.8932],
[96.4068,49.8951],
[96.4875,49.9262],
[96.5437,49.9267],
[96.568,49.9121],
[96.5903,49.8668],
[96.614,49.8636],
[96.7179,49.9205],
[97.0075,49.8892],
[97.1486,49.7969],
[97.1708,49.7612],
[97.2775,49.7336],
[97.3485,49.7365],
[97.4841,49.7875],
[97.5654,49.8303],
[97.5966,49.8552],
[97.6065,49.8765],
[97.7191,49.9517],
[97.7898,49.9683],
[97.8122,49.9594],
[97.8908,49.9556],
[98.1018,50.0457],
[98.199,50.1618],
[98.2932,50.3028],
[98.3284,50.4712],
[98.3183,50.5271],
[98.2829,50.5558],
[98.2511,50.565],
[98.166,50.5697],
[98.0655,50.6286],
[97.9671,50.773],
[97.9681,50.7994],
[98.0094,50.8533],
[97.9483,50.9057],
[97.8986,50.92],
[97.8688,50.9378],
[97.8306,50.9993],
[97.8789,51.0622],
[97.9089,51.1194],
[97.9565,51.2183],
[97.9547,51.2526],
[97.9978,51.3736],
[98.0581,51.4627],
[98.1104,51.4795],
[98.1379,51.4795],
[98.2033,51.461],
[98.2356,51.4655],
[98.2576,51.5078],
[98.2598,51.5283],
[98.2472,51.5785],
[98.3125,51.6994],
[98.3383,51.7196],
[98.3936,51.7369],
[98.6312,51.7825],
[98.708,51.828],
[98.7653,51.8844],
[98.8711,52.044],
[98.8797,52.1117],
[98.9043,52.1341],
[98.9339,52.1417],
[99.0202,52.0653],
[99.2933,51.9697],
[99.3171,51.951],
[99.345,51.9422],
[99.5708,51.9005],
[99.7286,51.8905],
[99.8871,51.7778],
[99.9469,51.7514],
[100.0219,51.7396],
[100.2528,51.7317],
[100.5575,51.735],
[100.6941,51.6989],
[101.038,51.5761],
[101.1239,51.5508],
[101.2447,51.5292],
[101.2816,51.5156],
[101.3476,51.4637],
[101.3855,51.4519],
[101.4086,51.4521],
[101.5143,51.4827],
[101.6011,51.4842],
[101.7408,51.4592],
[101.8672,51.4194],
[101.9928,51.3955],
[102.0821,51.3889],
[102.2236,51.3266],
[102.225,51.3064],
[102.1628,51.2518],
[102.1683,51.1204],
[102.2153,51.031],
[102.2549,50.987],
[102.2621,50.8886],
[102.236,50.8559],
[102.2355,50.8205],
[102.2765,50.7811],
[102.3397,50.7507],
[102.3549,50.7209],
[102.3459,50.7015],
[102.2948,50.6454],
[102.2965,50.6242],
[102.3122,50.5936],
[102.3322,50.5658],
[102.3537,50.5527],
[102.4865,50.5317],
[102.541,50.509],
[102.5953,50.4528],
[102.6059,50.4244],
[102.6345,50.4084],
[102.7797,50.3872],
[102.9186,50.3153],
[103.0075,50.3029],
[103.1575,50.3128],
[103.2236,50.3086],
[103.2542,50.293],
[103.2802,50.222],
[103.3167,50.1994],
[103.5314,50.1756],
[103.6489,50.1374],
[103.7062,50.1375],
[103.7354,50.1473],
[103.7715,50.1849],
[103.8257,50.2012],
[104.0305,50.1492],
[104.1121,50.1524],
[104.2546,50.1887],
[104.2934,50.2382],
[104.4182,50.3092],
[104.4966,50.3204],
[104.6208,50.318],
[104.7094,50.3591],
[104.9667,50.4048],
[104.9988,50.4078],
[105.0593,50.3921],
[105.1322,50.3983],
[105.1872,50.4183],
[105.283,50.473],
[105.3355,50.4836],
[105.7283,50.4308],
[105.8075,50.436],
[105.9892,50.4105],
[106.026,50.4005],
[106.0694,50.3753],
[106.0743,50.3458],
[106.245,50.3],
[106.2748,50.2989],
[106.3279,50.3141],
[106.5469,50.3461],
[106.663,50.3386],
[106.7882,50.3105],
[107.0075,50.1992],
[107.0808,50.0832],
[107.1761,50.0269],
[107.2549,50.0032],
[107.4628,49.9823],
[107.7457,49.9799],
[107.8165,49.9489],
[107.9058,49.9447],
[107.9844,49.9289],
[107.9758,49.7889],
[107.9504,49.6894],
[108.0715,49.5903],
[108.2986,49.4933],
[108.3637,49.4418],
[108.5278,49.3458],
[108.5635,49.3349],
[108.6508,49.3317],
[108.9593,49.3565],
[109.0268,49.3383],
[109.075,49.3344],
[109.1976,49.3599],
[109.3445,49.3392],
[109.4964,49.2604],
[109.5171,49.2422],
[109.5535,49.2315],
[109.8019,49.2192],
[110.208,49.1692],
[110.2683,49.175],
[110.3522,49.2136],
[110.4819,49.2],
[110.6625,49.1458],
[110.7886,49.1494],
[110.9561,49.1913],
[111.0087,49.2143],
[111.1285,49.2875],
[111.3269,49.3425],
[111.4522,49.3544],
[111.4987,49.3501],
[111.5441,49.3582],
[111.6453,49.3983],
[111.6915,49.4069],
[111.8408,49.398],
[111.9639,49.4069],
[112.1314,49.4369],
[112.4917,49.5414],
[112.6496,49.5189],
[112.7105,49.4989],
[112.7743,49.5024],
[112.8314,49.5183],
[113.0962,49.6037],
[113.0981,49.6702],
[113.1868,49.7943],
[113.2384,49.831],
[113.4605,49.9362],
[113.4842,49.9636],
[113.5569,50.0019],
[113.7851,50.0868],
[113.8721,50.0871],
[114.0119,50.1742],
[114.1764,50.2483],
[114.3225,50.2843],
[114.3493,50.2812],
[114.4439,50.2453],
[114.5553,50.2461],
[114.666,50.2644],
[114.8473,50.2299],
[115.0341,50.1451],
[115.095,50.0811],
[115.2133,49.9933],
[115.3908,49.9037],
[115.4147,49.8983],
[115.522,49.8953],
[115.5794,49.9072],
[115.73,49.8808],
[115.788,49.8955],
[116.0697,50.0028],
[116.1505,50.0211],
[116.2461,50.0275],
[116.4521,49.9599],
[116.6169,49.929],
[116.7158,49.8275],
[116.983,49.7094],
[117.2594,49.6311],
[117.4944,49.623],
[117.7948,49.5182],
[117.8747,49.5206],
[118.1722,49.6689],
[118.4807,49.8417],
[118.4923,49.87],
[118.5746,49.9226],
[118.6747,49.9553],
[118.7159,49.9494],
[118.9215,49.9863],
[119.0003,49.9769],
[119.1741,50.0014],
[119.2166,50.0171],
[119.321,50.0963],
[119.3465,50.1502],
[119.3459,50.1933],
[119.329,50.2104],
[119.3301,50.2753],
[119.36,50.3303],
[119.348,50.3462],
[119.1983,50.3453],
[119.1767,50.3528],
[119.1386,50.3903],
[119.1665,50.4126],
[119.2042,50.4108],
[119.238,50.441],
[119.2555,50.4705],
[119.2633,50.5142],
[119.2941,50.5975],
[119.4588,50.6962],
[119.506,50.749],
[119.5167,50.7936],
[119.5208,50.9024],
[119.5897,50.9728],
[119.6888,51.0184],
[119.7479,51.0765],
[119.7803,51.1687],
[119.7662,51.1886],
[119.7761,51.2136],
[119.8155,51.2692],
[119.8643,51.2872],
[119.9566,51.39],
[119.9714,51.4236],
[119.983,51.493],
[120.0641,51.6208],
[120.1077,51.6642],
[120.1616,51.6667],
[120.1972,51.6861],
[120.2222,51.7125],
[120.3103,51.773],
[120.4916,51.8786],
[120.652,51.9143],
[120.711,51.98],
[120.7767,52.115],
[120.7818,52.1576],
[120.7219,52.2517],
[120.6525,52.2987],
[120.6259,52.3442],
[120.6833,52.4285],
[120.7122,52.5427],
[120.4403,52.6372],
[120.2894,52.6155],
[120.1856,52.5798],
[120.0819,52.588],
[120.0406,52.6068],
[120.0257,52.6415],
[120.0314,52.7682],
[120.1168,52.8069],
[120.1687,52.8097],
[120.2687,52.8571],
[120.3306,52.8978],
[120.3507,52.9253],
[120.4695,53.0201],
[120.6939,53.1592],
[120.8307,53.2637],
[120.8665,53.2798],
[121.0661,53.2914],
[121.13,53.2725],
[121.2119,53.2715],
[121.3336,53.3192],
[121.4192,53.3159],
[121.523,53.3331],
[121.83,53.413],
[121.9535,53.4222],
[122.0614,53.4129],
[122.2461,53.4569],
[122.4817,53.4489],
[122.6128,53.4567],
[122.8148,53.4497],
[122.9236,53.4786],
[123.1533,53.5005],
[123.2258,53.5461],
[123.2547,53.5537],
[123.3144,53.5494],
[123.3746,53.5292],
[123.4427,53.5225],
[123.4872,53.5394],
[123.6147,53.5436],
[123.9108,53.4647],
[123.9815,53.4313],
[124.0218,53.3858],
[124.1044,53.3408],
[124.1332,53.3362],
[124.1944,53.3608],
[124.2294,53.3631],
[124.269,53.3468],
[124.3222,53.2879],
[124.3389,53.2556],
[124.4022,53.2122],
[124.4933,53.1883],
[124.6439,53.1878],
[124.8183,53.1269],
[124.879,53.1467],
[124.919,53.1719],
[124.9636,53.1828],
[125.1342,53.1975],
[125.165,53.193],
[125.4855,53.0692],
[125.62,53.0503],
[125.7275,52.9815],
[125.7223,52.9457],
[125.6603,52.9236],
[125.645,52.8976],
[125.6573,52.8752],
[125.7444,52.89],
[125.8557,52.8628],
[125.8758,52.8361],
[125.9729,52.764],
[126.011,52.778],
[126.0648,52.7816],
[126.0968,52.7572],
[126.0372,52.7161],
[125.973,52.6375],
[125.9766,52.6108],
[125.9943,52.5761],
[126.0332,52.5643],
[126.0869,52.5892],
[126.18,52.544],
[126.2018,52.5278],
[126.2113,52.5057],
[126.1964,52.4764],
[126.209,52.4607],
[126.2388,52.4634],
[126.2757,52.4535],
[126.3339,52.3958],
[126.3473,52.3692],
[126.3486,52.2917],
[126.3278,52.2347],
[126.3075,52.2126],
[126.3189,52.1922],
[126.4698,52.1657],
[126.555,52.1269],
[126.5346,52.0694],
[126.5094,52.0374],
[126.4768,52.034],
[126.4546,52.0207],
[126.4412,51.9944],
[126.4711,51.93],
[126.6092,51.7872],
[126.7184,51.7101],
[126.7264,51.6341],
[126.7944,51.4231],
[126.8936,51.3986],
[126.9139,51.3814],
[126.8904,51.3503],
[126.8198,51.3274],
[126.8073,51.3046],
[126.8176,51.2656],
[126.8511,51.2412],
[126.8935,51.2412],
[126.9003,51.2606],
[126.8938,51.3032],
[126.9689,51.3192],
[126.9752,51.2997],
[126.9061,51.2107],
[126.8987,51.1811],
[126.9331,51.0583],
[127.0461,50.9554],
[127.1332,50.9096],
[127.193,50.8247],
[127.2919,50.7414],
[127.2792,50.6847],
[127.3586,50.5959],
[127.3669,50.5761],
[127.3618,50.5512],
[127.3332,50.5246],
[127.2909,50.4592],
[127.334,50.3147],
[127.3755,50.2868],
[127.5433,50.2311],
[127.5811,50.2096],
[127.5855,50.1677],
[127.5744,50.1369],
[127.4896,50.0454],
[127.4859,50.0189],
[127.5062,49.8275],
[127.515,49.8059],
[127.5357,49.7858],
[127.6283,49.765],
[127.6718,49.746],
[127.6888,49.6704],
[127.838,49.5867],
[128.1028,49.5367],
[128.1868,49.5342],
[128.3978,49.5771],
[128.653,49.5922],
[128.7119,49.5844],
[128.7903,49.5682],
[128.8033,49.5469],
[128.8752,49.4778],
[129.0024,49.436],
[129.0241,49.4153],
[129.0523,49.364],
[129.1118,49.3468],
[129.1364,49.3524],
[129.1847,49.3875],
[129.3905,49.4279],
[129.4212,49.4313],
[129.4902,49.4158],
[129.5235,49.3912],
[129.5307,49.3139],
[129.5524,49.2878],
[129.6052,49.2683],
[129.686,49.2789],
[129.7255,49.2622],
[129.7366,49.2277],
[129.7321,49.2023],
[129.7463,49.1816],
[129.7736,49.1702],
[129.9127,49.0717],
[129.9076,49.0417],
[130.2246,48.8646],
[130.2643,48.8603],
[130.418,48.8961],
[130.4515,48.8924],
[130.4847,48.861],
[130.509,48.8515],
[130.5643,48.8564],
[130.6353,48.875],
[130.674,48.8604],
[130.6705,48.8397],
[130.6338,48.8105],
[130.5236,48.6058],
[130.6094,48.52],
[130.7375,48.4294],
[130.824,48.3268],
[130.8315,48.2939],
[130.7539,48.1925],
[130.6784,48.139],
[130.6598,48.1084],
[130.6796,48.0476],
[130.8837,47.9062],
[130.93,47.8386],
[130.9461,47.7978],
[130.9351,47.7408],
[130.94,47.7203],
[130.9922,47.6872],
[131.0859,47.6722],
[131.2682,47.7303],
[131.4167,47.7386],
[131.535,47.7192],
[131.5471,47.6975],
[131.618,47.6639],
[131.8152,47.6747],
[131.915,47.67],
[132.1216,47.6928],
[132.2897,47.7364],
[132.3411,47.7425],
[132.5211,47.7103],
[132.5779,47.7333],
[132.6621,47.8719],
[132.8639,47.9944],
[133.0827,48.0989],
[133.1941,48.1094],
[133.2722,48.1042],
[133.4287,48.0854],
[133.4843,48.0689],
[133.5152,48.0759],
[133.5408,48.0989],
[133.5963,48.174],
[133.7514,48.2497],
[133.8847,48.2642],
[134.011,48.3057],
[134.0393,48.3231],
[134.2069,48.3425],
[134.4153,48.3911],
[134.4827,48.3503],
[134.7169,48.2658],
[134.6808,48.2147],
[134.6862,48.1828],
[134.661,48.1006],
[134.6016,48.0762],
[134.5818,48.0604],
[134.5662,48.0321],
[134.5576,47.9921],
[134.5937,47.9111],
[134.6844,47.8009],
[134.7685,47.7373],
[134.7608,47.7003],
[134.5548,47.4691],
[134.4858,47.4296],
[134.3875,47.4308],
[134.3147,47.4211],
[134.2958,47.4136],
[134.1825,47.3233],
[134.1493,47.2486],
[134.2228,47.13],
[134.2152,47.0997],
[134.1872,47.0839],
[134.1371,47.0767],
[134.1136,47.0558],
[134.0658,46.9542],
[134.0394,46.8605],
[134.0433,46.7668],
[134.0194,46.6667],
[133.9709,46.6113],
[133.9089,46.5781],
[133.8472,46.4789],
[133.8505,46.4432],
[133.9028,46.4212],
[133.9297,46.3819],
[133.9016,46.2536],
[133.8302,46.195],
[133.7447,46.1558],
[133.7238,46.069],
[133.6602,45.9352],
[133.5795,45.8713],
[133.5506,45.8846],
[133.5211,45.8834],
[133.4761,45.8235],
[133.4875,45.6783],
[133.4702,45.6246],
[133.3822,45.57],
[133.2441,45.5161],
[133.1922,45.5038],
[133.1491,45.4508],
[133.1302,45.4146],
[133.1019,45.2944],
[133.0992,45.2289],
[133.1262,45.1647],
[133.1175,45.1246],
[133.0253,45.0569],
[132.9315,45.0214],
[132.7994,45.065],
[131.9924,45.2414],
[131.9237,45.2861],
[131.8958,45.3376],
[131.8684,45.3458],
[131.8362,45.3343],
[131.7033,45.2161],
[131.6528,45.1337],
[131.6464,45.1081],
[131.4691,44.9739],
[131.3411,44.971],
[131.2862,44.9318],
[131.2125,44.9105],
[131.1771,44.9119],
[131.1493,44.9281],
[131.1245,44.9274],
[131.0677,44.9097],
[130.953,44.8365],
[131.0007,44.7819],
[131.0556,44.7535],
[131.0955,44.6914],
[131.298,44.0519],
[131.2444,44.0214],
[131.2311,43.9739],
[131.1991,43.8189],
[131.1912,43.5362],
[131.301,43.4571],
[131.3104,43.3896],
[131.2642,43.2703],
[131.1919,43.1858],
[131.1062,43.0389],
[131.104,42.9822],
[131.1334,42.9397],
[131.1285,42.9164],
[131.0214,42.8571],
[130.8872,42.8518],
[130.8186,42.8761],
[130.7955,42.8719],
[130.638,42.8317],
[130.4327,42.7449],
[130.4111,42.7031],
[130.4711,42.6792],
[130.5361,42.682],
[130.585,42.645],
[130.6052,42.6197],
[130.6187,42.5854],
[130.5803,42.4811],
[130.6044,42.4219],
[130.6328,42.4114],
[130.659,42.3753],
[130.655,42.3181],
[130.6974,42.2922],
[130.7441,42.3308],
[130.869,42.5238],
[130.8372,42.5564],
[130.7903,42.5653],
[130.7475,42.5867],
[130.6766,42.652],
[130.7142,42.6856],
[130.8052,42.688],
[130.9677,42.6272],
[131.1143,42.6626],
[131.1642,42.6036],
[131.1672,42.5751],
[131.2029,42.5559],
[131.2232,42.5583],
[131.2323,42.5926],
[131.2122,42.6149],
[131.2193,42.6512],
[131.2781,42.7637],
[131.3564,42.7994],
[131.4726,42.8719],
[131.525,43.0053],
[131.5841,43.0455],
[131.7536,43.2214],
[131.7617,43.2779],
[131.7775,43.304],
[131.8105,43.3256],
[132.0508,43.313],
[132.045,43.2805],
[131.9918,43.2353],
[131.9314,43.2142],
[131.9083,43.1944],
[131.8447,43.0833],
[131.9489,43.0637],
[132.0461,43.1237],
[132.0973,43.1764],
[132.229,43.2305],
[132.287,43.2876],
[132.3025,43.3172],
[132.3513,43.2923],
[132.3688,43.2133],
[132.3052,43.053],
[132.2847,42.9614],
[132.2879,42.8797],
[132.3112,42.8464],
[132.3517,42.8508],
[132.3517,42.8964],
[132.423,42.9294],
[132.4619,42.9336],
[132.5062,42.9092],
[132.5891,42.8419],
[132.7719,42.87],
[132.7744,42.8205],
[132.7983,42.7629],
[132.8468,42.74],
[132.8777,42.754],
[132.8917,42.7976],
[132.9161,42.8183],
[132.9944,42.8188],
[133.0394,42.7708],
[133.029,42.7403],
[133.0008,42.716],
[133.033,42.6844],
[133.1548,42.6826],
[133.1889,42.6992],
[133.2164,42.728],
[133.3715,42.7568],
[133.5697,42.8192],
[133.9054,42.8753],
[133.9402,42.8914],
[134.1857,43.0782],
[134.348,43.118],
[134.5977,43.2322],
[134.8626,43.3949],
[135.0573,43.4885],
[135.1311,43.5034],
[135.2225,43.6386],
[135.2744,43.6877],
[135.3591,43.7147],
[135.4223,43.7561],
[135.4666,43.8019],
[135.5031,43.8486],
[135.5024,43.8787],
[135.4769,43.8761],
[135.4595,43.9438],
[135.5599,44.0114],
[135.5983,44.0136],
[135.6309,44.0413],
[135.6473,44.1564],
[135.7225,44.2339],
[135.8014,44.2647],
[135.8373,44.3171],
[135.8369,44.3491],
[135.8919,44.4017],
[136.0494,44.4458],
[136.1301,44.4771],
[136.184,44.5136],
[136.2256,44.5983],
[136.2273,44.629],
[136.2438,44.6635],
[136.3739,44.7877],
[136.4375,44.7864],
[136.5597,44.9183],
[136.6008,44.9808],
[136.6547,45.0301],
[136.6955,45.0514],
[136.793,45.1383],
[136.8577,45.2133],
[137.0911,45.3547],
[137.1766,45.4161],
[137.2592,45.4793],
[137.2908,45.525],
[137.3772,45.6096],
[137.5283,45.6914],
[137.664,45.7885],
[137.69,45.8228],
[137.7055,45.8601],
[137.775,45.9339],
[138.0625,46.1811],
[138.1014,46.2248],
[138.1106,46.2479],
[138.1103,46.2773],
[138.1571,46.3836],
[138.2,46.4467],
[138.2336,46.4826],
[138.3051,46.5135],
[138.3434,46.5491],
[138.3531,46.5832],
[138.3447,46.6258],
[138.3486,46.6458],
[138.3839,46.7347],
[138.5552,47.0189],
[138.6068,47.0786],
[138.6722,47.1133],
[138.763,47.1789],
[138.8961,47.3078],
[138.9872,47.3544],
[139.0439,47.4051],
[139.0522,47.4398],
[139.0455,47.4708],
[139.284,47.8143],
[139.425,47.9222],
[139.5229,47.968],
[139.655,48.0669],
[139.7041,48.1205],
[139.8655,48.2392],
[140.0052,48.3233],
[140.1761,48.4501],
[140.1918,48.5149],
[140.1755,48.548],
[140.1843,48.6703],
[140.2133,48.7636],
[140.2451,48.8397],
[140.2664,48.8593],
[140.3482,48.9054],
[140.3887,48.9658],
[140.3933,48.9908],
[140.3672,49.0103],
[140.34,49.2719],
[140.4344,49.3539],
[140.5539,49.5568],
[140.5283,49.7286],
[140.4451,49.8163],
[140.4107,49.8655],
[140.4866,49.9789],
[140.559,50.0025],
[140.6583,50.0536],
[140.6897,50.0901],
[140.63,50.0904],
[140.5923,50.0741],
[140.5338,50.1311],
[140.5162,50.1714],
[140.5169,50.19],
[140.5325,50.2171],
[140.5272,50.3664],
[140.5087,50.4442],
[140.4933,50.4699],
[140.4493,50.5115],
[140.4394,50.5369],
[140.4861,50.6096],
[140.4616,50.7018],
[140.5286,50.8655],
[140.5875,50.9158],
[140.6772,50.9466],
[140.7106,51.0515],
[140.6761,51.1736],
[140.69,51.317],
[140.7291,51.3358],
[140.8184,51.336],
[140.8675,51.3615],
[140.8863,51.4233],
[140.8143,51.4133],
[140.7962,51.4554],
[140.8356,51.4819],
[140.8809,51.4796],
[140.9025,51.4941],
[140.9083,51.6124],
[140.9961,51.6594],
[141.0816,51.6783],
[141.1875,51.7939],
[141.2011,51.823],
[141.276,51.8743],
[141.3652,51.9069],
[141.4015,51.9087],
[141.4227,51.923],
[141.4281,51.944],
[141.3053,52.0088],
[141.3097,52.0331],
[141.3433,52.1031],
[141.3986,52.1383],
[141.4864,52.1611],
[141.5069,52.2118],
[141.4344,52.2137],
[141.3955,52.2257],
[141.2772,52.2889],
[141.1648,52.3624],
[141.1306,52.4093],
[141.1243,52.4305],
[141.1277,52.4608],
[141.1498,52.4832],
[141.2202,52.5072],
[141.2839,52.5846],
[141.3127,52.658],
[141.2008,52.843],
[141.0794,52.8797],
[140.9595,52.941],
[140.9411,52.9883],
[140.7133,53.1158],
[140.8407,53.12],
[141.1273,52.9849],
[141.1783,52.9814],
[141.2066,52.9887],
[141.2536,53.0274],
[141.1901,53.0406],
[141.2364,53.0778],
[141.2608,53.0905],
[141.3539,53.0955],
[141.4358,53.1537],
[141.4148,53.2936],
[141.3944,53.3029],
[141.3127,53.3119],
[141.2418,53.3076],
[141.1411,53.3611],
[140.926,53.4359],
[140.9389,53.4814],
[140.9641,53.4993],
[140.7858,53.5525],
[140.5552,53.6478],
[140.5277,53.6852],
[140.5386,53.7096],
[140.4536,53.7572],
[140.3819,53.7694],
[140.3608,53.7799],
[140.2559,53.8626],
[140.2586,53.9842],
[140.2402,54.05],
[140.1389,54.088],
[140.0275,54.1103],
[139.8152,54.2114],
[139.7926,54.2276],
[139.8018,54.2924],
[139.7519,54.3082],
[139.7019,54.298],
[139.6358,54.2583],
[139.3369,54.1833],
[139.2086,54.195],
[138.9952,54.2289],
[138.8711,54.2636],
[138.7315,54.3144],
[138.7036,54.3133],
[138.6578,54.2887],
[138.7122,54.273],
[138.7413,54.249],
[138.7785,54.0472],
[138.7761,54.0244],
[138.7052,53.8317],
[138.6489,53.72],
[138.5502,53.5797],
[138.4652,53.5211],
[138.4306,53.5069],
[138.2494,53.5204],
[138.2395,53.5593],
[138.3903,53.6919],
[138.473,53.7508],
[138.5071,53.7645],
[138.5713,53.815],
[138.5898,53.8545],
[138.5733,53.9519],
[138.5539,53.9894],
[138.3911,53.92],
[138.3414,53.8857],
[138.2928,53.7428],
[138.1814,53.6867],
[138.1058,53.6642],
[137.8989,53.5733],
[137.683,53.5425],
[137.3892,53.525],
[137.3108,53.5328],
[137.2427,53.5569],
[137.2121,53.582],
[137.2291,53.6035],
[137.2672,53.6097],
[137.2997,53.6405],
[137.3368,53.6607],
[137.4861,53.6644],
[137.5641,53.7306],
[137.5647,53.778],
[137.5975,53.8267],
[137.6514,53.8611],
[137.6944,53.8778],
[137.7816,53.8969],
[137.8558,53.9619],
[137.6639,53.9658],
[137.5954,53.9537],
[137.5585,53.9644],
[137.427,54.0355],
[137.3405,54.0408],
[137.3058,54.0515],
[137.2933,54.075],
[137.3186,54.1215],
[137.3574,54.1353],
[137.4291,54.1458],
[137.452,54.1372],
[137.5122,54.1511],
[137.6133,54.2305],
[137.7411,54.3074],
[137.6871,54.3205],
[137.651,54.2949],
[137.5393,54.2921],
[137.4931,54.3105],
[137.3875,54.305],
[137.1924,54.2175],
[137.0633,54.1375],
[137.1777,54.0351],
[137.2536,54.0444],
[137.2827,54.0377],
[137.2644,53.9808],
[137.2005,53.868],
[137.1755,53.838],
[137.1428,53.8139],
[137.113,53.8042],
[137.0748,53.8136],
[137.06,53.8321],
[137.0268,53.8447],
[136.9376,53.8519],
[136.8416,53.8254],
[136.7719,53.7664],
[136.7608,53.7686],
[136.681,53.8108],
[136.654,53.9196],
[136.6886,54.0062],
[136.7644,54.0697],
[136.8055,54.1317],
[136.81,54.1546],
[136.7661,54.2172],
[136.7483,54.428],
[136.8077,54.5108],
[136.8804,54.5832],
[136.8122,54.6502],
[136.7686,54.6469],
[136.7216,54.6131],
[136.5358,54.5896],
[136.2094,54.6172],
[136.1,54.6067],
[135.973,54.5744],
[135.8611,54.5678],
[135.7309,54.5717],
[135.7053,54.5839],
[135.6741,54.64],
[135.4228,54.6975],
[135.2614,54.7205],
[135.1776,54.805],
[135.1648,54.824],
[135.1564,54.8612],
[135.1711,54.8864],
[135.2175,54.9303],
[135.558,55.1237],
[135.7136,55.1363],
[135.7438,55.1455],
[136.064,55.2957],
[136.127,55.3019],
[136.2989,55.4347],
[136.3291,55.5042],
[136.3582,55.5346],
[136.4169,55.5686],
[136.4444,55.5819],
[136.538,55.6014],
[136.6667,55.6575],
[136.7286,55.6615],
[136.9688,55.7908],
[137.273,55.923],
[137.5636,56.1072],
[137.7258,56.175],
[137.8422,56.2505],
[137.8816,56.2892],
[137.9167,56.3453],
[138.0589,56.3992],
[138.1444,56.458],
[138.1491,56.4961],
[138.1297,56.5217],
[138.1161,56.567],
[138.138,56.5936],
[138.2628,56.6467],
[138.3058,56.7167],
[138.4009,56.737],
[138.4784,56.8457],
[138.5872,56.875],
[138.6141,56.9472],
[138.6528,56.9855],
[138.9098,57.0268],
[138.9652,57.0614],
[139.0827,57.1697],
[139.1204,57.2221],
[139.179,57.2639],
[139.4108,57.3182],
[139.4711,57.3181],
[139.5651,57.3804],
[139.5825,57.4277],
[139.5966,57.4442],
[139.6887,57.483],
[139.8215,57.5008],
[139.8397,57.5094],
[139.8843,57.578],
[139.9447,57.65],
[140.0097,57.6958],
[140.067,57.722],
[140.2477,57.7592],
[140.2904,57.7618],
[140.3136,57.7528],
[140.3744,57.7697],
[140.5012,57.8265],
[140.5155,57.9417],
[140.6848,58.2305],
[140.7903,58.3085],
[140.9022,58.3753],
[141.0204,58.4321],
[141.1141,58.4683],
[141.2198,58.4775],
[141.3364,58.5178],
[141.5303,58.6025],
[141.6975,58.6908],
[141.8391,58.8133],
[141.9525,58.9486],
[142.1597,59.0692],
[142.3033,59.1378],
[142.5422,59.2255],
[142.9822,59.3119],
[143.2111,59.3767],
[143.3355,59.3692],
[143.4257,59.338],
[143.4733,59.3378],
[143.5764,59.3483],
[143.7847,59.3997],
[143.9264,59.4133],
[144.3786,59.3976],
[144.4488,59.3812],
[144.5916,59.3719],
[144.6382,59.3751],
[144.6177,59.3892],
[144.7614,59.395],
[144.8236,59.3789],
[144.8844,59.3755],
[145.0591,59.3844],
[145.2496,59.4229],
[145.2936,59.4133],
[145.3148,59.394],
[145.6656,59.4247],
[145.8058,59.4022],
[145.9084,59.4133],
[145.9234,59.3849],
[145.9107,59.35],
[145.8662,59.3342],
[145.7975,59.2651],
[145.8112,59.2451],
[145.9565,59.1522],
[145.9905,59.1489],
[146.1083,59.1717],
[146.3145,59.1825],
[146.3418,59.2011],
[146.3208,59.2931],
[146.3175,59.3617],
[146.3252,59.3906],
[146.3699,59.4182],
[146.4589,59.4528],
[146.5117,59.4611],
[146.5446,59.459],
[146.6644,59.4244],
[146.6966,59.3981],
[146.7454,59.3737],
[146.8747,59.3583],
[146.9411,59.3733],
[146.9989,59.3733],
[147.0789,59.3553],
[147.1648,59.3185],
[147.2972,59.3257],
[147.374,59.2985],
[147.4257,59.2619],
[147.4891,59.2397],
[147.5522,59.2487],
[147.5444,59.2743],
[147.5627,59.2897],
[147.6061,59.2992],
[147.6473,59.2976],
[147.7067,59.2649],
[147.7808,59.2681],
[147.8295,59.2882],
[147.7818,59.3494],
[147.8161,59.3737],
[147.8434,59.3828],
[148.2127,59.4189],
[148.3652,59.394],
[148.3985,59.3608],
[148.411,59.2624],
[148.5441,59.2458],
[148.799,59.2811],
[148.8237,59.2771],
[148.9048,59.2407],
[148.9487,59.2587],
[148.9622,59.3801],
[148.8614,59.4022],
[148.7718,59.3639],
[148.7218,59.37],
[148.703,59.3829],
[148.6897,59.4215],
[148.6947,59.4489],
[148.743,59.4917],
[148.836,59.5476],
[148.8616,59.5526],
[148.8778,59.5392],
[148.848,59.5221],
[148.8415,59.4996],
[148.8549,59.4799],
[148.9025,59.4626],
[148.987,59.4607],
[149.0886,59.493],
[149.2091,59.4689],
[149.2097,59.5061],
[149.1726,59.5344],
[149.0844,59.551],
[149.0335,59.6316],
[149.3469,59.7419],
[149.3722,59.76],
[149.592,59.7712],
[149.6403,59.7694],
[149.8086,59.7394],
[150.0766,59.6728],
[150.2968,59.6475],
[150.4165,59.6214],
[150.4361,59.5928],
[150.5247,59.5539],
[150.5741,59.5503],
[150.7069,59.5754],
[150.7282,59.5563],
[150.6941,59.5447],
[150.5877,59.5342],
[150.4984,59.5158],
[150.462,59.4912],
[150.6844,59.5103],
[150.7289,59.4938],
[150.6812,59.4523],
[150.7132,59.443],
[150.8694,59.4525],
[150.9369,59.4715],
[150.9228,59.5069],
[150.8891,59.5205],
[150.8695,59.5532],
[150.9039,59.5667],
[151.0494,59.5905],
[151.1019,59.5917],
[151.2375,59.5681],
[151.3861,59.5711],
[151.6058,59.4726],
[151.6597,59.4256],
[151.7167,59.3533],
[151.7486,59.2961],
[151.9815,59.2649],
[152.0697,59.2892],
[152.1417,59.2922],
[152.2843,59.2201],
[152.2643,59.206],
[152.1664,59.2019],
[152.0453,59.1528],
[151.8003,59.153],
[151.6071,59.1676],
[151.4441,59.1589],
[151.2894,59.1133],
[151.1636,59.0904],
[151.0768,59.106],
[151.1347,59.0308],
[151.2164,58.9442],
[151.2726,58.9207],
[151.3139,58.8603],
[151.3087,58.839],
[151.3358,58.84],
[151.4555,58.8753],
[151.4941,58.8761],
[151.563,58.8519],
[151.6139,58.8519],
[152.0608,58.8961],
[152.088,58.9017],
[152.1214,58.9226],
[152.1102,58.9631],
[152.1243,58.9892],
[152.1919,59.0067],
[152.3572,59.0233],
[152.4723,58.9976],
[152.5675,58.9547],
[152.7377,58.9211],
[152.8772,58.9175],
[152.994,59.0751],
[153.1136,59.09],
[153.2691,59.0905],
[153.331,59.2256],
[153.3616,59.2417],
[153.4507,59.2379],
[153.6591,59.1903],
[153.7953,59.1744],
[153.835,59.1494],
[153.9148,59.0776],
[154.0221,59.0461],
[154.0411,59.0455],
[154.1555,59.0959],
[154.2551,59.0803],
[154.29,59.0939],
[154.3457,59.1363],
[154.3169,59.1774],
[154.3307,59.2027],
[154.4511,59.22],
[154.4886,59.2162],
[154.5289,59.1987],
[154.6141,59.1475],
[154.6487,59.1365],
[154.7416,59.1269],
[154.7425,59.1614],
[154.8286,59.1894],
[155.0997,59.1872],
[155.1403,59.2041],
[155.1863,59.3616],
[155.148,59.3842],
[155.0832,59.3932],
[155.0236,59.4367],
[154.9877,59.4803],
[154.9669,59.493],
[154.9344,59.4933],
[154.8488,59.4625],
[154.7615,59.4822],
[154.6908,59.5172],
[154.4379,59.5485],
[154.4169,59.5453],
[154.4316,59.4842],
[154.5014,59.433],
[154.4198,59.4225],
[154.3438,59.4883],
[154.2917,59.4442],
[154.2375,59.4422],
[154.1312,59.4535],
[154.1087,59.4629],
[154.0652,59.5131],
[154.0875,59.5339],
[154.1875,59.5903],
[154.2975,59.6375],
[154.2416,59.696],
[154.2276,59.7237],
[154.2233,59.7836],
[154.2315,59.8787],
[154.2736,59.8925],
[154.3925,59.8928],
[154.468,59.92],
[154.5316,60.0494],
[154.6236,60.1361],
[154.8005,60.2722],
[154.9661,60.3747],
[155.3713,60.5311],
[155.5544,60.6233],
[155.6425,60.6543],
[155.7114,60.6661],
[155.785,60.6947],
[155.8968,60.7622],
[155.8903,60.7894],
[155.8969,60.8286],
[155.9139,60.8872],
[155.9283,60.9068],
[156.085,61.0125],
[156.3548,61.1589],
[156.4167,61.1819],
[156.5929,61.2189],
[156.6562,61.2097],
[156.6664,61.2279],
[156.6608,61.3222],
[156.634,61.4215],
[156.6955,61.5337],
[156.798,61.5268],
[156.8583,61.536],
[156.8994,61.5512],
[156.979,61.6021],
[157.0266,61.6499],
[157.1519,61.6928],
[157.2619,61.7161],
[157.4866,61.8033],
[157.5655,61.8061],
[157.6367,61.7939],
[157.8933,61.7862],
[157.9301,61.7758],
[157.9503,61.7554],
[158.0214,61.7301],
[158.1091,61.7417],
[158.2008,61.7733],
[158.3054,61.8226],
[158.733,61.8361],
[158.8386,61.8575],
[158.9055,61.8958],
[159.1047,61.9217],
[159.2475,61.9222],
[159.3641,61.8904],
[159.494,61.6817],
[159.5253,61.6649],
[159.6156,61.6939],
[159.7494,61.7192],
[159.8308,61.713],
[159.8694,61.728],
[159.9098,61.7697],
[159.9219,61.7948],
[159.9661,61.826],
[160.3226,61.9505],
[160.3549,61.9475],
[160.3751,61.7847],
[160.3664,61.7658],
[160.158,61.5197],
[160.0083,61.3908],
[159.8544,61.3128],
[159.8355,61.2636],
[159.874,61.2636],
[159.9126,61.2517],
[159.9466,61.1361],
[159.9391,61.0994],
[159.903,61.0372],
[159.7994,60.9807],
[159.7807,60.9435],
[159.8641,60.9294],
[159.875,60.9471],
[159.9341,60.9764],
[160.0965,61.0354],
[160.1716,61.0518],
[160.3322,61.053],
[160.3914,61.0258],
[160.3286,60.9486],
[160.2869,60.9133],
[160.237,60.89],
[160.1663,60.8273],
[160.2247,60.7844],
[160.2229,60.7342],
[160.1339,60.6569],
[160.1389,60.5892],
[160.2068,60.6029],
[160.2621,60.6271],
[160.3989,60.7403],
[160.6769,60.7755],
[160.7589,60.7394],
[160.796,60.7381],
[160.8251,60.8124],
[160.8883,60.8842],
[161.0352,60.9655],
[161.098,60.9767],
[161.1658,61.0005],
[161.3291,61.0878],
[161.3872,61.1264],
[161.4175,61.17],
[161.4684,61.2018],
[161.4936,61.2103],
[161.5343,61.2103],
[161.5641,61.2008],
[161.7841,61.3425],
[161.8658,61.3505],
[162.0276,61.4205],
[162.4097,61.6735],
[162.5361,61.6617],
[162.6594,61.6114],
[162.7439,61.5989],
[162.7616,61.6104],
[162.7525,61.6282],
[162.7002,61.6355],
[162.6405,61.6683],
[162.6537,61.693],
[162.8033,61.7208],
[162.8382,61.7196],
[162.8794,61.7044],
[162.9315,61.6697],
[162.9433,61.5772],
[163.0056,61.5183],
[163.0882,61.5551],
[163.0654,61.5965],
[163.0944,61.6175],
[163.1262,61.628],
[163.215,61.6297],
[163.2833,61.6618],
[163.3056,61.6823],
[163.3033,61.7177],
[163.2385,61.7461],
[163.0161,61.7728],
[162.985,61.7797],
[162.9524,61.8012],
[163.0291,61.9355],
[163.1383,62.0453],
[163.1076,62.1467],
[163.0809,62.1985],
[163.1257,62.284],
[163.2333,62.334],
[163.3269,62.346],
[163.351,62.3619],
[163.3416,62.3805],
[163.3116,62.39],
[163.2289,62.3974],
[163.1644,62.4447],
[163.228,62.5268],
[163.2574,62.5426],
[163.5869,62.5875],
[163.9444,62.6475],
[164.1072,62.6605],
[164.3665,62.7118],
[164.5819,62.6911],
[164.654,62.6362],
[164.706,62.5842],
[164.7636,62.5681],
[165.0341,62.5128],
[165.2944,62.5033],
[165.5669,62.4697],
[165.63,62.4428],
[165.5122,62.4461],
[165.343,62.4786],
[165.1864,62.4776],
[165.1218,62.4714],
[165.0941,62.4558],
[165.1205,62.4336],
[165.2318,62.4008],
[165.33,62.3158],
[165.2846,62.3167],
[165.2313,62.373],
[165.0911,62.4208],
[164.9214,62.4219],
[164.7841,62.4455],
[164.7182,62.4705],
[164.6138,62.4743],
[164.5332,62.4582],
[164.3969,62.3744],
[164.3282,62.3479],
[164.2327,62.3307],
[164.1205,62.2771],
[164.0971,62.2518],
[164.0641,62.1011],
[164.0733,61.9517],
[164.0715,61.7836],
[164.0369,61.7105],
[164.0114,61.6875],
[163.9852,61.6754],
[163.8727,61.6535],
[163.8466,61.633],
[163.7486,61.4508],
[163.7586,61.4329],
[163.7839,61.4242],
[163.8379,61.4478],
[163.9397,61.44],
[163.9735,61.4224],
[164.0204,61.3635],
[164.015,61.3303],
[163.8541,61.2131],
[163.6364,61.1464],
[163.51,61.0469],
[163.5089,61.0047],
[163.7291,60.9367],
[163.6433,60.8754],
[163.5616,60.8742],
[163.4437,60.8479],
[163.3695,60.8157],
[163.2739,60.8128],
[163.1923,60.8207],
[163.1386,60.7994],
[163.1102,60.778],
[163.0144,60.7853],
[162.9,60.7711],
[162.8752,60.7635],
[162.8027,60.6965],
[162.7755,60.6601],
[162.754,60.6465],
[162.6218,60.6083],
[162.4597,60.5919],
[162.3672,60.5478],
[162.1466,60.4928],
[161.9125,60.4197],
[161.8752,60.3175],
[161.9161,60.3275],
[161.9294,60.2683],
[161.9187,60.2428],
[161.8375,60.1875],
[161.7188,60.1244],
[161.4998,60.0651],
[161.4655,60.0465],
[161.2476,59.8504],
[160.8608,59.6225],
[160.8201,59.6055],
[160.5244,59.5589],
[160.4838,59.5428],
[160.4626,59.5139],
[160.4441,59.4558],
[160.3411,59.3611],
[160.3072,59.3408],
[160.1577,59.2869],
[159.9232,59.176],
[159.8672,59.1436],
[159.79,59.0839],
[159.7339,59.019],
[159.7286,58.9994],
[159.7564,58.9448],
[159.7184,58.8694],
[159.7022,58.8514],
[159.4961,58.7139],
[159.1986,58.5419],
[159.1473,58.5037],
[159.1291,58.4778],
[159.0439,58.4206],
[158.7578,58.2975],
[158.665,58.2708],
[158.2839,58.0611],
[158.2333,58.0194],
[158.0408,57.9878],
[157.9228,57.9794],
[157.86,57.9797],
[157.6436,58.0044],
[157.5347,57.8512],
[157.4761,57.8086],
[157.4341,57.7906],
[157.2864,57.7697],
[157.1684,57.7728],
[157.0543,57.7982],
[156.9817,57.8508],
[156.7869,57.7636],
[156.7602,57.7383],
[156.8401,57.7276],
[156.9333,57.6442],
[156.9805,57.5278],
[156.9872,57.45],
[156.9805,57.4208],
[156.7712,57.1793],
[156.6953,57.1086],
[156.6461,57.0768],
[156.5459,57.1046],
[156.5151,57.0275],
[156.4814,56.9807],
[156.4496,56.9546],
[156.2016,56.85],
[156.0636,56.7227],
[156.0697,56.754],
[156.0988,56.7839],
[156.1575,56.8199],
[156.1646,56.8414],
[156.1108,56.8192],
[156.0005,56.7278],
[155.9421,56.6535],
[155.9409,56.6087],
[155.845,56.3911],
[155.765,56.1736],
[155.6841,56.0339],
[155.6461,55.9119],
[155.645,55.7919],
[155.5789,55.5061],
[155.5441,55.3036],
[155.5988,54.93],
[155.6994,54.5125],
[155.7941,54.2131],
[155.8401,54.1436],
[155.8622,54.0842],
[155.9308,53.8375],
[155.9558,53.6786],
[156.0766,53.1325],
[156.1023,52.8526],
[156.1833,52.6847],
[156.2625,52.566],
[156.365,52.5167],
[156.4039,52.5257],
[156.4407,52.5155],
[156.4419,52.4939],
[156.423,52.4732],
[156.3795,52.4501],
[156.3762,52.4771],
[156.3611,52.4979],
[156.2814,52.521],
[156.3533,52.3861],
[156.4286,52.2019],
[156.4926,51.9249],
[156.4997,51.7836],
[156.4952,51.6908],
[156.4727,51.5136],
[156.5208,51.3157],
[156.5389,51.2831],
[156.5558,51.2712],
[156.5926,51.2553],
[156.6528,51.2451],
[156.6736,51.2294],
[156.7064,51.1914],
[156.7452,51.0779],
[156.7459,50.9944],
[156.7272,50.9637],
[156.6639,50.913],
[156.6551,50.8846],
[156.693,50.8914],
[157.0969,51.1586],
[157.2598,51.2325],
[157.3677,51.34],
[157.5369,51.4869],
[157.6827,51.5503],
[157.7764,51.5649],
[157.9122,51.6433],
[158.2777,51.9413],
[158.2889,51.968],
[158.2839,52.0294],
[158.3176,52.1283],
[158.4293,52.2658],
[158.487,52.2647],
[158.5267,52.2751],
[158.5551,52.3111],
[158.5564,52.3992],
[158.5113,52.5674],
[158.4355,52.601],
[158.4191,52.6522],
[158.5247,52.6194],
[158.5472,52.6228],
[158.5989,52.7042],
[158.5668,52.7326],
[158.5611,52.7894],
[158.6327,52.8467],
[158.6422,52.9018],
[158.6272,52.9311],
[158.5114,52.9428],
[158.4844,52.9358],
[158.5222,52.907],
[158.4461,52.9025],
[158.4257,52.9342],
[158.4186,53.0087],
[158.4394,53.0272],
[158.5316,53.0694],
[158.5844,53.0625],
[158.6075,53.0508],
[158.6503,53.0075],
[158.6593,52.9641],
[158.6983,52.8996],
[158.725,52.8907],
[158.743,52.8972],
[158.8759,53.004],
[159.0203,53.0839],
[159.1101,53.1167],
[159.2558,53.153],
[159.3915,53.1592],
[159.4527,53.2164],
[159.4919,53.233],
[159.6147,53.2594],
[159.6497,53.2556],
[159.7531,53.2192],
[160.0504,53.0951],
[160.0583,53.1378],
[160.013,53.2715],
[159.9784,53.2679],
[159.8591,53.4167],
[159.7982,53.5212],
[159.8225,53.5311],
[159.9186,53.4725],
[159.9473,53.4739],
[159.9622,53.5164],
[159.965,53.5703],
[159.923,53.645],
[159.8907,53.671],
[159.8797,53.6475],
[159.8964,53.6278],
[159.9041,53.6008],
[159.8175,53.6586],
[159.8558,53.8525],
[159.8996,53.9807],
[160.0058,54.1392],
[160.1408,54.2253],
[160.1909,54.2315],
[160.2514,54.2532],
[160.3507,54.3178],
[160.388,54.3556],
[160.7283,54.5293],
[160.9644,54.5764],
[161.1139,54.5905],
[161.16,54.5892],
[161.2034,54.572],
[161.2248,54.5242],
[161.2402,54.5111],
[161.3064,54.4914],
[161.353,54.4911],
[161.4941,54.5139],
[161.623,54.52],
[161.6884,54.5049],
[161.7384,54.5075],
[161.7632,54.5228],
[161.8004,54.5758],
[161.993,54.6825],
[162.113,54.7635],
[162.1517,54.8592],
[161.9701,55.0257],
[161.8737,55.0676],
[161.7972,55.1681],
[161.7182,55.3661],
[161.7113,55.4903],
[161.7491,55.6275],
[161.8132,55.7119],
[161.9167,55.8164],
[162.0185,55.9592],
[162.0489,56.0221],
[162.0364,56.0499],
[162.0861,56.101],
[162.2245,56.1611],
[162.444,56.2075],
[162.515,56.2367],
[162.5671,56.2733],
[162.5533,56.298],
[162.4916,56.3405],
[162.4155,56.3704],
[162.3939,56.3896],
[162.4819,56.4239],
[162.6057,56.4557],
[162.6286,56.4755],
[162.6584,56.4868],
[162.6987,56.4918],
[162.7408,56.4897],
[162.83,56.4497],
[162.8976,56.4318],
[162.9225,56.4507],
[162.9369,56.5167],
[162.9629,56.5393],
[162.9852,56.5475],
[163.0935,56.5248],
[163.0739,56.4775],
[162.7183,56.3272],
[162.6274,56.2436],
[162.6453,56.1919],
[162.7463,56.1036],
[162.8688,56.04],
[163.0337,56.0179],
[163.0908,56.0622],
[163.1075,56.0867],
[163.35,56.196],
[163.3408,56.3317],
[163.3203,56.3836],
[163.2625,56.485],
[163.2148,56.6288],
[163.2213,56.6539],
[163.2476,56.6869],
[163.2108,56.7418],
[163.0719,56.746],
[163.0014,56.7367],
[162.9197,56.705],
[162.9025,56.7072],
[162.83,56.7511],
[162.7898,56.7949],
[162.7816,56.8544],
[162.7905,56.9283],
[162.828,57.0244],
[162.8278,57.045],
[162.8121,57.1026],
[162.752,57.2177],
[162.7507,57.2819],
[162.7658,57.3507],
[162.7424,57.3594],
[162.8422,57.4164],
[162.955,57.4678],
[163.0014,57.4705],
[163.0728,57.5017],
[163.16,57.593],
[163.2823,57.74],
[163.2094,57.8396],
[163.1672,57.8442],
[163.0988,57.8344],
[162.9958,57.85],
[162.8752,57.9053],
[162.7018,57.9637],
[162.5637,57.9497],
[162.5033,57.9164],
[162.4652,57.8682],
[162.4676,57.789],
[162.4774,57.7618],
[162.3809,57.6895],
[162.3393,57.6914],
[162.3416,57.7155],
[162.3167,57.7978],
[162.2461,57.8086],
[162.1064,57.8539],
[162.0029,57.9478],
[161.9398,58.0435],
[161.9386,58.0676],
[161.9811,58.1628],
[162.1433,58.453],
[162.4059,58.6796],
[162.5094,58.7408],
[162.7654,58.8357],
[162.7863,58.8646],
[162.7258,58.8528],
[162.7603,58.8905],
[162.8641,58.9292],
[162.9822,58.9586],
[163.0329,58.9962],
[163.0434,59.0214],
[162.9989,59.026],
[162.8966,59.1056],
[162.882,59.1275],
[163.0121,59.1575],
[163.1747,59.0702],
[163.1464,59.0425],
[163.166,59.0337],
[163.1872,59.0479],
[163.1991,59.0664],
[163.1919,59.1293],
[163.1558,59.1642],
[163.11,59.1864],
[163.0663,59.1942],
[163.0611,59.2405],
[163.0826,59.2678],
[163.1037,59.2778],
[163.1693,59.296],
[163.2578,59.2961],
[163.2561,59.265],
[163.2312,59.2401],
[163.2617,59.2386],
[163.2963,59.2618],
[163.3289,59.388],
[163.3011,59.4299],
[163.1662,59.5023],
[163.1793,59.5665],
[163.2669,59.585],
[163.3278,59.5847],
[163.3896,59.6292],
[163.3561,59.7375],
[163.3602,59.8239],
[163.5047,59.8986],
[163.5619,59.9025],
[163.6698,59.8904],
[163.6992,59.8973],
[163.7493,59.9768],
[163.7229,59.9683],
[163.6766,59.9708],
[163.6212,60.0235],
[163.64,60.0459],
[163.7393,60.0505],
[164.044,60.0303],
[164.1074,59.9718],
[164.0784,59.943],
[164.0467,59.9329],
[164.0398,59.9012],
[164.0523,59.8739],
[164.1463,59.8672],
[164.1359,59.9107],
[164.1403,59.9324],
[164.3407,60.0287],
[164.3172,60.0569],
[164.3175,60.086],
[164.4425,60.1133],
[164.4686,60.1114],
[164.5418,60.086],
[164.7016,59.9755],
[164.7347,59.9408],
[164.7794,59.8551],
[164.7734,59.8287],
[164.7969,59.795],
[164.8236,59.7817],
[164.998,59.8386],
[165.1825,59.9811],
[165.1825,60.0072],
[165.1196,60.0855],
[165.0757,60.0868],
[165.0372,60.0642],
[165.0062,60.0787],
[164.9966,60.1267],
[165.155,60.1214],
[165.19,60.0917],
[165.235,60.0964],
[165.5043,60.2108],
[165.7675,60.2878],
[165.9297,60.3805],
[166.0011,60.4339],
[166.223,60.4808],
[166.3486,60.4864],
[166.3811,60.4705],
[166.3466,60.4117],
[166.3216,60.3921],
[166.2549,60.3839],
[166.2592,60.2567],
[166.1779,60.1292],
[166.1364,60.0253],
[166.1016,59.9139],
[166.0966,59.8525],
[166.1004,59.828],
[166.1378,59.8153],
[166.2865,59.8401],
[166.3433,59.8675],
[166.8058,60.1892],
[167.0503,60.3239],
[167.184,60.3521],
[167.2364,60.3556],
[167.4547,60.4228],
[167.615,60.4473],
[168.075,60.5614],
[168.1889,60.5817],
[168.3214,60.5947],
[168.4787,60.5946],
[168.575,60.5733],
[168.7177,60.5611],
[169.1536,60.5614],
[169.2054,60.599],
[169.2065,60.62],
[169.265,60.6194],
[169.3448,60.5892],
[169.3666,60.5633],
[169.3183,60.5558],
[169.3275,60.5319],
[169.6743,60.4228],
[169.7033,60.4072],
[169.7103,60.3489],
[169.7467,60.2772],
[169.9314,60.0692],
[169.9589,60.0564],
[170.0382,60.0454],
[170.0764,60.0325],
[170.1096,60.0028],
[170.1029,59.978],
[170.2425,59.9101],
[170.3939,59.9585],
[170.4315,60.0396],
[170.4686,60.2236],
[170.4989,60.263],
[170.5298,60.2846],
[170.6233,60.3033],
[170.6586,60.326],
[170.6566,60.3535],
[170.6177,60.3944],
[170.6419,60.4175],
[170.6866,60.4189],
[170.7852,60.4443],
[170.8569,60.5058],
[171.1686,60.5533],
[171.3665,60.6321],
[171.4075,60.7139],
[171.6116,60.7342],
[171.6316,60.7474],
[171.6097,60.8019],
[171.7689,60.8403],
[171.8063,60.8296],
[171.8658,60.8265],
[171.9531,60.8533],
[171.939,60.8726],
[171.9358,60.8964],
[171.9514,60.9465],
[171.972,60.9497],
[172.0019,60.9215],
[171.991,60.876],
[172.0205,60.8467],
[172.0683,60.8811],
[172.1143,60.938],
[172.1862,60.9449],
[172.2012,60.9629],
[172.1618,61.0276],
[172.1255,61.0347],
[172.0182,61.0923],
[172.133,61.063],
[172.2411,61.0133],
[172.3623,61.0085],
[172.453,61.0411],
[172.4824,61.071],
[172.3727,61.1003],
[172.3591,61.1222],
[172.3429,61.219],
[172.3691,61.2286],
[172.545,61.1853],
[172.6444,61.1904],
[172.7698,61.2758],
[172.7488,61.2942],
[172.6718,61.329],
[172.7547,61.3144],
[172.8443,61.2772],
[172.8972,61.2805],
[172.9561,61.3028],
[172.9377,61.3404],
[172.8989,61.3669],
[172.7139,61.4272],
[172.8183,61.4611],
[172.8883,61.4703],
[172.9598,61.4449],
[172.9815,61.4256],
[173.063,61.3914],
[173.0975,61.388],
[173.1608,61.4042],
[173.2764,61.4524],
[173.3046,61.4859],
[173.2929,61.5143],
[173.3489,61.5515],
[173.4679,61.5519],
[173.4944,61.5639],
[173.4963,61.6575],
[173.5276,61.7297],
[173.5418,61.7443],
[173.568,61.7518],
[173.618,61.7483],
[173.7772,61.6969],
[173.8084,61.68],
[173.8741,61.6764],
[174.0069,61.7225],
[174.0486,61.7747],
[174.0208,61.7917],
[174.0171,61.8191],
[174.0791,61.8408],
[174.1386,61.8387],
[174.1664,61.8289],
[174.3986,61.8186],
[174.4576,61.806],
[174.5936,61.83],
[174.6969,61.8614],
[174.7236,61.8854],
[174.68,61.9239],
[174.6166,61.9522],
[174.6044,61.9785],
[174.7322,61.9525],
[174.772,61.9237],
[174.7669,61.9174],
[174.8086,61.9417],
[175.1712,62.0156],
[175.2147,62.0303],
[175.3177,62.1011],
[175.7972,62.2264],
[176.2803,62.313],
[176.5936,62.4805],
[176.6411,62.5242],
[176.6847,62.5387],
[176.8139,62.5197],
[177.0355,62.5505],
[177.1772,62.5608],
[177.2641,62.5787],
[177.173,62.5886],
[177.05,62.578],
[177.0286,62.5867],
[176.9297,62.6646],
[176.9208,62.6847],
[176.9744,62.864],
[177.0224,62.8601],
[177.1127,62.8128],
[177.1515,62.7777],
[177.1315,62.748],
[177.143,62.7164],
[177.1918,62.7035],
[177.241,62.7039],
[177.2585,62.7205],
[177.2558,62.7417],
[177.3286,62.8005],
[177.4315,62.8204],
[177.4526,62.8099],
[177.428,62.7789],
[177.3419,62.7636],
[177.315,62.7371],
[177.2911,62.608],
[177.3383,62.5761],
[177.4769,62.5705],
[177.5683,62.5789],
[177.6947,62.5761],
[178.0278,62.5444],
[178.3241,62.4692],
[178.9608,62.3572],
[179.0294,62.3225],
[179.0529,62.2969],
[179.1013,62.2893],
[179.1499,62.336],
[179.1396,62.4248],
[179.1035,62.4533],
[179.1293,62.4789],
[179.1786,62.4989],
[179.3201,62.4967],
[179.3579,62.5067],
[179.3982,62.5333],
[179.4128,62.565],
[179.5205,62.6171],
[179.5537,62.6197],
[179.6044,62.7003],
[179.5938,62.7486],
[179.5398,62.8422],
[179.4965,62.8728],
[179.3503,62.8874],
[179.3057,62.9036],
[179.2567,62.9597],
[179.2357,63.0057],
[179.2496,63.0283],
[179.3148,63.0592],
[179.41,63.0569],
[179.4117,63.1389],
[179.332,63.1914],
[179.2422,63.23],
[178.9625,63.2933],
[178.9291,63.2933],
[178.9289,63.3141],
[178.9005,63.3328],
[178.8526,63.3247],
[178.8218,63.3392],
[178.8062,63.3525],
[178.8038,63.3805],
[178.828,63.3985],
[178.8558,63.3992],
[178.9766,63.3211],
[179.0022,63.3201],
[178.8365,63.4697],
[178.7812,63.5518],
[178.7787,63.5853],
[178.7569,63.5922],
[178.7466,63.5461],
[178.773,63.4785],
[178.8077,63.4419],
[178.774,63.3996],
[178.6804,63.3836],
[178.5946,63.4117],
[178.6671,63.4586],
[178.7213,63.4739],
[178.7379,63.501],
[178.7041,63.5733],
[178.5054,63.5786],
[178.4734,63.5735],
[178.3957,63.5193],
[178.37,63.5164],
[178.3229,63.5253],
[178.2611,63.5745],
[178.3539,63.6264],
[178.5247,63.6417],
[178.6091,63.6753],
[178.7575,63.64],
[178.7455,63.7108],
[178.6927,63.8964],
[178.6639,63.9437],
[178.5224,63.975],
[178.4097,63.965],
[178.3769,63.9722],
[178.3772,64.005],
[178.398,64.0317],
[178.4633,64.0633],
[178.4836,64.0655],
[178.4778,64.1239],
[178.3461,64.2958],
[178.2861,64.3539],
[178.0755,64.2551],
[178.1009,64.2303],
[178.1815,64.205],
[178.0877,64.1997],
[177.9555,64.2158],
[177.8028,64.2547],
[177.6319,64.3189],
[177.4334,64.4305],
[177.3867,64.4919],
[177.361,64.5445],
[177.3758,64.5761],
[177.4522,64.6467],
[177.4876,64.7587],
[177.3429,64.7774],
[177.0098,64.7112],
[176.8669,64.6464],
[176.8061,64.5875],
[176.7386,64.5648],
[176.6972,64.6154],
[176.6026,64.6611],
[176.5258,64.6878],
[176.4527,64.6883],
[176.3966,64.6467],
[176.3291,64.6225],
[176.2165,64.6215],
[176.1304,64.5761],
[176.1099,64.5442],
[176.1136,64.5894],
[176.1478,64.6292],
[176.1966,64.6431],
[176.3016,64.654],
[176.3707,64.6743],
[176.4227,64.7041],
[176.2808,64.8211],
[176.1992,64.8757],
[176.1469,64.8915],
[176.065,64.9014],
[176.0246,64.9035],
[175.9737,64.8778],
[175.9464,64.8422],
[175.8226,64.7833],
[175.6822,64.7542],
[175.4289,64.7458],
[175.288,64.7301],
[175.0525,64.7392],
[174.9927,64.7322],
[174.7823,64.675],
[174.7183,64.6697],
[174.5189,64.6685],
[174.4748,64.674],
[174.4502,64.6864],
[174.7041,64.6789],
[175.0686,64.763],
[175.3214,64.7537],
[175.5621,64.7901],
[175.6922,64.778],
[175.7733,64.7955],
[175.8705,64.8314],
[175.9102,64.8514],
[175.9371,64.8835],
[176.0069,64.9311],
[176.06,64.948],
[176.1978,64.9186],
[176.4183,64.8439],
[176.4261,64.8144],
[176.4522,64.8061],
[176.5516,64.8331],
[176.6339,64.8691],
[176.8702,64.8476],
[176.9271,64.7991],
[177.0437,64.7701],
[177.1966,64.791],
[177.2755,64.8122],
[177.2987,64.8307],
[177.2165,64.9089],
[177.1609,64.9423],
[176.9925,65.0061],
[176.9572,65.038],
[176.8505,65.043],
[176.7098,65.0068],
[176.5667,64.9947],
[176.518,64.9975],
[176.3072,65.0467],
[176.4383,65.0736],
[176.5904,65.0243],
[176.8509,65.0785],
[176.9161,65.0825],
[177.1667,65.025],
[177.1897,65.01],
[177.2116,64.9618],
[177.2266,64.9469],
[177.2599,64.933],
[177.4132,64.9303],
[177.4418,64.9162],
[177.4859,64.8532],
[177.505,64.8047],
[177.6058,64.7204],
[177.9544,64.6844],
[178.25,64.6803],
[178.2696,64.6693],
[178.3744,64.6658],
[178.5505,64.6744],
[178.7016,64.6979],
[178.7493,64.6834],
[178.745,64.6622],
[178.6872,64.6362],
[178.4891,64.6093],
[178.4976,64.5892],
[178.5222,64.588],
[178.6233,64.6055],
[178.8353,64.6743],
[178.9839,64.7369],
[179.1625,64.788],
[179.2558,64.8086],
[179.3715,64.8189],
[179.46,64.8129],
[179.6489,64.9169],
[179.7958,65.0217],
[180,65.0689],
[180,68.9801],
[179.7894,68.9844],
[179.7188,69.0033],
[179.5877,69.0753],
[179.5497,69.1059],
[179.595,69.1033],
[179.8361,69.0031],
[179.9178,68.9905],
[179.9463,68.9955],
[179.8616,69.0225],
[179.5741,69.1428],
[179.3816,69.2122],
[179.2969,69.2623],
[179.1324,69.2844],
[178.8791,69.2964],
[178.7669,69.2792],
[178.7154,69.2794],
[178.6516,69.3094],
[178.6583,69.3347],
[178.679,69.3589],
[178.7433,69.3722],
[178.8489,69.355],
[178.8771,69.3382],
[178.9402,69.32],
[179.0655,69.3237],
[179.0047,69.35],
[178.7705,69.4075],
[178.4797,69.4661],
[178.3686,69.4755],
[178.2697,69.4758],
[178.1869,69.4494],
[177.8549,69.5072],
[177.593,69.5753],
[177.4361,69.6039],
[177.3157,69.6182],
[177.0272,69.6255],
[176.7411,69.6669],
[176.6733,69.6889],
[176.6359,69.7105],
[176.5303,69.7411],
[176.4121,69.7643],
[176.3305,69.7714],
[176.2347,69.7941],
[176.2372,69.8267],
[176.119,69.8885],
[176.0844,69.8929],
[175.723,69.9042],
[175.5222,69.89],
[175.4983,69.8694],
[175.4319,69.8536],
[175.2964,69.8461],
[174.7238,69.8508],
[174.4533,69.8616],
[174.3247,69.8847],
[174.0889,69.8833],
[174.0246,69.88],
[173.9343,69.8467],
[173.7425,69.8672],
[173.4586,69.9525],
[173.2051,69.9244],
[173.1689,69.8935],
[173.271,69.9108],
[173.4178,69.8653],
[173.4757,69.8333],
[173.4608,69.8114],
[173.3789,69.7872],
[173.2016,69.7794],
[173.1782,69.794],
[173.2025,69.8164],
[173.166,69.8472],
[173.0525,69.8597],
[172.8766,69.8925],
[172.8064,69.9144],
[172.7841,69.9328],
[172.6386,69.9657],
[172.4912,69.9592],
[172.1541,69.9917],
[171.9293,69.9975],
[171.3847,70.0641],
[170.9791,70.0928],
[170.8191,70.0925],
[170.4719,70.1342],
[170.421,70.1261],
[170.4043,70.115],
[170.4241,70.1057],
[170.5167,70.0997],
[170.5579,70.0792],
[170.5258,70.0172],
[170.5218,69.928],
[170.5557,69.8933],
[170.5672,69.778],
[170.4616,69.7397],
[170.3186,69.738],
[170.2822,69.7284],
[170.1986,69.6883],
[170.1525,69.6571],
[170.1225,69.6136],
[170.1709,69.5932],
[170.263,69.5882],
[170.5067,69.6075],
[170.5802,69.596],
[170.6091,69.5803],
[170.6655,69.5328],
[170.743,69.4444],
[170.8652,69.3336],
[170.9075,69.3061],
[170.9289,69.2267],
[170.9641,69.1517],
[171.0078,69.0655],
[171.0319,69.0422],
[171.0225,69.023],
[170.9358,69.0097],
[170.7622,68.9553],
[170.71,68.9039],
[170.7232,68.8204],
[170.705,68.8044],
[170.6528,68.9034],
[170.6194,68.9097],
[170.458,68.8637],
[170.4423,68.8396],
[170.5511,68.8236],
[170.6119,68.7563],
[170.5443,68.7693],
[170.4938,68.7978],
[170.3325,68.8214],
[169.7831,68.7758],
[169.5893,68.7771],
[169.4737,68.8229],
[169.4532,68.8405],
[169.4247,68.9066],
[169.4397,68.9317],
[169.4248,68.9976],
[169.4021,69.0472],
[169.3655,69.0804],
[169.2066,69.0994],
[168.7333,69.2085],
[168.4205,69.2117],
[168.2833,69.2417],
[168.2333,69.2792],
[168.194,69.3817],
[168.2366,69.4672],
[168.2579,69.5292],
[168.2398,69.5514],
[168.1008,69.6028],
[167.9938,69.6275],
[167.995,69.7142],
[167.7772,69.7761],
[167.6535,69.7604],
[167.5811,69.7333],
[167.4936,69.685],
[167.42,69.6547],
[167.213,69.5825],
[166.9332,69.4986],
[166.8605,69.4905],
[166.7516,69.4961],
[166.648,69.5236],
[166.3697,69.5117],
[166.1376,69.5112],
[165.8246,69.5761],
[165.6273,69.5905],
[165.4761,69.5833],
[165.1558,69.5972],
[164.8583,69.5828],
[164.5325,69.5994],
[164.4052,69.6244],
[164.2325,69.6803],
[164.1339,69.7246],
[164.1158,69.7465],
[164.0923,69.7594],
[164.0144,69.7675],
[163.7594,69.6993],
[163.6,69.6805],
[163.4463,69.6887],
[163.4032,69.7029],
[163.3194,69.7147],
[163.1783,69.7167],
[162.8325,69.6522],
[162.7433,69.6478],
[162.61,69.6775],
[162.5155,69.6775],
[162.3233,69.6622],
[162.2341,69.6472],
[161.9761,69.5283],
[161.9018,69.5189],
[161.8384,69.5317],
[161.8108,69.5283],
[161.6686,69.4669],
[161.6091,69.4253],
[161.4539,69.3879],
[161.435,69.3768],
[161.4216,69.2411],
[161.4255,69.2028],
[161.4803,69.0903],
[161.5044,69.0605],
[161.5461,69.0404],
[161.5673,69.0118],
[161.5772,68.9121],
[161.4519,68.8633],
[161.3189,68.791],
[161.2927,68.738],
[161.2753,68.6769],
[161.1359,68.561],
[161.0593,68.533],
[161.0094,68.5247],
[160.95,68.5181],
[160.8379,68.5237],
[160.7636,68.5385],
[160.7621,68.561],
[161.0033,68.5505],
[161.0661,68.5633],
[161.2102,68.6986],
[161.2052,68.7189],
[161.2155,68.7836],
[161.2808,68.8486],
[161.3843,68.9301],
[161.4108,68.9765],
[161.395,68.9947],
[161.3627,69.0105],
[161.2632,69.0444],
[161.1087,69.0572],
[161.0296,69.0722],
[161.0083,69.0797],
[160.9684,69.1145],
[161.043,69.1672],
[161.0146,69.2998],
[160.9827,69.3654],
[160.939,69.4015],
[160.9222,69.4589],
[160.9322,69.51],
[160.9992,69.5798],
[160.9197,69.638],
[160.0916,69.7272],
[159.8044,69.8014],
[159.7297,69.8347],
[159.6844,69.8939],
[159.6983,69.9169],
[159.7458,69.9475],
[159.8132,69.9767],
[159.8788,70.0772],
[159.7975,70.1033],
[159.795,70.1372],
[159.9569,70.1347],
[160.0947,70.2446],
[160.1037,70.2828],
[160.0352,70.409],
[159.8105,70.5953],
[159.6803,70.6694],
[159.28,70.8103],
[159.0447,70.8698],
[158.4491,70.9714],
[157.9033,71.0458],
[157.5658,71.0681],
[156.8191,71.0925],
[156.5178,71.0836],
[155.9372,71.0944],
[155.8364,71.0903],
[155.5008,71.0536],
[154.9991,71.0313],
[154.2208,70.9558],
[154.0358,70.9183],
[153.698,70.8655],
[153.6361,70.8751],
[153.4525,70.8775],
[153.3344,70.8733],
[153.0852,70.8403],
[152.8666,70.8447],
[152.6105,70.8331],
[152.5383,70.8378],
[152.2241,70.8766],
[152.1191,70.8975],
[152.0261,70.9339],
[151.6883,70.9719],
[151.6596,70.9842],
[151.9958,70.9703],
[152.1348,70.995],
[152.1313,71.0169],
[151.803,71.1814],
[151.7322,71.2428],
[151.6255,71.2958],
[151.4619,71.3411],
[151.2789,71.3472],
[151.1861,71.3578],
[151.0393,71.3919],
[150.9905,71.3922],
[150.8571,71.3704],
[150.6936,71.3119],
[150.6397,71.283],
[150.6063,71.2783],
[150.6428,71.3422],
[150.6625,71.3603],
[150.7293,71.3908],
[150.6753,71.3883],
[150.6254,71.3775],
[150.5648,71.3428],
[150.3986,71.2753],
[150.2975,71.2755],
[150.1969,71.25],
[150.1241,71.2155],
[150.0236,71.2075],
[150.0444,71.2247],
[150.2019,71.2753],
[150.4327,71.3314],
[150.5205,71.3443],
[150.6496,71.4401],
[150.6679,71.4831],
[150.6357,71.5051],
[150.5539,71.5158],
[150.24,71.5186],
[150.0769,71.5056],
[149.9069,71.4655],
[149.8656,71.4632],
[149.868,71.4903],
[149.9468,71.5886],
[149.9688,71.5987],
[150.0043,71.5985],
[150.0135,71.5696],
[150.098,71.5871],
[149.9619,71.6572],
[149.8691,71.6622],
[149.7697,71.6428],
[149.6905,71.6422],
[149.112,71.6951],
[148.9988,71.6633],
[148.8294,71.6721],
[148.8529,71.6957],
[148.9641,71.6914],
[148.9968,71.6989],
[149.0375,71.7589],
[148.8912,71.7711],
[148.8407,71.8033],
[149.1255,71.7655],
[149.1564,71.7761],
[149.2905,71.8815],
[149.338,71.9003],
[149.3698,71.9046],
[149.4061,71.8957],
[149.6337,71.7692],
[149.6683,71.7615],
[149.7427,71.7728],
[149.9808,71.8319],
[150.0241,71.8489],
[150.0713,71.8841],
[150.0623,71.9187],
[150.0178,71.9547],
[149.7202,72.1161],
[149.5269,72.161],
[149.3455,72.1878],
[149.1852,72.2225],
[148.7139,72.2633],
[148.5036,72.2991],
[148.2669,72.3194],
[147.8839,72.3294],
[147.1822,72.3233],
[147.1307,72.3144],
[147.0661,72.2883],
[146.3272,71.8894],
[146.0797,71.791],
[145.8239,71.7469],
[145.67,71.7308],
[145.5728,71.7378],
[145.5441,71.7329],
[145.3769,71.6716],
[145.3188,71.658],
[145.2383,71.6858],
[144.9847,71.6983],
[144.9207,71.6933],
[144.8932,71.7242],
[144.8883,71.7707],
[144.92,71.7805],
[145.0472,71.7736],
[145.1915,71.8122],
[145.214,71.8396],
[145.1122,71.8701],
[145.0372,71.8821],
[144.9575,71.9212],
[144.9674,71.9658],
[144.9952,71.9711],
[145.21,71.92],
[145.3187,71.8701],
[145.3477,71.8664],
[145.4875,71.8883],
[145.7263,71.9064],
[145.8018,71.9271],
[145.8177,71.9561],
[145.8058,72.0058],
[145.791,72.0278],
[145.7551,72.0372],
[145.6766,72.0268],
[145.6182,72.0821],
[145.7325,72.1705],
[145.7408,72.1889],
[145.7418,72.2144],
[145.6833,72.2183],
[145.6219,72.2429],
[145.6913,72.2528],
[145.7505,72.2466],
[145.9016,72.2029],
[145.9563,72.1328],
[145.9558,72.1122],
[145.9368,72.1004],
[145.9526,72.0753],
[145.9854,72.0655],
[146.0594,72.1246],
[146.0518,72.1542],
[146.2048,72.1741],
[146.2341,72.1703],
[146.3411,72.125],
[146.1064,72.0328],
[146.0755,72.029],
[146.0396,72.038],
[145.9966,72.0301],
[145.9342,71.857],
[145.9647,71.8469],
[146.0269,71.866],
[146.0861,71.9047],
[146.1936,71.9514],
[146.2714,71.9742],
[146.4283,72.0383],
[146.6833,72.1614],
[146.848,72.25],
[146.9173,72.2998],
[146.5441,72.3075],
[146.0472,72.3],
[145.248,72.2597],
[145.0864,72.2592],
[144.7572,72.2297],
[144.6746,72.2085],
[144.6141,72.1755],
[144.5319,72.1672],
[144.4316,72.1689],
[144.3823,72.174],
[144.2764,72.2022],
[144.1925,72.2308],
[144.1434,72.2635],
[144.2842,72.2954],
[144.3786,72.2805],
[144.5355,72.2311],
[144.6094,72.3025],
[144.7347,72.3867],
[144.8003,72.41],
[144.8855,72.428],
[144.9683,72.435],
[145.1739,72.4146],
[145.2533,72.3964],
[145.3047,72.3705],
[145.4102,72.3525],
[146.2208,72.3439],
[146.4455,72.3483],
[146.745,72.3294],
[146.8069,72.3325],
[146.8387,72.3438],
[146.7547,72.3625],
[146.5284,72.3905],
[146.1978,72.4578],
[145.8183,72.4925],
[145.4708,72.5469],
[144.6003,72.6028],
[144.4405,72.6275],
[144.1364,72.6519],
[143.9519,72.6572],
[143.8111,72.6517],
[143.5489,72.6894],
[143.0544,72.6891],
[142.7097,72.7022],
[142.4825,72.698],
[141.9936,72.72],
[141.8702,72.7292],
[141.5627,72.7711],
[141.4727,72.7953],
[141.3936,72.8385],
[141.3505,72.8514],
[140.7488,72.8894],
[140.6222,72.8925],
[140.593,72.8875],
[140.5784,72.8712],
[140.6657,72.8025],
[141.0014,72.7011],
[141.0197,72.6858],
[141.0241,72.5858],
[140.9991,72.57],
[140.6022,72.4941],
[140.0927,72.4728],
[139.7861,72.5014],
[139.5414,72.4944],
[139.4691,72.473],
[139.3144,72.4072],
[139.1657,72.3236],
[139.0875,72.2303],
[139.1516,72.1778],
[139.1848,72.1625],
[139.265,72.1347],
[139.3255,72.1278],
[139.3677,72.16],
[139.5609,72.2328],
[139.8513,72.2294],
[140.0122,72.2375],
[140.1497,72.2191],
[140.1943,72.2064],
[140.2169,72.1819],
[140.199,72.1694],
[140.0633,72.1342],
[139.9458,72.1708],
[139.9055,72.1744],
[139.8597,72.165],
[139.713,72.0753],
[139.6966,72.0367],
[139.714,72.0028],
[139.6894,71.9767],
[139.6463,71.955],
[139.5594,71.9464],
[139.4096,71.958],
[139.3366,71.9455],
[139.5963,71.9233],
[139.6444,71.9117],
[139.739,71.8362],
[139.6897,71.7867],
[139.7089,71.7092],
[139.732,71.669],
[139.7994,71.6044],
[139.8473,71.5767],
[139.9264,71.5491],
[139.9325,71.485],
[139.7425,71.4644],
[139.5544,71.4897],
[139.4469,71.4959],
[139.418,71.4914],
[139.3539,71.4212],
[139.2029,71.4124],
[139.1144,71.4278],
[139.0444,71.5664],
[138.8275,71.6136],
[138.7329,71.6425],
[138.6554,71.6308],
[138.5619,71.6033],
[138.5889,71.5879],
[138.5914,71.5508],
[138.4572,71.5337],
[138.4352,71.5372],
[138.3978,71.5712],
[138.4297,71.5942],
[138.4887,71.6114],
[138.2394,71.5964],
[138.0661,71.5736],
[138.0344,71.559],
[138.0233,71.5372],
[138.0244,71.4955],
[138.008,71.4689],
[137.9142,71.4083],
[137.8257,71.3869],
[137.8769,71.3633],
[137.9929,71.3346],
[138.1881,71.3326],
[138.2332,71.3236],
[138.1248,71.3248],
[137.9859,71.2942],
[138.0505,71.2868],
[138.118,71.2894],
[138.2054,71.2762],
[138.2158,71.259],
[138.1734,71.2405],
[138.062,71.2205],
[137.9461,71.2236],
[137.8286,71.2564],
[137.7836,71.2451],
[137.747,71.2214],
[137.7923,71.2057],
[138.0105,71.1835],
[138.0679,71.136],
[137.985,71.1069],
[137.9544,71.1386],
[137.9061,71.1419],
[137.8762,71.1335],
[137.8594,71.1146],
[137.8039,71.1158],
[137.7719,71.1253],
[137.7091,71.1808],
[137.6961,71.2205],
[137.6414,71.2556],
[137.5952,71.2408],
[137.5378,71.2387],
[137.4219,71.2793],
[137.4763,71.3314],
[137.4519,71.3411],
[137.2383,71.395],
[137.1622,71.4097],
[137.0741,71.414],
[136.8855,71.4611],
[136.8066,71.5112],
[136.778,71.5186],
[136.6687,71.5292],
[136.5646,71.5007],
[136.4975,71.5676],
[136.2533,71.5833],
[135.965,71.6319],
[135.7711,71.6378],
[135.5913,71.6153],
[135.3538,71.5658],
[135.4186,71.5323],
[135.358,71.5244],
[135.2269,71.5479],
[135.0204,71.5285],
[134.8089,71.4767],
[134.6963,71.4153],
[134.4525,71.3675],
[134.2739,71.3662],
[134.0064,71.3828],
[133.6791,71.4333],
[133.513,71.4642],
[133.3677,71.5019],
[133.1576,71.5726],
[132.9633,71.6847],
[132.9258,71.7237],
[132.898,71.7351],
[132.7155,71.7685],
[132.7066,71.793],
[132.7215,71.8122],
[132.7561,71.8292],
[132.7527,71.9346],
[132.7184,71.9411],
[132.6528,71.9294],
[132.5379,71.8889],
[132.2548,71.6704],
[132.0864,71.4883],
[131.9466,71.2892],
[131.9407,71.2546],
[132.1186,71.2358],
[132.1757,71.2182],
[131.9884,71.2265],
[131.843,71.2014],
[131.7708,71.1392],
[131.7447,71.0825],
[131.6575,70.9769],
[131.5358,70.8778],
[131.2844,70.763],
[131.2083,70.7401],
[131.1302,70.7311],
[131.0244,70.7344],
[130.8976,70.755],
[130.8837,70.7836],
[130.8975,70.8046],
[130.8923,70.8373],
[130.7836,70.9718],
[130.7207,70.9532],
[130.7105,70.9057],
[130.6937,70.8829],
[130.6625,70.8708],
[130.5772,70.8694],
[130.3604,70.9212],
[130.2886,70.9308],
[130.1689,70.9658],
[130.2223,70.9836],
[130.1564,71.0469],
[130.078,71.0825],
[129.8058,71.1055],
[129.7438,71.1211],
[129.7582,71.1437],
[129.7082,71.2169],
[129.6536,71.2583],
[129.42,71.3236],
[129.3842,71.3437],
[129.3141,71.4622],
[129.2402,71.5499],
[129.1844,71.5908],
[129.1534,71.6043],
[129.1046,71.6066],
[128.9224,71.591],
[128.8438,71.6043],
[128.814,71.656],
[128.8372,71.679],
[128.9291,71.7083],
[129.1145,71.7161],
[129.2751,71.7487],
[129.5272,71.7199],
[129.3148,71.7989],
[129.2888,71.8257],
[129.3069,71.8485],
[129.2954,71.8667],
[129.0725,72.0019],
[129.0547,71.975],
[129.0801,71.92],
[129.0974,71.899],
[129.17,71.8497],
[129.1848,71.8254],
[129.1823,71.8035],
[129.1595,71.7897],
[128.9599,71.74],
[128.7116,71.7705],
[128.6461,71.7985],
[128.6563,71.8272],
[128.613,71.8905],
[128.5261,71.9022],
[128.4949,71.9142],
[128.4308,71.9655],
[128.3836,72.0394],
[128.2568,72.1114],
[127.9378,72.2058],
[127.7872,72.2922],
[127.6586,72.3475],
[127.4505,72.3508],
[127.1764,72.3925],
[127.0292,72.4025],
[126.7201,72.3875],
[126.8918,72.2929],
[126.9153,72.1744],
[126.9744,72.0543],
[127.0258,72.015],
[127.2225,71.9608],
[127.315,71.9132],
[127.3261,71.895],
[127.3139,71.8722],
[127.2417,71.8375],
[127.1977,71.7736],
[127.188,71.7472],
[127.2393,71.6057],
[127.2936,71.543],
[127.3115,71.4905],
[127.3058,71.4114],
[127.2761,71.3889],
[127.2153,71.3946],
[127.2144,71.4222],
[127.2301,71.4578],
[127.2041,71.5947],
[127.1794,71.6153],
[127.0894,71.7671],
[127.1312,71.848],
[127.0291,71.9078],
[126.9086,71.9508],
[126.8033,72.0165],
[126.8089,72.0426],
[126.7755,72.1128],
[126.7514,72.1403],
[126.6255,72.1781],
[126.5525,72.2514],
[126.4005,72.3425],
[126.365,72.3522],
[126.3167,72.3353],
[126.2461,72.29],
[126.1276,72.2675],
[126.0947,72.2705],
[125.8822,72.3322],
[125.7608,72.328],
[125.6475,72.3419],
[125.5525,72.3703],
[125.527,72.3954],
[125.4556,72.4236],
[125.2558,72.4519],
[125.2308,72.4628],
[125.2003,72.4986],
[125.1375,72.5319],
[124.8611,72.5811],
[124.738,72.6237],
[124.343,72.6408],
[124.2697,72.6533],
[124.1089,72.7114],
[123.7878,72.7564],
[123.6603,72.7558],
[123.4739,72.7244],
[123.3439,72.7275],
[123.1489,72.7539],
[123.0472,72.7778],
[122.8672,72.7883],
[122.6536,72.8122],
[122.5189,72.8386],
[122.4197,72.8675],
[122.2208,72.8736],
[122.0533,72.8919],
[121.9252,72.9289],
[121.9608,72.9521],
[121.8658,72.968],
[121.3883,72.9669],
[121.1555,72.9386],
[121.0144,72.93],
[120.8758,72.9386],
[120.5817,72.9811],
[120.4742,72.9794],
[119.8114,73.0172],
[119.7826,73.0132],
[119.7572,72.9978],
[119.7903,72.9705],
[119.8766,72.9464],
[120.1722,72.9341],
[120.4394,72.9064],
[120.5615,72.882],
[120.4561,72.8811],
[120.2592,72.9086],
[119.9639,72.9208],
[119.8178,72.9358],
[119.5861,72.9964],
[119.5332,73.0586],
[119.2508,73.0719],
[119.0042,73.1044],
[118.4711,73.2017],
[118.3889,73.2387],
[118.3515,73.2833],
[118.3472,73.4098],
[118.3669,73.4278],
[118.4714,73.4797],
[118.5979,73.4754],
[118.6325,73.453],
[118.6875,73.4422],
[118.9111,73.455],
[118.9548,73.466],
[118.9859,73.4853],
[118.9539,73.5047],
[118.8322,73.5447],
[118.6344,73.5717],
[117.9517,73.5861],
[117.7136,73.5764],
[117.2422,73.59],
[116.575,73.663],
[116.4325,73.6669],
[116.238,73.6575],
[115.8208,73.695],
[115.4569,73.703],
[115.2433,73.6933],
[114.9804,73.6433],
[114.9208,73.6191],
[114.8589,73.6053],
[114.5405,73.585],
[114.4047,73.5831],
[114.2744,73.5933],
[114.0986,73.5869],
[113.9817,73.5711],
[113.9471,73.5547],
[113.8447,73.5372],
[113.5517,73.5155],
[113.4705,73.501],
[113.5269,73.4391],
[113.77,73.3536],
[113.8565,73.3458],
[113.9477,73.3542],
[114.0279,73.3444],
[113.9839,73.3283],
[113.859,73.3114],
[113.7544,73.3189],
[113.6953,73.3122],
[113.543,73.2385],
[113.5299,73.214],
[113.5304,73.1811],
[113.5611,73.0767],
[113.5346,72.9673],
[113.508,72.9444],
[113.3694,72.8855],
[113.1755,72.8555],
[113.1529,72.8429],
[113.1557,72.82],
[113.2111,72.7739],
[113.2239,72.739],
[113.348,72.6879],
[113.7111,72.6333],
[113.8469,72.6311],
[114.023,72.6153],
[114.0919,72.595],
[114.0447,72.5972],
[113.7955,72.6216],
[113.6392,72.6228],
[113.5339,72.635],
[113.3014,72.6783],
[113.1854,72.7194],
[113.0896,72.8351],
[113.1317,72.8661],
[113.3294,72.8933],
[113.4751,72.9616],
[113.454,72.9994],
[113.4594,73.0197],
[113.5165,73.086],
[113.5197,73.1128],
[113.4954,73.3369],
[113.264,73.3716],
[113.1353,73.4482],
[113.2592,73.5494],
[113.2925,73.5665],
[113.4108,73.5794],
[113.4296,73.6021],
[113.4244,73.6408],
[113.4033,73.6778],
[113.2683,73.7575],
[113.1428,73.8597],
[112.8878,73.965],
[112.8686,73.9275],
[112.933,73.8625],
[112.9515,73.7973],
[112.8747,73.7597],
[112.7328,73.7286],
[112.4547,73.7103],
[112.2483,73.7069],
[112.0214,73.7167],
[111.775,73.7475],
[111.6478,73.765],
[111.4108,73.8189],
[111.3183,73.8441],
[111.2942,73.8593],
[111.2378,73.9125],
[111.2032,73.9694],
[111.223,73.9915],
[111.2514,73.9964],
[111.3825,73.9805],
[111.5361,74.0044],
[111.5751,74.026],
[111.5518,74.0428],
[111.5183,74.0486],
[111.3269,74.0478],
[111.1403,74.0292],
[111.1075,74.0197],
[111.0657,73.9861],
[111.0776,73.9611],
[111.0975,73.9503],
[111.0605,73.9197],
[111.0014,73.9044],
[110.9489,73.9072],
[110.7139,73.9511],
[110.6275,73.98],
[110.5641,73.9919],
[110.2004,74.0244],
[110.0311,74.0097],
[109.9105,73.9735],
[109.8855,73.9596],
[109.8372,73.8797],
[109.7035,73.8448],
[109.5298,73.8193],
[109.5269,73.78],
[109.54,73.758],
[109.6517,73.685],
[109.7578,73.6589],
[109.8483,73.6989],
[110.2628,73.6966],
[110.6305,73.7779],
[110.6483,73.7875],
[110.8934,73.7654],
[110.8776,73.7335],
[110.9143,73.6967],
[110.8464,73.6739],
[110.6283,73.6475],
[110.5353,73.6464],
[110.4241,73.6039],
[110.2519,73.5814],
[110.1426,73.538],
[110.1022,73.5083],
[109.8139,73.4592],
[109.6005,73.4455],
[109.5205,73.4508],
[109.213,73.5447],
[109.1778,73.5396],
[109.1837,73.5067],
[109.3208,73.4839],
[109.407,73.4439],
[109.4246,73.4148],
[109.3547,73.4243],
[109.3314,73.438],
[109.2529,73.4585],
[109.203,73.4482],
[109.2372,73.4212],
[109.2466,73.4005],
[109.1533,73.3764],
[108.853,73.3444],
[108.7216,73.3383],
[108.5764,73.3125],
[108.2383,73.2958],
[108.2055,73.2779],
[108.2333,73.2686],
[108.3347,73.2714],
[108.3679,73.266],
[108.3912,73.2523],
[108.3758,73.2271],
[108.353,73.2197],
[108.2378,73.218],
[108.1453,73.2389],
[108.0694,73.2444],
[107.9975,73.2314],
[107.8714,73.1883],
[107.7922,73.1728],
[107.3411,73.1591],
[107.0536,73.1794],
[106.9823,73.1728],
[106.9103,73.1467],
[106.7919,73.14],
[106.6672,73.1483],
[106.3433,73.1887],
[106.1908,73.1328],
[106.1719,73.0951],
[106.2085,72.9832],
[106.2264,72.9721],
[106.2833,72.9617],
[106.0039,72.9475],
[105.9786,72.9292],
[105.96,72.9019],
[105.8344,72.875],
[105.6347,72.8042],
[105.493,72.7658],
[105.4367,72.758],
[105.2119,72.7647],
[105.1755,72.7869],
[105.3275,72.8144],
[105.5911,72.8889],
[105.8389,73.0049],
[105.8492,73.098],
[106.0214,73.1521],
[106.0503,73.2022],
[106.0447,73.2568],
[106.0676,73.2742],
[106.1961,73.3083],
[106.2864,73.3194],
[106.6714,73.3033],
[106.8046,73.3419],
[106.8672,73.4222],
[107.159,73.5505],
[107.103,73.5742],
[107.1389,73.6115],
[107.3292,73.6266],
[107.6222,73.628],
[107.7711,73.6097],
[107.9568,73.6612],
[108.0583,73.6653],
[108.0984,73.6544],
[108.1897,73.6703],
[108.4017,73.7525],
[108.4914,73.7703],
[108.6292,73.8697],
[108.7741,73.9391],
[109.0811,74.0367],
[109.2322,74.0619],
[109.5244,74.0908],
[109.8453,74.1755],
[109.8948,74.1965],
[109.9475,74.236],
[109.9698,74.2972],
[109.9153,74.3058],
[109.8017,74.2861],
[109.7094,74.2825],
[109.6539,74.2861],
[109.5775,74.3072],
[109.6175,74.3196],
[109.9141,74.3251],
[109.9471,74.3346],
[109.9828,74.3625],
[110.0297,74.3711],
[110.1333,74.3628],
[110.21,74.3682],
[110.3714,74.4182],
[110.3903,74.4404],
[110.3397,74.4728],
[110.285,74.4785],
[110.3469,74.4914],
[110.498,74.4728],
[110.5447,74.4747],
[110.6341,74.4873],
[110.8061,74.5321],
[110.9466,74.5444],
[110.9926,74.5539],
[111.0476,74.578],
[111.0203,74.6008],
[111.2161,74.6305],
[111.3961,74.6865],
[111.5172,74.6961],
[111.7289,74.6614],
[111.7867,74.664],
[112.0505,74.7833],
[112.0675,74.7944],
[112.0871,74.8264],
[112.0826,74.8504],
[112.1001,74.8642],
[112.1411,74.8772],
[112.5672,74.923],
[112.7464,74.9519],
[112.8886,74.988],
[113.0075,75.0671],
[113.3953,75.1936],
[113.5767,75.2705],
[113.6104,75.2875],
[113.6682,75.3644],
[113.6483,75.3817],
[113.57,75.3794],
[113.5337,75.3893],
[113.5747,75.4083],
[113.7175,75.4086],
[113.7172,75.4344],
[113.6989,75.4712],
[113.6764,75.5011],
[113.6504,75.5146],
[113.5275,75.5042],
[113.3415,75.5296],
[113.265,75.5714],
[113.3058,75.6142],
[113.2845,75.6443],
[113.2503,75.6492],
[113.1855,75.6411],
[112.9915,75.5994],
[113.0321,75.5604],
[113.0119,75.5461],
[112.9164,75.5411],
[112.828,75.5475],
[112.7946,75.5844],
[112.8774,75.628],
[112.8691,75.7056],
[112.8272,75.7303],
[112.6855,75.7642],
[112.5128,75.7714],
[112.3497,75.8471],
[112.38,75.8525],
[112.6078,75.84],
[113.0421,75.7394],
[113.1333,75.7068],
[113.595,75.6576],
[113.6087,75.6413],
[113.5715,75.6103],
[113.4217,75.5389],
[113.5094,75.5325],
[113.5539,75.5369],
[113.714,75.6067],
[113.7222,75.6639],
[113.7619,75.716],
[113.8335,75.7615],
[113.8914,75.8451],
[113.8547,75.9097],
[113.8273,75.9262],
[113.7769,75.9361],
[113.6179,75.919],
[113.6211,75.8919],
[113.5475,75.8667],
[113.5317,75.9203],
[113.5533,75.9673],
[113.5108,76.0272],
[113.4536,76.0375],
[113.4372,76.0519],
[113.4378,76.1064],
[113.4663,76.1382],
[113.3653,76.2036],
[113.2661,76.258],
[113.2428,76.2622],
[113.1822,76.2614],
[113.1389,76.2508],
[112.9334,76.2554],
[112.9637,76.2212],
[112.9921,76.2112],
[113.1321,76.1955],
[113.23,76.17],
[113.2558,76.1433],
[113.0978,76.155],
[113.0111,76.1508],
[112.9941,76.1329],
[113.0411,76.1136],
[113.0267,76.0778],
[112.9394,76.0564],
[112.8294,76.0583],
[112.595,76.0397],
[112.5751,76.0457],
[112.6617,76.0503],
[112.7933,76.0792],
[112.8528,76.1449],
[112.7898,76.19],
[112.7594,76.1964],
[112.6661,76.1883],
[112.6047,76.1925],
[112.5622,76.2075],
[112.5125,76.2385],
[112.5578,76.2372],
[112.6453,76.2186],
[112.6872,76.2253],
[112.7378,76.2746],
[112.7443,76.326],
[112.6594,76.3597],
[112.2658,76.4522],
[112.2366,76.453],
[112.1122,76.4161],
[112.0282,76.38],
[111.9064,76.3644],
[112.19,76.4703],
[112.0992,76.51],
[111.9744,76.5297],
[111.855,76.5819],
[111.7675,76.6033],
[111.6542,76.6161],
[111.4978,76.6105],
[111.4522,76.6191],
[111.4936,76.6611],
[111.5441,76.6785],
[111.4992,76.6875],
[111.2003,76.7058],
[111.1286,76.7514],
[111.1039,76.7553],
[110.9294,76.758],
[110.8331,76.7328],
[110.7375,76.7239],
[110.6494,76.7317],
[110.6314,76.7492],
[110.6008,76.7589],
[110.4903,76.7578],
[110.2969,76.7411],
[110.0831,76.6919],
[110.0344,76.688],
[109.6822,76.7139],
[109.5628,76.7386],
[109.2633,76.7392],
[109.1336,76.725],
[108.5864,76.713],
[108.3869,76.7128],
[108.1944,76.7355],
[107.9441,76.7317],
[107.9168,76.7273],
[107.9094,76.6637],
[107.9747,76.6548],
[107.9959,76.6332],
[107.8758,76.5353],
[107.6792,76.508],
[107.5753,76.5036],
[107.4091,76.5278],
[107.3161,76.5311],
[107.0086,76.5014],
[106.8236,76.4644],
[106.3929,76.5121],
[106.3716,76.553],
[106.3708,76.5835],
[106.4001,76.5958],
[106.4883,76.6014],
[106.5457,76.585],
[106.6408,76.5772],
[106.7869,76.655],
[107.058,76.7556],
[107.054,76.7818],
[107.0723,76.799],
[107.1911,76.7991],
[107.2196,76.806],
[107.2728,76.8272],
[107.3399,76.8689],
[107.2739,76.8834],
[107.3178,76.8947],
[107.468,76.9055],
[107.4982,76.9184],
[107.3972,76.9341],
[107.3358,76.9536],
[107.3286,76.9592],
[107.336,76.963],
[107.2733,77.0157],
[107.1322,77.0117],
[107.0329,77.0182],
[106.908,77.0425],
[106.8139,77.05],
[106.6461,77.0271],
[106.7721,77.0035],
[106.7272,76.9961],
[106.6431,76.9969],
[106.488,77.0301],
[106.1941,77.0616],
[105.9181,76.9911],
[105.7122,76.978],
[105.4485,76.9761],
[105.4409,77.0102],
[105.4889,77.025],
[105.775,77.0344],
[105.8687,77.0803],
[105.9341,77.1275],
[105.91,77.1414],
[105.8382,77.115],
[105.7878,77.108],
[105.6294,77.1114],
[105.3991,77.0833],
[104.913,77.0836],
[104.7792,77.1058],
[104.7128,77.1083],
[104.3639,77.0819],
[104.1233,77.0896],
[104.1875,77.1105],
[104.3675,77.135],
[104.5111,77.1261],
[104.583,77.1511],
[104.7247,77.173],
[104.9128,77.1653],
[105.195,77.1975],
[105.4458,77.2372],
[105.5367,77.2617],
[105.69,77.3292],
[105.7332,77.3582],
[105.7611,77.3642],
[106.0289,77.3639],
[106.1841,77.345],
[106.2825,77.3661],
[106.1211,77.4078],
[105.998,77.4133],
[105.9111,77.4694],
[105.915,77.4997],
[105.8719,77.5636],
[105.6422,77.5619],
[105.3528,77.5425],
[105.0725,77.5831],
[104.9108,77.5903],
[104.8086,77.6247],
[104.7828,77.6417],
[104.7843,77.6738],
[104.7705,77.6916],
[104.7458,77.6986],
[104.6211,77.6983],
[104.4208,77.6675],
[104.3364,77.6639],
[104.2626,77.6852],
[104.2778,77.7025],
[104.3264,77.7177],
[104.3022,77.7308],
[104.2753,77.7317],
[104.0241,77.7267],
[103.8546,77.693],
[103.6422,77.6386],
[103.4614,77.6239],
[103.3566,77.6164],
[103.3247,77.6211],
[103.2943,77.6481],
[103.2583,77.6564],
[103.2033,77.6536],
[102.9197,77.5839],
[102.8519,77.5411],
[102.5479,77.4978],
[102.4539,77.4547],
[102.4083,77.425],
[102.2855,77.378],
[102.225,77.3761],
[102.1992,77.3916],
[102.1555,77.3978],
[102.0555,77.383],
[102.0289,77.364],
[101.8533,77.2844],
[101.1947,77.0915],
[101.1656,77.0656],
[101.2336,77.0475],
[101.2378,77.0181],
[101.2255,76.9891],
[101.1761,76.9794],
[101.0647,76.9928],
[100.937,76.9821],
[100.9142,76.9705],
[100.93,76.9486],
[100.8497,76.8786],
[100.8705,76.8307],
[100.9642,76.785],
[101.0003,76.7764],
[101.1797,76.773],
[101.2157,76.7678],
[101.2312,76.7516],
[101.1355,76.7019],
[101.1016,76.6105],
[101.0526,76.5812],
[100.8783,76.5514],
[101.0341,76.5186],
[101.2142,76.5183],
[101.4469,76.505],
[101.7803,76.4603],
[101.9792,76.4253],
[102.2,76.405],
[102.2408,76.379],
[102.2094,76.3753],
[101.8892,76.3941],
[101.8369,76.4005],
[101.803,76.413],
[101.7815,76.4305],
[101.7047,76.4508],
[101.5083,76.4486],
[101.318,76.4819],
[101.0992,76.4569],
[101.0543,76.484],
[100.8642,76.5325],
[100.6558,76.4944],
[100.3864,76.4722],
[100.2372,76.485],
[99.9989,76.4839],
[99.6817,76.4678],
[99.4353,76.4691],
[99.0944,76.4969],
[98.9197,76.5194],
[98.8361,76.5061],
[98.8143,76.4821],
[98.8289,76.4667],
[98.9347,76.4405],
[99.0204,76.381],
[99.0235,76.3531],
[99.0511,76.345],
[99.2428,76.3497],
[99.3222,76.3301],
[99.3948,76.2776],
[99.5942,76.2707],
[99.6157,76.2528],
[99.615,76.2278],
[99.6285,76.2015],
[99.6522,76.1876],
[99.8007,76.1542],
[99.8772,76.0917],
[99.91,75.9422],
[99.895,75.9186],
[99.8483,75.8928],
[99.6937,75.8472],
[99.6214,75.7878],
[99.5957,75.7757],
[99.3919,75.7789],
[99.3061,75.7678],
[99.2779,75.746],
[99.2469,75.6772],
[99.1742,75.5687],
[99.2267,75.5433],
[99.3911,75.5292],
[99.5958,75.4841],
[99.8023,75.4762],
[99.8277,75.459],
[99.7921,75.4346],
[99.7919,75.3715],
[99.8575,75.3475],
[100.0705,75.2933],
[100.2037,75.1919],
[100.1863,75.1685],
[100.0125,75.2953],
[99.7654,75.3578],
[99.7239,75.4054],
[99.7144,75.4358],
[99.6358,75.4658],
[99.198,75.5292],
[99.1164,75.5478],
[99.093,75.5619],
[99.0966,75.5842],
[99.2235,75.7586],
[99.2725,75.778],
[99.5158,75.8064],
[99.6175,75.8355],
[99.6708,75.8671],
[99.7656,76.0343],
[99.7211,76.0591],
[99.6497,76.0799],
[99.5586,76.0605],
[99.4696,76.1028],
[99.5966,76.1266],
[99.5794,76.1526],
[99.1819,76.1255],
[99.0998,76.1601],
[99.2264,76.1578],
[99.2957,76.2065],
[99.2769,76.2142],
[99.0036,76.2219],
[98.9286,76.2166],
[98.8583,76.1927],
[98.7173,76.2022],
[98.7739,76.2235],
[98.8175,76.2619],
[98.7455,76.2619],
[98.6125,76.2347],
[98.4726,76.1932],
[98.3819,76.1775],
[98.1561,76.1714],
[98.0497,76.158],
[97.9241,76.1199],
[98.0203,76.0955],
[98.08,76.1039],
[98.2175,76.098],
[98.1472,76.085],
[98.0267,76.0661],
[97.8949,76.0579],
[97.8582,76.0779],
[97.7258,76.0953],
[97.5479,76.05],
[97.5722,76.0447],
[97.7097,76.0491],
[97.8066,76.0222],
[97.8407,75.9953],
[97.8214,75.9797],
[97.7072,75.9778],
[97.575,75.9944],
[97.5178,75.9933],
[97.368,75.9808],
[97.3065,75.9557],
[97.3288,75.94],
[97.1836,75.928],
[97.1935,75.9851],
[97.3897,76.0412],
[97.2894,76.0394],
[97.215,76.0289],
[96.8508,75.9228],
[96.4429,75.8685],
[96.63,75.9544],
[96.6367,75.9805],
[96.5119,76.01],
[96.3469,75.9941],
[96.3339,75.9627],
[96.3058,75.9514],
[96.1822,75.95],
[96.1072,75.9589],
[95.9314,75.9466],
[95.83,75.915],
[95.7865,75.8894],
[95.7439,75.8505],
[95.71,75.8519],
[95.5749,75.8882],
[95.7697,75.9278],
[96.0711,76.0466],
[96.1972,76.0815],
[96.1539,76.0997],
[95.718,76.1433],
[95.5775,76.145],
[95.4119,76.158],
[95.0441,76.1028],
[94.9154,76.1119],
[94.8407,76.1424],
[94.7853,76.1508],
[94.6008,76.1558],
[94.5442,76.149],
[94.6639,76.1419],
[94.7019,76.1342],
[94.7371,76.1162],
[94.6066,76.0628],
[94.4714,76.0466],
[94.4436,76.0568],
[94.4447,76.0822],
[94.3878,76.1172],
[94.3533,76.1222],
[94.1694,76.1072],
[93.66,76.1239],
[93.6369,76.1193],
[93.6694,76.0922],
[93.9565,76.0726],
[93.9929,76.0508],
[93.9439,76.0439],
[93.6303,76.0403],
[93.41,76.0117],
[93.3872,76.0147],
[93.3437,76.0703],
[93.4273,76.1002],
[93.3939,76.1116],
[93.1811,76.0997],
[93.1388,76.0891],
[93.1625,76.075],
[93.1933,76.0733],
[93.2242,76.0601],
[93.2147,76.0393],
[93.0974,76.0257],
[93.0553,76.0625],
[93.0225,76.0675],
[92.9254,76.054],
[92.8653,75.9483],
[92.9062,75.8985],
[93.0472,75.888],
[93.1054,75.9017],
[93.03,75.9197],
[93.0089,75.9344],
[93.2853,75.9761],
[93.314,75.9704],
[93.3158,75.9364],
[93.4051,75.8741],
[93.4427,75.873],
[93.4744,75.8776],
[93.4884,75.8944],
[93.4569,75.9183],
[93.5253,75.9453],
[93.5973,75.9389],
[93.5982,75.9114],
[93.6625,75.8972],
[93.8289,75.9036],
[94.1552,75.9468],
[94.1353,75.9317],
[94.0771,75.916],
[93.8925,75.8914],
[93.6658,75.8753],
[93.3466,75.83],
[93.028,75.8133],
[92.6969,75.7811],
[92.5011,75.7742],
[92.3919,75.7505],
[92.1814,75.748],
[92.0478,75.7225],
[91.7985,75.7164],
[91.7678,75.7304],
[91.7094,75.7353],
[91.6815,75.7294],
[91.6268,75.6937],
[91.6476,75.6653],
[91.6411,75.6403],
[91.6197,75.6372],
[91.4214,75.6458],
[91.3169,75.6294],
[91.2339,75.6261],
[91.2028,75.6296],
[91.1826,75.641],
[91.0726,75.6385],
[90.9685,75.6161],
[90.9314,75.623],
[90.9046,75.6629],
[90.8672,75.6636],
[90.7083,75.64],
[90.6575,75.618],
[90.6269,75.6133],
[90.3005,75.6011],
[89.9597,75.5714],
[89.9153,75.5569],
[89.9397,75.5464],
[89.9091,75.5189],
[89.6308,75.4939],
[89.5339,75.4466],
[89.3975,75.4394],
[89.2528,75.5031],
[89.2262,75.4971],
[89.1767,75.4619],
[89.1389,75.45],
[88.9828,75.4355],
[88.8503,75.3925],
[88.5667,75.3247],
[88.3371,75.2369],
[88.3178,75.2201],
[88.3167,75.1818],
[88.2958,75.1654],
[88.0326,75.1183],
[87.9872,75.1],
[87.9078,75.0992],
[87.7855,75.1239],
[87.2903,75.1605],
[87.1383,75.165],
[86.9865,75.1493],
[86.92,75.1239],
[86.9033,75.0799],
[86.9225,75.0722],
[87.0689,75.09],
[87.2681,75.0685],
[87.3733,75.0364],
[87.6169,75.0389],
[87.738,75.0353],
[87.7754,75.0246],
[87.5925,74.9422],
[87.4058,75.0022],
[87.2417,75],
[87.1817,74.9814],
[87.2536,74.955],
[87.3389,74.9561],
[87.3796,74.9462],
[87.3658,74.9311],
[87.0729,74.8521],
[87.0461,74.8219],
[87.0375,74.7983],
[86.9561,74.7528],
[86.8716,74.7497],
[86.7619,74.7028],
[86.7733,74.6822],
[86.89,74.6903],
[86.9285,74.6873],
[86.9486,74.6767],
[86.913,74.6125],
[86.7107,74.6119],
[86.6853,74.618],
[86.6048,74.6685],
[86.5808,74.7],
[86.5172,74.7175],
[86.398,74.7211],
[86.3594,74.7062],
[86.3198,74.7061],
[86.2267,74.76],
[86.2837,74.77],
[86.2075,74.8103],
[86.0683,74.82],
[86.0356,74.811],
[86.0933,74.7875],
[86.1233,74.7658],
[86.1144,74.7433],
[86.0749,74.7196],
[86.0423,74.7111],
[86.0067,74.7078],
[85.9264,74.7208],
[85.8615,74.708],
[85.8371,74.6973],
[85.7892,74.6308],
[85.943,74.6083],
[86.0205,74.6216],
[86.3119,74.6033],
[86.6208,74.5586],
[86.6836,74.5397],
[86.6094,74.5297],
[86.5442,74.5083],
[86.7875,74.4222],
[87.0171,74.4305],
[87.1328,74.3691],
[87.0253,74.335],
[86.9105,74.3249],
[86.8425,74.3008],
[86.738,74.2972],
[86.7022,74.3062],
[86.7236,74.3186],
[86.781,74.3242],
[86.8745,74.3555],
[86.9,74.371],
[86.8775,74.3911],
[86.6839,74.3875],
[86.5878,74.4325],
[86.4997,74.4517],
[86.4553,74.4536],
[86.0561,74.4155],
[86.0961,74.4037],
[86.2708,74.38],
[86.3065,74.3253],
[86.2915,74.3096],
[86.2304,74.3246],
[86.2028,74.3426],
[86.1126,74.3578],
[85.9469,74.3644],
[85.9116,74.3526],
[85.9496,74.2826],
[85.995,74.2672],
[86.0641,74.2603],
[86.5711,74.2491],
[86.7205,74.2228],
[86.765,74.2051],
[86.7966,74.1739],
[86.7828,74.1183],
[86.8517,74.0742],
[86.8886,74.0672],
[87.1472,74.0647],
[87.3668,74.0426],
[87.3936,74.0289],
[87.4108,74.0074],
[87.3615,74.0047],
[87.2986,74.03],
[87.2017,74.0422],
[87.0553,74.0458],
[86.9804,74.0286],
[86.993,74.0058],
[87.1378,73.9325],
[87.1714,73.8911],
[87.205,73.8708],
[87.3218,73.8305],
[87.4722,73.8242],
[87.5284,73.8603],
[87.5304,73.9087],
[87.6169,73.9072],
[87.6473,73.9026],
[87.6661,73.8908],
[87.6424,73.8364],
[87.6072,73.8181],
[87.2983,73.7414],
[87.2622,73.7168],
[87.2588,73.6874],
[87.3407,73.7035],
[87.2753,73.6583],
[87.1833,73.6194],
[87.1,73.6044],
[86.859,73.6025],
[86.7878,73.5839],
[86.6469,73.5725],
[86.4339,73.57],
[86.2783,73.5594],
[85.9153,73.4991],
[85.861,73.4823],
[85.8418,73.4511],
[85.8448,73.3707],
[85.8744,73.3447],
[85.9147,73.3264],
[86.2255,73.2772],
[86.3264,73.2544],
[86.6297,73.1603],
[86.6878,73.1342],
[86.7758,73.0696],
[86.7836,72.9941],
[86.7444,73.0158],
[86.7224,73.0436],
[86.7169,73.0769],
[86.663,73.1211],
[86.5191,73.1572],
[86.316,73.1808],
[86.2567,73.2089],
[86.2483,73.2444],
[86.2158,73.261],
[85.9619,73.2961],
[85.8396,73.3237],
[85.8128,73.3375],
[85.7936,73.3665],
[85.786,73.4705],
[85.8394,73.5028],
[86.1012,73.5835],
[86.3533,73.6108],
[86.5103,73.6655],
[86.6161,73.6741],
[86.7561,73.7122],
[86.8104,73.7444],
[86.848,73.7556],
[87.0213,73.7817],
[87.0957,73.8417],
[87.0475,73.8701],
[86.7561,73.9008],
[86.3369,73.8658],
[86.0247,73.8622],
[85.8605,73.8214],
[85.7219,73.8208],
[85.5632,73.8093],
[85.5122,73.7761],
[85.4725,73.7178],
[85.2244,73.6972],
[85.0497,73.7114],
[84.8583,73.7505],
[84.7536,73.7589],
[84.5578,73.7444],
[84.3514,73.7075],
[83.7583,73.6919],
[83.4528,73.6561],
[82.9147,73.6564],
[82.4822,73.6661],
[81.7691,73.6505],
[81.5169,73.6422],
[80.8803,73.5786],
[80.575,73.5797],
[80.5186,73.5735],
[80.5103,73.491],
[80.5323,73.4815],
[80.5637,73.4962],
[80.6258,73.5092],
[80.6747,73.5019],
[80.6089,73.4425],
[80.5872,73.4317],
[80.3883,73.3811],
[80.3669,73.3814],
[80.253,73.323],
[80.278,73.3053],
[80.3315,73.2904],
[80.438,73.2914],
[80.5478,73.2673],
[80.563,73.2537],
[80.5699,73.2225],
[80.5078,73.2047],
[80.3233,73.1991],
[80.2653,73.1805],
[80.4811,73.1547],
[80.5726,73.1342],
[80.5881,73.1138],
[80.55,73.1053],
[80.4669,73.1036],
[80.4472,73.0926],
[80.5369,73.073],
[80.6812,73.0607],
[80.7435,73.0351],
[80.8111,72.9733],
[80.8361,72.9092],
[80.806,72.8437],
[80.7571,72.7915],
[80.6357,72.7335],
[80.6271,72.7074],
[80.6739,72.6504],
[80.7008,72.6411],
[80.7897,72.6343],
[80.8237,72.6192],
[80.7755,72.5689],
[80.7228,72.558],
[80.7065,72.5461],
[80.7264,72.523],
[80.8294,72.47],
[80.9061,72.4497],
[81.1119,72.3753],
[81.2139,72.3547],
[81.473,72.3505],
[81.723,72.3342],
[81.8286,72.3192],
[81.9836,72.2841],
[82.1341,72.2734],
[82.1597,72.2829],
[82.1987,72.2804],
[82.2879,72.2253],
[82.3093,72.1915],
[82.3004,72.1269],
[82.2714,72.1122],
[82.1932,72.0942],
[82.4708,72.0153],
[82.7331,71.887],
[82.8045,71.8984],
[83.0389,71.8862],
[83.2064,71.8693],
[83.3716,71.8297],
[83.4022,71.8175],
[83.5161,71.703],
[83.6264,71.6254],
[83.6308,71.5653],
[83.5772,71.5133],
[83.5162,71.4848],
[83.3844,71.4647],
[83.374,71.4297],
[83.3734,71.3636],
[83.2894,71.2976],
[83.1708,71.2547],
[83.1502,71.238],
[83.2589,71.1111],
[83.3953,71.0133],
[83.4772,70.9114],
[83.5996,70.6998],
[83.7228,70.5858],
[83.748,70.5297],
[83.7455,70.46],
[83.655,70.403],
[83.5317,70.3392],
[83.335,70.3108],
[83.2066,70.3103],
[83.0158,70.3328],
[82.9517,70.3205],
[83.045,70.2539],
[83.1335,70.2046],
[83.1936,70.1233],
[83.1798,70.0856],
[83.1069,70.0686],
[83.0717,70.0633],
[82.9817,70.0817],
[82.6446,70.1712],
[82.643,70.2336],
[82.6553,70.2522],
[83.0003,70.4108],
[83.0182,70.4262],
[83.0525,70.5032],
[83.0243,70.5246],
[82.9939,70.5653],
[83.055,70.6694],
[83.1319,70.7755],
[83.1467,70.8469],
[83.1348,70.8748],
[83.1097,70.8907],
[82.8958,70.9441],
[82.7468,70.9626],
[82.6639,70.9472],
[82.5818,70.9111],
[82.4857,70.8118],
[82.4905,70.7837],
[82.5219,70.773],
[82.4333,70.6089],
[82.2169,70.5869],
[82.1581,70.5728],
[82.2614,70.3525],
[82.3487,70.2149],
[82.3461,70.1986],
[82.2355,70.2774],
[82.1689,70.4366],
[82.081,70.5646],
[82.21,70.6792],
[82.3675,70.7403],
[82.4086,70.7696],
[82.3008,70.9136],
[82.2489,70.9386],
[82.2019,70.9886],
[82.2001,71.0103],
[82.3158,71.055],
[82.3394,71.0672],
[82.3558,71.0887],
[82.3318,71.1385],
[82.2864,71.1698],
[82.2572,71.2567],
[82.2812,71.275],
[82.3869,71.3025],
[82.8577,71.3931],
[82.985,71.4547],
[83.0113,71.5363],
[83.0305,71.5548],
[83.1193,71.5628],
[83.1752,71.5766],
[83.2897,71.6466],
[83.3187,71.6726],
[83.2616,71.7211],
[83.2134,71.732],
[83.0356,71.7262],
[82.977,71.7315],
[82.9189,71.7682],
[82.8625,71.7783],
[82.8033,71.7786],
[82.1382,71.7004],
[81.7847,71.6994],
[81.653,71.708],
[81.2914,71.7767],
[81.2592,71.8043],
[81.2667,71.8387],
[81.2507,71.8513],
[80.6511,72.0311],
[80.6366,72.0512],
[80.6703,72.0681],
[80.75,72.0769],
[80.7992,72.0705],
[80.7645,72.0482],
[80.8213,72.0314],
[80.8486,72.05],
[80.8501,72.0746],
[80.8261,72.0869],
[80.4642,72.1428],
[80.2425,72.1653],
[80.1089,72.1869],
[79.803,72.2556],
[79.5417,72.3522],
[79.4797,72.3678],
[79.2961,72.3811],
[78.8461,72.3736],
[78.538,72.4036],
[78.4961,72.3987],
[78.5002,72.3773],
[78.4297,72.3925],
[78.323,72.3844],
[78.2594,72.3608],
[78.09,72.3539],
[77.9253,72.3158],
[77.7819,72.2475],
[77.7394,72.21],
[77.6703,72.1886],
[77.6225,72.1861],
[77.5244,72.2189],
[77.4742,72.2175],
[77.4491,72.2103],
[77.3732,72.0974],
[77.3976,72.0776],
[77.4883,72.0625],
[77.5672,72.07],
[77.6451,72.0957],
[77.8125,72.1155],
[77.9125,72.1183],
[78.0158,72.1],
[78.1711,72.0155],
[78.215,71.9853],
[78.2269,71.9564],
[78.1777,71.9014],
[78.1047,71.8761],
[77.7592,71.8255],
[77.6608,71.8228],
[77.5603,71.8322],
[77.4586,71.8596],
[77.4191,71.8814],
[77.2103,71.9617],
[76.96,72.0411],
[76.8978,72.0511],
[76.8178,72.0508],
[76.5528,72.0172],
[76.3953,72.0056],
[76.2997,71.9861],
[76.0975,71.9286],
[76.0611,71.8783],
[76.2544,71.6086],
[76.2476,71.5867],
[76.264,71.5747],
[76.3122,71.5603],
[76.4519,71.5472],
[76.5539,71.5269],
[76.625,71.5036],
[76.6703,71.4736],
[76.7314,71.46],
[76.8944,71.4328],
[77.1164,71.4214],
[77.1897,71.3682],
[77.3119,71.3339],
[77.4783,71.3065],
[77.4378,71.3229],
[77.4908,71.3294],
[77.5708,71.3133],
[77.6564,71.285],
[77.7248,71.2805],
[77.7487,71.2883],
[77.737,71.3147],
[77.9823,71.3729],
[78.009,71.3628],
[77.998,71.344],
[77.9269,71.3262],
[77.9051,71.3096],
[77.9391,71.2533],
[78.095,71.2703],
[78.2604,71.2603],
[78.2964,71.2501],
[78.3119,71.235],
[78.315,71.21],
[78.2933,71.1664],
[78.234,71.1191],
[78.2483,71.0975],
[78.3769,71.0478],
[78.4528,71.0357],
[78.4978,71.0442],
[78.4369,71.0578],
[78.3535,71.0906],
[78.4669,71.1115],
[78.5197,71.1017],
[78.5358,71.0614],
[78.5294,71.0347],
[78.4847,70.9919],
[78.5497,70.9556],
[78.7518,70.9336],
[78.8355,70.9514],
[78.8883,70.977],
[78.8836,71.0053],
[79.0673,71.0193],
[79.1085,71.0071],
[79.0551,70.9429],
[79.0311,70.9347],
[78.8736,70.9144],
[78.5597,70.9171],
[78.4361,70.8858],
[78.3778,70.8961],
[78.2742,70.9372],
[78.12,70.9525],
[78.0341,70.9525],
[77.9378,70.9753],
[77.9132,70.9872],
[77.889,71.0243],
[77.8836,71.0894],
[77.8619,71.1078],
[77.7883,71.1375],
[77.6798,71.1569],
[77.0046,71.1825],
[76.9767,71.1775],
[76.9346,71.1547],
[76.9593,71.104],
[76.9321,71.0754],
[76.9158,71.0697],
[76.9164,71.0877],
[76.8805,71.1558],
[76.8436,71.1886],
[76.6179,71.2101],
[76.378,71.205],
[75.7917,71.2561],
[75.4497,71.3083],
[75.2673,71.3612],
[75.2326,71.3919],
[75.2366,71.4482],
[75.2669,71.4594],
[75.3249,71.4615],
[75.4191,71.4819],
[75.4986,71.5239],
[75.4955,71.6594],
[75.4719,71.6744],
[75.3775,71.6968],
[75.2714,71.7357],
[75.2139,71.7915],
[75.2224,71.8413],
[75.2841,71.9517],
[75.4262,71.9733],
[75.438,71.9945],
[75.418,72.0271],
[75.5146,72.149],
[75.5928,72.2126],
[75.6365,72.231],
[75.728,72.2529],
[75.7464,72.2686],
[75.7603,72.2937],
[75.7411,72.3055],
[75.6733,72.3169],
[75.5526,72.4833],
[75.5703,72.5332],
[75.5939,72.5447],
[75.6887,72.5426],
[75.7124,72.5582],
[75.6492,72.5922],
[75.3775,72.6828],
[75.4307,72.708],
[75.4544,72.7044],
[75.5282,72.7448],
[75.5056,72.7597],
[75.3603,72.8053],
[75.2511,72.8247],
[75.048,72.8786],
[74.9855,72.8783],
[74.83,72.8342],
[74.8147,72.7747],
[74.9508,72.701],
[75.0118,72.6592],
[75.0411,72.6258],
[75.0607,72.5864],
[75.1094,72.3914],
[75.1108,72.3542],
[75.0876,72.2317],
[75.0428,72.1797],
[74.9744,72.1222],
[74.9255,72.0961],
[74.8139,72.0658],
[74.4929,71.9943],
[73.7341,71.8691],
[73.5255,71.8158],
[73.4776,71.7636],
[73.5212,71.7193],
[73.523,71.6914],
[73.5033,71.6628],
[73.3691,71.5836],
[73.0644,71.4483],
[73.0164,71.4185],
[73.0347,71.4005],
[73.34,71.3311],
[73.5267,71.263],
[73.5655,71.2394],
[73.6222,71.1853],
[73.6614,71.1369],
[73.6853,71.0878],
[73.7261,71.0455],
[73.8949,70.9671],
[73.9165,70.9165],
[73.9132,70.8853],
[73.9265,70.8482],
[73.9928,70.813],
[74.263,70.7094],
[74.3094,70.6797],
[74.3205,70.6553],
[74.3403,70.5744],
[74.3269,70.5303],
[74.2933,70.4972],
[74.1996,70.4347],
[74.0904,70.3875],
[74.0611,70.3671],
[74.0436,70.3257],
[74.0069,70.2994],
[73.9061,70.2644],
[73.7186,70.1639],
[73.688,70.1346],
[73.7525,70.1079],
[73.7657,70.0771],
[73.65,69.8764],
[73.5158,69.7429],
[73.5444,69.7],
[73.6367,69.6247],
[73.7386,69.575],
[73.8458,69.4933],
[73.8764,69.4567],
[73.8959,69.4148],
[73.8792,69.3558],
[73.8392,69.2978],
[73.7542,69.2],
[73.7485,69.1712],
[73.7991,69.1322],
[73.9346,69.0733],
[73.9697,69.0746],
[74.1022,69.1061],
[74.1911,69.1364],
[74.3367,69.1419],
[74.4919,69.1308],
[74.7494,69.0789],
[75.1425,69.1189],
[75.1439,69.1566],
[75.4833,69.2536],
[75.5796,69.2596],
[75.7633,69.2312],
[75.835,69.2282],
[76.0014,69.2389],
[76.0465,69.235],
[76.233,69.1792],
[76.41,69.1419],
[76.5471,69.1271],
[76.6019,69.146],
[76.6266,69.1464],
[76.7268,69.1293],
[76.816,69.0933],
[76.8515,69.0503],
[76.9201,69.0089],
[77.2139,68.9828],
[77.2954,68.9668],
[77.3993,68.928],
[77.5669,68.9178],
[77.6442,68.9047],
[77.6758,68.8896],
[77.6922,68.8711],
[77.7439,68.7208],
[77.7489,68.683],
[77.7146,68.6141],
[77.7792,68.5164],
[77.811,68.5107],
[77.8951,68.5255],
[77.929,68.5165],
[77.9493,68.4916],
[77.935,68.4694],
[77.9353,68.4391],
[77.9561,68.3951],
[78.0017,68.3719],
[78.0882,68.3563],
[78.171,68.268],
[78.1489,68.2519],
[77.7339,68.2203],
[77.6441,68.1897],
[77.5586,68.1439],
[77.5031,68.0914],
[77.4716,67.9892],
[77.4537,67.7779],
[77.4664,67.7592],
[77.5333,67.7344],
[77.6014,67.7258],
[77.6603,67.7229],
[77.7562,67.7419],
[77.9407,67.7243],
[78.095,67.6597],
[78.1372,67.6553],
[78.4592,67.685],
[78.6046,67.6622],
[78.618,67.6435],
[78.5992,67.6312],
[78.5747,67.6258],
[78.499,67.6342],
[78.4688,67.6283],
[78.5028,67.6133],
[78.5787,67.6017],
[78.6607,67.6136],
[78.7158,67.648],
[78.8573,67.6472],
[79.0097,67.5951],
[79.0412,67.5734],
[78.9746,67.5568],
[78.9414,67.5564],
[78.7226,67.591],
[78.5744,67.5769],
[78.5135,67.5546],
[78.3646,67.5498],
[78.2719,67.5782],
[78.2385,67.581],
[78.0437,67.5404],
[77.9798,67.5482],
[77.9596,67.565],
[77.8675,67.5708],
[77.7855,67.5619],
[77.6798,67.6086],
[77.5044,67.6629],
[77.2889,67.713],
[77.1226,67.7635],
[77.0843,67.7848],
[77.0725,67.8119],
[77.0921,67.8332],
[77.1454,67.8471],
[77.1599,67.8283],
[77.2175,67.825],
[77.2422,67.8383],
[77.3001,67.9091],
[77.1962,67.9737],
[77.2428,68.0647],
[77.3598,68.2285],
[77.3379,68.238],
[77.198,68.2611],
[77.1648,68.2918],
[77.1776,68.3176],
[77.2492,68.3357],
[77.3034,68.3805],
[77.3208,68.5184],
[77.1986,68.5844],
[76.6758,68.7497],
[76.6414,68.7678],
[76.6211,68.7987],
[76.6425,68.8214],
[76.6945,68.8477],
[76.7003,68.87],
[76.611,68.9592],
[76.5825,68.9705],
[76.5106,68.9807],
[76.3253,68.9858],
[76.0994,68.9725],
[75.8253,68.94],
[75.7244,68.9197],
[75.4664,68.8986],
[74.6405,68.7691],
[74.5269,68.7361],
[74.4505,68.6893],
[74.4153,68.6027],
[74.4667,68.5412],
[74.4629,68.5151],
[74.4507,68.4894],
[74.4275,68.4658],
[74.3415,68.3996],
[74.3386,68.3709],
[74.3716,68.35],
[74.6072,68.2466],
[74.7259,68.1493],
[74.8119,67.9739],
[74.8207,67.93],
[74.7939,67.7886],
[74.74,67.6917],
[74.5383,67.5994],
[74.0912,67.4282],
[74.0411,67.3975],
[73.9035,67.2898],
[73.9507,67.2241],
[73.9186,67.0694],
[73.8528,66.9846],
[73.6132,66.9057],
[73.5228,66.8322],
[73.205,66.7794],
[72.9924,66.7239],
[72.9946,66.7001],
[72.9485,66.6596],
[72.9125,66.6494],
[72.7962,66.6332],
[72.6128,66.6264],
[72.4742,66.6042],
[72.3547,66.5328],
[72.3497,66.5083],
[72.3618,66.4596],
[72.3946,66.4162],
[72.3892,66.3615],
[72.3433,66.2982],
[72.3219,66.29],
[72.2133,66.2805],
[72,66.2194],
[71.9448,66.2468],
[71.8546,66.2304],
[71.8218,66.2332],
[71.7975,66.244],
[71.7493,66.2929],
[71.7158,66.3072],
[71.4619,66.3472],
[71.313,66.3608],
[70.9739,66.3669],
[70.5686,66.335],
[70.3758,66.3317],
[69.9953,66.4005],
[69.7516,66.4725],
[69.3769,66.5101],
[69.1542,66.5872],
[69.1146,66.6072],
[69.1003,66.6287],
[69.0989,66.6546],
[69.1155,66.7139],
[69.1148,66.7523],
[69.0862,66.773],
[68.9941,66.7835],
[68.9716,66.8064],
[69.0358,66.8205],
[69.1625,66.8306],
[69.3815,66.8276],
[69.6107,66.7887],
[69.8633,66.8222],
[69.8919,66.8319],
[69.9807,66.8027],
[70.15,66.7105],
[70.2372,66.6875],
[70.3307,66.6771],
[70.5111,66.6939],
[70.5355,66.7378],
[70.5775,66.7539],
[70.7054,66.7601],
[70.7384,66.748],
[70.6792,66.713],
[70.6005,66.6889],
[70.4439,66.6744],
[70.31,66.6469],
[70.2927,66.6208],
[70.2978,66.5953],
[70.32,66.5839],
[70.6866,66.5089],
[70.9825,66.5341],
[71.0486,66.565],
[71.0661,66.5929],
[71.0428,66.603],
[71.0599,66.6233],
[71.0825,66.6278],
[71.551,66.6443],
[71.5725,66.6525],
[71.5994,66.6875],
[71.5922,66.7222],
[71.5158,66.7597],
[71.4047,66.9269],
[71.4103,66.9669],
[71.5611,66.9289],
[71.7744,66.9455],
[71.8747,66.9878],
[72.0109,67.0681],
[72.0142,67.1103],
[72.1144,67.1944],
[72.1889,67.1483],
[72.2128,67.1514],
[72.2319,67.1735],
[72.2072,67.2235],
[72.1812,67.2369],
[72.0444,67.2607],
[72.0478,67.2977],
[72.1943,67.3276],
[72.2482,67.3098],
[72.2804,67.3076],
[72.3768,67.3167],
[72.4115,67.3321],
[72.4361,67.3636],
[72.4482,67.401],
[72.3974,67.4575],
[72.4088,67.476],
[72.5372,67.5146],
[72.5487,67.5311],
[72.5414,67.5801],
[72.5561,67.6017],
[72.6133,67.6222],
[72.6894,67.6193],
[72.8678,67.6382],
[72.8894,67.6603],
[72.8914,67.6858],
[73.0328,67.7232],
[73.0742,67.8164],
[73.1068,67.834],
[73.1746,67.8389],
[73.2044,67.8546],
[73.2026,67.9642],
[73.1927,67.9861],
[73.1594,68.0228],
[73.0718,68.0921],
[73.1027,68.2188],
[73.4128,68.3672],
[73.4494,68.4353],
[73.5272,68.4753],
[73.569,68.4864],
[73.6004,68.4794],
[73.5917,68.4441],
[73.6166,68.4294],
[73.6389,68.4415],
[73.6504,68.4673],
[73.6518,68.4928],
[73.6297,68.5205],
[73.5133,68.5869],
[73.3069,68.648],
[73.0953,68.7344],
[72.8914,68.7817],
[72.7203,68.8439],
[72.6414,68.8855],
[72.5747,68.9443],
[72.5539,68.9767],
[72.4728,69.1503],
[72.4794,69.1822],
[72.5078,69.2171],
[72.5803,69.2567],
[72.6225,69.3419],
[72.6355,69.4386],
[72.6323,69.4844],
[72.6189,69.5233],
[72.5569,69.6075],
[72.5343,69.6254],
[72.5564,69.6864],
[72.6555,69.751],
[72.6786,69.7991],
[72.6868,69.8435],
[72.6778,69.8747],
[72.6469,69.905],
[72.5283,69.9755],
[72.4905,70.0493],
[72.5681,70.0903],
[72.6194,70.161],
[72.6086,70.1839],
[72.458,70.2403],
[72.4295,70.2674],
[72.4325,70.2894],
[72.5325,70.3471],
[72.6386,70.3897],
[72.6972,70.4085],
[72.7744,70.42],
[72.7753,70.5307],
[72.7611,70.5489],
[72.6994,70.5842],
[72.6819,70.6148],
[72.7733,70.7247],
[72.8344,70.84],
[72.8394,70.8683],
[72.8144,70.8953],
[72.6186,71.0236],
[72.6753,71.0961],
[72.659,71.1143],
[72.5911,71.1553],
[72.4889,71.17],
[72.3428,71.2078],
[72.0983,71.2853],
[72.0564,71.3022],
[71.8461,71.4244],
[71.8062,71.4633],
[71.8032,71.4917],
[71.8201,71.5144],
[71.8589,71.5348],
[71.9514,71.563],
[72.0469,71.5705],
[72.1925,71.6003],
[72.3642,71.7197],
[72.3497,71.7659],
[72.3164,71.8086],
[72.3183,71.8336],
[72.3392,71.8562],
[72.3639,71.8689],
[72.4831,71.8909],
[72.5143,71.9079],
[72.5336,71.9247],
[72.5659,72.0002],
[72.7366,72.1958],
[72.768,72.2247],
[72.8628,72.2683],
[72.8792,72.2937],
[72.8364,72.3355],
[72.7949,72.4052],
[72.7919,72.47],
[72.7253,72.606],
[72.7394,72.6219],
[72.8111,72.6497],
[72.8239,72.7114],
[72.5447,72.7636],
[72.0651,72.8222],
[71.9714,72.8025],
[71.8803,72.7966],
[71.8229,72.8128],
[71.9633,72.8207],
[71.9967,72.8353],
[71.9397,72.8508],
[71.7653,72.8661],
[71.5605,72.9097],
[71.3333,72.9017],
[70.9772,72.9078],
[70.7575,72.8847],
[70.245,72.9],
[69.6483,72.8744],
[69.5726,72.8818],
[69.5563,72.9067],
[69.7937,72.9446],
[69.788,72.9642],
[69.5305,72.9747],
[69.3793,72.9617],
[69.3274,72.9454],
[69.3072,72.9289],
[69.3105,72.8794],
[69.2294,72.7978],
[69.161,72.7637],
[69.0441,72.7305],
[68.9764,72.6943],
[68.9269,72.5814],
[68.6537,72.0818],
[68.4961,71.8771],
[68.4655,71.8189],
[68.3133,71.7161],
[68.0997,71.6011],
[67.9689,71.5405],
[67.3669,71.3586],
[67.0858,71.3039],
[66.9033,71.2869],
[66.8368,71.2065],
[66.8279,71.1807],
[66.8114,71.1639],
[66.7783,71.1387],
[66.6378,71.0685],
[66.6196,71.0451],
[66.6183,71.0228],
[66.6525,71.0061],
[66.7091,70.9997],
[66.7672,71.0126],
[66.745,71.0504],
[66.8169,71.0997],
[66.8879,71.0803],
[66.8339,71.0025],
[66.7586,70.9436],
[66.6212,70.8911],
[66.6108,70.8682],
[66.6851,70.7635],
[67.008,70.805],
[67.1072,70.8353],
[67.2289,70.8255],
[67.314,70.7867],
[67.337,70.758],
[67.3379,70.7217],
[67.2807,70.664],
[67.2125,70.5173],
[67.2594,70.4614],
[67.2069,70.3969],
[67.0899,70.2142],
[67.1054,70.2005],
[67.2566,70.1451],
[67.2537,70.1763],
[67.2864,70.1646],
[67.3278,70.0975],
[67.2432,70.0121],
[67.2161,69.998],
[67.0203,69.9578],
[66.9883,69.9612],
[66.9649,69.9914],
[66.9775,70.0108],
[67.0031,70.021],
[66.9885,70.0518],
[66.9593,70.0535],
[66.8994,70.0258],
[66.8715,69.9978],
[66.7673,69.7542],
[66.7937,69.5803],
[66.9161,69.5253],
[66.9477,69.5319],
[66.9394,69.5536],
[66.9341,69.6314],
[66.9765,69.6968],
[67.0101,69.6991],
[67.0797,69.6903],
[67.361,69.6198],
[67.4753,69.6219],
[67.613,69.5917],
[67.6411,69.584],
[67.6897,69.549],
[67.7861,69.5167],
[67.9578,69.4854],
[67.9957,69.4828],
[68.0323,69.4926],
[68.008,69.5139],
[68.0307,69.5361],
[68.058,69.5494],
[68.0992,69.5446],
[68.0994,69.4011],
[68.0222,69.3389],
[68.0525,69.2754],
[68.2461,69.1364],
[68.3578,69.0797],
[68.4547,68.9808],
[68.6553,68.9216],
[68.785,68.9108],
[68.82,68.9119],
[68.8979,68.9448],
[69.0217,68.9642],
[69.2175,68.9558],
[69.1175,68.9165],
[68.9628,68.9061],
[68.9501,68.8888],
[68.9833,68.875],
[69.0797,68.8771],
[69.1098,68.8694],
[69.0953,68.8333],
[68.9012,68.611],
[68.7872,68.5172],
[68.6758,68.4525],
[68.5667,68.3728],
[68.5573,68.3529],
[68.5765,68.335],
[68.5641,68.3105],
[68.5286,68.2772],
[68.4364,68.225],
[68.2911,68.1868],
[68.265,68.1875],
[68.1854,68.2393],
[68.2051,68.2966],
[68.2546,68.3328],
[68.1594,68.4114],
[67.8825,68.471],
[67.7831,68.4775],
[67.7061,68.5105],
[67.7974,68.5035],
[67.6457,68.5749],
[67.4094,68.6575],
[67.2664,68.6933],
[67.2015,68.7021],
[67.041,68.7914],
[67.05,68.818],
[67.1187,68.8349],
[67.055,68.8564],
[66.8989,68.8808],
[66.678,68.8925],
[66.5814,68.9058],
[66.3472,68.9508],
[66.0955,69.0355],
[65.7078,69.0808],
[65.6822,69.0872],
[65.6624,69.1148],
[65.7117,69.1211],
[65.7518,69.1],
[65.8895,69.1076],
[65.8703,69.1272],
[65.5439,69.158],
[65.32,69.1964],
[65.1875,69.2275],
[65.0761,69.2699],
[64.9373,69.2622],
[64.9169,69.2436],
[64.9389,69.2076],
[64.8326,69.1521],
[64.7968,69.1429],
[64.7707,69.1496],
[64.7612,69.1746],
[64.784,69.2411],
[64.8351,69.2873],
[64.8597,69.2939],
[64.919,69.2789],
[64.9633,69.2805],
[64.9985,69.2964],
[64.9592,69.32],
[64.6686,69.3989],
[64.5153,69.4569],
[64.1505,69.5419],
[63.4353,69.66],
[63.0861,69.7033],
[62.4219,69.7453],
[62.0111,69.7436],
[61.7161,69.7761],
[61.4355,69.79],
[61.2519,69.8289],
[61.0239,69.8436],
[60.9317,69.863],
[60.8657,69.8628],
[60.7597,69.8428],
[60.6921,69.8051],
[60.65,69.7297],
[60.666,69.6839],
[60.6483,69.6705],
[60.5042,69.6633],
[60.3517,69.6741],
[60.2708,69.6675],
[60.1608,69.6321],
[60.1453,69.5731],
[60.2157,69.5529],
[60.2801,69.4878],
[60.291,69.4628],
[60.4311,69.3697],
[60.5414,69.3125],
[60.5935,69.2494],
[60.5936,69.1969],
[60.5836,69.1564],
[60.6022,69.1258],
[60.6378,69.11],
[60.6926,69.1014],
[60.728,69.1194],
[60.7285,69.1726],
[60.7558,69.173],
[60.8453,69.1497],
[60.8947,69.1233],
[60.9303,69.0873],
[60.9443,68.9904],
[60.9144,68.9047],
[60.8683,68.9058],
[60.8003,68.8886],
[60.7367,68.8471],
[60.6705,68.7905],
[60.5947,68.7508],
[60.4944,68.7189],
[60.3814,68.7025],
[60.0867,68.6866],
[60.0008,68.6961],
[59.9233,68.7208],
[59.8117,68.6819],
[59.7824,68.6654],
[59.7628,68.6375],
[59.7842,68.6169],
[59.8525,68.5962],
[59.8719,68.5819],
[59.9466,68.5113],
[59.9685,68.4643],
[59.8964,68.4014],
[59.8426,68.3694],
[59.6811,68.338],
[59.6153,68.3355],
[59.1272,68.4011],
[59.098,68.4076],
[59.0724,68.4246],
[59.0618,68.6198],
[59.1712,68.695],
[59.2504,68.7083],
[59.4017,68.7022],
[59.4205,68.7117],
[59.4272,68.7453],
[59.4214,68.7644],
[59.1004,68.9089],
[58.9015,68.9335],
[59.0197,68.9675],
[59.1917,68.9811],
[59.2217,68.9906],
[59.1767,68.9978],
[58.8983,68.9997],
[58.8119,68.9933],
[58.4894,68.943],
[58.2763,68.8919],
[58.2722,68.8558],
[58.2822,68.794],
[58.3094,68.7808],
[58.394,68.7744],
[58.4353,68.7526],
[58.4217,68.7366],
[58.3454,68.7301],
[58.2015,68.8373],
[58.2403,68.8791],
[58.1843,68.885],
[57.9714,68.8469],
[57.9453,68.823],
[57.9771,68.7787],
[57.944,68.7537],
[57.9151,68.7454],
[57.6511,68.743],
[57.5867,68.7336],
[57.4486,68.6501],
[57.4153,68.5918],
[57.398,68.5808],
[57.2761,68.5558],
[57.0994,68.5401],
[57.0131,68.5444],
[56.8703,68.563],
[56.765,68.6028],
[56.628,68.6369],
[56.3894,68.6091],
[56.2919,68.6053],
[56.145,68.623],
[56.0505,68.6505],
[55.9768,68.6594],
[55.9462,68.6532],
[55.8397,68.6044],
[55.6895,68.5713],
[55.5811,68.5604],
[55.4544,68.5667],
[55.3326,68.5511],
[55.2259,68.5211],
[54.9944,68.435],
[54.9397,68.4],
[54.8565,68.3143],
[54.9192,68.2827],
[54.9232,68.2426],
[54.8687,68.1851],
[54.8233,68.1678],
[54.7821,68.1637],
[54.661,68.1798],
[54.5733,68.2789],
[54.5465,68.2989],
[54.5065,68.3051],
[54.4722,68.3028],
[54.3953,68.2636],
[54.2454,68.2074],
[54.1997,68.2072],
[54.1708,68.2505],
[54.0997,68.2467],
[54.0417,68.2244],
[53.9617,68.2136],
[53.8644,68.22],
[53.8467,68.2378],
[53.7076,68.2521],
[53.5214,68.2556],
[53.3361,68.2366],
[53.2455,68.2464],
[53.2092,68.2647],
[53.2128,68.2853],
[53.3201,68.3455],
[53.4249,68.3644],
[53.5314,68.3603],
[53.6305,68.3344],
[53.6834,68.3344],
[53.6361,68.3789],
[53.5767,68.4006],
[53.6019,68.4079],
[53.6786,68.3955],
[53.7894,68.3443],
[53.8117,68.3441],
[53.9443,68.4014],
[53.9058,68.5028],
[53.8814,68.5264],
[53.7467,68.6083],
[53.7235,68.6321],
[53.7327,68.6585],
[53.8128,68.6822],
[53.8349,68.7025],
[53.8439,68.7343],
[53.9314,68.8097],
[54.0204,68.8393],
[54.0126,68.8578],
[53.9444,68.8714],
[53.7367,68.8883],
[53.6989,68.8859],
[53.7212,68.8614],
[53.6858,68.8583],
[53.6075,68.8808],
[53.6044,68.9082],
[53.7557,68.9279],
[53.8746,68.923],
[54.3383,68.9553],
[54.5311,68.9768],
[54.5592,68.9957],
[54.5167,69.0053],
[54.4183,69.0089],
[53.7756,68.9669],
[53.4703,68.9194],
[53.2864,68.8825],
[53.0189,68.8036],
[52.7142,68.7319],
[52.2949,68.6166],
[52.2831,68.599],
[52.3233,68.5883],
[52.4083,68.5846],
[52.5063,68.6294],
[52.5437,68.6384],
[52.638,68.6421],
[52.6108,68.6232],
[52.5075,68.6154],
[52.488,68.5855],
[52.5753,68.5308],
[52.7121,68.494],
[52.7304,68.483],
[52.7304,68.459],
[52.6992,68.4275],
[52.6647,68.413],
[52.5582,68.4004],
[52.4637,68.3537],
[52.2587,68.3064],
[52.2358,68.3116],
[52.1412,68.3821],
[52.1718,68.3957],
[52.2572,68.4024],
[52.2831,68.4121],
[52.3556,68.4773],
[52.3111,68.4941],
[52.1786,68.5047],
[52.2011,68.555],
[52.0747,68.5444],
[51.7814,68.4914],
[51.5749,68.4832],
[51.5499,68.4728],
[51.5411,68.4531],
[51.575,68.4384],
[51.5536,68.4253],
[51.0676,68.3497],
[50.8817,68.3392],
[50.855,68.3423],
[50.8008,68.3676],
[50.7687,68.3705],
[50.6793,68.3144],
[50.5883,68.2744],
[50.4003,68.2133],
[50.2414,68.1758],
[50.1139,68.1283],
[50.0342,68.071],
[49.9661,68.04],
[49.8893,68.0194],
[49.8508,68.0189],
[49.8711,68.0308],
[49.9699,68.0561],
[50.0032,68.085],
[49.9653,68.0847],
[49.7194,67.9989],
[49.2261,67.8739],
[49.0472,67.8536],
[48.9225,67.8486],
[48.8103,67.8686],
[48.6725,67.9275],
[48.5953,67.9305],
[48.6136,67.9125],
[48.7756,67.8439],
[48.802,67.8223],
[48.8792,67.725],
[49.0474,67.67],
[49.0972,67.6326],
[49.0655,67.6272],
[49.0031,67.6353],
[48.9455,67.6739],
[48.8618,67.6969],
[48.6679,67.71],
[48.635,67.7064],
[48.5426,67.6635],
[48.4586,67.6594],
[48.3503,67.6891],
[48.264,67.6768],
[48.1449,67.6261],
[48.0015,67.6524],
[47.8372,67.594],
[47.8144,67.5743],
[47.8583,67.53],
[47.9367,67.4742],
[47.9511,67.4519],
[47.9367,67.4232],
[47.8433,67.3716],
[47.6822,67.1864],
[47.7401,67.1373],
[47.7522,67.1185],
[47.748,67.0425],
[47.7315,67.0107],
[47.6997,66.9864],
[47.5983,66.9386],
[47.4975,66.9155],
[47.3639,66.9225],
[46.9239,66.8417],
[46.5967,66.8199],
[46.5547,66.8104],
[46.5067,66.7684],
[46.3819,66.7411],
[46.5169,66.8125],
[46.5975,66.8389],
[46.5879,66.8614],
[46.5108,66.8761],
[46.2803,66.8367],
[46.0336,66.8249],
[45.815,66.9011],
[45.7126,67.0201],
[45.6503,67.0729],
[45.635,67.1348],
[45.6071,67.168],
[45.5786,67.1822],
[45.1253,67.2803],
[44.9274,67.3471],
[44.9129,67.3657],
[44.9317,67.4572],
[44.948,67.4782],
[45.0028,67.5119],
[45.1144,67.5653],
[45.1603,67.5793],
[45.2947,67.585],
[45.3343,67.6086],
[45.3517,67.655],
[45.3478,67.685],
[45.3004,67.6996],
[45.3225,67.7176],
[45.3825,67.7355],
[45.6214,67.7691],
[45.7253,67.7649],
[45.838,67.7725],
[46.4089,67.8275],
[46.6715,67.8044],
[46.7111,67.8168],
[46.7183,67.8425],
[46.7149,67.9228],
[46.6614,67.9336],
[46.5669,67.9969],
[46.5368,68.0554],
[46.5494,68.0867],
[46.5274,68.1382],
[46.3933,68.1975],
[46.3461,68.2087],
[46.3193,68.2018],
[46.2824,68.2073],
[46.0257,68.3267],
[45.9539,68.4091],
[45.9404,68.4351],
[45.9592,68.449],
[45.9033,68.4822],
[45.403,68.5611],
[45.2642,68.5744],
[44.885,68.5789],
[44.7131,68.5619],
[44.1186,68.5353],
[43.9205,68.5644],
[43.4861,68.678],
[43.3869,68.688],
[43.3117,68.685],
[43.2697,68.6681],
[43.2789,68.6411],
[43.3319,68.6086],
[43.6894,68.4725],
[44.0014,68.3928],
[44.2036,68.305],
[44.2279,68.2919],
[44.2449,68.2646],
[44.1404,67.9948],
[44.1316,67.9282],
[44.1628,67.9239],
[44.2211,67.9364],
[44.2582,67.9281],
[44.2106,67.8946],
[44.1672,67.888],
[44.1125,67.8922],
[44.0865,67.877],
[44.0861,67.8389],
[44.1254,67.8072],
[44.1139,67.7066],
[44.0921,67.6807],
[44.0592,67.6807],
[44.0309,67.6645],
[43.9394,67.5667],
[43.7875,67.3931],
[43.7582,67.3422],
[43.7518,67.3115],
[43.7505,67.2522],
[43.7599,67.2176],
[43.7789,67.1962],
[43.904,67.16],
[44.0364,67.1792],
[44.1417,67.1668],
[44.3129,67.0469],
[44.4083,67.0116],
[44.48,66.9491],
[44.4964,66.9075],
[44.4851,66.8358],
[44.4673,66.8187],
[44.3811,66.8014],
[44.3615,66.7837],
[44.483,66.6741],
[44.4569,66.6464],
[44.4239,66.6372],
[44.3974,66.6172],
[44.3603,66.5029],
[44.2575,66.4608],
[44.2184,66.4071],
[44.1644,66.3728],
[44.1236,66.3147],
[44.0764,66.2005],
[44.0787,66.1642],
[44.1497,66.0483],
[44.1744,65.8747],
[44.0407,65.9914],
[44.0246,66.019],
[44.053,66.0574],
[44.0486,66.0782],
[43.9436,66.1383],
[43.858,66.1769],
[43.6925,66.1775],
[43.4755,66.1255],
[43.3851,66.0727],
[43.4072,66.0565],
[43.4717,66.0536],
[43.5167,66.0366],
[43.525,66.0069],
[43.5162,65.9757],
[43.3547,66.0386],
[43.2944,66.0907],
[43.52,66.1817],
[43.635,66.203],
[43.6939,66.2319],
[43.6869,66.2555],
[43.6467,66.2828],
[43.5711,66.3167],
[43.4669,66.3347],
[43.3486,66.3822],
[43.3187,66.4121],
[43.2929,66.4243],
[43.2439,66.4297],
[43.0736,66.4244],
[42.7549,66.3955],
[42.6697,66.3964],
[42.6669,66.4222],
[42.6542,66.4433],
[42.5855,66.4639],
[42.2361,66.5275],
[42.1751,66.5244],
[42.1425,66.5122],
[42.0833,66.4689],
[42.0367,66.4205],
[41.8047,66.2655],
[41.6478,66.1866],
[41.425,66.0897],
[41.3553,66.0625],
[41.2044,66.0403],
[41.0078,65.9994],
[40.8533,65.9908],
[40.7033,65.968],
[40.6592,65.9489],
[40.5442,65.8572],
[40.4128,65.7764],
[40.2022,65.7103],
[39.9158,65.633],
[39.8122,65.5936],
[39.7514,65.5508],
[39.7238,65.5104],
[39.7039,65.4629],
[39.7014,65.4278],
[39.718,65.3783],
[39.7539,65.3422],
[39.9611,65.211],
[40.0592,65.1155],
[40.1515,65.0472],
[40.2158,65.0364],
[40.2794,65.0119],
[40.376,64.9235],
[40.4122,64.8609],
[40.4097,64.8392],
[40.4505,64.7892],
[40.4471,64.7646],
[40.4163,64.7501],
[40.4128,64.725],
[40.4703,64.63],
[40.5155,64.5944],
[40.5322,64.5647],
[40.5237,64.541],
[40.4972,64.5351],
[40.2169,64.5525],
[40.1641,64.5625],
[40.1353,64.5894],
[40.0578,64.6211],
[39.8628,64.6658],
[39.8177,64.6639],
[39.7951,64.6272],
[39.7941,64.5948],
[39.8782,64.6176],
[39.916,64.61],
[39.7374,64.5535],
[39.546,64.5632],
[38.9322,64.7436],
[38.7039,64.7697],
[38.5367,64.7983],
[38.4908,64.7614],
[38.3278,64.7536],
[38.188,64.718],
[38.1644,64.6973],
[38.1585,64.6708],
[38.0722,64.6426],
[38.0414,64.6433],
[38.0392,64.7599],
[38.0726,64.7758],
[38.2099,64.7841],
[38.2564,64.7792],
[38.3653,64.8069],
[38.4044,64.8541],
[38.3733,64.8625],
[38.2486,64.8489],
[38.1172,64.8503],
[38.0042,64.8705],
[37.9386,64.89],
[37.7444,64.969],
[37.7489,64.9995],
[37.7317,65.0369],
[37.6903,65.0558],
[37.4733,65.1241],
[37.0417,65.2072],
[36.8569,65.1783],
[36.8342,65.1572],
[36.8603,65.1216],
[36.8675,65.0764],
[36.833,64.9919],
[36.653,64.9226],
[36.5715,64.9273],
[36.5121,64.9486],
[36.4737,64.9503],
[36.4396,64.9379],
[36.4586,64.8867],
[36.5619,64.7439],
[36.6764,64.736],
[36.7292,64.7161],
[36.8667,64.6161],
[36.9455,64.5455],
[37.1447,64.4089],
[37.334,64.3525],
[37.3592,64.3517],
[37.5608,64.3842],
[37.6886,64.4228],
[37.8012,64.4197],
[37.8121,64.3876],
[37.9058,64.3417],
[37.9789,64.3167],
[37.9079,64.2302],
[37.9263,64.2112],
[38.0264,64.165],
[38.0472,64.1476],
[38.0845,64.057],
[38.0801,64.0211],
[37.9967,63.9561],
[37.8715,63.9147],
[37.7864,63.9064],
[37.6547,63.9236],
[37.5842,63.8813],
[37.5788,63.8437],
[37.5378,63.8221],
[37.4226,63.8047],
[37.2975,63.8132],
[37.2681,63.8236],
[37.2037,63.8793],
[37.1728,63.8892],
[36.833,63.9113],
[36.7969,63.9287],
[36.5967,63.9639],
[36.4733,63.9703],
[36.2825,64.0097],
[36.2639,64.0196],
[36.2779,64.1437],
[36.1097,64.2314],
[36.0194,64.1987],
[35.9843,64.1961],
[35.8931,64.2586],
[35.8986,64.2853],
[35.8786,64.3069],
[35.8042,64.3429],
[35.5967,64.4041],
[35.5676,64.3983],
[35.5386,64.3555],
[35.4222,64.3229],
[35.3248,64.3265],
[35.1359,64.385],
[34.9607,64.4579],
[34.9667,64.4973],
[34.9478,64.5144],
[34.8603,64.52],
[34.7878,64.5478],
[34.8353,64.5864],
[34.9572,64.6528],
[34.9361,64.8383],
[34.7747,64.9686],
[34.7953,65.0158],
[34.6822,65.1083],
[34.6853,65.1832],
[34.6346,65.2412],
[34.6075,65.2528],
[34.5505,65.2519],
[34.4744,65.2782],
[34.3812,65.3826],
[34.4225,65.4189],
[34.495,65.4497],
[34.618,65.4433],
[34.673,65.4479],
[34.7783,65.6004],
[34.6901,65.7169],
[34.6742,65.7772],
[34.6892,65.8016],
[34.758,65.7767],
[34.8889,65.7053],
[34.9306,65.6971],
[34.9647,65.7212],
[34.8501,65.8987],
[34.5667,66.078],
[34.3505,66.1578],
[34.1672,66.2144],
[34.1097,66.249],
[33.8833,66.2603],
[33.6364,66.313],
[33.5533,66.3222],
[33.5021,66.3121],
[33.3215,66.3197],
[33.343,66.3292],
[33.4392,66.3425],
[33.563,66.3922],
[33.7219,66.4225],
[33.6336,66.4811],
[33.6089,66.4894],
[33.5736,66.4896],
[33.5444,66.4737],
[33.445,66.4669],
[33.3303,66.4833],
[33.2472,66.53],
[33.213,66.5339],
[33.1679,66.5257],
[33.1397,66.5092],
[33.0764,66.505],
[33.0314,66.5067],
[32.9584,66.5304],
[33.071,66.5508],
[33.1779,66.5528],
[33.1992,66.564],
[33.3069,66.5544],
[33.4872,66.5222],
[33.5249,66.5275],
[33.4276,66.589],
[33.2401,66.6162],
[33.1536,66.603],
[33.0839,66.5807],
[32.871,66.5807],
[32.8625,66.5853],
[32.8705,66.595],
[32.8953,66.598],
[33.0336,66.5872],
[33.0686,66.5953],
[33.0957,66.6123],
[33.1223,66.6471],
[33.1522,66.6503],
[33.3078,66.6217],
[33.3219,66.6409],
[33.2222,66.6786],
[33.1569,66.6861],
[32.9697,66.6864],
[32.8009,66.7266],
[32.9308,66.7362],
[32.9128,66.769],
[32.6797,66.8275],
[32.5183,66.8822],
[32.5294,66.9486],
[32.5591,66.9859],
[32.5389,67.0078],
[32.4974,67.0314],
[32.3564,67.0758],
[32.2594,67.1228],
[32.1928,67.13],
[32.1011,67.1133],
[31.9236,67.1223],
[31.8588,67.1528],
[31.88,67.1622],
[31.9329,67.1604],
[32.0661,67.1333],
[32.2403,67.1447],
[32.3647,67.1619],
[32.4505,67.1317],
[32.5736,67.1328],
[32.6678,67.1194],
[32.7939,67.0858],
[32.8018,67.053],
[32.7975,67.0262],
[32.8347,66.9805],
[33.0886,66.8569],
[33.2514,66.7944],
[33.4839,66.7214],
[33.5349,66.7197],
[33.628,66.7461],
[33.5358,66.7861],
[33.5185,66.8128],
[33.5989,66.823],
[33.7765,66.7612],
[33.8185,66.7033],
[33.8556,66.6925],
[34.1575,66.67],
[34.3186,66.6658],
[34.4343,66.6437],
[34.3754,66.6343],
[34.3606,66.6134],
[34.4432,66.5455],
[34.479,66.5323],
[34.5514,66.538],
[34.6619,66.5641],
[34.741,66.6017],
[34.8458,66.605],
[34.9742,66.5639],
[35.0787,66.5148],
[35.1646,66.4848],
[35.4049,66.408],
[35.5091,66.3877],
[35.9144,66.3533],
[36.3822,66.2994],
[37.0161,66.2686],
[37.2664,66.2314],
[37.6736,66.1211],
[37.91,66.0875],
[38.1992,66.0672],
[38.6078,66.0522],
[39.0194,66.1022],
[39.2764,66.1191],
[39.585,66.1941],
[40.0667,66.2761],
[40.101,66.2898],
[40.1728,66.3386],
[40.3231,66.3814],
[40.4433,66.4008],
[40.5655,66.4539],
[40.721,66.5437],
[40.7212,66.5733],
[40.7367,66.5872],
[40.9725,66.7075],
[41.0969,66.76],
[41.2197,66.8378],
[41.3019,66.9465],
[41.3908,67.1191],
[41.361,67.2011],
[41.3183,67.2283],
[41.2849,67.2297],
[41.266,67.2176],
[41.2244,67.2133],
[41.133,67.2321],
[41.1107,67.251],
[41.1317,67.3071],
[41.1503,67.4169],
[41.1064,67.4514],
[41.0358,67.4678],
[41.0342,67.5894],
[41.0519,67.614],
[41.056,67.6339],
[41.0497,67.6586],
[40.9922,67.7161],
[40.91,67.7351],
[40.8336,67.7218],
[40.804,67.725],
[40.6967,67.7703],
[40.5204,67.7465],
[40.4843,67.7489],
[40.3994,67.7922],
[40.3305,67.8468],
[40.3901,67.8494],
[40.412,67.865],
[40.3621,67.9],
[40.1447,67.9507],
[39.9862,68.0287],
[39.9307,68.0894],
[39.92,68.1116],
[39.778,68.1636],
[39.7525,68.1689],
[39.7211,68.156],
[39.7914,68.1222],
[39.8526,68.0441],
[39.7414,68.0466],
[39.5279,68.0692],
[39.2622,68.1661],
[39.1094,68.2114],
[38.9305,68.3036],
[38.6297,68.3826],
[38.6039,68.3875],
[38.5079,68.366],
[38.5222,68.3514],
[38.6086,68.3275],
[38.5461,68.3253],
[38.4328,68.3392],
[38.396,68.3873],
[38.3274,68.4389],
[38.0474,68.5369],
[37.8247,68.6583],
[37.7733,68.6761],
[37.6464,68.7128],
[37.495,68.7353],
[36.9914,68.8972],
[36.6008,69.0133],
[36.2647,69.0744],
[35.975,69.173],
[35.8367,69.1989],
[35.4586,69.2533],
[35.1782,69.2737],
[35.158,69.2639],
[35.2608,69.2179],
[35.1851,69.1807],
[35.1477,69.1883],
[35.1362,69.2136],
[35.1076,69.2198],
[34.9469,69.2216],
[34.6475,69.2509],
[34.443,69.2814],
[34.4173,69.3046],
[34.3617,69.3171],
[33.8711,69.3328],
[33.6414,69.3255],
[33.5781,69.3084],
[33.5604,69.2796],
[33.5742,69.2065],
[33.5678,69.1839],
[33.4405,69.103],
[33.0753,69.0594],
[33.0477,69.0391],
[33.0323,68.9626],
[33.0106,68.9672],
[33.0182,69.0517],
[33.0433,69.0704],
[33.1217,69.0908],
[33.273,69.1039],
[33.5167,69.1814],
[33.5382,69.2042],
[33.4744,69.275],
[33.3792,69.2847],
[33.2679,69.266],
[33.2415,69.2691],
[33.2983,69.2971],
[33.3608,69.2997],
[33.4713,69.3504],
[33.5162,69.4225],
[33.4575,69.4441],
[33.3269,69.4489],
[32.9727,69.3879],
[32.9444,69.3708],
[32.9011,69.3104],
[32.806,69.3028],
[32.8328,69.3458],
[32.913,69.3941],
[33.0085,69.4358],
[33.0294,69.4719],
[32.6683,69.4997],
[32.4878,69.4897],
[32.4375,69.4814],
[32.2932,69.4286],
[32.2018,69.4285],
[32.2692,69.4387],
[32.4865,69.503],
[32.429,69.5701],
[32.3864,69.5783],
[32.1,69.5941],
[32.0264,69.6365],
[32.1103,69.6758],
[32.1701,69.6547],
[32.4675,69.6342],
[32.8267,69.5842],
[32.895,69.5828],
[33.0455,69.6175],
[33.1083,69.6463],
[33.1304,69.7261],
[33.0936,69.7475],
[32.9169,69.7767],
[32.7042,69.7972],
[32.6553,69.7783],
[32.5804,69.7822],
[32.504,69.8121],
[32.4687,69.8475],
[32.3578,69.8786],
[32.2133,69.8989],
[32.0558,69.9594],
[31.9365,69.9644],
[31.9152,69.9231],
[31.9887,69.8675],
[32.0372,69.8447],
[32.0968,69.7929],
[32.042,69.7689],
[31.9989,69.7998],
[31.858,69.8447],
[31.8172,69.8511],
[31.7569,69.8466],
[31.7142,69.8247],
[31.6915,69.7322],
[31.7608,69.7117],
[31.7986,69.689],
[31.7739,69.6811],
[31.5416,69.697],
[31.4058,69.7161],
[31.2408,69.7578],
[30.8548,69.7923],
[30.9433,69.6906],
[30.9508,69.6087],
[30.9412,69.574],
[30.9124,69.5502],
[30.8639,69.5367],
[30.7672,69.5305],
[30.5203,69.5476],
[30.196,69.6654],
[30.1096,69.6638],
[30.0767,69.6466],
[30.0951,69.6282],
[30.1373,69.6284],
[30.1815,69.578],
[30.0978,69.5033],
[29.8986,69.4328],
[29.665,69.3739],
[29.5383,69.3472],
[29.3139,69.3162],
[29.2956,69.2951],
[29.3186,69.2434],
[29.2957,69.1883],
[29.2544,69.12],
[29.1297,69.048],
[29.0565,69.0287],
[29.02,69.0314],
[28.9573,69.0516],
[28.9133,69.0433],
[28.4518,68.9165],
[28.4356,68.9026],
[28.4399,68.8824],
[28.4708,68.8744],
[28.7378,68.8758],
[28.8174,68.847],
[28.7617,68.7549],
[28.7386,68.7342],
[28.5181,68.5839],
[28.4599,68.5349],
[28.695,68.1954],
[29.3569,68.0825],
[29.6917,67.8153],
[30.0286,67.6947],
[29.9778,67.5725],
[29.9597,67.5386],
[29.9328,67.5139],
[29.5253,67.2939],
[29.1342,67.0136],
[29.0901,66.9729],
[29.0751,66.9036],
[29.0761,66.8775],
[29.1287,66.8204],
[29.2733,66.7383],
[29.3549,66.6779],
[29.3855,66.6283],
[29.5544,66.4703],
[29.5772,66.403],
[29.6319,66.3294],
[29.7992,66.1925],
[29.9037,66.1339],
[29.9483,66.0497],
[30.0939,65.8381],
[30.1349,65.7089],
[30.1202,65.6681],
[30.0303,65.6905],
[29.8189,65.6533],
[29.8342,65.5883],
[29.7981,65.5375],
[29.7461,65.5144],
[29.7383,65.4811],
[29.7486,65.3461],
[29.6131,65.2712],
[29.602,65.2444],
[29.6331,65.226],
[29.7875,65.2264],
[29.8483,65.218],
[29.8704,65.202],
[29.8694,65.12],
[29.8069,65.0992],
[29.6742,65.0818],
[29.646,65.0719],
[29.6212,65.0524],
[29.6081,65.006],
[29.6408,64.921],
[29.7336,64.8372],
[29.8089,64.794],
[30.0481,64.7955],
[30.1211,64.7842],
[30.1428,64.7721],
[30.2069,64.6633],
[30.1765,64.6314],
[30.0269,64.5976],
[29.9765,64.5789],
[30.0105,64.5123],
[30.0686,64.4947],
[30.0879,64.4807],
[30.0615,64.4053],
[30.1292,64.3642],
[30.1632,64.3528],
[30.3217,64.3294],
[30.3897,64.3094],
[30.5635,64.2409],
[30.5774,64.2237],
[30.6128,64.0942],
[30.6103,64.0704],
[30.5953,64.0469],
[30.5286,64],
[30.3981,63.9305],
[30.2635,63.8226],
[30.135,63.78],
[30.0331,63.7608],
[30.0009,63.7433],
[30.2456,63.5933],
[30.3954,63.548],
[30.4784,63.481],
[30.7147,63.4244],
[30.9122,63.3536],
[31.2197,63.2231],
[31.3831,63.0692],
[31.5196,62.9826],
[31.582,62.9079],
[31.474,62.8126],
[31.43,62.7589],
[31.3219,62.6153],
[31.2582,62.5083],
[30.9642,62.3392],
[30.7042,62.2105],
[30.3006,61.9561],
[30.1486,61.8517],
[29.9985,61.7344],
[29.8019,61.6037],
[29.3553,61.3597],
[29.2136,61.2533],
[28.8167,61.1051],
[28.72,61.0453],
[28.6456,60.9711],
[28.6196,60.96],
[28.5295,60.9546],
[28.3889,60.8867],
[28.2986,60.8205],
[28.0939,60.7122],
[27.8076,60.5468],
[27.8239,60.5261],
[28.1467,60.5294],
[28.3411,60.5942],
[28.3835,60.6243],
[28.3889,60.649],
[28.4106,60.6651],
[28.5136,60.6803],
[28.6767,60.7358],
[28.731,60.7162],
[28.7325,60.6772],
[28.6779,60.6117],
[28.6267,60.6189],
[28.6118,60.6341],
[28.5746,60.6378],
[28.5543,60.6085],
[28.5694,60.5853],
[28.6051,60.5765],
[28.6293,60.5927],
[28.6661,60.5785],
[28.7057,60.4609],
[28.6825,60.4539],
[28.5819,60.4903],
[28.5227,60.5236],
[28.5055,60.5515],
[28.4467,60.549],
[28.5983,60.3872],
[28.7191,60.3461],
[28.7872,60.3349],
[28.8761,60.2892],
[29.0033,60.1975],
[29.0464,60.1817],
[29.1624,60.1686],
[29.4006,60.159],
[29.5186,60.1936],
[29.58,60.1986],
[29.7217,60.1922],
[29.8242,60.1683],
[29.8799,60.1453],
[29.902,60.1207],
[29.8935,60.0935],
[29.9476,60.0272],
[30.037,60.008],
[30.17,59.9987],
[30.2339,59.9829],
[30.2467,59.9669],
[30.2181,59.8969],
[30.1849,59.8717],
[30.1556,59.8639],
[30.0394,59.8728],
[29.7628,59.9403],
[29.1946,60.0068],
[29.1068,59.9885],
[29.0628,59.9692],
[29.0283,59.9305],
[29.0362,59.8951],
[29.0274,59.8667],
[28.9811,59.8297],
[28.8322,59.7835],
[28.7271,59.7815],
[28.6942,59.7927],
[28.6657,59.8149],
[28.5193,59.8607],
[28.4958,59.8553],
[28.4371,59.8228],
[28.4174,59.7882],
[28.4187,59.7036],
[28.39,59.6669],
[28.3668,59.6612],
[28.2442,59.678],
[28.213,59.6944],
[28.1958,59.7487],
[28.1697,59.7675],
[28.1018,59.7933],
[28.0746,59.7946],
[28.0086,59.7589],
[27.9929,59.6897],
[28.0635,59.6029],
[28.0696,59.5701],
[28.0662,59.5444],
[28.0213,59.4799],
[28.1756,59.3936],
[28.1941,59.368],
[28.1793,59.3282],
[28.1643,59.3037],
[28.144,59.2908],
[28.0554,59.2792],
[27.9613,59.2863],
[27.9165,59.2737],
[27.8798,59.2281],
[27.7901,59.061],
[27.6972,58.9826],
[27.4572,58.8525],
[27.4217,58.7849],
[27.4893,58.5736],
[27.5194,58.504],
[27.5425,58.4139],
[27.5399,58.3648],
[27.4659,58.2969],
[27.4758,58.2131],
[27.5515,58.1349],
[27.6736,58.0757],
[27.6867,57.9653],
[27.779,57.9005],
[27.8133,57.8862],
[27.8202,57.8674],
[27.744,57.8374],
[27.5486,57.8186],
[27.4033,57.6815],
[27.3484,57.589],
[27.3684,57.5396],
[27.4494,57.5311],
[27.5472,57.5364],
[27.5278,57.4443],
[27.5714,57.4182],
[27.6872,57.38],
[27.8553,57.306],
[27.8639,57.2625],
[27.8494,57.1799],
[27.7747,57.0572],
[27.7017,56.9147],
[27.7311,56.8692],
[27.8378,56.8755],
[27.9388,56.8224],
[27.9267,56.794],
[27.9436,56.7228],
[28.1478,56.4714],
[28.1828,56.4064],
[28.236,56.2764],
[28.1971,56.1812],
[28.1683,56.1494],
[28.3099,56.0514],
[28.348,56.0555],
[28.379,56.0904],
[28.5282,56.1051],
[28.621,56.0993],
[28.65,56.0912],
[28.7006,56.0336],
[28.7255,55.9686],
[28.7461,55.9561],
[28.8438,55.9512],
[28.8651,55.9783],
[29.0061,56.0239],
[29.0594,56.0328],
[29.1722,56.0155],
[29.4101,55.9579],
[29.4557,55.9194],
[29.4103,55.8975],
[29.3598,55.7968],
[29.3823,55.76],
[29.485,55.6922],
[29.5244,55.693],
[29.6564,55.7653],
[29.9374,55.8531],
[30.2458,55.8544],
[30.4915,55.799],
[30.611,55.7178],
[30.6553,55.6605],
[30.7575,55.597],
[30.7887,55.5947],
[30.8457,55.6148],
[30.885,55.6185],
[30.9204,55.6066],
[30.94,55.4958],
[30.9362,55.3994],
[30.9135,55.3786],
[30.8893,55.3757],
[30.8578,55.3536],
[30.8314,55.33],
[30.816,55.3017],
[30.9179,55.201],
[30.944,55.1917],
[30.9781,55.1522],
[31.0275,55.0485],
[30.9404,54.9639],
[30.8647,54.9472],
[30.8389,54.9225],
[30.7947,54.8436],
[30.7827,54.7991],
[30.8764,54.7692],
[31.0087,54.7092],
[31.1031,54.6455],
[31.1382,54.5764],
[31.0873,54.5162],
[31.0927,54.4926],
[31.1986,54.4609],
[31.226,54.4593],
[31.312,54.3413],
[31.3104,54.3004],
[31.3286,54.2433],
[31.5442,54.1433],
[31.6756,54.1067],
[31.7558,54.1049],
[31.8456,54.061],
[31.8653,54.0061],
[31.8572,53.9697],
[31.8289,53.8864],
[31.7792,53.8374],
[31.7642,53.8043],
[31.8902,53.7781],
[31.993,53.8025],
[32.1197,53.82],
[32.4843,53.7122],
[32.5055,53.6828],
[32.4205,53.6476],
[32.4244,53.6012],
[32.4435,53.5728],
[32.4737,53.5528],
[32.6203,53.4999],
[32.6651,53.4985],
[32.7401,53.4588],
[32.7244,53.3603],
[32.6119,53.313],
[32.4219,53.1961],
[32.2989,53.1319],
[32.2233,53.1056],
[32.1421,53.0896],
[31.9183,53.0983],
[31.7997,53.1321],
[31.7765,53.1927],
[31.6232,53.2178],
[31.4258,53.2088],
[31.4,53.1886],
[31.3748,53.1219],
[31.3868,53.104],
[31.2667,53.0233],
[31.4153,52.8931],
[31.4849,52.8612],
[31.5385,52.8547],
[31.5797,52.8046],
[31.5937,52.7371],
[31.5551,52.7015],
[31.5051,52.6878],
[31.5871,52.5922],
[31.6287,52.3672],
[31.5938,52.3131],
[31.786,52.1576],
[31.785,52.1161],
[31.7347,52.1061],
[31.4225,52.12],
[31.346,52.1137],
[31.2962,52.0869],
[30.9597,52.0793],
[30.935,52.0618],
[30.9306,52.0322],
[30.9589,52.0008],
[30.825,51.9475],
[30.7469,51.8953],
[30.6621,51.8217],
[30.6669,51.8011],
[30.626,51.7079],
[30.565,51.6433],
[30.5539,51.5419],
[30.6437,51.3689],
[30.6426,51.3312],
[30.5678,51.2978],
[30.5514,51.2518],
[30.3503,51.3583],
[30.3476,51.4001],
[30.2072,51.4837],
[30.18,51.4915],
[29.9833,51.4864],
[29.9117,51.4728],
[29.8344,51.4419],
[29.7628,51.4408],
[29.7382,51.4571],
[29.719,51.491],
[29.6758,51.4993],
[29.624,51.4907],
[29.348,51.3743],
[29.312,51.3876],
[29.2496,51.5023],
[29.2415,51.541],
[29.1814,51.618],
[29.1181,51.6369],
[29.0525,51.6311],
[28.8106,51.5344],
[28.766,51.4814],
[28.7694,51.448],
[28.7572,51.4156],
[28.6665,51.4467],
[28.6372,51.51],
[28.6283,51.5649],
[28.4906,51.5811],
[28.4333,51.5661],
[28.3194,51.5892],
[28.2567,51.6593],
[28.2157,51.6557],
[28.182,51.6378],
[28.1382,51.583],
[28.079,51.5644],
[27.9837,51.5658],
[27.866,51.6218],
[27.8321,51.6092],
[27.8139,51.5922],
[27.8168,51.5333],
[27.7479,51.4665],
[27.6817,51.4932],
[27.7166,51.5775],
[27.6875,51.6028],
[27.5134,51.6337],
[27.4532,51.6028],
[27.2826,51.5982],
[27.1994,51.6751],
[27.2026,51.7513],
[27.17,51.7642],
[27.0193,51.7681],
[26.9711,51.7522],
[26.9265,51.7504],
[26.6424,51.8207],
[26.4572,51.8128],
[26.44,51.8231],
[26.4355,51.8562],
[26.2078,51.8583],
[26.0269,51.9103],
[25.8183,51.9358],
[25.7704,51.9382],
[25.7336,51.9274],
[25.5983,51.9189],
[25.44,51.9222],
[25.3521,51.9286],
[25.241,51.9599],
[25.1731,51.9593],
[24.9919,51.9119],
[24.8975,51.9007],
[24.7406,51.8897],
[24.3942,51.8847],
[24.3146,51.824],
[24.2834,51.7412],
[24.0431,51.6103],
[23.9982,51.5929],
[23.9635,51.5855],
[23.9384,51.5961],
[23.9229,51.6199],
[23.9016,51.6342],
[23.7513,51.6518],
[23.65,51.6362],
[23.6133,51.6067],
[23.6278,51.5797],
[23.6411,51.5235],
[23.6046,51.5277],
[23.6141,51.4986],
[23.6436,51.485],
[23.6928,51.4024],
[23.6812,51.3693],
[23.6839,51.2886],
[23.7319,51.2147],
[23.8111,51.1689],
[23.905,51.0681],
[23.9317,50.9941],
[23.9651,50.9504],
[24.0343,50.8983],
[24.1435,50.8596],
[24.131,50.8382],
[24.0769,50.8294],
[23.981,50.8296],
[23.9584,50.8152],
[23.9544,50.7917],
[24.0722,50.6958],
[24.1083,50.6305],
[24.1114,50.5669],
[24.0022,50.4144],
[23.9832,50.406],
[23.8144,50.4058],
[23.7176,50.3838],
[23.6971,50.3701],
[23.6842,50.3337],
[23.5911,50.2692],
[23.4961,50.2208],
[23.3036,50.1008],
[23.1108,49.955],
[22.78,49.675],
[22.6822,49.5731],
[22.6569,49.5299],
[22.6944,49.4508],
[22.7328,49.3972],
[22.7588,49.2859],
[22.7038,49.1699],
[22.7781,49.1505],
[22.8765,49.0874],
[22.8635,49.0498],
[22.8861,49.0029],
[22.8631,49.003],
[22.5941,49.0915],
[22.5628,49.0833],
[22.5349,48.9949],
[22.4614,48.9494],
[22.425,48.8894],
[22.3887,48.8002],
[22.3287,48.687],
[22.1598,48.5783],
[22.1511,48.4106]
]
],
[
[
[33.9758,69.3629],
[34.0505,69.3478],
[34.195,69.34],
[34.3864,69.3375],
[34.4049,69.3438],
[34.3736,69.3594],
[34.2134,69.4027],
[34.1375,69.4042],
[34.0353,69.3939],
[33.9935,69.3822],
[33.9758,69.3629]
]
],
[
[
[35.525,65.1269],
[35.5416,65.104],
[35.5837,65.0733],
[35.7443,64.9667],
[35.7908,64.9733],
[35.8484,64.9917],
[35.8662,65.0111],
[35.8689,65.0319],
[35.8404,65.1602],
[35.8122,65.1806],
[35.783,65.1905],
[35.6967,65.1927],
[35.5597,65.1766],
[35.5251,65.1538],
[35.525,65.1269]
]
],
[
[
[39.9829,64.6782],
[40.1536,64.6183],
[40.1992,64.5922],
[40.2393,64.5857],
[40.3428,64.5941],
[40.4271,64.5682],
[40.4556,64.5647],
[40.4744,64.5711],
[40.455,64.6119],
[40.4125,64.6536],
[40.338,64.7621],
[40.2583,64.7647],
[40.1481,64.7486],
[40.2122,64.7317],
[40.275,64.6955],
[40.2911,64.6733],
[40.2926,64.6583],
[40.275,64.6419],
[40.1903,64.6411],
[40.1605,64.6555],
[40.1486,64.6715],
[40.0769,64.6936],
[39.9943,64.6969],
[39.9829,64.6782]
]
],
[
[
[42.438,66.7685],
[42.4494,66.7478],
[42.5872,66.6954],
[42.6708,66.685],
[42.7111,66.6896],
[42.7207,66.7054],
[42.715,66.7225],
[42.6867,66.7531],
[42.6561,66.7716],
[42.6144,66.7839],
[42.5039,66.7893],
[42.438,66.7685]
]
],
[
[
[48.2144,69.0603],
[48.2189,68.8903],
[48.583,68.7308],
[48.7854,68.723],
[48.9128,68.7361],
[49.4437,68.81],
[49.6783,68.873],
[49.8055,68.9522],
[49.9594,69.0761],
[50.13,69.1383],
[50.1982,69.153],
[50.2244,69.1464],
[50.1825,69.0955],
[50.123,69.0429],
[50.1133,68.995],
[50.1351,68.9917],
[50.1772,69.0114],
[50.3119,69.1008],
[50.3294,69.1245],
[50.3128,69.1562],
[50.1936,69.2405],
[50.1042,69.2811],
[49.7247,69.3783],
[49.3475,69.4883],
[49.2442,69.5056],
[48.9433,69.5069],
[48.8328,69.4892],
[48.6078,69.4353],
[48.4139,69.3478],
[48.3175,69.2828],
[48.2892,69.2539],
[48.2722,69.2226],
[48.2651,69.1282],
[48.2144,69.0603]
]
],
[
[
[50.8005,68.3747],
[50.9214,68.3917],
[51.1864,68.4514],
[51.4265,68.4629],
[51.4504,68.4797],
[51.218,68.4975],
[51.1169,68.4875],
[50.8872,68.4297],
[50.8114,68.3953],
[50.8005,68.3747]
]
],
[
[
[51.395,71.8486],
[51.4017,71.79],
[51.4187,71.7314],
[51.5519,71.5944],
[51.6392,71.5297],
[51.7972,71.475],
[52.1661,71.4819],
[52.2217,71.4911],
[52.1647,71.5169],
[52.141,71.5372],
[52.2161,71.563],
[52.2889,71.5069],
[52.334,71.4897],
[52.3812,71.4904],
[52.4322,71.5483],
[52.5119,71.593],
[52.5525,71.5944],
[52.5875,71.5655],
[52.6222,71.4964],
[52.9194,71.4055],
[52.9828,71.4436],
[53.0289,71.5008],
[53.1828,71.4933],
[53.2439,71.5269],
[53.365,71.5651],
[53.4349,71.5425],
[53.3558,71.5143],
[53.2558,71.4461],
[53.3643,71.3264],
[53.4805,71.2917],
[53.5231,71.2993],
[53.5467,71.3198],
[53.5419,71.3461],
[53.5565,71.3801],
[53.7158,71.4111],
[53.9075,71.4708],
[53.9412,71.4585],
[53.8933,71.4182],
[53.8319,71.4089],
[53.7362,71.4097],
[53.6808,71.3878],
[53.6092,71.3247],
[53.515,71.2747],
[53.4574,71.2597],
[53.505,71.2211],
[53.5594,71.2014],
[53.6408,71.203],
[53.7208,71.1873],
[53.7567,71.1675],
[53.8101,71.1532],
[53.953,71.1746],
[53.996,71.1521],
[54.1283,71.1208],
[54.2028,71.1358],
[54.236,71.1248],
[54.2103,71.1114],
[54.1185,71.094],
[53.9155,71.0994],
[53.929,71.1246],
[54.0569,71.1177],
[54.0294,71.1305],
[53.9389,71.14],
[53.8154,71.131],
[53.675,71.095],
[53.5083,71.0861],
[53.504,71.0619],
[53.6458,71.0105],
[53.6997,70.9841],
[53.7396,70.9493],
[53.6763,70.8651],
[53.6454,70.8774],
[53.5725,70.8864],
[53.3797,70.8589],
[53.4636,70.8139],
[53.5069,70.8199],
[53.5297,70.8342],
[53.6437,70.8205],
[53.7293,70.7928],
[53.8103,70.7997],
[53.8311,70.8091],
[54.0505,70.7405],
[54.2144,70.7264],
[54.2522,70.7286],
[54.2862,70.7415],
[54.2625,70.7603],
[54.2821,70.7708],
[54.5583,70.6767],
[54.6724,70.6489],
[54.7562,70.6523],
[54.7333,70.6689],
[54.4792,70.7339],
[54.4996,70.784],
[54.5734,70.7815],
[54.6876,70.7579],
[54.7098,70.7411],
[54.7005,70.7158],
[54.748,70.6803],
[54.7811,70.6678],
[54.8978,70.6508],
[55.1421,70.5557],
[55.1863,70.5521],
[55.2063,70.5537],
[55.2683,70.5832],
[55.2918,70.6063],
[55.2536,70.6307],
[55.2327,70.6581],
[55.2494,70.6754],
[55.407,70.7481],
[55.6655,70.6816],
[55.6032,70.7234],
[55.6344,70.7297],
[55.7514,70.6977],
[55.7858,70.6522],
[55.7783,70.6319],
[55.7097,70.6394],
[55.7085,70.6191],
[55.8751,70.5803],
[56.0324,70.5808],
[56.0069,70.6033],
[55.8908,70.6353],
[55.8535,70.6719],
[55.9278,70.6667],
[55.9687,70.655],
[56.1229,70.5944],
[56.1636,70.5903],
[56.1794,70.6064],
[56.1242,70.6344],
[56.0474,70.6422],
[56.0589,70.6622],
[56.1589,70.65],
[56.2568,70.6122],
[56.3758,70.5878],
[56.5404,70.5886],
[56.5543,70.5723],
[56.4931,70.5483],
[56.541,70.541],
[56.6526,70.5789],
[56.4544,70.6703],
[56.3653,70.6786],
[56.3367,70.6744],
[56.3755,70.653],
[56.3317,70.6439],
[56.239,70.65],
[56.2196,70.6601],
[56.3214,70.7017],
[56.461,70.7439],
[56.5458,70.7489],
[56.5746,70.7364],
[56.5514,70.7255],
[56.5145,70.7219],
[56.4958,70.6925],
[56.505,70.6697],
[56.5965,70.6411],
[56.6425,70.63],
[56.73,70.6339],
[57.1633,70.5719],
[57.3142,70.5605],
[57.3329,70.5692],
[57.0954,70.6259],
[56.8662,70.639],
[56.7444,70.6995],
[56.7903,70.7014],
[57.1622,70.6492],
[57.3865,70.6026],
[57.4517,70.605],
[57.4505,70.6286],
[57.5508,70.7239],
[57.6331,70.7281],
[57.4661,70.8058],
[57.2425,70.8272],
[57.1144,70.8492],
[56.9542,70.8964],
[56.6383,71.0175],
[56.5542,71.0669],
[56.3935,71.1371],
[56.2961,71.1651],
[56.228,71.1941],
[56.0769,71.275],
[56.0569,71.2925],
[56.0339,71.3439],
[55.9139,71.4286],
[55.8047,71.528],
[55.7097,71.5761],
[55.675,71.605],
[55.5611,71.7233],
[55.5375,71.7603],
[55.5239,71.785],
[55.5183,71.8175],
[55.5277,71.8565],
[55.5054,71.8918],
[55.4016,71.9158],
[55.221,71.9256],
[55.2476,71.9521],
[55.3225,71.9486],
[55.403,72.028],
[55.3689,72.0622],
[55.3444,72.0647],
[55.3833,72.1022],
[55.4869,72.15],
[55.5492,72.1691],
[55.5756,72.1893],
[55.53,72.25],
[55.4786,72.2703],
[55.4639,72.3475],
[55.4837,72.378],
[55.4636,72.4283],
[55.4425,72.4364],
[55.3561,72.4322],
[55.133,72.4507],
[55.1689,72.4592],
[55.3914,72.4561],
[55.5207,72.4658],
[55.5419,72.4747],
[55.5519,72.5186],
[55.4483,72.5639],
[55.2667,72.5822],
[55.3994,72.5831],
[55.4525,72.5761],
[55.5892,72.5339],
[55.6083,72.5361],
[55.6703,72.5617],
[55.7226,72.6396],
[55.8019,72.6689],
[55.9437,72.6646],
[55.8658,72.7297],
[55.8372,72.7435],
[55.6217,72.7758],
[55.4369,72.7817],
[55.4853,72.8094],
[55.7397,72.7733],
[55.8397,72.8008],
[55.9403,72.7911],
[56.0106,72.7739],
[56.1415,72.7839],
[56.1642,72.7922],
[56.2161,72.8317],
[56.2405,72.8933],
[56.2561,72.9683],
[56.2303,72.9755],
[56.0993,72.9647],
[56.0464,72.945],
[56.0058,72.9419],
[55.6886,72.9461],
[55.6215,72.9635],
[55.8658,72.9728],
[56.1397,73.0028],
[56.3404,72.9939],
[56.4601,73.0469],
[56.4347,73.0555],
[56.2461,73.0705],
[55.8122,73.0578],
[56.0256,73.0817],
[56.5533,73.1175],
[56.586,73.1323],
[56.4675,73.2155],
[56.4372,73.2255],
[56.2039,73.2528],
[56.11,73.2556],
[55.8076,73.2991],
[55.7901,73.3168],
[55.7158,73.325],
[55.4564,73.315],
[55.3219,73.3322],
[55.1208,73.3917],
[54.9144,73.4222],
[54.5697,73.3814],
[54.2269,73.2744],
[54.0555,73.2661],
[53.9703,73.2878],
[53.7894,73.3022],
[53.6415,73.2694],
[53.5606,73.2301],
[53.5297,73.2278],
[53.4419,73.2411],
[53.2583,73.1939],
[53.1533,73.1535],
[53.1257,73.0915],
[53.1783,73.0614],
[53.2625,73.06],
[53.3817,73.0083],
[53.2322,73.0178],
[53.1409,73.0039],
[53.1446,72.9573],
[53.2333,72.9317],
[53.3405,72.9355],
[53.3921,72.928],
[53.374,72.8787],
[53.3244,72.8739],
[53.0583,72.918],
[52.9768,72.9198],
[52.5962,72.8535],
[52.3862,72.7426],
[52.3806,72.7218],
[52.5442,72.6741],
[52.7328,72.6675],
[52.9767,72.683],
[53.2144,72.6493],
[53.1311,72.6467],
[52.9644,72.6697],
[52.7551,72.6365],
[52.7365,72.6214],
[52.7344,72.5557],
[52.9144,72.5889],
[53.0136,72.5972],
[53.0842,72.5939],
[52.9105,72.5697],
[52.8719,72.5373],
[52.8736,72.5142],
[52.7919,72.5092],
[52.6651,72.4323],
[52.6908,72.37],
[52.7461,72.3369],
[52.5801,72.2599],
[52.5272,72.2614],
[52.4096,72.2251],
[52.4193,72.2044],
[52.4033,72.0796],
[52.3303,72.0616],
[52.2511,72.09],
[52.1192,72.1058],
[52.0519,72.1008],
[51.9228,72.1239],
[51.8646,72.1596],
[51.8419,72.1586],
[51.5744,72.0708],
[51.4892,71.9969],
[51.4058,71.8772],
[51.395,71.8486]
]
],
[
[
[52.2129,71.3011],
[52.2553,71.2717],
[52.3475,71.2439],
[52.4614,71.2341],
[52.5714,71.2428],
[52.645,71.2191],
[52.7694,71.1617],
[52.8055,71.1058],
[52.961,71.0491],
[53.0133,71.0058],
[53.0175,70.9964],
[53,70.9723],
[53.0208,70.9603],
[53.1353,70.9779],
[53.1233,70.9961],
[53.0658,71.0083],
[53.0422,71.0219],
[53.0483,71.0667],
[53.0647,71.0889],
[53.1129,71.0807],
[53.1426,71.0882],
[53.218,71.1597],
[53.2175,71.1986],
[53.2037,71.2539],
[53.1672,71.2655],
[53.1244,71.2667],
[53.0812,71.25],
[53.1558,71.2425],
[53.1278,71.2322],
[53.0644,71.2355],
[52.7983,71.3069],
[52.7835,71.315],
[52.7428,71.3708],
[52.7589,71.3741],
[52.8175,71.3619],
[52.8949,71.3355],
[52.9072,71.3104],
[52.9774,71.2796],
[53.01,71.2837],
[52.9967,71.303],
[52.9249,71.3572],
[52.8586,71.3783],
[52.7103,71.4011],
[52.4308,71.3736],
[52.2714,71.3494],
[52.2143,71.3233],
[52.2129,71.3011]
]
],
[
[
[53.6327,73.7589],
[53.6711,73.7355],
[53.7969,73.7042],
[53.9366,73.6438],
[53.9564,73.6266],
[54.0608,73.6058],
[54.2655,73.6055],
[54.3971,73.6389],
[54.4935,73.6954],
[54.5422,73.7022],
[54.8553,73.7278],
[54.9897,73.713],
[55.1739,73.7111],
[54.8217,73.6589],
[54.7519,73.6589],
[54.6672,73.6233],
[54.5686,73.6111],
[54.3747,73.5661],
[54.2467,73.5097],
[54.2453,73.478],
[54.3329,73.4586],
[54.2989,73.4172],
[54.1953,73.4094],
[54.0369,73.3832],
[54.0464,73.3651],
[54.2143,73.3242],
[54.3358,73.3389],
[54.5354,73.401],
[54.8611,73.4391],
[54.9717,73.4422],
[55.1789,73.4078],
[55.3439,73.3505],
[55.4411,73.3367],
[55.7492,73.3464],
[55.8397,73.3328],
[55.9267,73.3042],
[55.9802,73.3269],
[55.983,73.3675],
[55.9754,73.3921],
[55.878,73.434],
[55.9078,73.4403],
[56.0092,73.4186],
[56.0332,73.3983],
[56.0411,73.3244],
[56.0633,73.3072],
[56.1286,73.288],
[56.3931,73.2761],
[56.5708,73.2533],
[56.7496,73.2453],
[56.748,73.3333],
[56.7581,73.3603],
[56.7875,73.3639],
[56.8556,73.3386],
[56.9064,73.3089],
[57.2275,73.4503],
[57.2525,73.4912],
[57.0046,73.557],
[56.7551,73.5987],
[56.727,73.6715],
[56.7636,73.6778],
[56.8172,73.6683],
[56.8429,73.6483],
[57.0531,73.5865],
[57.3511,73.5497],
[57.5861,73.6105],
[57.6047,73.6193],
[57.6136,73.6622],
[57.5837,73.701],
[57.3306,73.8242],
[57.2386,73.8183],
[56.8628,73.8497],
[56.6983,73.8514],
[56.5678,73.8801],
[56.6678,73.8819],
[56.8117,73.8642],
[57.0464,73.8636],
[57.4028,73.8383],
[57.5086,73.8164],
[57.5989,73.7739],
[57.6217,73.7407],
[57.6975,73.7128],
[57.7242,73.7153],
[57.9394,73.7996],
[57.9117,73.9155],
[57.6728,73.9953],
[57.5543,74.0576],
[57.2575,74.0761],
[57.3125,74.0878],
[57.4683,74.0758],
[57.5182,74.0825],
[57.529,74.1015],
[57.5197,74.1198],
[57.4147,74.1796],
[57.5339,74.1819],
[57.5596,74.1748],
[57.6328,74.108],
[57.7254,74.0497],
[57.9172,74.0044],
[58.1358,73.9853],
[58.2167,74.0074],
[58.1972,74.0447],
[58.1735,74.051],
[58.1394,74.0764],
[58.1368,74.1371],
[58.208,74.1417],
[58.2517,74.133],
[58.3292,74.091],
[58.3847,74.1311],
[58.3584,74.151],
[58.2651,74.1732],
[58.2529,74.1925],
[58.2799,74.2179],
[58.3108,74.2214],
[58.3815,74.1907],
[58.5064,74.1653],
[58.5764,74.1748],
[58.7242,74.2358],
[58.7428,74.2669],
[58.7222,74.303],
[58.6617,74.3219],
[58.625,74.363],
[58.6125,74.4058],
[58.6139,74.4278],
[58.4244,74.4997],
[58.2628,74.5297],
[58.1814,74.5567],
[58.1919,74.5752],
[58.2247,74.5767],
[58.5558,74.5147],
[58.7169,74.4997],
[58.7361,74.4919],
[58.7487,74.474],
[58.7836,74.4611],
[58.8858,74.4472],
[59.1472,74.4386],
[59.0932,74.4832],
[59.1219,74.5414],
[59.2876,74.6414],
[59.2357,74.6753],
[59.1875,74.6933],
[59.1694,74.7197],
[59.3722,74.6672],
[59.5744,74.6022],
[59.6825,74.5872],
[59.7637,74.589],
[59.8713,74.6248],
[59.8696,74.6808],
[59.7758,74.7175],
[59.6278,74.7292],
[59.51,74.795],
[59.5861,74.7836],
[59.7225,74.7419],
[59.9375,74.718],
[60.243,74.743],
[60.3186,74.7605],
[60.3675,74.7864],
[60.3408,74.803],
[60.2617,74.8175],
[60.2037,74.8464],
[60.2467,74.8591],
[60.5555,74.8622],
[60.5826,74.8698],
[60.6825,74.9272],
[60.6628,74.9444],
[60.6094,74.9655],
[60.1047,74.9669],
[59.9302,74.9973],
[59.9903,75.0019],
[60.1547,74.9861],
[60.4253,75.0114],
[60.4583,75.0236],
[60.4394,75.0405],
[60.4425,75.0628],
[60.4889,75.1103],
[60.5158,75.1142],
[60.6017,75.1002],
[60.5683,75.0569],
[60.5875,75.0364],
[60.6686,75.0208],
[60.7367,75.025],
[60.7606,75.0336],
[60.8053,75.0808],
[60.7497,75.1015],
[60.8108,75.1369],
[60.8647,75.1536],
[61.1478,75.2066],
[61.2403,75.2497],
[61.3021,75.295],
[61.2833,75.3183],
[61.3811,75.3306],
[61.3892,75.2825],
[61.3833,75.251],
[61.4217,75.2257],
[61.4822,75.2194],
[61.5143,75.2239],
[61.6503,75.2792],
[61.6775,75.3158],
[61.6986,75.3672],
[61.8542,75.3819],
[62.0178,75.4407],
[62.1439,75.4494],
[62.2411,75.4328],
[62.538,75.5019],
[62.8058,75.5286],
[62.9675,75.5628],
[63.0225,75.5855],
[63.1858,75.5808],
[63.3044,75.5861],
[63.5374,75.6361],
[63.6165,75.6906],
[63.5562,75.7066],
[63.5819,75.7108],
[63.6555,75.7117],
[63.7139,75.6716],
[63.8111,75.6544],
[63.8636,75.6714],
[64.115,75.7175],
[64.373,75.733],
[64.8455,75.8],
[65.0003,75.7941],
[65.1367,75.808],
[65.1925,75.8414],
[65.4089,75.8797],
[65.7433,75.9236],
[66.2064,75.9653],
[66.4078,75.9928],
[66.6797,76.055],
[67.0347,76.0842],
[67.2505,76.1272],
[67.4566,76.183],
[67.7086,76.2153],
[67.9975,76.2658],
[68.2908,76.28],
[68.3186,76.288],
[68.213,76.3272],
[68.3983,76.3642],
[68.8611,76.5419],
[68.8672,76.5744],
[68.7894,76.585],
[68.8564,76.6566],
[68.8878,76.67],
[68.9314,76.7828],
[68.7556,76.8344],
[68.6864,76.8758],
[68.5082,76.9537],
[68.1258,76.9653],
[68.1005,76.9703],
[68.0858,76.9844],
[68.0608,76.9925],
[67.9436,77.0053],
[67.5458,77.0108],
[67.103,76.9466],
[66.9939,76.95],
[66.6825,76.9019],
[66.5975,76.8678],
[66.4269,76.8525],
[66.1517,76.7583],
[65.9261,76.7441],
[65.7576,76.6819],
[65.9078,76.6261],
[66.0192,76.5413],
[65.9744,76.528],
[65.9228,76.5278],
[65.5486,76.5822],
[65.4144,76.5594],
[65.3885,76.5514],
[65.3582,76.5136],
[65.3344,76.5033],
[65.1614,76.4683],
[65.0769,76.4698],
[65.0671,76.4903],
[64.9855,76.4941],
[64.798,76.4742],
[64.7208,76.4478],
[64.6662,76.4175],
[64.4719,76.3925],
[64.1097,76.3114],
[64.06,76.3097],
[63.8805,76.338],
[63.7178,76.3455],
[62.9794,76.2097],
[62.9047,76.2075],
[62.8478,76.2308],
[62.863,76.2471],
[62.843,76.258],
[62.8058,76.2636],
[62.735,76.258],
[62.5455,76.2066],
[62.5025,76.1767],
[62.3924,76.1898],
[62.3716,76.2146],
[62.3069,76.2575],
[62.0283,76.2525],
[61.785,76.2831],
[61.7289,76.3039],
[61.6794,76.3105],
[61.303,76.2822],
[61.0664,76.2739],
[60.9954,76.2473],
[60.9049,76.1481],
[60.9455,76.1369],
[61.1189,76.1431],
[61.1561,76.1316],
[61.0833,76.075],
[60.8192,76.058],
[60.7951,76.0485],
[60.7819,76.0258],
[60.7589,76.0093],
[60.7292,76.0022],
[60.6325,75.9975],
[60.4685,76.0139],
[60.6464,76.073],
[60.8351,76.1139],
[60.8089,76.1205],
[60.5578,76.1272],
[60.2742,76.1066],
[60.0665,76.0571],
[60.0444,76.0442],
[60.0955,76.0325],
[60.2567,76.0272],
[60.3434,76.0102],
[60.3276,75.9932],
[60.0417,75.9864],
[59.9896,75.9768],
[59.9644,75.9643],
[59.7442,75.9264],
[59.6961,75.9239],
[59.6194,75.9355],
[59.4169,75.9336],
[59.3747,75.9267],
[59.265,75.8855],
[59.1453,75.86],
[59.0742,75.8555],
[58.9374,75.8621],
[58.7894,75.8389],
[58.5433,75.7582],
[58.5158,75.7239],
[58.2325,75.6891],
[58.0436,75.6803],
[57.9592,75.6585],
[57.9344,75.645],
[57.9261,75.6255],
[57.9847,75.6161],
[58.153,75.6228],
[58.1933,75.6024],
[58.1814,75.5779],
[58.1542,75.57],
[57.9608,75.5636],
[57.6505,75.5317],
[57.5714,75.5161],
[57.5122,75.4941],
[57.545,75.4517],
[57.6228,75.4428],
[57.655,75.4267],
[57.733,75.348],
[57.7372,75.323],
[57.5547,75.3286],
[57.4283,75.3547],
[57.0522,75.3903],
[56.8694,75.3597],
[56.7556,75.3164],
[56.7323,75.2982],
[56.7514,75.2841],
[56.8753,75.2814],
[56.9057,75.2653],
[56.9083,75.2369],
[56.8636,75.2155],
[56.7974,75.2005],
[56.6404,75.1146],
[56.4805,75.0614],
[56.4594,75.0682],
[56.4675,75.1036],
[56.384,75.1792],
[56.3547,75.1891],
[56.2397,75.1547],
[56.1614,75.1486],
[56.14,75.153],
[56.0997,75.2097],
[56.0558,75.2158],
[55.9257,75.1939],
[55.8033,75.1494],
[55.7464,75.1066],
[55.7289,75.0762],
[55.7517,75.0728],
[55.8556,75.0867],
[55.9174,75.0818],
[55.9399,75.0646],
[55.8617,74.9955],
[55.8892,74.9886],
[56.0106,74.99],
[56.2164,75.0208],
[56.4189,75.035],
[56.4425,75.0322],
[56.4726,75.0128],
[56.4526,75.0025],
[56.3644,74.9864],
[56.2961,74.958],
[56.5122,74.948],
[56.6314,74.9683],
[56.6611,74.9665],
[56.676,74.9488],
[56.5217,74.9169],
[56.435,74.9086],
[56.383,74.9139],
[55.9205,74.8422],
[55.835,74.8247],
[55.8177,74.8045],
[55.9386,74.7747],
[56.1047,74.78],
[56.2255,74.7983],
[56.4843,74.793],
[56.5503,74.7334],
[56.5744,74.723],
[56.5765,74.704],
[56.6005,74.6936],
[56.764,74.6893],
[56.8306,74.7028],
[56.9225,74.7064],
[56.9846,74.6871],
[56.7858,74.6736],
[56.6111,74.6772],
[56.4972,74.6894],
[56.3886,74.7186],
[56.1747,74.6978],
[55.9147,74.6578],
[55.865,74.6639],
[55.848,74.6808],
[55.7733,74.6889],
[55.5717,74.6597],
[55.5282,74.6475],
[55.4979,74.569],
[55.7061,74.5519],
[56.0083,74.5417],
[56.0756,74.5144],
[56.0251,74.4946],
[56.1353,74.4889],
[56.258,74.5011],
[56.2814,74.4875],
[56.2497,74.4758],
[56.1619,74.4697],
[55.3644,74.4347],
[55.3233,74.4214],
[55.2343,74.3661],
[55.3167,74.3519],
[55.665,74.3261],
[55.7419,74.2928],
[55.7035,74.2679],
[55.5583,74.2847],
[55.3069,74.2767],
[55.2686,74.2869],
[55.2526,74.3014],
[55.2167,74.3047],
[55.0753,74.2614],
[55.1303,74.238],
[55.2661,74.2433],
[55.5244,74.2056],
[55.6169,74.1842],
[55.6287,74.1612],
[55.6733,74.1497],
[55.8114,74.1387],
[55.862,74.1082],
[55.7997,74.0994],
[55.2678,74.1514],
[55.2032,74.1801],
[55.1664,74.1861],
[55.0212,74.1725],
[54.6936,74.0697],
[54.5906,74.008],
[54.6325,73.9986],
[54.7558,73.9953],
[54.8003,73.9773],
[54.5497,73.948],
[54.4805,73.9469],
[54.2497,73.9108],
[54.0847,73.8622],
[54.0378,73.8203],
[53.8986,73.7789],
[53.8492,73.7725],
[53.7458,73.7789],
[53.6842,73.8047],
[53.6501,73.8031],
[53.6327,73.7589]
]
],
[
[
[56.8489,70.5989],
[56.8539,70.5806],
[56.911,70.5405],
[56.9658,70.5175],
[57.1056,70.4905],
[57.2047,70.5089],
[57.2187,70.5255],
[57.1983,70.5372],
[56.8489,70.5989]
]
],
[
[
[57.2,68.721],
[57.3214,68.7267],
[57.435,68.7516],
[57.4878,68.7636],
[57.558,68.7672],
[57.7,68.7572],
[57.8647,68.7619],
[57.8789,68.7661],
[57.9208,68.8033],
[57.8908,68.8116],
[57.6772,68.785],
[57.5144,68.7817],
[57.38,68.7686],
[57.2655,68.75],
[57.2,68.721]
]
],
[
[
[58.4092,70.2536],
[58.5172,70.1797],
[58.5817,70.178],
[58.6078,70.1405],
[58.5767,70.0735],
[58.6214,70.0375],
[58.6711,70.0103],
[59.0178,69.8539],
[59.0386,69.8522],
[59.1184,69.8704],
[59.0772,69.8901],
[59.008,69.9087],
[58.9502,69.9373],
[59.2857,69.8839],
[59.394,69.8905],
[59.4311,69.8835],
[59.6136,69.8115],
[59.6233,69.7864],
[59.6017,69.7768],
[59.5574,69.7786],
[59.5383,69.7508],
[59.6017,69.7125],
[59.7455,69.6914],
[59.8489,69.6922],
[59.8811,69.6858],
[59.9119,69.6664],
[59.9257,69.6887],
[59.9433,69.6986],
[60.0108,69.7183],
[60.2056,69.6794],
[60.4397,69.7436],
[60.5469,69.8025],
[60.4775,69.9161],
[60.4189,69.9523],
[60.3211,69.9636],
[60.0794,70.0625],
[59.8153,70.1247],
[59.77,70.1634],
[59.6408,70.1964],
[59.4611,70.2767],
[59.3344,70.3611],
[59.0396,70.4503],
[59.0348,70.4742],
[59.0036,70.473],
[58.7567,70.3936],
[58.6317,70.3258],
[58.648,70.2975],
[58.788,70.2539],
[58.823,70.2158],
[58.7828,70.2133],
[58.664,70.2317],
[58.6024,70.2568],
[58.4903,70.27],
[58.4289,70.2669],
[58.4092,70.2536]
]
],
[
[
[58.7075,75.8997],
[58.8258,75.9014],
[59.2086,75.9436],
[59.2447,75.955],
[59.2624,75.9737],
[59.2444,75.9864],
[59.1978,75.9825],
[58.8711,75.938],
[58.7075,75.8997]
]
],
[
[
[58.7664,69.3324],
[59.0453,69.2478],
[59.1206,69.1952],
[59.249,69.1373],
[59.2383,69.179],
[59.1967,69.231],
[58.8739,69.3244],
[58.7864,69.338],
[58.7664,69.3324]
]
],
[
[
[59.8736,76.1045],
[60.1569,76.1072],
[60.2692,76.1205],
[60.2653,76.1357],
[60.3022,76.1514],
[60.4517,76.1561],
[60.4725,76.16],
[60.4935,76.1771],
[60.4664,76.1894],
[60.4411,76.1889],
[60.0411,76.1569],
[59.9105,76.13],
[59.8862,76.1207],
[59.8736,76.1045]
]
],
[
[
[65.9625,69.0936],
[66.005,69.0839],
[66.1358,69.0761],
[66.508,68.9453],
[66.5316,68.9434],
[66.5234,68.9634],
[66.3317,69.0436],
[66.2339,69.0744],
[66.1517,69.0914],
[66.0178,69.1042],
[65.9819,69.1039],
[65.9625,69.0936]
]
],
[
[
[66.9408,69.439],
[66.9596,69.4116],
[66.9959,69.3948],
[67.1311,69.3614],
[67.1533,69.3668],
[67.2175,69.4072],
[67.2105,69.4258],
[66.9639,69.4557],
[66.9408,69.439]
]
],
[
[
[67.022,69.4814],
[67.0386,69.468],
[67.2161,69.4447],
[67.2608,69.446],
[67.2923,69.4547],
[67.3557,69.5101],
[67.3662,69.5333],
[67.3383,69.5889],
[67.2932,69.594],
[67.1412,69.5686],
[67.0636,69.523],
[67.022,69.4814]
]
],
[
[
[69.1326,66.7958],
[69.1603,66.7683],
[69.2593,66.7357],
[69.3072,66.7647],
[69.4194,66.7697],
[69.5205,66.6925],
[69.571,66.6347],
[69.5733,66.6058],
[69.8336,66.4823],
[69.8678,66.4729],
[70.0417,66.4982],
[70.1025,66.5278],
[70.0879,66.6843],
[70.0629,66.7005],
[69.8555,66.7214],
[69.744,66.7586],
[69.7014,66.763],
[69.585,66.7683],
[69.5618,66.7655],
[69.5435,66.7495],
[69.5569,66.7341],
[69.6575,66.6925],
[69.645,66.6872],
[69.5336,66.72],
[69.4959,66.7541],
[69.4894,66.7782],
[69.4624,66.7957],
[69.414,66.8054],
[69.2828,66.7869],
[69.1933,66.8069],
[69.1326,66.7958]
]
],
[
[
[69.8708,73.0479],
[69.8743,73.0301],
[69.905,73.0247],
[70.1055,73.0181],
[70.0878,73.0351],
[70.0005,73.0517],
[70.0022,73.0639],
[70.1064,73.0983],
[70.1422,73.0878],
[70.1633,73.0639],
[70.2178,73.0417],
[70.4117,73.0355],
[70.5397,73.0747],
[70.8944,73.1283],
[71.09,73.1194],
[71.2728,73.1369],
[71.3575,73.1722],
[71.5508,73.1689],
[71.6767,73.1769],
[71.6778,73.2108],
[71.6203,73.2608],
[71.455,73.3466],
[71.4279,73.345],
[71.4178,73.3262],
[71.4011,73.3164],
[71.2761,73.2831],
[71.2105,73.2681],
[71.0386,73.2694],
[70.9991,73.2889],
[71.1422,73.3883],
[71.2648,73.4409],
[71.2475,73.4542],
[71.0469,73.5],
[70.9305,73.5161],
[70.8655,73.5158],
[70.4855,73.493],
[70.2408,73.465],
[69.9819,73.4094],
[69.9584,73.3958],
[69.9632,73.3698],
[70.0097,73.3286],
[70.065,73.2603],
[70.063,73.2325],
[70.0319,73.1878],
[70.0136,73.1744],
[69.921,73.13],
[69.8708,73.0479]
]
],
[
[
[71.1417,73.3205],
[71.1472,73.2882],
[71.1555,73.2866],
[71.2208,73.2819],
[71.3462,73.3298],
[71.3535,73.3962],
[71.2853,73.4125],
[71.2403,73.4076],
[71.1711,73.3692],
[71.1461,73.3442],
[71.1417,73.3205]
]
],
[
[
[74.0933,73.0222],
[74.1042,73.0025],
[74.208,72.9564],
[74.6108,72.8619],
[74.6544,72.8558],
[74.6797,72.8621],
[74.7035,72.8996],
[74.6492,72.9258],
[74.6362,72.9408],
[74.6419,72.9625],
[74.6894,73.0648],
[74.7632,73.0927],
[74.4914,73.13],
[74.4272,73.1319],
[74.263,73.1175],
[74.1789,73.0985],
[74.0933,73.0222]
]
],
[
[
[75.3069,73.4232],
[75.319,73.4095],
[75.3459,73.4059],
[75.3469,73.4195],
[75.3805,73.4433],
[75.5439,73.4953],
[75.5383,73.4534],
[75.6269,73.4433],
[75.888,73.4607],
[76.0749,73.561],
[76.0061,73.5689],
[75.6211,73.55],
[75.5205,73.5247],
[75.3643,73.4693],
[75.3203,73.4437],
[75.3069,73.4232]
]
],
[
[
[76.0799,73.5215],
[76.1019,73.5133],
[76.3392,73.5108],
[76.5189,73.4855],
[76.6764,73.4519],
[76.7289,73.4283],
[76.7577,73.4281],
[76.7536,73.4519],
[76.7028,73.4694],
[76.3903,73.5208],
[76.1664,73.5566],
[76.1244,73.5522],
[76.0799,73.5215]
]
],
[
[
[76.1289,73.2089],
[76.1763,73.1743],
[76.3619,73.1355],
[76.4689,73.1292],
[76.6367,73.1322],
[76.6989,73.1372],
[76.7361,73.1505],
[76.7215,73.1687],
[76.6664,73.1891],
[76.4528,73.1905],
[76.193,73.2147],
[76.1503,73.2164],
[76.1289,73.2089]
]
],
[
[
[76.8589,72.3193],
[76.8905,72.2936],
[76.9117,72.2892],
[77.0964,72.2753],
[77.215,72.2897],
[77.3786,72.2917],
[77.5419,72.2833],
[77.7625,72.2953],
[77.8019,72.3005],
[77.8611,72.3383],
[77.9414,72.3703],
[78.1939,72.4228],
[78.3869,72.4813],
[78.3833,72.5011],
[78.3564,72.5194],
[78.2486,72.5611],
[78.185,72.5761],
[77.8072,72.6197],
[77.6203,72.6305],
[77.5605,72.6197],
[77.3233,72.5454],
[77.2829,72.5201],
[77.2567,72.473],
[77.2344,72.4603],
[76.8883,72.3547],
[76.8709,72.3461],
[76.8589,72.3193]
]
],
[
[
[78.5803,72.8486],
[78.5833,72.8242],
[78.6047,72.803],
[78.9303,72.74],
[79.1875,72.7253],
[79.3961,72.6997],
[79.5629,72.7272],
[79.5811,72.7473],
[79.5364,72.8036],
[79.5133,72.8892],
[79.5411,72.9053],
[79.3728,73.0264],
[79.2333,73.0864],
[79.1947,73.0958],
[79.1036,73.0824],
[78.8719,72.9733],
[78.6679,72.8985],
[78.5803,72.8486]
]
],
[
[
[79.1592,74.6028],
[79.1927,74.5786],
[79.2536,74.5603],
[79.3953,74.5303],
[79.4986,74.5181],
[79.5255,74.5271],
[79.5176,74.5493],
[79.5969,74.5828],
[79.6065,74.5979],
[79.5197,74.6128],
[79.3861,74.6172],
[79.3183,74.632],
[79.3239,74.6349],
[79.31,74.6522],
[79.2794,74.6566],
[79.2175,74.6483],
[79.1911,74.6273],
[79.2005,74.6221],
[79.274,74.6088],
[79.303,74.5761],
[79.2747,74.5744],
[79.2283,74.5972],
[79.1592,74.6028]
]
],
[
[
[80.0566,73.5558],
[80.1353,73.525],
[80.3605,73.5003],
[80.3875,73.5017],
[80.4036,73.5461],
[80.3386,73.5611],
[80.2236,73.57],
[80.0566,73.5558]
]
],
[
[
[81.4986,75.3595],
[81.5558,75.3169],
[81.6431,75.2843],
[81.6914,75.2764],
[81.7183,75.2753],
[81.8107,75.2966],
[81.8008,75.3118],
[81.8158,75.3205],
[81.8716,75.3094],
[81.8961,75.2707],
[81.892,75.225],
[81.9103,75.2005],
[81.9664,75.1764],
[82.0037,75.1717],
[82.0453,75.2583],
[82.0483,75.293],
[82.0392,75.3403],
[82.1594,75.3419],
[82.2531,75.3233],
[82.2845,75.3299],
[82.2183,75.4033],
[82.1966,75.4108],
[82.1058,75.4122],
[82.0292,75.4264],
[82.0097,75.4389],
[82.1244,75.4547],
[82.1505,75.4976],
[82.1692,75.5132],
[82.1394,75.5175],
[82.0464,75.5103],
[81.9033,75.4904],
[81.9317,75.4253],
[81.8783,75.3908],
[81.7744,75.3741],
[81.7392,75.3819],
[81.7287,75.4157],
[81.778,75.4447],
[81.7862,75.4618],
[81.7096,75.4497],
[81.4986,75.3595]
]
],
[
[
[81.5588,75.923],
[81.8508,75.8805],
[82.005,75.8689],
[82.2311,75.8589],
[82.253,75.8714],
[82.1536,75.8858],
[81.7855,75.9108],
[81.6003,75.9353],
[81.5588,75.923]
]
],
[
[
[82.2634,75.9576],
[82.2867,75.9489],
[82.4233,75.9411],
[82.7725,75.9444],
[82.8464,75.9361],
[82.8922,75.9094],
[83.0278,75.9275],
[83.2094,75.9139],
[83.2536,75.92],
[83.292,75.9359],
[83.2736,75.9514],
[82.973,75.9691],
[82.5628,75.9953],
[82.4928,75.9786],
[82.3528,75.9664],
[82.2794,75.9697],
[82.2634,75.9576]
]
],
[
[
[82.3071,70.9432],
[82.373,70.8808],
[82.4147,70.8786],
[82.4517,70.8939],
[82.4894,70.9216],
[82.5,70.9403],
[82.4994,70.9635],
[82.4775,70.9778],
[82.3639,70.9919],
[82.3446,70.9853],
[82.3071,70.9432]
]
],
[
[
[82.3173,74.1179],
[82.3198,74.0936],
[82.3589,74.0739],
[82.5,74.0714],
[82.6171,74.0508],
[82.7078,74.0814],
[82.7301,74.1001],
[82.6661,74.1314],
[82.5647,74.1593],
[82.388,74.1453],
[82.3442,74.1358],
[82.3173,74.1179]
]
],
[
[
[82.7773,70.2018],
[82.8933,70.1542],
[82.9725,70.1311],
[83.0453,70.1216],
[83.0893,70.1219],
[83.1129,70.1403],
[83.1136,70.1933],
[83.1075,70.2058],
[83.0828,70.2186],
[82.9556,70.2461],
[82.8822,70.2517],
[82.7807,70.2244],
[82.7773,70.2018]
]
],
[
[
[82.8284,74.0962],
[83.0739,74.0783],
[83.3625,74.0389],
[83.4564,74.0419],
[83.4008,74.0589],
[83.389,74.0686],
[83.3986,74.0778],
[83.5325,74.0831],
[83.5397,74.0737],
[83.5336,74.0701],
[83.5686,74.0653],
[83.5976,74.0703],
[83.6171,74.0874],
[83.6028,74.098],
[83.5386,74.1147],
[83.2028,74.1497],
[82.9178,74.123],
[82.863,74.1122],
[82.8284,74.0962]
]
],
[
[
[83.0565,70.98],
[83.0792,70.9317],
[83.1703,70.8879],
[83.2211,70.8643],
[83.2553,70.885],
[83.2571,70.9036],
[83.225,70.9473],
[83.2069,70.9569],
[83.0565,70.98]
]
],
[
[
[83.0688,70.4077],
[83.0953,70.3914],
[83.3059,70.461],
[83.2841,70.5064],
[83.2294,70.5214],
[83.2883,70.6733],
[83.3722,70.6861],
[83.4544,70.7169],
[83.4603,70.7371],
[83.4403,70.7636],
[83.37,70.8173],
[83.2864,70.8536],
[83.2632,70.8469],
[83.2142,70.8072],
[83.145,70.7083],
[83.1261,70.665],
[83.0803,70.435],
[83.0688,70.4077]
]
],
[
[
[83.3651,70.5632],
[83.4069,70.5051],
[83.4283,70.4925],
[83.465,70.4872],
[83.4958,70.4955],
[83.573,70.5647],
[83.5528,70.5783],
[83.4066,70.5775],
[83.3651,70.5632]
]
],
[
[
[83.3851,70.3637],
[83.5183,70.3736],
[83.5386,70.3798],
[83.5933,70.4183],
[83.6103,70.4499],
[83.5517,70.4461],
[83.5503,70.4636],
[83.5875,70.4732],
[83.6189,70.4935],
[83.6211,70.5253],
[83.5997,70.5336],
[83.5583,70.5228],
[83.4079,70.4332],
[83.3851,70.3637]
]
],
[
[
[83.8842,74.0051],
[83.9339,73.9875],
[84.2778,73.955],
[84.3894,73.9556],
[84.4107,73.9625],
[84.4175,74.0358],
[84.3686,74.0436],
[84.2305,74.013],
[83.9758,74.0275],
[83.9216,74.0208],
[83.8842,74.0051]
]
],
[
[
[84.3771,74.4472],
[84.4461,74.4212],
[84.7444,74.3953],
[84.7583,74.4074],
[84.6183,74.4436],
[84.5447,74.4536],
[84.5603,74.4605],
[84.7128,74.4711],
[84.8725,74.463],
[84.92,74.4675],
[84.9404,74.4795],
[84.9222,74.4972],
[84.8933,74.5042],
[84.7305,74.5061],
[84.4325,74.4669],
[84.3771,74.4472]
]
],
[
[
[85.1013,74.7476],
[85.1767,74.7386],
[85.3705,74.7455],
[85.5744,74.7347],
[85.6614,74.715],
[85.7019,74.7255],
[85.6492,74.7942],
[85.4643,74.8092],
[85.3347,74.7703],
[85.1989,74.7719],
[85.1147,74.76],
[85.1013,74.7476]
]
],
[
[
[85.1458,74.5358],
[85.2194,74.4747],
[85.3566,74.4519],
[85.4394,74.4536],
[85.4841,74.4586],
[85.6244,74.5031],
[85.6501,74.526],
[85.6403,74.5412],
[85.5514,74.5686],
[85.3108,74.5814],
[85.2436,74.5736],
[85.1458,74.5358]
]
],
[
[
[85.2027,74.4233],
[85.4047,74.3889],
[85.5603,74.405],
[85.5826,74.413],
[85.5621,74.4285],
[85.5064,74.4347],
[85.2647,74.4347],
[85.2027,74.4233]
]
],
[
[
[85.661,74.4736],
[85.745,74.4441],
[85.8564,74.4397],
[85.9662,74.5078],
[86.0717,74.5083],
[86.1347,74.4861],
[86.2056,74.5064],
[86.2096,74.5281],
[85.9647,74.5717],
[85.8236,74.5703],
[85.7719,74.5497],
[85.661,74.4736]
]
],
[
[
[86.2158,74.8956],
[86.3358,74.8455],
[86.8353,74.8264],
[86.8461,74.8425],
[86.6991,74.8805],
[86.6866,74.8901],
[86.6905,74.9011],
[86.7436,74.9128],
[86.8055,74.9117],
[86.8703,74.9028],
[86.9528,74.8736],
[87.055,74.8892],
[87.1025,74.9108],
[87.1361,74.939],
[87.0497,74.9792],
[87.0148,74.9881],
[86.7794,74.9566],
[86.6744,74.9522],
[86.623,74.9708],
[86.5255,74.9797],
[86.4957,74.9765],
[86.5094,74.9264],
[86.5964,74.9065],
[86.5664,74.8947],
[86.4553,74.89],
[86.2572,74.9153],
[86.2328,74.9142],
[86.2158,74.8956]
]
],
[
[
[86.395,73.5883],
[86.6878,73.5922],
[86.7444,73.5975],
[86.7864,73.6114],
[86.8916,73.6979],
[86.838,73.6972],
[86.7164,73.6625],
[86.5353,73.6453],
[86.4935,73.6356],
[86.395,73.5883]
]
],
[
[
[86.4689,74.811],
[86.5111,74.7786],
[86.6,74.7511],
[86.6978,74.7608],
[86.7783,74.7779],
[86.7681,74.7936],
[86.7489,74.7972],
[86.4969,74.8186],
[86.4689,74.811]
]
],
[
[
[86.8717,73.6283],
[86.9103,73.6367],
[87.0894,73.663],
[87.1804,73.711],
[87.2544,73.7658],
[87.2229,73.8107],
[87.1786,73.8144],
[87.123,73.7383],
[86.8839,73.6547],
[86.8717,73.6283]
]
],
[
[
[93.8773,76.5853],
[94.1428,76.573],
[94.3508,76.5742],
[94.3219,76.5831],
[93.9518,76.6098],
[93.8918,76.6025],
[93.8773,76.5853]
]
],
[
[
[94.4112,76.2078],
[94.5005,76.1858],
[94.8403,76.1794],
[94.863,76.1822],
[94.9975,76.2691],
[94.9155,76.2878],
[94.8478,76.2622],
[94.751,76.2542],
[94.8022,76.2128],
[94.7894,76.2092],
[94.6369,76.2155],
[94.4939,76.2325],
[94.4112,76.2078]
]
],
[
[
[94.8207,76.6435],
[94.8461,76.6307],
[94.8825,76.6308],
[95.0261,76.6455],
[95.2608,76.6422],
[95.3244,76.6571],
[95.24,76.6683],
[95.1244,76.7068],
[95.0717,76.6794],
[94.9676,76.6828],
[94.835,76.6617],
[94.8207,76.6435]
]
],
[
[
[95.2636,76.213],
[95.3355,76.1961],
[95.5312,76.2008],
[95.6338,76.1948],
[95.7085,76.1712],
[95.838,76.1544],
[96.0103,76.1464],
[96.1769,76.1522],
[96.3265,76.1014],
[96.359,76.0997],
[96.4058,76.1658],
[96.3097,76.193],
[96.3508,76.2558],
[96.3622,76.2622],
[96.4494,76.27],
[96.54,76.2344],
[96.5514,76.2247],
[96.5226,76.1898],
[96.5414,76.1564],
[96.5692,76.1503],
[96.5944,76.1561],
[96.6473,76.2549],
[96.3664,76.3011],
[96.3075,76.3042],
[96.0436,76.2775],
[95.7853,76.2983],
[95.7,76.2758],
[95.5685,76.2541],
[95.5333,76.2539],
[95.4861,76.2787],
[95.3458,76.2855],
[95.3158,76.2801],
[95.2636,76.213]
]
],
[
[
[95.4194,76.7015],
[95.4445,76.6639],
[95.4972,76.6472],
[95.7117,76.6458],
[95.824,76.686],
[95.7022,76.6941],
[95.6266,76.6672],
[95.5989,76.67],
[95.513,76.7139],
[95.4194,76.7015]
]
],
[
[
[95.8953,76.6139],
[95.9528,76.6072],
[96.0053,76.6208],
[96.2422,76.6097],
[96.3586,76.6308],
[96.4676,76.7001],
[96.3094,76.7042],
[96.1796,76.6882],
[96.0943,76.6682],
[95.9733,76.6722],
[95.8961,76.6518],
[95.8953,76.6139]
]
],
[
[
[95.9482,76.9117],
[96.0292,76.8858],
[96.2219,76.8858],
[96.3133,76.9053],
[96.3447,76.9203],
[96.3011,76.9308],
[96.1872,76.9383],
[96.0433,76.9289],
[95.9482,76.9117]
]
],
[
[
[96.7023,75.9868],
[96.7383,75.9747],
[96.7669,75.9753],
[97.0658,76.0069],
[97.3125,76.0869],
[97.3301,76.0984],
[96.7669,76.028],
[96.7026,76.0121],
[96.7023,75.9868]
]
],
[
[
[96.7136,76.2067],
[96.7289,76.1764],
[96.7589,76.1736],
[97.0248,76.2348],
[96.9228,76.2572],
[96.8275,76.2273],
[96.8383,76.2586],
[96.8583,76.2722],
[96.9975,76.2772],
[97.073,76.303],
[97.0301,76.3415],
[96.8828,76.3494],
[96.8301,76.3433],
[96.738,76.2533],
[96.7136,76.2067]
]
],
[
[
[97.1051,76.7642],
[97.24,76.7472],
[97.3594,76.7494],
[97.4397,76.7336],
[97.5178,76.7489],
[97.6005,76.7466],
[97.6158,76.7764],
[97.1314,76.77],
[97.1051,76.7642]
]
],
[
[
[97.3175,76.6032],
[97.5464,76.5822],
[97.5911,76.5931],
[97.4458,76.7122],
[97.4197,76.7167],
[97.3708,76.715],
[97.3175,76.6032]
]
],
[
[
[97.7397,76.826],
[97.8517,76.7661],
[97.87,76.7703],
[97.9005,76.786],
[97.9231,76.8335],
[97.8961,76.8419],
[97.7941,76.8444],
[97.7644,76.8397],
[97.7397,76.826]
]
],
[
[
[111.456,74.3216],
[111.4656,74.3047],
[111.4836,74.2936],
[111.5922,74.2536],
[111.9625,74.2105],
[112.0264,74.1917],
[112.1594,74.1347],
[112.2675,74.1394],
[112.7878,74.0919],
[112.8216,74.0962],
[112.9425,74.1656],
[112.9711,74.1933],
[113.0239,74.2061],
[113.1744,74.2178],
[113.2158,74.238],
[113.323,74.323],
[113.4293,74.3901],
[113.4157,74.431],
[113.3941,74.4483],
[113.2889,74.4758],
[113.05,74.4978],
[112.7133,74.4989],
[112.1817,74.5461],
[112.0789,74.5486],
[112.0062,74.5253],
[111.9734,74.487],
[111.9656,74.4122],
[111.9824,74.3911],
[111.9689,74.3797],
[111.8778,74.3453],
[111.8314,74.3439],
[111.7283,74.3714],
[111.6764,74.373],
[111.5105,74.3547],
[111.4861,74.3474],
[111.456,74.3216]
]
],
[
[
[111.9566,76.5986],
[112.08,76.553],
[112.3044,76.5331],
[112.3439,76.5178],
[112.37,76.4883],
[112.4247,76.4553],
[112.4486,76.4511],
[112.575,76.4419],
[112.6011,76.4469],
[112.7086,76.5181],
[112.5658,76.55],
[112.5246,76.6194],
[112.348,76.6566],
[112.3247,76.6542],
[112.3091,76.6208],
[112.2922,76.6178],
[112.1478,76.633],
[111.9892,76.6286],
[111.9678,76.6253],
[111.9566,76.5986]
]
],
[
[
[113.1205,76.3754],
[113.1603,76.3653],
[113.3069,76.3591],
[113.4167,76.3583],
[113.4386,76.3683],
[113.388,76.3811],
[113.2711,76.3889],
[113.2639,76.3978],
[113.3005,76.4195],
[113.2872,76.4325],
[113.2589,76.4364],
[113.2142,76.4308],
[113.1675,76.4108],
[113.1205,76.3754]
]
],
[
[
[115.8839,74.3008],
[115.9983,74.2864],
[116.0689,74.2869],
[116.0951,74.2942],
[116.1235,74.3152],
[116.1142,74.3417],
[116.0755,74.3666],
[116.0428,74.373],
[115.993,74.3747],
[115.931,74.3589],
[115.905,74.3447],
[115.8858,74.3203],
[115.8839,74.3008]
]
],
[
[
[119.6326,73.118],
[119.8089,73.0341],
[119.9014,73.0297],
[120.2139,73.0425],
[120.2753,73.0954],
[120.2512,73.1125],
[120.1355,73.1439],
[119.9403,73.1664],
[119.7517,73.1575],
[119.6326,73.118]
]
],
[
[
[122.0101,72.935],
[122.3286,72.8919],
[122.374,72.8943],
[122.1775,72.9536],
[122.0347,72.9562],
[122.0101,72.935]
]
],
[
[
[122.3044,72.9342],
[122.6819,72.8333],
[122.7528,72.8211],
[122.8675,72.8122],
[123.1008,72.8147],
[123.1733,72.805],
[123.3011,72.7703],
[123.3722,72.7619],
[123.5397,72.7653],
[123.6018,72.775],
[123.1875,72.868],
[122.9558,72.8633],
[122.7233,72.8833],
[122.368,72.9414],
[122.3191,72.9451],
[122.3044,72.9342]
]
],
[
[
[122.4324,72.9772],
[122.5353,72.9447],
[122.9239,72.895],
[123.1872,72.888],
[123.3286,72.8683],
[123.4564,72.8336],
[123.6703,72.7975],
[123.9314,72.7911],
[124.1211,72.7619],
[124.2511,72.7269],
[124.3244,72.688],
[124.3828,72.6733],
[124.4733,72.6658],
[124.6525,72.6794],
[124.7183,72.6764],
[124.7788,72.6623],
[124.8005,72.6355],
[124.9005,72.5983],
[125.1122,72.5686],
[125.2425,72.5347],
[125.2879,72.4873],
[125.3433,72.4658],
[125.5478,72.4317],
[125.5725,72.4144],
[125.7242,72.3653],
[125.7841,72.3566],
[125.8636,72.3616],
[125.9314,72.3536],
[126.1187,72.3014],
[126.1658,72.3019],
[126.3483,72.38],
[126.3342,72.4366],
[126.2489,72.5004],
[126.2462,72.5253],
[126.2931,72.6658],
[126.3422,72.7464],
[126.378,72.7736],
[126.3816,72.7957],
[126.2867,72.8555],
[126.2782,72.8737],
[126.2939,72.8997],
[126.3239,72.9235],
[126.4355,72.958],
[126.574,72.9889],
[126.7109,73.081],
[126.6796,73.1539],
[126.64,73.1922],
[126.5628,73.2301],
[126.5639,73.2697],
[126.589,73.2923],
[126.5303,73.3569],
[126.4235,73.406],
[126.3665,73.402],
[126.274,73.3779],
[126.1571,73.3771],
[126.1989,73.4542],
[126.3174,73.4479],
[126.3459,73.4607],
[126.4022,73.5078],
[126.3173,73.5432],
[126.243,73.5519],
[126.0172,73.5075],
[125.8705,73.4986],
[125.685,73.4592],
[125.6001,73.4079],
[125.5662,73.4025],
[125.5182,73.4509],
[125.5368,73.4707],
[125.6212,73.4931],
[125.6287,73.5225],
[125.5839,73.5408],
[125.4162,73.5529],
[125.3105,73.5333],
[125.2514,73.5358],
[125.1729,73.5613],
[125.1864,73.6239],
[125.1573,73.6712],
[125.136,73.6844],
[125.0526,73.6801],
[125.0589,73.6547],
[125.0289,73.6325],
[124.9896,73.6239],
[124.9225,73.6658],
[124.8369,73.7],
[124.6997,73.705],
[124.6044,73.7286],
[124.3907,73.8003],
[124.3586,73.8036],
[124.3386,73.8011],
[124.0862,73.6864],
[124.0572,73.6814],
[123.9991,73.6921],
[124.0551,73.7149],
[123.9655,73.7644],
[123.9114,73.7725],
[123.8847,73.7661],
[123.9089,73.6675],
[123.9913,73.6402],
[123.9655,73.62],
[123.6855,73.6003],
[123.6019,73.6094],
[123.5886,73.6497],
[123.5469,73.6969],
[123.3733,73.6592],
[123.3719,73.6183],
[123.2408,73.5514],
[123.2218,73.4018],
[123.38,73.2969],
[123.5333,73.213],
[123.64,73.2105],
[123.666,73.2032],
[123.6589,73.168],
[123.5364,73.1594],
[123.5153,73.166],
[123.5312,73.1848],
[123.493,73.1869],
[123.3769,73.1629],
[123.3094,73.0208],
[123.3268,73.0032],
[123.3158,72.9733],
[123.2175,72.9251],
[123.1812,72.9173],
[123.088,72.9136],
[122.8919,72.9556],
[122.8667,72.9694],
[122.8558,72.9939],
[122.6066,73.0236],
[122.5217,73.0222],
[122.4653,73.0128],
[122.4324,72.9772]
]
],
[
[
[124.2894,73.8876],
[124.2919,73.869],
[124.3917,73.8414],
[124.4292,73.85],
[124.5051,73.8412],
[124.5394,73.8495],
[124.6567,73.8899],
[124.6441,73.9039],
[124.4583,73.9216],
[124.5053,73.9409],
[124.4678,73.9422],
[124.345,73.928],
[124.3239,73.921],
[124.3709,73.9079],
[124.2894,73.8876]
]
],
[
[
[125.7083,73.5908],
[125.71,73.5425],
[125.7921,73.5066],
[125.8122,73.5064],
[125.8333,73.5187],
[125.8039,73.6389],
[125.7083,73.5908]
]
],
[
[
[126.3034,72.5028],
[126.3675,72.455],
[126.4278,72.4275],
[126.4902,72.404],
[126.5553,72.4046],
[126.5835,72.4198],
[126.5205,72.4469],
[126.4943,72.4674],
[126.5289,72.5144],
[126.5894,72.5358],
[126.6536,72.549],
[126.7667,72.5514],
[126.9241,72.5719],
[127.3268,72.7083],
[127.3919,72.7214],
[127.6464,72.7169],
[127.7475,72.7398],
[127.8211,72.7664],
[127.8967,72.7803],
[128.1741,72.8078],
[128.237,72.8256],
[128.2125,72.8641],
[128.2991,72.9075],
[128.3761,72.9203],
[128.6323,72.9339],
[128.9503,72.9875],
[129.0139,73.006],
[129.0812,73.0403],
[129.1186,73.0978],
[129.0979,73.1283],
[129.0428,73.1294],
[128.9655,73.1158],
[128.8641,73.0775],
[128.7809,73.0726],
[128.8652,73.1194],
[128.948,73.1458],
[128.9668,73.1669],
[128.8928,73.2111],
[128.6552,73.2578],
[128.568,73.2597],
[128.3903,73.2483],
[128.2576,73.2681],
[128.3065,73.3212],
[128.3368,73.3353],
[128.3527,73.353],
[128.0827,73.358],
[128.0671,73.398],
[127.9766,73.4703],
[127.465,73.4803],
[127.2964,73.5172],
[127.2378,73.5325],
[127.0636,73.5378],
[126.853,73.5261],
[126.8311,73.5199],
[126.9058,73.5037],
[126.9226,73.4922],
[126.9055,73.4508],
[126.8287,73.3817],
[126.7908,73.3848],
[126.7687,73.4192],
[126.7269,73.4444],
[126.6973,73.4403],
[126.6594,73.4169],
[126.6261,73.3778],
[126.6047,73.2531],
[126.7378,73.1908],
[126.7647,73.1707],
[126.7758,73.0955],
[126.7719,73.0764],
[126.735,73.0555],
[126.6587,72.9926],
[126.3978,72.9272],
[126.356,72.914],
[126.332,72.8908],
[126.3407,72.8664],
[126.4208,72.8211],
[126.4458,72.7898],
[126.3425,72.6914],
[126.3034,72.5028]
]
],
[
[
[126.468,73.4439],
[126.4868,73.3935],
[126.613,73.3994],
[126.6519,73.4614],
[126.6272,73.4655],
[126.468,73.4439]
]
],
[
[
[126.5275,72.295],
[126.6215,72.2407],
[126.635,72.2203],
[126.6254,72.1976],
[126.6733,72.1875],
[126.6953,72.1944],
[126.7147,72.2273],
[126.686,72.2617],
[126.6449,72.2886],
[126.6261,72.3205],
[126.6576,72.3523],
[126.5886,72.3642],
[126.5451,72.3551],
[126.5289,72.3422],
[126.5275,72.295]
]
],
[
[
[126.65,72.48],
[126.6519,72.4337],
[127.0108,72.4303],
[127.4197,72.4422],
[127.5497,72.4333],
[127.6792,72.4044],
[128.1989,72.235],
[128.543,72.1698],
[128.478,72.1409],
[128.6925,72.0853],
[128.7636,72.0742],
[129.0097,72.0694],
[129.3875,72.0983],
[129.4848,72.1294],
[129.3876,72.1408],
[129.2937,72.1261],
[129.2486,72.1345],
[129.4568,72.2103],
[129.5366,72.2136],
[129.5587,72.2221],
[129.5247,72.244],
[129.3554,72.255],
[129.3243,72.2924],
[129.3809,72.3148],
[129.4826,72.3161],
[129.4993,72.3275],
[129.4861,72.3522],
[129.4483,72.3691],
[129.2608,72.4122],
[129.2739,72.4453],
[129.2619,72.4633],
[129.0877,72.4797],
[128.708,72.4642],
[128.143,72.5789],
[127.9583,72.6225],
[127.7789,72.6425],
[127.4836,72.6136],
[127.2783,72.6083],
[127.1647,72.5903],
[126.9044,72.5103],
[126.6919,72.5012],
[126.65,72.48]
]
],
[
[
[126.9028,72.0233],
[126.932,71.9679],
[126.9554,71.9568],
[127.1439,71.9043],
[127.1741,71.9396],
[127.1489,71.9585],
[126.9622,72.013],
[126.9028,72.0233]
]
],
[
[
[127.3194,72.6535],
[127.3808,72.6503],
[127.7042,72.6683],
[127.985,72.6539],
[128.1667,72.6575],
[128.3272,72.6683],
[128.5105,72.6978],
[128.6344,72.7005],
[129.1869,72.6536],
[129.2126,72.656],
[129.3435,72.704],
[128.9655,72.7358],
[128.5347,72.7847],
[128.2791,72.7872],
[127.92,72.763],
[127.6865,72.6998],
[127.468,72.7008],
[127.4201,72.6937],
[127.3194,72.6535]
]
],
[
[
[127.3947,73.5214],
[127.6755,73.4978],
[128.034,73.4858],
[127.825,73.523],
[127.7078,73.5355],
[127.5714,73.54],
[127.3947,73.5214]
]
],
[
[
[128.1005,72.632],
[128.1697,72.6178],
[128.3383,72.558],
[128.3844,72.5505],
[128.5297,72.5508],
[128.575,72.5444],
[128.6094,72.5275],
[128.6533,72.5236],
[128.7305,72.5336],
[128.7968,72.5558],
[128.853,72.5811],
[128.9671,72.5961],
[128.9014,72.6387],
[128.6883,72.6722],
[128.5386,72.6675],
[128.1005,72.632]
]
],
[
[
[128.292,72.8697],
[128.3201,72.8097],
[128.558,72.8097],
[129.1408,72.7817],
[129.2419,72.7878],
[129.298,72.8003],
[129.2303,72.8319],
[129.1172,72.8536],
[128.7583,72.8917],
[128.4366,72.9003],
[128.3774,72.8936],
[128.292,72.8697]
]
],
[
[
[128.786,72.9185],
[128.8072,72.9091],
[128.9983,72.9075],
[129.1892,72.9203],
[129.07,72.9517],
[128.9616,72.9564],
[128.8438,72.9408],
[128.786,72.9185]
]
],
[
[
[135.3619,74.2549],
[135.4164,74.1705],
[135.4383,74.1557],
[135.5708,74.1419],
[135.67,74.1014],
[135.6943,74.0596],
[135.7311,74.0358],
[135.8774,73.9975],
[136.0405,73.933],
[136.0535,73.9241],
[136.0643,73.9014],
[136.1569,73.8748],
[136.2413,73.8989],
[136.271,73.9328],
[136.2623,73.9858],
[136.0636,74.0767],
[135.65,74.2036],
[135.3619,74.2549]
]
],
[
[
[135.4457,75.4439],
[135.4553,75.3716],
[135.4836,75.363],
[135.6539,75.365],
[135.8172,75.375],
[135.9303,75.3961],
[136.0128,75.425],
[136.0287,75.4373],
[135.959,75.4751],
[135.9528,75.49],
[135.9622,75.508],
[136.0897,75.57],
[136.1469,75.5886],
[136.1756,75.6086],
[136.1617,75.6247],
[135.89,75.6861],
[135.8547,75.7094],
[135.8145,75.7744],
[135.708,75.85],
[135.6783,75.8342],
[135.6003,75.7605],
[135.5382,75.6669],
[135.5525,75.6343],
[135.5911,75.593],
[135.59,75.5633],
[135.529,75.4933],
[135.4457,75.4439]
]
],
[
[
[136.6747,54.9024],
[136.735,54.8831],
[136.755,54.8883],
[136.7753,54.9261],
[136.8836,54.9583],
[136.9275,54.9505],
[136.9305,54.9276],
[136.9494,54.9204],
[137.0516,54.9203],
[137.0805,54.9399],
[137.178,55.1144],
[137.1307,55.1208],
[137.0397,55.1044],
[136.8029,55.0153],
[136.6883,54.9425],
[136.6747,54.9024]
]
],
[
[
[136.8607,75.3521],
[136.9108,75.2719],
[137.1408,75.1322],
[137.4808,75.0344],
[137.6233,75.0155],
[137.7675,74.9858],
[137.8065,74.9574],
[137.8176,74.9154],
[137.833,74.8917],
[137.8745,74.8527],
[138.0253,74.8044],
[138.1625,74.7744],
[138.7427,74.723],
[139.0047,74.6539],
[139.0961,74.6472],
[139.2091,74.6561],
[139.3438,74.6858],
[139.3861,74.7008],
[139.4986,74.7617],
[139.5353,74.7978],
[139.5665,74.8528],
[139.5203,74.8561],
[139.4733,74.8715],
[139.4626,74.9286],
[139.6469,74.9792],
[139.6936,74.9744],
[139.9789,74.8954],
[140.0585,74.8313],
[140.2958,74.8369],
[140.9169,74.9055],
[141.2355,74.9169],
[141.5367,74.9411],
[141.7983,74.9858],
[142.1705,75.0042],
[142.2281,74.9978],
[142.3561,74.9294],
[142.3041,74.9164],
[142.1367,74.9583],
[142.0677,74.9633],
[141.9977,74.9566],
[141.9734,74.9387],
[142.0172,74.9083],
[142.0713,74.89],
[142.3508,74.8236],
[142.4875,74.8116],
[142.5797,74.8169],
[142.7033,74.8432],
[142.6219,74.8462],
[142.6561,74.885],
[142.6891,74.8926],
[142.9555,74.8839],
[143.2705,74.8953],
[143.4308,74.8875],
[143.6985,74.9372],
[143.6672,74.978],
[143.58,75.0122],
[143.3928,75.0022],
[143.0988,75.0578],
[142.9605,75.0697],
[142.8186,75.0692],
[142.635,75.0936],
[142.6097,75.1072],
[142.5872,75.1478],
[142.418,75.2567],
[142.213,75.3333],
[142.153,75.3786],
[142.1136,75.5014],
[142.1403,75.5908],
[142.2299,75.6553],
[142.3747,75.6603],
[142.4271,75.6731],
[142.4475,75.7111],
[142.6667,75.7275],
[142.9261,75.7169],
[143.005,75.6939],
[143.0421,75.6636],
[143.0386,75.6218],
[143.0158,75.5951],
[142.7319,75.5469],
[142.6322,75.513],
[142.5093,75.4581],
[142.4971,75.3624],
[142.5331,75.3428],
[142.6611,75.3053],
[142.6797,75.2639],
[142.7113,75.2308],
[142.8344,75.2183],
[142.8666,75.1762],
[142.8711,75.1553],
[142.8969,75.1369],
[143.2069,75.0989],
[143.3655,75.0672],
[143.4358,75.07],
[143.5508,75.0905],
[143.758,75.075],
[143.9497,75.0269],
[144.0191,75.0261],
[144.1866,75.0503],
[144.3483,75.0444],
[144.4048,75.0587],
[144.5122,75.1144],
[144.6879,75.1579],
[144.7091,75.1696],
[144.7258,75.2322],
[144.9364,75.2662],
[144.8813,75.2936],
[144.7889,75.3008],
[144.6734,75.3282],
[144.6886,75.4005],
[144.7461,75.4326],
[144.9258,75.458],
[145.0577,75.4908],
[145.2066,75.5122],
[145.3821,75.5155],
[145.2937,75.57],
[145.2003,75.5972],
[144.8255,75.6378],
[144.7642,75.6625],
[144.7222,75.6894],
[144.4755,75.7097],
[143.9005,75.8372],
[143.5844,75.8669],
[143.4108,75.8472],
[143.3647,75.8329],
[143.2355,75.8144],
[143.0886,75.8061],
[142.5602,75.8578],
[142.458,75.8818],
[142.4011,75.9208],
[142.3633,75.933],
[141.763,76.0997],
[141.5819,76.1278],
[141.3566,76.1805],
[141.3068,76.1754],
[141.3851,76.1515],
[141.4875,76.0682],
[141.6125,76.017],
[141.5797,75.9997],
[141.5072,76.0189],
[141.1891,76.0578],
[141.0411,76.0519],
[140.9719,76.0392],
[140.9222,76.0047],
[140.9022,75.9811],
[140.8778,75.8979],
[140.9098,75.8414],
[140.8944,75.7847],
[140.8696,75.7388],
[141.0559,75.6423],
[140.9111,75.6086],
[140.4791,75.6361],
[140.4308,75.6504],
[140.4591,75.704],
[140.542,75.7517],
[140.5309,75.7785],
[140.4969,75.7933],
[140.4386,75.8111],
[140.2683,75.8242],
[140.22,75.8192],
[140.1597,75.8008],
[139.9352,75.8361],
[139.7942,75.8841],
[139.8336,75.9261],
[139.8827,75.9214],
[139.9055,75.9296],
[139.8366,75.9642],
[139.645,75.9792],
[139.4647,76.0319],
[139.1908,76.0722],
[139.095,76.0955],
[139.023,76.1247],
[138.9811,76.1483],
[138.9591,76.1719],
[138.9564,76.1984],
[138.8702,76.2198],
[138.7333,76.2161],
[138.5622,76.1925],
[138.4962,76.1653],
[138.4595,76.1235],
[138.4744,76.1028],
[138.4455,76.0593],
[138.3885,76.0711],
[138.3436,76.1197],
[138.3401,76.1457],
[138.2183,76.1319],
[138.1369,76.1128],
[138.0806,76.0873],
[138.1129,76.0769],
[138.1005,76.059],
[138.0033,76.0194],
[137.7102,76.0086],
[137.45,75.9547],
[137.4128,75.9379],
[137.43,75.8787],
[137.5945,75.8107],
[137.7214,75.7792],
[137.7402,75.7458],
[137.6872,75.7453],
[137.5117,75.7792],
[137.2052,75.7841],
[137.175,75.7772],
[137.0715,75.7207],
[137.1482,75.6946],
[137.1637,75.6769],
[137.1456,75.6535],
[137.0016,75.6216],
[136.9684,75.6061],
[136.9814,75.5815],
[137.0689,75.5638],
[136.9804,75.5968],
[137.03,75.6244],
[137.1647,75.6478],
[137.2102,75.6364],
[137.2875,75.5919],
[137.2076,75.529],
[137.188,75.4705],
[137.1389,75.4533],
[137.1318,75.4173],
[137.1497,75.3994],
[137.1739,75.3975],
[137.25,75.4211],
[137.3452,75.4197],
[137.3944,75.4108],
[137.4194,75.4035],
[137.4262,75.3794],
[137.405,75.3522],
[137.2669,75.3328],
[137.1725,75.3317],
[137.0983,75.348],
[137.0478,75.3864],
[137.0239,75.3883],
[136.9308,75.3789],
[136.877,75.3644],
[136.8607,75.3521]
]
],
[
[
[136.9929,71.5186],
[137.1269,71.4742],
[137.3325,71.4278],
[137.3903,71.4325],
[137.4003,71.4562],
[137.3549,71.4592],
[137.2694,71.4851],
[137.2797,71.4939],
[137.3186,71.4944],
[137.5122,71.4764],
[137.5966,71.4292],
[137.6769,71.4117],
[137.7979,71.4368],
[137.9628,71.5055],
[137.9463,71.5278],
[137.8903,71.5703],
[137.7503,71.5944],
[137.2708,71.5792],
[137.0278,71.5322],
[136.9929,71.5186]
]
],
[
[
[137.2245,54.7727],
[137.2558,54.7726],
[137.3169,54.8133],
[137.4417,54.8703],
[137.4866,54.8725],
[137.6465,54.6451],
[137.7126,54.6199],
[137.7766,54.6853],
[137.92,54.7681],
[137.9913,54.8856],
[138.0078,54.9122],
[138.1044,54.9989],
[138.1889,55.015],
[138.2051,55.0276],
[138.2023,55.0455],
[138.0958,55.0625],
[137.8386,55.1275],
[137.699,55.1485],
[137.7,55.1566],
[137.635,55.1972],
[137.5642,55.1872],
[137.5381,55.1697],
[137.4977,55.0803],
[137.4505,55.0153],
[137.3691,54.9817],
[137.2786,54.8944],
[137.2498,54.8529],
[137.248,54.7992],
[137.2245,54.7727]
]
],
[
[
[137.5497,54.5099],
[137.5722,54.4339],
[137.6428,54.3875],
[137.6322,54.413],
[137.6455,54.5075],
[137.6328,54.5429],
[137.6141,54.5646],
[137.5947,54.555],
[137.5497,54.5099]
]
],
[
[
[137.7136,54.3764],
[137.7201,54.3597],
[137.78,54.3664],
[137.8319,54.3925],
[137.9283,54.4599],
[137.9139,54.5078],
[137.8655,54.5072],
[137.8402,54.4989],
[137.8164,54.4708],
[137.8169,54.4482],
[137.8097,54.4383],
[137.7136,54.3764]
]
],
[
[
[138.3736,71.683],
[138.4688,71.6533],
[138.5272,71.6586],
[138.7086,71.6847],
[138.6686,71.7019],
[138.5303,71.7094],
[138.3736,71.683]
]
],
[
[
[139.6536,73.4022],
[139.6721,73.3717],
[139.7114,73.3547],
[139.8819,73.3455],
[140.0092,73.3544],
[140.2852,73.4126],
[140.425,73.433],
[140.7455,73.4514],
[140.9799,73.418],
[141.5894,73.3103],
[141.8427,73.2897],
[142.2188,73.2728],
[142.3858,73.2411],
[142.6225,73.2594],
[143.185,73.2033],
[143.5058,73.2303],
[143.5082,73.2772],
[143.4755,73.3172],
[143.4364,73.403],
[143.5078,73.4241],
[143.5291,73.4391],
[143.4319,73.5225],
[143.1791,73.6289],
[143.1419,73.6414],
[143.0147,73.6608],
[142.513,73.8389],
[142.3402,73.8572],
[142.155,73.89],
[142.0478,73.9172],
[142.0042,73.92],
[141.5633,73.8983],
[141.378,73.8614],
[141.2255,73.863],
[141.1297,73.8778],
[141.077,73.8678],
[140.9236,73.8103],
[140.8228,73.7436],
[140.6794,73.5919],
[140.645,73.5673],
[140.4161,73.483],
[140.2876,73.457],
[140.07,73.4558],
[139.7286,73.4403],
[139.659,73.4235],
[139.6536,73.4022]
]
],
[
[
[140.073,74.0918],
[140.0825,74.0675],
[140.1144,74.0283],
[140.3055,73.9347],
[140.4486,73.9016],
[140.8139,73.9711],
[140.9675,73.9744],
[141.0205,73.9928],
[141.0497,74.0137],
[141.0839,74.0653],
[141.1171,74.165],
[141.0828,74.2133],
[141.0564,74.2286],
[140.9855,74.2528],
[140.8744,74.2711],
[140.5625,74.2822],
[140.273,74.2556],
[140.1141,74.2008],
[140.0925,74.1826],
[140.073,74.0918]
]
],
[
[
[140.5267,75.7073],
[140.5702,75.6611],
[140.5966,75.6522],
[140.7459,75.6519],
[140.77,75.6712],
[140.558,75.7142],
[140.5267,75.7073]
]
],
[
[
[140.8566,76.1008],
[140.9032,76.0632],
[140.9555,76.0778],
[141.0789,76.0858],
[141.077,76.1125],
[141.0358,76.1392],
[141.0111,76.1439],
[140.9366,76.1358],
[140.8566,76.1008]
]
],
[
[
[141.639,52.3135],
[141.6686,52.2592],
[141.6936,52.1792],
[141.694,52.1535],
[141.6822,52.1308],
[141.6431,52.0871],
[141.648,51.8867],
[141.7597,51.8353],
[141.8191,51.785],
[141.823,51.7322],
[141.8079,51.7189],
[141.7972,51.6775],
[141.9233,51.5705],
[142.074,51.4735],
[142.0946,51.4444],
[142.0826,51.419],
[142.0852,51.3983],
[142.2537,51.1525],
[142.2678,51.1044],
[142.2519,51.0476],
[142.2191,50.9742],
[142.1297,50.8918],
[142.095,50.813],
[142.0432,50.5421],
[142.0566,50.4969],
[142.1341,50.3851],
[142.1508,50.3317],
[142.1739,50.0942],
[142.1281,49.893],
[142.1565,49.8215],
[142.1605,49.7864],
[142.1405,49.5525],
[142.1212,49.4586],
[142.0676,49.3351],
[142.0685,49.2469],
[142.0278,49.0417],
[141.9993,48.9578],
[141.965,48.864],
[141.9503,48.8471],
[141.9176,48.8299],
[141.8697,48.7833],
[141.8537,48.7571],
[141.875,48.6839],
[141.9126,48.614],
[142.0805,48.4122],
[142.1333,48.32],
[142.1566,48.2433],
[142.1686,48.0842],
[142.1865,47.9823],
[142.1877,47.954],
[142.1744,47.9271],
[142.0836,47.8399],
[142.0033,47.6967],
[141.963,47.6],
[141.9511,47.4886],
[141.9743,47.284],
[142.0161,47.2519],
[142.0297,47.2322],
[142.0583,47.1453],
[142.0571,47.0789],
[142.0225,46.9764],
[141.8137,46.5904],
[141.8194,46.4858],
[141.8313,46.4223],
[141.9,46.2697],
[141.9371,46.0832],
[141.9267,46.0457],
[142.0505,45.9147],
[142.0876,45.8917],
[142.1982,46.0229],
[142.2953,46.3408],
[142.4214,46.5825],
[142.4919,46.6642],
[142.6003,46.7114],
[142.7195,46.742],
[142.7469,46.6492],
[142.7803,46.5983],
[143.0825,46.5819],
[143.1361,46.5939],
[143.3562,46.5599],
[143.3849,46.5332],
[143.369,46.4894],
[143.3452,46.4622],
[143.3396,46.4028],
[143.4252,46.21],
[143.4247,46.1286],
[143.4076,46.08],
[143.4283,46.0194],
[143.4745,46.1021],
[143.4672,46.1617],
[143.4782,46.1905],
[143.517,46.2228],
[143.6019,46.3836],
[143.5786,46.4092],
[143.5244,46.5822],
[143.5126,46.6761],
[143.5228,46.7065],
[143.4916,46.8086],
[143.4765,46.8301],
[143.4394,46.8363],
[143.3769,46.7864],
[143.3688,46.733],
[143.389,46.7064],
[143.3743,46.6862],
[143.3512,46.6807],
[143.1741,46.7063],
[143.0854,46.8166],
[143.0997,46.8389],
[143.1119,46.8905],
[143.0175,47.2485],
[142.9005,47.3725],
[142.8666,47.3939],
[142.7883,47.4232],
[142.7139,47.485],
[142.6311,47.5764],
[142.5703,47.6787],
[142.5572,47.7167],
[142.5357,47.7967],
[142.53,47.8758],
[142.5352,48.0054],
[142.6197,48.205],
[142.6722,48.3044],
[142.7811,48.5542],
[142.863,48.7097],
[142.9913,48.9154],
[142.9844,48.9679],
[142.9654,49.0196],
[142.9866,49.0956],
[143.0339,49.1572],
[143.1373,49.2228],
[143.2661,49.2715],
[143.4261,49.2997],
[143.6601,49.3076],
[143.6011,49.3203],
[143.3162,49.315],
[143.2536,49.3798],
[143.2897,49.3976],
[143.401,49.3975],
[143.4612,49.3636],
[143.7069,49.3025],
[143.9455,49.2764],
[144.0203,49.2586],
[144.1022,49.2244],
[144.1472,49.2005],
[144.2545,49.1173],
[144.2822,49.0718],
[144.3597,49.0196],
[144.4476,48.9882],
[144.5375,48.913],
[144.635,48.79],
[144.6816,48.6465],
[144.7407,48.6453],
[144.7137,48.6676],
[144.6908,48.7133],
[144.6896,48.7442],
[144.7009,48.7704],
[144.6916,48.8621],
[144.6367,48.9014],
[144.4991,48.9722],
[144.4081,49.03],
[144.393,49.0522],
[144.2758,49.2614],
[144.2251,49.4072],
[144.2141,49.4711],
[144.0033,50.0132],
[143.8747,50.1947],
[143.8315,50.2394],
[143.7948,50.2937],
[143.7222,50.525],
[143.66,50.8008],
[143.5886,50.9953],
[143.523,51.2678],
[143.5015,51.3005],
[143.47,51.2678],
[143.3812,51.3456],
[143.4215,51.3628],
[143.457,51.3568],
[143.4661,51.3955],
[143.45,51.4986],
[143.3672,51.6389],
[143.3316,51.6181],
[143.3247,51.584],
[143.3319,51.5606],
[143.3105,51.5125],
[143.2312,51.5087],
[143.2194,51.5258],
[143.2344,51.6101],
[143.2615,51.6782],
[143.2922,51.7094],
[143.3139,51.7048],
[143.315,51.7294],
[143.2284,51.8794],
[143.2151,51.8533],
[143.17,51.8612],
[143.1344,51.9233],
[143.125,51.9605],
[143.1316,52.0764],
[143.1497,52.1311],
[143.1805,52.3136],
[143.165,52.3272],
[143.1528,52.3817],
[143.256,52.593],
[143.2915,52.5863],
[143.2194,52.4463],
[143.1949,52.4168],
[143.1996,52.3455],
[143.2542,52.3925],
[143.2886,52.4369],
[143.3062,52.4783],
[143.3216,52.5572],
[143.3373,52.7323],
[143.3291,52.9144],
[143.2878,53.1418],
[143.2263,53.3208],
[143.1767,53.399],
[143.1125,53.3772],
[143.0927,53.3849],
[143.11,53.4011],
[143.1319,53.4761],
[143.1039,53.555],
[143.0114,53.6653],
[142.9016,53.775],
[142.8813,53.808],
[142.8786,53.8961],
[142.9311,53.9889],
[142.9983,54.0592],
[143.0086,54.0853],
[143.0091,54.1308],
[142.8165,54.2956],
[142.7505,54.4043],
[142.7357,54.4203],
[142.7134,54.4246],
[142.6857,54.4178],
[142.6269,54.3256],
[142.6493,54.2822],
[142.6394,54.2628],
[142.5743,54.2314],
[142.5343,54.2346],
[142.4803,54.2739],
[142.4019,54.2661],
[142.3939,54.2375],
[142.4847,54.1253],
[142.7084,53.9475],
[142.7207,53.9276],
[142.6933,53.8459],
[142.6111,53.7169],
[142.6105,53.6926],
[142.6737,53.7165],
[142.7276,53.8163],
[142.7698,53.8384],
[142.7858,53.7955],
[142.7992,53.7039],
[142.775,53.6717],
[142.7315,53.6368],
[142.7102,53.6292],
[142.6822,53.6402],
[142.6626,53.6667],
[142.6422,53.678],
[142.5375,53.6733],
[142.5018,53.6635],
[142.4943,53.6186],
[142.5094,53.5486],
[142.5387,53.554],
[142.5591,53.57],
[142.6084,53.5699],
[142.6743,53.5464],
[142.6811,53.5168],
[142.5554,53.4657],
[142.499,53.4015],
[142.4725,53.3862],
[142.3516,53.3561],
[142.2747,53.3697],
[142.249,53.3839],
[142.2361,53.414],
[142.2397,53.453],
[142.2523,53.4806],
[142.2202,53.5185],
[142.0922,53.4914],
[141.9814,53.455],
[141.7701,53.3678],
[141.8105,53.2953],
[141.8094,53.2564],
[141.8329,53.1543],
[141.8933,53.0928],
[141.9147,53.0603],
[141.9234,53.0132],
[141.8586,52.8514],
[141.8383,52.5808],
[141.7908,52.4817],
[141.7683,52.4553],
[141.6652,52.3858],
[141.6519,52.3655],
[141.639,52.3135]
]
],
[
[
[146.0741,75.2237],
[146.1361,75.1955],
[146.313,75.1605],
[146.7394,75.1033],
[146.8908,75.0672],
[147.1403,74.9939],
[147.3167,74.9678],
[147.5475,74.963],
[147.6589,74.9505],
[148.0253,74.8344],
[148.2341,74.7922],
[148.7044,74.76],
[149.6958,74.7608],
[149.7257,74.765],
[149.77,74.7939],
[150.0422,74.8378],
[150.4602,74.8819],
[150.6036,74.8844],
[150.6336,74.8926],
[150.689,74.9421],
[150.6847,74.9725],
[150.6437,74.9913],
[150.82,75.1044],
[150.8663,75.1239],
[150.953,75.1394],
[150.8736,75.1569],
[150.6844,75.1566],
[150.6352,75.1155],
[150.4733,75.0905],
[150.2116,75.1864],
[150.1561,75.2157],
[150.1044,75.2253],
[149.9397,75.2275],
[149.3261,75.2844],
[149.0558,75.2544],
[148.9489,75.2383],
[148.9125,75.2214],
[148.8875,75.2186],
[148.7661,75.2114],
[148.578,75.2133],
[148.5558,75.2164],
[148.4639,75.2647],
[148.4464,75.2817],
[148.4672,75.3097],
[148.5334,75.3335],
[148.5707,75.3742],
[148.3878,75.4161],
[148.145,75.4061],
[147.8672,75.4091],
[147.6644,75.4386],
[147.4061,75.4378],
[147.3314,75.4289],
[147.1709,75.363],
[147.2069,75.358],
[147.2972,75.3703],
[147.3259,75.3647],
[147.3389,75.3487],
[147.1353,75.3308],
[147.0183,75.3347],
[146.7697,75.3705],
[146.635,75.4246],
[146.6786,75.4792],
[146.7491,75.4897],
[146.7722,75.5011],
[146.625,75.5605],
[146.4891,75.5917],
[146.415,75.5861],
[146.3836,75.5783],
[146.358,75.5583],
[146.2447,75.4225],
[146.1869,75.3444],
[146.1703,75.2908],
[146.1554,75.273],
[146.0944,75.2444],
[146.0741,75.2237]
]
],
[
[
[148.3972,76.6374],
[148.4841,76.6372],
[148.9786,76.67],
[149.1689,76.6505],
[149.2147,76.664],
[149.3144,76.7536],
[149.3016,76.7683],
[148.7466,76.7458],
[148.473,76.683],
[148.4161,76.6608],
[148.3972,76.6374]
]
],
[
[
[150.4575,59.0143],
[150.5282,59.0019],
[150.5905,59.0197],
[150.633,59.035],
[150.7386,59.0925],
[150.7407,59.113],
[150.7008,59.1447],
[150.6782,59.155],
[150.6586,59.1539],
[150.4598,59.0408],
[150.4575,59.0143]
]
],
[
[
[151.7051,46.8443],
[151.7162,46.7981],
[151.7747,46.7724],
[151.8268,46.7807],
[152.0157,46.8918],
[152.0326,46.9226],
[152.1741,47.063],
[152.2736,47.1272],
[152.2889,47.1486],
[152.2641,47.1597],
[152.2066,47.125],
[152.2212,47.1732],
[152.1202,47.0908],
[152.0205,46.9887],
[151.8688,46.8664],
[151.8347,46.8551],
[151.7452,46.8617],
[151.7051,46.8443]
]
],
[
[
[152.4616,76.1552],
[152.5167,76.1305],
[152.6169,76.1094],
[152.7413,76.1078],
[152.7851,76.1198],
[152.803,76.1583],
[152.7641,76.2083],
[152.5136,76.1966],
[152.4858,76.1858],
[152.4616,76.1552]
]
],
[
[
[153.9763,48.7386],
[154.0043,48.7225],
[154.0251,48.7251],
[154.0584,48.74],
[154.1889,48.835],
[154.2233,48.8767],
[154.223,48.9044],
[154.1614,48.9125],
[154.1161,48.8978],
[153.988,48.78],
[153.9766,48.7617],
[153.9763,48.7386]
]
],
[
[
[154.4458,49.1635],
[154.4713,49.0983],
[154.4873,49.0808],
[154.5132,49.0749],
[154.5833,49.1005],
[154.5984,49.1153],
[154.5885,49.1408],
[154.5647,49.1522],
[154.4934,49.1668],
[154.4458,49.1635]
]
],
[
[
[154.5939,49.291],
[154.7091,49.2634],
[154.7917,49.2922],
[154.8111,49.3044],
[154.835,49.3458],
[154.825,49.3889],
[154.7903,49.43],
[154.7941,49.4561],
[154.818,49.5058],
[154.8784,49.5435],
[154.8998,49.6237],
[154.8144,49.6364],
[154.7472,49.5822],
[154.703,49.4808],
[154.6383,49.423],
[154.6025,49.3719],
[154.5939,49.291]
]
],
[
[
[155.2104,50.0739],
[155.2251,50.053],
[155.2978,50.06],
[155.3575,50.053],
[155.4772,50.1137],
[155.5255,50.1469],
[155.5963,50.1783],
[155.7368,50.1793],
[155.7904,50.1869],
[155.8928,50.2636],
[156.151,50.5219],
[156.1213,50.72],
[156.1093,50.7561],
[156.0721,50.7744],
[156.0398,50.7724],
[155.9791,50.7469],
[155.8878,50.6915],
[155.8616,50.6452],
[155.8516,50.5917],
[155.7635,50.461],
[155.6654,50.388],
[155.638,50.378],
[155.4354,50.366],
[155.2477,50.3014],
[155.2216,50.2344],
[155.2104,50.0739]
]
],
[
[
[155.4478,50.8978],
[155.4485,50.8761],
[155.4611,50.8505],
[155.4983,50.8175],
[155.5519,50.8049],
[155.6208,50.8061],
[155.66,50.8279],
[155.6679,50.8636],
[155.644,50.9151],
[155.575,50.9342],
[155.5,50.9305],
[155.4786,50.9233],
[155.4478,50.8978]
]
],
[
[
[156.1636,50.7086],
[156.1871,50.676],
[156.2855,50.6467],
[156.4008,50.6256],
[156.4051,50.6552],
[156.4142,50.6739],
[156.4882,50.7532],
[156.4935,50.8392],
[156.4684,50.8675],
[156.4483,50.8704],
[156.3411,50.8511],
[156.189,50.7685],
[156.1666,50.735],
[156.1636,50.7086]
]
],
[
[
[156.4462,77.1338],
[156.4688,77.1164],
[156.6177,77.1039],
[156.7121,77.1118],
[156.7273,77.1275],
[156.6775,77.1405],
[156.5555,77.148],
[156.4969,77.1471],
[156.4462,77.1338]
]
],
[
[
[160.4121,70.9203],
[160.4391,70.8404],
[160.4623,70.8265],
[160.5394,70.8133],
[160.6191,70.8147],
[160.6919,70.8167],
[160.7162,70.8266],
[160.6447,70.8964],
[160.5104,70.9319],
[160.4121,70.9203]
]
],
[
[
[161.064,69.4283],
[161.0683,69.4049],
[161.0854,69.39],
[161.1625,69.343],
[161.1666,69.3199],
[161.1397,69.2728],
[161.1191,69.1701],
[161.1311,69.1033],
[161.1386,69.0861],
[161.1575,69.078],
[161.288,69.0589],
[161.3561,69.0394],
[161.3994,69.0255],
[161.4697,68.9878],
[161.4666,68.9453],
[161.4386,68.9253],
[161.4164,68.8969],
[161.4433,68.89],
[161.4803,68.8992],
[161.5049,68.9128],
[161.5196,68.9408],
[161.5153,68.9872],
[161.4747,69.0279],
[161.4069,69.0753],
[161.3861,69.1025],
[161.3207,69.2378],
[161.3614,69.3586],
[161.2893,69.4159],
[161.3889,69.4592],
[161.3878,69.505],
[161.3693,69.5408],
[161.3472,69.5447],
[161.2714,69.5305],
[161.1023,69.4732],
[161.064,69.4283]
]
],
[
[
[161.3725,69.4059],
[161.5294,69.4191],
[161.5839,69.4303],
[161.6193,69.4493],
[161.633,69.5711],
[161.618,69.5923],
[161.5616,69.6266],
[161.4769,69.6369],
[161.3958,69.5875],
[161.4333,69.5147],
[161.4284,69.4596],
[161.3725,69.4059]
]
],
[
[
[161.4633,70.8036],
[161.6486,70.7483],
[161.6923,70.7462],
[161.6633,70.8061],
[161.5264,70.8375],
[161.4836,70.8339],
[161.4633,70.8036]
]
],
[
[
[161.6524,69.6228],
[161.71,69.5647],
[161.7305,69.5566],
[161.7808,69.5558],
[161.8489,69.5795],
[161.857,69.6033],
[161.8408,69.6483],
[161.7072,69.6464],
[161.6524,69.6228]
]
],
[
[
[163.3855,58.5594],
[163.4352,58.4767],
[163.4614,58.4697],
[163.4692,58.4853],
[163.5176,58.5404],
[163.5789,58.5797],
[163.9236,58.7147],
[163.9789,58.7461],
[164.1844,58.8233],
[164.4694,58.8667],
[164.5991,58.871],
[164.6444,58.8805],
[164.6762,58.9005],
[164.7041,59.0247],
[164.6569,59.0844],
[164.5775,59.228],
[164.5594,59.2368],
[164.4337,59.2032],
[164.3561,59.1586],
[164.2314,59.1056],
[164.0308,59.0505],
[163.9539,59.0353],
[163.7726,59.0221],
[163.8418,58.995],
[163.8336,58.9672],
[163.7497,58.8928],
[163.7405,58.8189],
[163.6919,58.745],
[163.573,58.6358],
[163.4944,58.5878],
[163.3855,58.5594]
]
],
[
[
[165.8319,55.3033],
[165.838,55.2644],
[165.9022,55.2508],
[165.9889,55.2153],
[166.0827,55.1051],
[166.0728,55.0661],
[166.1758,54.9683],
[166.3575,54.8292],
[166.484,54.79],
[166.5693,54.724],
[166.664,54.6775],
[166.6686,54.7367],
[166.6422,54.8467],
[166.5841,54.8919],
[166.4536,54.9544],
[166.3883,55.0025],
[166.2486,55.1471],
[166.2225,55.2469],
[166.2483,55.2726],
[166.2647,55.3083],
[166.2462,55.3296],
[166.1736,55.3183],
[166.1191,55.3286],
[165.9504,55.3622],
[165.9262,55.359],
[165.8319,55.3033]
]
],
[
[
[167.4349,54.8308],
[167.4575,54.8067],
[167.5464,54.7592],
[167.7412,54.6586],
[167.8233,54.6455],
[167.8972,54.6125],
[168.0598,54.5075],
[168.0787,54.5001],
[168.1126,54.5093],
[167.7336,54.7569],
[167.5661,54.8221],
[167.5289,54.8511],
[167.4383,54.8642],
[167.4349,54.8308]
]
],
[
[
[167.7571,69.8302],
[167.7743,69.8082],
[167.7953,69.8011],
[168.045,69.7644],
[168.0938,69.74],
[168.1405,69.7027],
[168.3344,69.6583],
[168.6505,69.5972],
[168.8325,69.5703],
[168.9261,69.5672],
[169.1765,69.5693],
[169.213,69.5779],
[169.2821,69.6276],
[169.3006,69.6504],
[169.2964,69.6801],
[169.273,69.7042],
[169.2747,69.7543],
[169.2822,69.7633],
[169.4127,69.7638],
[169.4515,69.815],
[169.4364,69.8547],
[169.4141,69.8685],
[169.36,69.8805],
[169.21,69.9028],
[168.868,69.9303],
[168.7314,69.9636],
[168.2703,70.0205],
[168.1436,70.0005],
[167.95,69.9414],
[167.7997,69.8614],
[167.7571,69.8302]
]
],
[
[
[178.6194,71.0315],
[178.6478,70.9892],
[178.7488,70.8922],
[178.7839,70.8344],
[178.7873,70.801],
[178.8152,70.7997],
[179.0564,70.8608],
[179.2728,70.8886],
[179.3452,70.8917],
[179.4419,70.8722],
[179.6783,70.8955],
[179.7477,70.918],
[179.8052,70.9575],
[180,70.9972],
[180,71.5359],
[179.8941,71.5244],
[179.856,71.5106],
[179.864,71.4916],
[179.7205,71.4561],
[179.6044,71.4528],
[179.5303,71.4383],
[179.2108,71.3078],
[178.8653,71.2137],
[178.6739,71.1042],
[178.6311,71.0692],
[178.6194,71.0532],
[178.6194,71.0315]
]
]
]}
}
