{
"type": "Feature",
"properties": {"id":"ohm-r2957589","edge_precision":"unknown","ohm_relation":2957589,"ohm_version":7,"ohm_timestamp":"2026-09-27T05:50:21Z"},
"geometry": {"type": "MultiPolygon", "coordinates": [
[
[
[73.4997,39.3817],
[73.5626,39.3517],
[73.5661,39.3459],
[73.5539,39.3434],
[73.5506,39.3345],
[73.5348,39.3231],
[73.5358,39.3162],
[73.5275,39.3109],
[73.5561,39.2967],
[73.5379,39.2778],
[73.563,39.2713],
[73.5593,39.2494],
[73.5847,39.2392],
[73.6135,39.2476],
[73.6346,39.2283],
[73.6409,39.2036],
[73.6607,39.1926],
[73.6618,39.165],
[73.684,39.164],
[73.6891,39.16],
[73.6781,39.1466],
[73.7065,39.1367],
[73.7066,39.1216],
[73.7207,39.1119],
[73.7105,39.0759],
[73.7322,39.0673],
[73.7368,39.0365],
[73.7548,39.0254],
[73.7653,39.0319],
[73.7849,39.0295],
[73.7905,39.0419],
[73.8124,39.0428],
[73.8209,39.0226],
[73.8442,38.9996],
[73.854,38.9524],
[73.8354,38.9215],
[73.8254,38.9172],
[73.8095,38.9331],
[73.7949,38.9289],
[73.7804,38.9421],
[73.7555,38.9419],
[73.734,38.9106],
[73.7108,38.9003],
[73.712,38.8885],
[73.6992,38.8778],
[73.7042,38.861],
[73.6946,38.8529],
[73.7298,38.8438],
[73.7297,38.8299],
[73.7678,38.7782],
[73.7676,38.7707],
[73.7558,38.7694],
[73.7439,38.7318],
[73.7698,38.7172],
[73.7659,38.7051],
[73.7747,38.7015],
[73.78,38.6802],
[73.8052,38.6639],
[73.8007,38.6488],
[73.8093,38.637],
[73.8015,38.6138],
[73.8605,38.5785],
[73.8936,38.584],
[73.9236,38.5426],
[73.9766,38.5366],
[73.9982,38.5219],
[74.0281,38.5427],
[74.0785,38.5325],
[74.0881,38.5488],
[74.0774,38.5525],
[74.0621,38.5784],
[74.0751,38.5878],
[74.0764,38.6105],
[74.1154,38.6104],
[74.121,38.6412],
[74.2378,38.6148],
[74.2575,38.6009],
[74.277,38.599],
[74.5063,38.4714],
[74.6227,38.4463],
[74.6445,38.4522],
[74.6559,38.4391],
[74.6925,38.428],
[74.6896,38.4081],
[74.6773,38.4032],
[74.665,38.3818],
[74.676,38.3703],
[74.675,38.3514],
[74.704,38.2944],
[74.6955,38.2645],
[74.699,38.2284],
[74.7067,38.2133],
[74.7582,38.2149],
[74.771,38.1969],
[74.7999,38.2025],
[74.805,38.1723],
[74.796,38.156],
[74.8185,38.1281],
[74.8203,38.0853],
[74.8337,38.0728],
[74.8542,38.0691],
[74.8528,38.0489],
[74.8684,38.0355],
[74.8683,38.0257],
[74.8833,38.0229],
[74.8926,38.0362],
[74.9165,38.0246],
[74.9175,37.9804],
[74.9079,37.9705],
[74.9214,37.9366],
[74.9129,37.9071],
[74.9376,37.8965],
[74.9375,37.8805],
[74.913,37.8565],
[74.9244,37.8291],
[74.9444,37.8242],
[74.952,37.8088],
[74.9869,37.8085],
[75.0099,37.7701],
[74.9841,37.7519],
[74.9671,37.7522],
[74.9595,37.7281],
[74.9265,37.7077],
[74.9227,37.7038],
[74.9333,37.6917],
[74.9018,37.6774],
[74.897,37.6618],
[74.9109,37.6348],
[74.9249,37.627],
[74.9259,37.6129],
[74.9394,37.6032],
[74.9308,37.5869],
[74.9321,37.5685],
[74.944,37.5541],
[74.9552,37.5545],
[74.9638,37.5383],
[75.0116,37.525],
[75.0313,37.501],
[75.0619,37.5255],
[75.0889,37.4844],
[75.1253,37.466],
[75.1254,37.4481],
[75.1416,37.4355],
[75.154,37.4096],
[75.094,37.3714],
[75.1217,37.3408],
[75.1251,37.3157],
[75.0774,37.3158],
[74.9838,37.2861],
[74.952,37.2921],
[74.9268,37.2841],
[74.9105,37.275],
[74.9189,37.2603],
[74.9154,37.2373],
[74.8899,37.2341],
[74.8849,37.2214],
[74.8586,37.2246],
[74.8091,37.2147],
[74.7981,37.2452],
[74.7801,37.2516],
[74.7411,37.2861],
[74.7154,37.2821],
[74.7035,37.2685],
[74.6879,37.2662],
[74.6583,37.2344],
[74.6454,37.2397],
[74.6466,37.2513],
[74.6304,37.2646],
[74.6147,37.2544],
[74.5939,37.2592],
[74.5821,37.2356],
[74.5435,37.2493],
[74.5011,37.2394],
[74.4956,37.2112],
[74.4685,37.1966],
[74.4899,37.1776],
[74.4867,37.1663],
[74.456,37.1429],
[74.4609,37.129],
[74.4914,37.1169],
[74.4848,37.0955],
[74.4959,37.0897],
[74.4973,37.0764],
[74.5011,37.0609],
[74.514,37.0784],
[74.533,37.0773],
[74.5329,37.05],
[74.5538,37.0449],
[74.5646,37.0309],
[74.6152,37.0418],
[74.6244,37.0473],
[74.6224,37.0598],
[74.6748,37.0832],
[74.702,37.0824],
[74.7072,37.0655],
[74.7215,37.0571],
[74.7175,37.0374],
[74.7392,37.0217],
[74.7741,37.022],
[74.7944,37.0311],
[74.7911,37.0416],
[74.799,37.0508],
[74.8391,37.0586],
[74.8462,37.0291],
[74.8399,37.0175],
[74.8802,36.9605],
[74.8837,36.9364],
[74.9101,36.9297],
[74.9214,36.9358],
[74.9162,36.946],
[74.9324,36.9463],
[74.917,36.9785],
[74.9736,36.9969],
[74.9884,36.9898],
[74.9999,36.9979],
[75.0292,37.0162],
[75.0604,37.0021],
[75.0981,37.0107],
[75.1146,37.0068],
[75.1436,37.0269],
[75.1681,37.0097],
[75.1594,36.9901],
[75.1922,36.9747],
[75.2163,36.9718],
[75.2334,36.9591],
[75.29,36.9745],
[75.3753,36.9468],
[75.4017,36.9537],
[75.4077,36.9396],
[75.387,36.9275],
[75.3856,36.9034],
[75.4226,36.8864],
[75.4319,36.8327],
[75.4199,36.8],
[75.4268,36.7904],
[75.4196,36.7734],
[75.437,36.7597],
[75.4515,36.7246],
[75.4653,36.7174],
[75.4993,36.7392],
[75.515,36.724],
[75.5325,36.7214],
[75.5367,36.7431],
[75.5274,36.7565],
[75.5339,36.7714],
[75.5671,36.7745],
[75.5736,36.7667],
[75.6734,36.765],
[75.6981,36.7469],
[75.7241,36.7512],
[75.7658,36.7249],
[75.8038,36.7102],
[75.8108,36.6976],
[75.8648,36.6697],
[75.8882,36.6391],
[75.9113,36.629],
[75.9363,36.6012],
[75.9451,36.6029],
[75.9242,36.5687],
[75.9526,36.5373],
[75.9981,36.4845],
[76.0354,36.4091],
[76.0271,36.3919],
[76.0032,36.3808],
[75.9945,36.356],
[75.9846,36.3501],
[76.0001,36.3056],
[76.0172,36.3004],
[76.0245,36.2731],
[76.0577,36.2458],
[76.062,36.2273],
[76.0063,36.2339],
[76.0113,36.195],
[76.0042,36.1862],
[76.0138,36.1725],
[76.0001,36.1667],
[75.9693,36.1636],
[75.964,36.1562],
[75.9642,36.1466],
[75.9326,36.1356],
[75.932,36.1271],
[75.9493,36.1134],
[75.9373,36.1049],
[75.9439,36.0879],
[75.9544,36.0803],
[75.942,36.0737],
[75.9535,36.0653],
[75.9493,36.0616],
[75.9569,36.0459],
[75.9989,36.019],
[76.0861,36.0225],
[76.1029,36.0138],
[76.0977,35.9999],
[76.107,35.977],
[76.1357,35.9546],
[76.1594,35.9171],
[76.1477,35.8924],
[76.155,35.8664],
[76.141,35.8497],
[76.1448,35.8376],
[76.169,35.8211],
[76.2169,35.8278],
[76.2246,35.8423],
[76.2957,35.8432],
[76.3086,35.8324],
[76.3214,35.8369],
[76.3594,35.8282],
[76.3514,35.8543],
[76.3664,35.8636],
[76.427,35.8525],
[76.4686,35.8908],
[76.5126,35.8815],
[76.5458,35.9028],
[76.5479,35.9284],
[76.5831,35.9196],
[76.599,35.9002],
[76.5723,35.8709],
[76.583,35.8634],
[76.5877,35.8434],
[76.5611,35.8225],
[76.5912,35.7826],
[76.5865,35.7756],
[76.6155,35.7615],
[76.6423,35.7698],
[76.6519,35.7579],
[76.687,35.7516],
[76.697,35.7402],
[76.6962,35.7246],
[76.727,35.7099],
[76.7569,35.6816],
[76.76,35.6623],
[76.776,35.6581],
[76.8445,35.6745],
[76.8998,35.6191],
[76.9576,35.5963],
[76.9832,35.599],
[76.9949,35.6101],
[77.0109,35.6108],
[77.0268,35.6008],
[77.057,35.602],
[77.0955,35.5653],
[77.112,35.5646],
[77.1454,35.5411],
[77.194,35.5218],
[77.3026,35.5456],
[77.3227,35.5368],
[77.3383,35.5244],
[77.3399,35.5037],
[77.3564,35.4942],
[77.3716,35.4982],
[77.3814,35.4735],
[77.3921,35.4704],
[77.4244,35.4713],
[77.4423,35.4618],
[77.501,35.4894],
[77.5827,35.4797],
[77.5786,35.4698],
[77.5922,35.4659],
[77.605,35.473],
[77.6295,35.4623],
[77.6419,35.468],
[77.6388,35.4832],
[77.6521,35.4868],
[77.6906,35.4518],
[77.6995,35.464],
[77.7189,35.4614],
[77.7349,35.4695],
[77.7283,35.4763],
[77.7426,35.497],
[77.7573,35.5026],
[77.7799,35.4982],
[77.7925,35.5089],
[77.8134,35.5228],
[77.8227,35.5135],
[77.8536,35.4907],
[77.8601,35.5001],
[77.8669,35.4982],
[77.911,35.4621],
[77.9241,35.4972],
[77.9477,35.4786],
[77.9665,35.4812],
[77.969,35.4958],
[78.0006,35.4943],
[78.025,35.4683],
[78.0334,35.4698],
[78.0355,35.4829],
[78.0464,35.4906],
[78.066,35.4867],
[78.0981,35.4995],
[78.1359,35.4933],
[78.1104,35.4701],
[78.1072,35.4392],
[78.054,35.3997],
[78.0229,35.359],
[78.0032,35.2394],
[78.0109,35.2295],
[78.0157,35.2159],
[78.0551,35.1779],
[78.0496,35.1477],
[78.0589,35.1393],
[78.0534,35.131],
[78.1032,35.12],
[78.1126,35.107],
[78.1317,35.0997],
[78.1318,35.0919],
[78.1464,35.0705],
[78.1336,35.061],
[78.1377,35.0512],
[78.1206,35.0456],
[78.1145,35.0318],
[78.1427,35.0111],
[78.158,34.9887],
[78.1765,34.9879],
[78.2015,34.9731],
[78.2023,34.9548],
[78.1736,34.9381],
[78.2075,34.9031],
[78.2032,34.8913],
[78.2142,34.8888],
[78.2346,34.8822],
[78.2372,34.8698],
[78.2282,34.8555],
[78.2346,34.8393],
[78.2255,34.8112],
[78.2323,34.7983],
[78.227,34.7724],
[78.2129,34.7697],
[78.204,34.7538],
[78.2079,34.7218],
[78.272,34.7013],
[78.2784,34.676],
[78.262,34.6609],
[78.2699,34.6343],
[78.2901,34.6151],
[78.3279,34.6119],
[78.3421,34.6026],
[78.3848,34.6069],
[78.4292,34.5906],
[78.4264,34.5607],
[78.4355,34.5419],
[78.446,34.5434],
[78.4576,34.5678],
[78.475,34.5682],
[78.4835,34.5801],
[78.4982,34.5841],
[78.517,34.5731],
[78.5317,34.5775],
[78.5519,34.5715],
[78.5608,34.556],
[78.5605,34.5109],
[78.5884,34.5071],
[78.5915,34.5282],
[78.6342,34.5441],
[78.6854,34.5268],
[78.7044,34.5277],
[78.7179,34.5007],
[78.762,34.4812],
[78.757,34.4659],
[78.7387,34.4593],
[78.764,34.4398],
[78.783,34.4427],
[78.8051,34.4361],
[78.8246,34.4179],
[78.8457,34.418],
[78.8787,34.3909],
[78.9021,34.3809],
[78.916,34.3883],
[78.9317,34.38],
[78.9472,34.3893],
[78.9652,34.3867],
[78.9636,34.3716],
[78.9719,34.3618],
[79.0367,34.3348],
[79.0454,34.3252],
[79.0287,34.3167],
[78.9798,34.3151],
[78.9853,34.2987],
[78.9696,34.2804],
[78.9616,34.2367],
[78.9411,34.2191],
[78.9237,34.1725],
[78.9257,34.1544],
[78.9089,34.1498],
[78.9061,34.1411],
[78.8621,34.1656],
[78.8587,34.1453],
[78.8416,34.1423],
[78.8337,34.1275],
[78.7947,34.1378],
[78.7852,34.1202],
[78.7449,34.09],
[79.0727,34.0959],
[79.3433,34.064],
[79.4765,34.1038],
[79.4998,34.1936],
[79.4847,34.3026],
[79.3735,34.4522],
[79.3817,34.5179],
[79.964,34.7394],
[79.9393,34.789],
[79.8184,34.7777],
[79.8322,34.8273],
[80.0574,34.931],
[80.3265,35.1446],
[80.9582,35.2546],
[81.4636,35.1693],
[81.6641,35.0367],
[82.2134,35.1873],
[84.397,35.7287],
[85.144,36.0313],
[85.7153,36.058],
[87.0117,36.0136],
[87.583,36.1468],
[88.4509,36.2266],
[90.7031,35.7198],
[90.8322,35.9091],
[91.7001,35.9335],
[91.7331,36.0424],
[91.3568,36.2133],
[90.7333,36.3638],
[90.5576,36.6618],
[90.7581,36.7323],
[90.9064,36.6838],
[90.986,36.9192],
[90.9201,37.2041],
[90.6537,37.3745],
[90.5246,37.4182],
[90.4477,37.5315],
[90.4587,37.9139],
[90.5878,38.6726],
[91.3953,38.6512],
[91.7084,38.8397],
[92.6202,38.7327],
[92.84,38.891],
[94.0485,38.8525],
[94.5813,38.9936],
[96.8719,38.1302],
[97.3773,38.3804],
[98.7286,37.9269],
[99.0088,38.1086],
[100.0854,37.7881],
[100.5194,37.7012],
[100.9918,37.3876],
[101.0467,37.2391],
[100.7941,37.0464],
[100.9094,36.7521],
[100.9149,36.0846],
[101.2994,35.1648],
[101.3104,34.7281],
[101.4807,34.3797],
[101.6785,33.8841],
[101.6071,33.6786],
[101.4697,33.4589],
[101.3983,33.1697],
[101.217,33.1146],
[101.1511,32.958],
[101.4038,32.3428],
[100.058,31.4708],
[99.4867,31.7655],
[99.0912,31.9475],
[98.2837,32.1245],
[97.9211,32.3011],
[97.6575,32.0779],
[98.1683,31.8402],
[98.1793,31.7515],
[97.8168,31.499],
[97.7399,31.1846],
[97.8607,30.8079],
[98.7341,29.9073],
[99.245,29.4252],
[99.3823,29.157],
[99.1406,29.0562],
[98.9099,28.8784],
[99.0527,28.5749],
[98.9923,27.9119],
[98.7341,27.8196],
[98.7506,28.072],
[98.5419,28.1059],
[98.3441,28.3286],
[98.1409,28.3141],
[98.0767,28.2064],
[98.0898,28.1989],
[98.0969,28.1672],
[98.1183,28.1655],
[98.1384,28.1464],
[98.1477,28.1267],
[98.1607,28.0885],
[98.1377,28.0447],
[98.144,28.0195],
[98.1414,27.9972],
[98.1324,27.9889],
[98.1358,27.9706],
[98.1397,27.9558],
[98.1555,27.9412],
[98.1904,27.9408],
[98.206,27.8919],
[98.2024,27.8771],
[98.1825,27.8751],
[98.1746,27.863],
[98.1759,27.8351],
[98.2249,27.8129],
[98.2175,27.7672],
[98.2457,27.7416],
[98.2266,27.7297],
[98.2223,27.7158],
[98.2344,27.6926],
[98.2603,27.6789],
[98.2649,27.6641],
[98.2777,27.6638],
[98.2871,27.6371],
[98.302,27.632],
[98.2986,27.613],
[98.3108,27.5865],
[98.3076,27.5476],
[98.3175,27.5361],
[98.3171,27.5231],
[98.338,27.5119],
[98.3532,27.5168],
[98.3737,27.5108],
[98.3934,27.5226],
[98.4009,27.5426],
[98.4303,27.5536],
[98.4341,27.6042],
[98.4288,27.6137],
[98.439,27.6287],
[98.4299,27.6583],
[98.4325,27.6664],
[98.4447,27.6689],
[98.4708,27.64],
[98.5067,27.6367],
[98.5076,27.6296],
[98.5277,27.6227],
[98.536,27.624],
[98.537,27.6386],
[98.5573,27.6486],
[98.58,27.6087],
[98.5871,27.5896],
[98.5828,27.5741],
[98.5897,27.5691],
[98.6069,27.5821],
[98.6468,27.5684],
[98.6576,27.5866],
[98.6684,27.5893],
[98.6881,27.5655],
[98.7023,27.5654],
[98.7074,27.558],
[98.6985,27.5488],
[98.7044,27.5201],
[98.6904,27.5154],
[98.6844,27.4885],
[98.7038,27.4651],
[98.7027,27.4537],
[98.6878,27.4487],
[98.6864,27.4294],
[98.7021,27.4151],
[98.6987,27.3836],
[98.7052,27.3674],
[98.7161,27.3566],
[98.7362,27.3529],
[98.7323,27.3398],
[98.7411,27.3321],
[98.7386,27.3243],
[98.7338,27.2891],
[98.7172,27.274],
[98.7146,27.2598],
[98.7307,27.2471],
[98.7176,27.2348],
[98.7233,27.2241],
[98.7022,27.2177],
[98.6917,27.2],
[98.7074,27.1812],
[98.7119,27.0782],
[98.7266,27.0701],
[98.7401,27.0754],
[98.7667,27.0521],
[98.763,27.0215],
[98.7332,27.005],
[98.7436,26.9948],
[98.7367,26.9721],
[98.7424,26.9555],
[98.7579,26.8837],
[98.7326,26.8498],
[98.7601,26.8103],
[98.7597,26.7874],
[98.7542,26.7357],
[98.7439,26.7192],
[98.7471,26.7006],
[98.7705,26.6933],
[98.7617,26.6671],
[98.7715,26.6371],
[98.7819,26.6225],
[98.7822,26.6053],
[98.7686,26.5741],
[98.754,26.5656],
[98.7489,26.5138],
[98.7482,26.5098],
[98.7568,26.5012],
[98.742,26.441],
[98.753,26.429],
[98.748,26.4107],
[98.7413,26.3874],
[98.7271,26.3718],
[98.7332,26.3527],
[98.6818,26.3098],
[98.6855,26.2969],
[98.6776,26.2865],
[98.6724,26.2427],
[98.6909,26.2355],
[98.6983,26.2448],
[98.7062,26.2414],
[98.7361,26.1888],
[98.7262,26.1625],
[98.7079,26.1534],
[98.7202,26.1303],
[98.6892,26.1093],
[98.6877,26.1052],
[98.6604,26.0909],
[98.6571,26.1061],
[98.6669,26.1236],
[98.6545,26.1437],
[98.6306,26.1512],
[98.603,26.1328],
[98.5819,26.145],
[98.5838,26.1324],
[98.573,26.122],
[98.585,26.0988],
[98.5805,26.0742],
[98.5933,26.0761],
[98.6004,26.0632],
[98.6157,25.9738],
[98.6419,25.9775],
[98.6885,25.9304],
[98.6893,25.9119],
[98.7055,25.8955],
[98.7079,25.8599],
[98.6856,25.8461],
[98.6733,25.8196],
[98.6559,25.8182],
[98.6401,25.8002],
[98.5785,25.8272],
[98.5745,25.8404],
[98.5613,25.8485],
[98.5326,25.8474],
[98.5198,25.8368],
[98.5201,25.825],
[98.4937,25.8127],
[98.4905,25.7958],
[98.4752,25.7839],
[98.4812,25.7615],
[98.4593,25.7372],
[98.4691,25.7082],
[98.4604,25.6915],
[98.4328,25.6829],
[98.4107,25.664],
[98.4029,25.5994],
[98.3837,25.6008],
[98.3627,25.5786],
[98.3443,25.5812],
[98.314,25.5483],
[98.3023,25.5522],
[98.2935,25.5772],
[98.2533,25.6073],
[98.216,25.6118],
[98.2048,25.6202],
[98.1905,25.6149],
[98.183,25.6264],
[98.1682,25.6258],
[98.1884,25.574],
[98.174,25.5487],
[98.1614,25.5461],
[98.1589,25.5266],
[98.1304,25.5196],
[98.125,25.5096],
[98.1386,25.4978],
[98.157,25.4591],
[98.154,25.4406],
[98.1446,25.4327],
[98.1543,25.4207],
[98.1379,25.387],
[98.1003,25.3929],
[98.0889,25.3388],
[98.0773,25.3376],
[98.0707,25.3148],
[98.0589,25.3082],
[98.011,25.3056],
[98.0042,25.2963],
[98.0067,25.2806],
[97.969,25.2402],
[97.9619,25.2427],
[97.9442,25.2176],
[97.9045,25.218],
[97.8756,25.2617],
[97.8397,25.2727],
[97.779,25.1252],
[97.7442,25.0805],
[97.7287,25.0887],
[97.7214,25.0847],
[97.7291,25.0463],
[97.7176,25.0147],
[97.7162,24.9821],
[97.7312,24.9529],
[97.7297,24.9118],
[97.762,24.8816],
[97.7728,24.8872],
[97.7833,24.8814],
[97.797,24.8515],
[97.7655,24.8284],
[97.7305,24.8291],
[97.7024,24.8461],
[97.6677,24.8166],
[97.6477,24.797],
[97.6185,24.7792],
[97.5846,24.7718],
[97.572,24.7706],
[97.5467,24.7417],
[97.5479,24.7411],
[97.5681,24.7236],
[97.5648,24.7026],
[97.5747,24.6624],
[97.5661,24.6468],
[97.5709,24.6033],
[97.5634,24.5931],
[97.5562,24.4967],
[97.5284,24.4434],
[97.5336,24.4354],
[97.5771,24.4438],
[97.5908,24.4379],
[97.6003,24.4468],
[97.6199,24.4417],
[97.6695,24.4564],
[97.679,24.4457],
[97.676,24.4298],
[97.6844,24.4145],
[97.6757,24.4088],
[97.6976,24.3861],
[97.7137,24.3774],
[97.7148,24.3589],
[97.6872,24.3411],
[97.6675,24.3474],
[97.6589,24.331],
[97.6663,24.3002],
[97.6978,24.2936],
[97.7192,24.301],
[97.749,24.2861],
[97.7518,24.2752],
[97.7692,24.2643],
[97.7296,24.2299],
[97.7283,24.1882],
[97.7425,24.1864],
[97.7523,24.1718],
[97.7393,24.1531],
[97.7331,24.1517],
[97.7382,24.1432],
[97.7298,24.1149],
[97.7126,24.1091],
[97.708,24.0985],
[97.6927,24.0984],
[97.6781,24.0748],
[97.6558,24.0655],
[97.6491,24.0544],
[97.6408,24.0463],
[97.6346,24.0501],
[97.633,24.0226],
[97.6251,24.025],
[97.6284,24.0064],
[97.6234,24.0069],
[97.5866,23.9901],
[97.5727,23.9862],
[97.5632,23.9651],
[97.5321,23.9506],
[97.5278,23.9297],
[97.6164,23.8936],
[97.6397,23.8735],
[97.638,23.8629],
[97.6444,23.8442],
[97.6498,23.8573],
[97.6592,23.8712],
[97.6634,23.8566],
[97.67,23.8652],
[97.679,23.8625],
[97.6837,23.8825],
[97.6973,23.8692],
[97.7093,23.8701],
[97.7157,23.8747],
[97.703,23.8783],
[97.708,23.8859],
[97.7192,23.8878],
[97.7413,23.9032],
[97.7652,23.9115],
[97.7685,23.9362],
[97.7926,23.9448],
[97.7941,23.9565],
[97.8077,23.9538],
[97.8065,23.9594],
[97.8152,23.9598],
[97.8113,23.945],
[97.8262,23.9586],
[97.8199,23.9714],
[97.828,23.9726],
[97.8358,23.962],
[97.8389,23.9748],
[97.846,23.9715],
[97.8527,23.9786],
[97.8795,23.9749],
[97.8839,23.9751],
[97.8971,23.9803],
[97.885,23.998],
[97.901,24.0175],
[97.9383,24.0195],
[97.9766,24.0325],
[98.0066,24.0538],
[98.047,24.0763],
[98.0876,24.0813],
[98.0894,24.0887],
[98.1089,24.0951],
[98.1404,24.0967],
[98.1709,24.1011],
[98.1679,24.1058],
[98.1974,24.1019],
[98.2241,24.1175],
[98.2955,24.1021],
[98.352,24.1056],
[98.3594,24.0992],
[98.3677,24.1141],
[98.4613,24.1282],
[98.4854,24.1229],
[98.5482,24.1304],
[98.5535,24.1122],
[98.5902,24.0946],
[98.5928,24.0827],
[98.6467,24.1087],
[98.679,24.1022],
[98.6959,24.1077],
[98.7093,24.125],
[98.8178,24.1365],
[98.8412,24.1298],
[98.8579,24.1357],
[98.8769,24.1555],
[98.898,24.1103],
[98.8687,24.087],
[98.8661,24.069],
[98.8058,24.0351],
[98.8034,24.0247],
[98.7702,24.0297],
[98.7602,24.0155],
[98.7673,23.998],
[98.7595,23.9972],
[98.7539,23.983],
[98.7407,23.9834],
[98.738,23.9729],
[98.7254,23.9699],
[98.7004,23.9875],
[98.673,23.956],
[98.6981,23.9548],
[98.7047,23.9406],
[98.6785,23.913],
[98.7005,23.8727],
[98.6913,23.85],
[98.7051,23.8426],
[98.6933,23.8155],
[98.6736,23.809],
[98.6863,23.8041],
[98.6979,23.7868],
[98.7162,23.7936],
[98.737,23.7905],
[98.7508,23.7769],
[98.7892,23.7838],
[98.8072,23.7696],
[98.8065,23.7592],
[98.83,23.7283],
[98.8175,23.704],
[98.8398,23.6891],
[98.8462,23.6426],
[98.89,23.6181],
[98.8803,23.5921],
[98.8552,23.5779],
[98.8418,23.579],
[98.8347,23.5641],
[98.8018,23.5396],
[98.8053,23.52],
[98.8182,23.5048],
[98.8169,23.4892],
[98.8271,23.4784],
[98.8369,23.4793],
[98.8727,23.4887],
[98.8899,23.4652],
[98.9208,23.4203],
[98.91,23.3953],
[98.9217,23.3791],
[98.9222,23.3635],
[98.9153,23.3527],
[98.9019,23.3578],
[98.8772,23.3291],
[98.9095,23.3352],
[98.9452,23.3099],
[98.9379,23.3074],
[98.9371,23.294],
[98.9245,23.2944],
[98.9313,23.27],
[98.9113,23.2523],
[98.9039,23.2224],
[98.8899,23.2156],
[98.8957,23.206],
[98.8843,23.1909],
[98.8901,23.1796],
[98.9224,23.1884],
[98.9657,23.1684],
[99.0331,23.1618],
[99.0609,23.1736],
[99.0468,23.124],
[99.0932,23.1052],
[99.1032,23.0917],
[99.1152,23.0939],
[99.1156,23.1056],
[99.1296,23.1007],
[99.1448,23.1089],
[99.1884,23.105],
[99.1998,23.1117],
[99.2142,23.0951],
[99.258,23.0816],
[99.2644,23.1006],
[99.275,23.0981],
[99.2895,23.1087],
[99.3049,23.1014],
[99.3239,23.1125],
[99.3286,23.1361],
[99.3486,23.1372],
[99.3846,23.1013],
[99.414,23.0969],
[99.4367,23.0826],
[99.5129,23.0837],
[99.5251,23.0751],
[99.5326,23.0542],
[99.5227,23.0464],
[99.5161,23.0213],
[99.5207,22.9954],
[99.5362,22.9744],
[99.5345,22.9631],
[99.551,22.9614],
[99.5627,22.9467],
[99.5589,22.9076],
[99.5342,22.9012],
[99.4958,22.912],
[99.4412,22.9424],
[99.4355,22.9163],
[99.4618,22.8474],
[99.4386,22.8467],
[99.4192,22.8271],
[99.4031,22.8304],
[99.3897,22.8154],
[99.3854,22.765],
[99.3671,22.7677],
[99.3261,22.7532],
[99.3147,22.7393],
[99.3397,22.7105],
[99.3481,22.6746],
[99.3606,22.6638],
[99.3706,22.6038],
[99.3836,22.5867],
[99.3845,22.5726],
[99.3582,22.5369],
[99.3588,22.5234],
[99.3786,22.5084],
[99.3802,22.4952],
[99.3334,22.4492],
[99.3103,22.4394],
[99.2972,22.4153],
[99.2492,22.3933],
[99.2605,22.3789],
[99.2772,22.3638],
[99.2781,22.3487],
[99.2539,22.332],
[99.2331,22.297],
[99.2356,22.2504],
[99.2205,22.2353],
[99.2097,22.2353],
[99.1872,22.2022],
[99.174,22.1903],
[99.1741,22.1798],
[99.1996,22.1712],
[99.1564,22.1641],
[99.203,22.1293],
[99.2134,22.131],
[99.2726,22.1011],
[99.2929,22.1132],
[99.3002,22.1031],
[99.3172,22.1031],
[99.3257,22.0952],
[99.3417,22.1002],
[99.3585,22.0938],
[99.364,22.1067],
[99.4086,22.0997],
[99.4144,22.1089],
[99.4347,22.1045],
[99.4814,22.1364],
[99.526,22.0974],
[99.5345,22.1089],
[99.5539,22.1092],
[99.5615,22.1179],
[99.5785,22.1024],
[99.5959,22.1153],
[99.6137,22.0968],
[99.6514,22.1056],
[99.6519,22.0924],
[99.6698,22.0772],
[99.6969,22.0717],
[99.6886,22.0468],
[99.7126,22.0409],
[99.7224,22.05],
[99.7236,22.0682],
[99.7531,22.0741],
[99.7786,22.0574],
[99.81,22.0545],
[99.8355,22.0387],
[99.8325,22.0297],
[99.855,22.026],
[99.8783,22.0388],
[99.862,22.0596],
[99.879,22.0707],
[99.9039,22.0696],
[99.9169,22.057],
[99.9383,22.0619],
[99.9549,22.0536],
[99.9731,22.0566],
[99.9591,22.0326],
[99.9988,21.9758],
[99.9792,21.9188],
[99.9593,21.9096],
[99.9635,21.8843],
[99.9459,21.8653],
[99.9445,21.8231],
[99.9844,21.7157],
[100.0006,21.7002],
[100.0338,21.6944],
[100.0318,21.6781],
[100.0502,21.667],
[100.0559,21.6822],
[100.0867,21.6972],
[100.0958,21.7066],
[100.1075,21.6991],
[100.1186,21.706],
[100.1379,21.6988],
[100.145,21.6848],
[100.1617,21.6766],
[100.1728,21.6501],
[100.153,21.6504],
[100.1319,21.6154],
[100.1073,21.5932],
[100.1223,21.5691],
[100.126,21.5113],
[100.1686,21.4861],
[100.1847,21.5189],
[100.205,21.5129],
[100.2153,21.4926],
[100.2314,21.4818],
[100.2323,21.4707],
[100.2513,21.4672],
[100.2697,21.4725],
[100.2818,21.486],
[100.2944,21.4797],
[100.3154,21.4922],
[100.3495,21.5312],
[100.3753,21.5316],
[100.3911,21.5236],
[100.4309,21.5415],
[100.4453,21.5133],
[100.4594,21.5097],
[100.4585,21.4872],
[100.4796,21.4588],
[100.5213,21.4725],
[100.579,21.4513],
[100.6378,21.4823],
[100.6737,21.4823],
[100.6983,21.5134],
[100.7236,21.5131],
[100.7712,21.5718],
[100.7936,21.5709],
[100.8099,21.6195],
[100.8466,21.6379],
[100.8835,21.6862],
[100.9122,21.6832],
[100.911,21.6906],
[100.9249,21.6891],
[100.9398,21.6997],
[101.0103,21.7078],
[101.0187,21.7234],
[101.0876,21.7762],
[101.1206,21.7764],
[101.1098,21.751],
[101.1188,21.7175],
[101.1151,21.6934],
[101.1349,21.6738],
[101.1525,21.6707],
[101.1509,21.6526],
[101.1605,21.6449],
[101.1613,21.6199],
[101.1699,21.6055],
[101.1657,21.5916],
[101.1512,21.5914],
[101.1408,21.5804],
[101.1377,21.5721],
[101.1475,21.562],
[101.187,21.5579],
[101.2097,21.564],
[101.2169,21.5561],
[101.219,21.5379],
[101.2088,21.5134],
[101.2219,21.5],
[101.1904,21.474],
[101.1997,21.4359],
[101.1775,21.4148],
[101.157,21.4183],
[101.1413,21.4068],
[101.1586,21.3806],
[101.1642,21.3821],
[101.1641,21.366],
[101.1842,21.3501],
[101.1852,21.3286],
[101.1967,21.319],
[101.211,21.3207],
[101.2176,21.3097],
[101.2387,21.309],
[101.2499,21.2961],
[101.2407,21.2695],
[101.2236,21.2563],
[101.2289,21.2475],
[101.2166,21.2313],
[101.2465,21.2221],
[101.2445,21.2047],
[101.2874,21.176],
[101.3248,21.1871],
[101.3858,21.2281],
[101.4469,21.2262],
[101.4815,21.2453],
[101.548,21.2563],
[101.5874,21.2353],
[101.6015,21.2414],
[101.6138,21.2296],
[101.6031,21.2242],
[101.6031,21.211],
[101.5857,21.1916],
[101.5966,21.1772],
[101.6094,21.1761],
[101.6323,21.1993],
[101.6464,21.1951],
[101.6708,21.2033],
[101.6809,21.1822],
[101.7021,21.1697],
[101.6944,21.1555],
[101.6986,21.1488],
[101.7653,21.1454],
[101.7821,21.1663],
[101.7887,21.1832],
[101.7842,21.1915],
[101.7948,21.2078],
[101.8179,21.2139],
[101.8306,21.2055],
[101.8404,21.207],
[101.8411,21.2146],
[101.8357,21.228],
[101.8444,21.253],
[101.811,21.2565],
[101.8004,21.2918],
[101.7677,21.2883],
[101.7491,21.3002],
[101.7337,21.3229],
[101.7265,21.3545],
[101.741,21.3654],
[101.7384,21.4061],
[101.7441,21.4117],
[101.7518,21.4072],
[101.7445,21.4328],
[101.7552,21.443],
[101.7407,21.458],
[101.7462,21.4655],
[101.7343,21.4822],
[101.7789,21.5168],
[101.7585,21.5314],
[101.754,21.5472],
[101.7627,21.5628],
[101.7519,21.5655],
[101.7499,21.5823],
[101.8035,21.5766],
[101.8087,21.5878],
[101.8242,21.5903],
[101.8342,21.6197],
[101.8255,21.6316],
[101.8119,21.6268],
[101.8073,21.6472],
[101.7828,21.6378],
[101.7811,21.6568],
[101.7693,21.6584],
[101.7766,21.6802],
[101.7726,21.7045],
[101.7668,21.7193],
[101.7459,21.7286],
[101.7414,21.75],
[101.7585,21.7572],
[101.7723,21.8175],
[101.785,21.824],
[101.7755,21.8361],
[101.7528,21.8383],
[101.7395,21.8483],
[101.7392,21.8729],
[101.7236,21.8847],
[101.7141,21.8823],
[101.6953,21.9032],
[101.7067,21.9204],
[101.699,21.9452],
[101.6887,21.9468],
[101.6686,21.9311],
[101.6538,21.9528],
[101.6329,21.9548],
[101.6209,21.9694],
[101.6012,21.9702],
[101.6167,21.9772],
[101.6177,21.9969],
[101.6329,22.0114],
[101.6153,22.0271],
[101.6138,22.0515],
[101.5946,22.0653],
[101.596,22.0827],
[101.5746,22.1139],
[101.5762,22.1291],
[101.6062,22.1306],
[101.5943,22.1468],
[101.6039,22.1562],
[101.5872,22.1654],
[101.5892,22.1828],
[101.5762,22.1864],
[101.5676,22.2006],
[101.5714,22.2083],
[101.5538,22.2262],
[101.5492,22.2427],
[101.5668,22.2765],
[101.5941,22.2682],
[101.6249,22.2756],
[101.6328,22.3133],
[101.6527,22.3346],
[101.644,22.3587],
[101.6709,22.374],
[101.6475,22.4129],
[101.6652,22.4201],
[101.6683,22.4566],
[101.6779,22.4609],
[101.6725,22.4758],
[101.7058,22.4725],
[101.7145,22.4832],
[101.7246,22.4818],
[101.7279,22.4989],
[101.75,22.4947],
[101.7607,22.5087],
[101.7844,22.4992],
[101.7984,22.4807],
[101.8139,22.48],
[101.8093,22.4695],
[101.8231,22.4617],
[101.8243,22.4382],
[101.8363,22.4143],
[101.8575,22.4044],
[101.8657,22.388],
[101.8992,22.3812],
[101.9141,22.4055],
[101.9166,22.4244],
[101.9085,22.4368],
[101.954,22.4425],
[101.966,22.4291],
[101.9885,22.4295],
[102.0225,22.4556],
[102.0468,22.458],
[102.0636,22.4469],
[102.1213,22.4361],
[102.129,22.4139],
[102.144,22.4007],
[102.159,22.4299],
[102.1879,22.4342],
[102.2402,22.4266],
[102.2634,22.4129],
[102.2696,22.4238],
[102.2496,22.461],
[102.265,22.4662],
[102.266,22.4765],
[102.2775,22.4825],
[102.2717,22.4854],
[102.2802,22.5028],
[102.2889,22.5034],
[102.3104,22.5404],
[102.3216,22.5479],
[102.3209,22.5575],
[102.355,22.5666],
[102.3474,22.5899],
[102.3721,22.5935],
[102.4036,22.6334],
[102.4191,22.6369],
[102.4066,22.6428],
[102.3843,22.6818],
[102.3954,22.6891],
[102.413,22.6849],
[102.435,22.7013],
[102.4436,22.7255],
[102.4565,22.7322],
[102.4502,22.7426],
[102.4594,22.7649],
[102.4796,22.77],
[102.4832,22.7795],
[102.4986,22.7799],
[102.5261,22.7649],
[102.5508,22.7456],
[102.5697,22.7036],
[102.5851,22.7055],
[102.588,22.7215],
[102.606,22.7321],
[102.6562,22.6894],
[102.6885,22.7031],
[102.7342,22.6667],
[102.7501,22.6704],
[102.7657,22.6472],
[102.7875,22.6439],
[102.783,22.6349],
[102.789,22.6253],
[102.8253,22.6267],
[102.8654,22.6092],
[102.8833,22.5889],
[102.8749,22.5762],
[102.8846,22.5683],
[102.8802,22.5607],
[102.8977,22.5458],
[102.8933,22.5361],
[102.9097,22.5246],
[102.9121,22.5117],
[102.9237,22.5072],
[102.9301,22.4831],
[102.9884,22.4783],
[102.9916,22.464],
[103.0319,22.4426],
[103.0786,22.4495],
[103.0797,22.4692],
[103.071,22.4755],
[103.0718,22.4911],
[103.0877,22.5098],
[103.1196,22.5178],
[103.1323,22.5303],
[103.1835,22.5605],
[103.1579,22.5947],
[103.1942,22.6503],
[103.2255,22.6472],
[103.2346,22.6585],
[103.2836,22.6842],
[103.2875,22.7373],
[103.3205,22.7806],
[103.3181,22.8038],
[103.3273,22.8139],
[103.3345,22.806],
[103.372,22.7994],
[103.4402,22.7535],
[103.4451,22.7383],
[103.4293,22.7333],
[103.4266,22.7132],
[103.4615,22.6778],
[103.4566,22.6604],
[103.4889,22.6185],
[103.5084,22.6134],
[103.509,22.6036],
[103.5294,22.5952],
[103.5457,22.6197],
[103.5513,22.6294],
[103.552,22.6371],
[103.5714,22.6464],
[103.5796,22.6649],
[103.5673,22.6802],
[103.564,22.7059],
[103.6049,22.7484],
[103.621,22.7745],
[103.6188,22.7854],
[103.6468,22.7949],
[103.6628,22.7862],
[103.6654,22.7749],
[103.7392,22.7118],
[103.7376,22.7025],
[103.7502,22.6889],
[103.7687,22.6898],
[103.8261,22.6154],
[103.8749,22.5674],
[103.892,22.5684],
[103.9147,22.5443],
[103.914,22.5351],
[103.9264,22.5395],
[103.9327,22.5275],
[103.9457,22.525],
[103.9641,22.5058],
[103.9687,22.5116],
[103.9799,22.5078],
[103.9901,22.5196],
[104.0057,22.5171],
[104.0123,22.5238],
[104.0051,22.5382],
[104.0152,22.5444],
[104.0126,22.56],
[104.0164,22.5654],
[104.0052,22.5757],
[104.0141,22.5786],
[104.0295,22.6259],
[104.0399,22.68],
[104.0283,22.6937],
[104.0386,22.7222],
[104.0649,22.7567],
[104.0885,22.7701],
[104.095,22.7899],
[104.1151,22.8114],
[104.1393,22.8068],
[104.1654,22.8218],
[104.2199,22.8285],
[104.2419,22.8442],
[104.2516,22.8396],
[104.2588,22.8449],
[104.2716,22.8299],
[104.2551,22.7779],
[104.2701,22.7538],
[104.2694,22.7415],
[104.3023,22.7301],
[104.321,22.7319],
[104.3406,22.7223],
[104.3419,22.7118],
[104.3529,22.6924],
[104.3708,22.6882],
[104.3856,22.7034],
[104.3993,22.702],
[104.4086,22.7258],
[104.4684,22.7568],
[104.5137,22.7898],
[104.5246,22.8073],
[104.536,22.8258],
[104.5546,22.8355],
[104.5467,22.8405],
[104.5697,22.8442],
[104.5774,22.8535],
[104.5992,22.8454],
[104.6052,22.8284],
[104.5975,22.8172],
[104.613,22.8163],
[104.6242,22.8297],
[104.6177,22.835],
[104.6234,22.8473],
[104.6312,22.8357],
[104.6557,22.8345],
[104.6734,22.8183],
[104.703,22.8267],
[104.7329,22.8233],
[104.7342,22.8418],
[104.7265,22.8495],
[104.7386,22.8588],
[104.7562,22.8582],
[104.7751,22.9006],
[104.8124,22.921],
[104.8394,22.9214],
[104.8495,22.9368],
[104.863,22.9428],
[104.8655,22.9624],
[104.8607,22.978],
[104.8479,22.9791],
[104.8292,22.999],
[104.8208,23.0554],
[104.8137,23.0585],
[104.8174,23.0751],
[104.806,23.083],
[104.8013,23.1156],
[104.8217,23.1173],
[104.8262,23.1077],
[104.8569,23.1284],
[104.8762,23.1254],
[104.8807,23.1652],
[104.8973,23.1797],
[104.909,23.1807],
[104.9274,23.1567],
[104.9476,23.151],
[104.947,23.1703],
[104.9582,23.1932],
[104.9743,23.204],
[104.9963,23.2029],
[105.0018,23.2152],
[105.0252,23.2191],
[105.051,23.2477],
[105.0819,23.2669],
[105.102,23.2573],
[105.0991,23.2476],
[105.1195,23.2505],
[105.1351,23.2558],
[105.1595,23.2689],
[105.1715,23.2892],
[105.1865,23.2781],
[105.196,23.2812],
[105.2057,23.2717],
[105.2157,23.268],
[105.2328,23.2607],
[105.2425,23.2772],
[105.2341,23.288],
[105.2504,23.3],
[105.2589,23.318],
[105.2528,23.3379],
[105.2729,23.3397],
[105.2839,23.3427],
[105.2875,23.3587],
[105.3084,23.3817],
[105.3248,23.3924],
[105.3474,23.3702],
[105.3548,23.3401],
[105.3702,23.3202],
[105.3833,23.3105],
[105.4189,23.2853],
[105.4296,23.2912],
[105.4309,23.3029],
[105.4417,23.2997],
[105.4502,23.2792],
[105.4931,23.2323],
[105.4988,23.2026],
[105.527,23.1887],
[105.5408,23.1927],
[105.5556,23.1826],
[105.5605,23.1682],
[105.574,23.1604],
[105.5597,23.1285],
[105.5645,23.1188],
[105.5601,23.0877],
[105.5672,23.0801],
[105.5827,23.0675],
[105.6021,23.077],
[105.6187,23.0658],
[105.6434,23.0831],
[105.6788,23.0622],
[105.712,23.0621],
[105.7112,23.0707],
[105.7299,23.0542],
[105.7279,23.0429],
[105.7351,23.0368],
[105.7792,23.0235],
[105.8034,22.9909],
[105.8287,22.9952],
[105.8427,22.978],
[105.8386,22.9709],
[105.855,22.9698],
[105.8457,22.9589],
[105.8723,22.9334],
[105.8703,22.9255],
[105.8757,22.9168],
[105.8849,22.9178],
[105.8902,22.9393],
[105.9218,22.9464],
[105.9551,22.9402],
[105.9566,22.9514],
[105.9984,22.9415],
[106.0074,22.9674],
[106.0008,22.9907],
[106.023,22.9923],
[106.0629,22.9916],
[106.083,23.0012],
[106.1001,22.987],
[106.1099,22.9908],
[106.1175,22.9847],
[106.1346,22.9966],
[106.1657,22.9839],
[106.2006,22.9863],
[106.2417,22.9417],
[106.2641,22.9094],
[106.2492,22.8938],
[106.2637,22.884],
[106.2569,22.8789],
[106.2857,22.8674],
[106.2975,22.8736],
[106.3101,22.8636],
[106.3281,22.8741],
[106.3487,22.8558],
[106.3632,22.8661],
[106.3646,22.8789],
[106.3902,22.8839],
[106.4153,22.8758],
[106.4084,22.8859],
[106.4223,22.8952],
[106.4286,22.886],
[106.4415,22.8899],
[106.4474,22.9027],
[106.4626,22.8944],
[106.4744,22.9094],
[106.4861,22.9014],
[106.497,22.904],
[106.5107,22.9474],
[106.5429,22.9427],
[106.5439,22.9292],
[106.5656,22.9188],
[106.5928,22.9328],
[106.653,22.8655],
[106.6668,22.876],
[106.6678,22.891],
[106.7064,22.8889],
[106.7179,22.8767],
[106.709,22.866],
[106.7107,22.8648],
[106.733,22.8493],
[106.7686,22.8272],
[106.7654,22.8108],
[106.8073,22.8211],
[106.8278,22.8136],
[106.8376,22.8028],
[106.822,22.7768],
[106.7856,22.7672],
[106.7883,22.7544],
[106.7758,22.7454],
[106.766,22.7432],
[106.7697,22.7383],
[106.7612,22.7304],
[106.7648,22.7183],
[106.7796,22.709],
[106.7543,22.6976],
[106.7578,22.6755],
[106.741,22.669],
[106.7222,22.6381],
[106.7289,22.6326],
[106.7238,22.6181],
[106.7144,22.6142],
[106.7308,22.602],
[106.7285,22.5941],
[106.7087,22.5782],
[106.6935,22.5847],
[106.6484,22.5767],
[106.6312,22.6048],
[106.6091,22.6021],
[106.6009,22.5527],
[106.5905,22.5495],
[106.5823,22.5173],
[106.5848,22.4766],
[106.5606,22.4673],
[106.5603,22.4553],
[106.5676,22.4311],
[106.5605,22.4221],
[106.5865,22.3936],
[106.5854,22.3778],
[106.5615,22.3643],
[106.5599,22.3484],
[106.583,22.3393],
[106.6126,22.3405],
[106.6208,22.3331],
[106.6361,22.3406],
[106.6597,22.3338],
[106.6669,22.2859],
[106.69,22.2742],
[106.6842,22.265],
[106.7023,22.2213],
[106.6946,22.2056],
[106.6782,22.2052],
[106.6723,22.1822],
[106.686,22.1649],
[106.7059,22.1594],
[106.6881,22.1383],
[106.6951,22.1115],
[106.7131,22.0961],
[106.697,22.0532],
[106.7083,22.0262],
[106.6827,22.002],
[106.694,21.9625],
[106.7265,21.981],
[106.7366,22.0075],
[106.7586,22.0131],
[106.7844,22.004],
[106.7881,21.9903],
[106.7959,21.9931],
[106.7995,21.9806],
[106.812,21.9732],
[106.8329,21.9749],
[106.8398,21.9841],
[106.9173,21.975],
[106.9298,21.9308],
[106.9525,21.9314],
[106.9612,21.9194],
[106.9794,21.9265],
[106.9922,21.9519],
[107.0002,21.944],
[107.0238,21.9448],
[107.0492,21.929],
[107.0628,21.8936],
[107.004,21.8462],
[107.0043,21.8337],
[107.0163,21.8271],
[107.0244,21.821],
[107.0456,21.8133],
[107.0649,21.8091],
[107.0833,21.8094],
[107.1117,21.7938],
[107.1402,21.7628],
[107.1846,21.7474],
[107.1923,21.7365],
[107.1962,21.7215],
[107.2221,21.7078],
[107.248,21.7044],
[107.25,21.7164],
[107.3011,21.7426],
[107.3222,21.7245],
[107.3243,21.7063],
[107.3569,21.6696],
[107.364,21.6397],
[107.3543,21.631],
[107.3621,21.5997],
[107.3826,21.5952],
[107.398,21.6098],
[107.3956,21.6174],
[107.4312,21.6496],
[107.4635,21.6635],
[107.4822,21.6575],
[107.4853,21.6273],
[107.4978,21.6145],
[107.4827,21.5988],
[107.5431,21.5895],
[107.5597,21.6132],
[107.5778,21.6183],
[107.6032,21.6035],
[107.6605,21.61],
[107.6882,21.6111],
[107.7486,21.641],
[107.7791,21.6481],
[107.7829,21.6555],
[107.8005,21.6545],
[107.8154,21.6587],
[107.8423,21.6411],
[107.8575,21.6549],
[107.8824,21.6296],
[107.8906,21.5986],
[107.9013,21.5869],
[107.925,21.5889],
[107.9432,21.5691],
[107.9548,21.5369],
[108.0053,21.5487],
[108.0349,21.5471],
[108.037,21.5449],
[108.0497,21.5345],
[108.0692,21.5042],
[108.0848,21.4971],
[108.1003,21.4734],
[108.0941,21.4564],
[108.0993,21.4351],
[108.1001,21.4316],
[108.1319,21.4619],
[108.1673,21.4702],
[108.1807,21.4587],
[108.2101,21.4475],
[108.2445,21.4497],
[108.3366,21.5057],
[108.3741,21.4891],
[108.4697,21.5017],
[108.5575,21.5544],
[108.6056,21.6294],
[108.6162,21.6149],
[108.6217,21.5741],
[108.6385,21.5527],
[108.6628,21.5403],
[108.7501,21.5461],
[108.7938,21.5697],
[108.85,21.5341],
[108.882,21.5377],
[108.9077,21.5582],
[109.0132,21.5431],
[109.0498,21.5272],
[109.0175,21.516],
[108.9948,21.4931],
[108.989,21.4679],
[108.9976,21.4272],
[109.0295,21.3936],
[109.1398,21.3577],
[109.1978,21.3589],
[109.3237,21.3954],
[109.4362,21.4034],
[109.4684,21.4138],
[109.5254,21.4132],
[109.5795,21.4363],
[109.623,21.4752],
[109.6771,21.4325],
[109.7478,21.403],
[109.7158,21.3809],
[109.6983,21.3476],
[109.7007,21.3219],
[109.7185,21.2959],
[109.7149,21.2411],
[109.6816,21.2191],
[109.6389,21.1723],
[109.6187,21.1282],
[109.6272,21.0944],
[109.6485,21.0625],
[109.6152,20.9781],
[109.6088,20.9052],
[109.6313,20.8258],
[109.6888,20.7499],
[109.6889,20.7256],
[109.699,20.7058],
[109.6818,20.6751],
[109.6829,20.6436],
[109.7069,20.5968],
[109.7292,20.5807],
[109.7641,20.5702],
[109.7585,20.5244],
[109.7769,20.4711],
[109.7942,20.4508],
[109.8225,20.4401],
[109.8088,20.4173],
[109.8084,20.3906],
[109.8329,20.3342],
[109.8768,20.2984],
[109.8583,20.2559],
[109.8626,20.2129],
[109.8755,20.1898],
[109.9035,20.1736],
[109.9408,20.175],
[109.9656,20.1866],
[109.9878,20.2158],
[110.0489,20.2224],
[110.0966,20.192],
[110.138,20.1796],
[110.1914,20.186],
[110.2512,20.2058],
[110.2777,20.1917],
[110.31,20.1924],
[110.3671,20.2247],
[110.4016,20.2542],
[110.4311,20.2606],
[110.466,20.2807],
[110.5072,20.3323],
[110.5275,20.304],
[110.5693,20.2897],
[110.604,20.3014],
[110.6376,20.3326],
[110.6418,20.3818],
[110.6595,20.3944],
[110.6741,20.419],
[110.6725,20.4502],
[110.639,20.4825],
[110.5873,20.4856],
[110.5806,20.5122],
[110.5413,20.5835],
[110.538,20.6446],
[110.5043,20.7107],
[110.4564,20.7469],
[110.4568,20.7705],
[110.433,20.8431],
[110.3893,20.8827],
[110.3273,20.9024],
[110.2555,20.9069],
[110.3563,20.9417],
[110.4074,20.9469],
[110.417,20.9437],
[110.419,20.9158],
[110.4341,20.8941],
[110.4983,20.8597],
[110.5319,20.8287],
[110.609,20.8173],
[110.6502,20.8387],
[110.6921,20.9059],
[110.6951,20.9373],
[110.6677,20.9752],
[110.5989,21.0042],
[110.6076,21.0492],
[110.65,21.1436],
[110.6719,21.1648],
[110.6811,21.197],
[110.7124,21.2403],
[110.7241,21.2712],
[110.7706,21.3314],
[110.7958,21.3451],
[110.8268,21.3341],
[110.8993,21.3391],
[110.9496,21.3635],
[111.0264,21.3837],
[111.072,21.4117],
[111.1294,21.4165],
[111.1197,21.3842],
[111.1348,21.3456],
[111.1663,21.3255],
[111.2042,21.3256],
[111.267,21.3686],
[111.3072,21.3773],
[111.3388,21.3982],
[111.3781,21.3916],
[111.4083,21.3997],
[111.4279,21.4169],
[111.4365,21.4381],
[111.4728,21.4309],
[111.5044,21.4413],
[111.5275,21.462],
[111.5702,21.4618],
[111.5956,21.4738],
[111.6369,21.4635],
[111.6705,21.4739],
[111.7145,21.5004],
[111.7263,21.5417],
[111.7406,21.5598],
[111.7823,21.5151],
[111.8621,21.5108],
[111.902,21.525],
[111.9411,21.5536],
[112.0413,21.5786],
[112.0691,21.6091],
[112.1149,21.5597],
[112.1425,21.5124],
[112.1755,21.4996],
[112.2106,21.5015],
[112.2478,21.5255],
[112.2558,21.5657],
[112.24,21.5926],
[112.2043,21.6125],
[112.1661,21.6827],
[112.1402,21.7004],
[112.112,21.7038],
[112.0855,21.6942],
[112.0613,21.6711],
[112.019,21.7055],
[112.1339,21.7461],
[112.1531,21.7051],
[112.2218,21.6573],
[112.2605,21.6446],
[112.3058,21.6503],
[112.375,21.6635],
[112.3972,21.6185],
[112.4252,21.6031],
[112.4621,21.5986],
[112.4785,21.5609],
[112.51,21.5409],
[112.6415,21.5421],
[112.6951,21.5574],
[112.7559,21.5211],
[112.7878,21.5155],
[112.8293,21.5225],
[112.8601,21.5449],
[112.9209,21.5576],
[112.9448,21.5732],
[112.9587,21.5955],
[112.9597,21.6213],
[112.9447,21.6514],
[112.9164,21.6684],
[112.8714,21.6697],
[112.8639,21.6924],
[112.9038,21.7121],
[112.9248,21.7367],
[112.9314,21.7617],
[112.9223,21.8007],
[112.9497,21.8057],
[112.9722,21.8205],
[113.0302,21.8059],
[113.0772,21.8232],
[113.1068,21.7965],
[113.1435,21.79],
[113.2003,21.8003],
[113.2362,21.823],
[113.2816,21.8245],
[113.3585,21.8876],
[113.3701,21.9334],
[113.4646,21.9754],
[113.4892,22.0075],
[113.574,22.0278],
[113.5909,21.9928],
[113.6268,21.9756],
[113.6184,21.9352],
[113.631,21.9069],
[113.6538,21.8912],
[113.7191,21.871],
[113.7609,21.8792],
[113.8058,21.9324],
[113.8722,21.9502],
[113.8964,21.9813],
[113.9607,21.9928],
[113.9817,21.9789],
[114.0114,21.9747],
[114.0415,21.9831],
[114.064,22.0008],
[114.0618,21.9854],
[114.0247,21.9735],
[114.0039,21.9378],
[113.9848,21.9214],
[113.9444,21.9057],
[113.8997,21.8361],
[113.8997,21.8055],
[113.9143,21.7828],
[113.9474,21.7612],
[113.9855,21.7594],
[114.0432,21.7902],
[114.0719,21.8382],
[114.1227,21.8733],
[114.1323,21.9107],
[114.1869,21.9375],
[114.2486,21.9496],
[114.2766,21.9803],
[114.3178,21.9905],
[114.3495,22.0107],
[114.3719,22.0451],
[114.3739,22.0833],
[114.3515,22.1119],
[114.3092,22.1205],
[114.3485,22.15],
[113.9123,22.15],
[113.8451,22.1957],
[113.8463,22.1977],
[113.847,22.1987],
[113.847,22.2],
[113.847,22.2007],
[113.849,22.2031],
[113.847,22.205],
[113.8421,22.2085],
[113.8436,22.2139],
[113.8401,22.2193],
[113.84,22.2247],
[113.8396,22.227],
[113.8396,22.228],
[113.8396,22.2281],
[113.8408,22.2302],
[113.8469,22.2344],
[113.8527,22.2356],
[113.8519,22.2359],
[113.849,22.2424],
[113.8523,22.2449],
[113.8561,22.2456],
[113.8599,22.2464],
[113.8597,22.2499],
[113.8594,22.2534],
[113.8524,22.252],
[113.8512,22.2573],
[113.858,22.2605],
[113.8631,22.2591],
[113.8631,22.2585],
[113.8667,22.2619],
[113.8667,22.4333],
[113.8667,22.4696],
[113.8829,22.4696],
[113.9125,22.4903],
[113.934,22.489],
[113.9241,22.5094],
[113.9341,22.5371],
[113.9502,22.5298],
[113.9611,22.536],
[114.0018,22.5305],
[114.023,22.5239],
[114.0352,22.5081],
[114.0702,22.5212],
[114.0779,22.5308],
[114.1017,22.5359],
[114.1033,22.5358],
[114.1485,22.5453],
[114.1502,22.5528],
[114.1504,22.5544],
[114.152,22.5558],
[114.1541,22.5556],
[114.155,22.5557],
[114.156,22.5563],
[114.1591,22.5616],
[114.1599,22.5624],
[114.1704,22.563],
[114.2012,22.5583],
[114.2067,22.5565],
[114.2148,22.556],
[114.2268,22.5481],
[114.226,22.5445],
[114.2261,22.5444],
[114.2278,22.5455],
[114.2513,22.5746],
[114.2754,22.5887],
[114.3028,22.5831],
[114.3006,22.5915],
[114.313,22.6006],
[114.328,22.6039],
[114.3392,22.5935],
[114.3574,22.6085],
[114.4093,22.6112],
[114.4256,22.601],
[114.4374,22.5699],
[114.4586,22.5691],
[114.4841,22.5357],
[114.4762,22.5103],
[114.4782,22.4933],
[114.4858,22.4888],
[114.4807,22.4715],
[114.4957,22.4657],
[114.5,22.4523],
[114.5,22.3994],
[114.5375,22.4047],
[114.575,22.4257],
[114.6293,22.3606],
[114.6608,22.3513],
[114.6932,22.357],
[114.7172,22.3788],
[114.7253,22.4131],
[114.7055,22.4874],
[114.6804,22.5212],
[114.697,22.5322],
[114.7331,22.5254],
[114.7829,22.54],
[114.7759,22.5017],
[114.7949,22.4689],
[114.8294,22.4538],
[114.87,22.4617],
[114.893,22.477],
[114.9075,22.4987],
[114.9606,22.5234],
[114.9744,22.5526],
[114.9739,22.6111],
[115.0355,22.6504],
[115.0889,22.7114],
[115.1222,22.6911],
[115.2,22.6862],
[115.2372,22.7031],
[115.2524,22.7337],
[115.2823,22.7387],
[115.2872,22.7055],
[115.3253,22.6636],
[115.3657,22.6467],
[115.3837,22.6193],
[115.416,22.6056],
[115.4365,22.5867],
[115.4832,22.5772],
[115.5084,22.5867],
[115.5325,22.6105],
[115.5664,22.5991],
[115.5979,22.6065],
[115.6184,22.6242],
[115.631,22.6501],
[115.6642,22.6734],
[115.6771,22.7053],
[115.6762,22.7261],
[115.6467,22.7839],
[115.6254,22.8033],
[115.6499,22.8167],
[115.7429,22.7541],
[115.7519,22.7264],
[115.7706,22.708],
[115.7985,22.6918],
[115.8252,22.6873],
[115.8559,22.6973],
[115.8915,22.7358],
[115.9806,22.7543],
[116.0387,22.7938],
[116.0718,22.7738],
[116.1245,22.7761],
[116.2124,22.8249],
[116.2362,22.856],
[116.2982,22.9069],
[116.3563,22.8827],
[116.3835,22.8794],
[116.4522,22.8933],
[116.4906,22.8876],
[116.5228,22.8951],
[116.5551,22.9231],
[116.5653,22.9534],
[116.5949,22.9685],
[116.619,22.9992],
[116.6222,23.0349],
[116.6129,23.0575],
[116.6085,23.11],
[116.6471,23.1094],
[116.6723,23.1189],
[116.7054,23.1515],
[116.726,23.1884],
[116.757,23.169],
[116.79,23.1619],
[116.8215,23.1692],
[116.8434,23.1887],
[116.8629,23.2433],
[116.8552,23.2679],
[116.8355,23.2866],
[116.8837,23.3692],
[116.905,23.3805],
[117.0268,23.3563],
[117.0275,23.3328],
[117.0405,23.3019],
[117.0739,23.275],
[117.1133,23.2697],
[117.1467,23.2858],
[117.1617,23.3139],
[117.1559,23.3464],
[117.1964,23.3802],
[117.2076,23.4204],
[117.201,23.4643],
[117.1642,23.5224],
[117.1801,23.556],
[117.1948,23.5673],
[117.2462,23.5558],
[117.3094,23.5258],
[117.3617,23.5244],
[117.4045,23.5116],
[117.4783,23.5293],
[117.5226,23.5622],
[117.531,23.5867],
[117.5247,23.6138],
[117.5622,23.6386],
[117.5773,23.6685],
[117.631,23.6854],
[117.6626,23.7319],
[117.7094,23.7238],
[117.7553,23.7395],
[117.8137,23.8007],
[117.8142,23.8366],
[117.7866,23.8659],
[117.8087,23.8793],
[117.8241,23.9117],
[117.8501,23.9324],
[117.8585,23.9625],
[117.8718,23.9783],
[117.9136,23.9805],
[117.9489,24.0048],
[117.9608,24.0339],
[117.955,24.079],
[117.9766,24.1032],
[118.056,24.1511],
[118.0941,24.2001],
[118.176,24.2335],
[118.1921,24.2573],
[118.1934,24.2905],
[118.208,24.324],
[118.2013,24.3568],
[118.2434,24.3624],
[118.3184,24.3352],
[118.363,24.3431],
[118.3908,24.37],
[118.438,24.3485],
[118.4756,24.352],
[118.503,24.3766],
[118.5302,24.4397],
[118.5321,24.4635],
[118.5318,24.4731],
[118.5704,24.4659],
[118.603,24.4721],
[118.6992,24.5225],
[118.7393,24.5962],
[118.7421,24.637],
[118.8224,24.7197],
[118.839,24.7668],
[118.8316,24.8085],
[118.8595,24.8183],
[118.8854,24.839],
[118.9206,24.8296],
[118.9797,24.8279],
[119.0199,24.8422],
[119.0401,24.8662],
[119.0431,24.9056],
[119.0832,24.9398],
[119.0952,24.9722],
[119.1449,24.9854],
[119.1877,25.0303],
[119.2086,25.0981],
[119.2016,25.1321],
[119.2305,25.1386],
[119.2657,25.1231],
[119.3007,25.1289],
[119.3039,25.1035],
[119.3159,25.0861],
[119.3615,25.0651],
[119.4019,25.0718],
[119.4267,25.0919],
[119.4347,25.126],
[119.4181,25.1562],
[119.4585,25.1446],
[119.4761,25.1218],
[119.5047,25.1078],
[119.5719,25.1194],
[119.6328,25.1499],
[119.6509,25.1697],
[119.6765,25.1702],
[119.7045,25.1841],
[119.7225,25.2035],
[119.7283,25.2263],
[119.7772,25.23],
[119.813,25.2559],
[119.8266,25.278],
[119.8298,25.3049],
[119.8227,25.3292],
[119.8024,25.3529],
[119.8206,25.3698],
[119.8564,25.3828],
[119.8748,25.4118],
[119.8807,25.4142],
[119.9062,25.3856],
[119.9331,25.3785],
[119.9646,25.3857],
[119.9852,25.4043],
[119.9953,25.4377],
[119.9877,25.4669],
[119.9627,25.4878],
[119.9302,25.4924],
[119.9194,25.519],
[119.9539,25.5487],
[119.9631,25.6035],
[119.9554,25.6277],
[119.9354,25.6488],
[119.8967,25.6634],
[119.9127,25.7013],
[119.9056,25.7354],
[119.8779,25.7574],
[119.8443,25.7619],
[119.8136,25.75],
[119.792,25.7202],
[119.7852,25.7225],
[119.7776,25.7539],
[119.7499,25.7758],
[119.7295,25.8178],
[119.7063,25.832],
[119.674,25.8339],
[119.6754,25.8583],
[119.7109,25.8682],
[119.7335,25.8902],
[119.7708,25.9945],
[119.7686,26.0228],
[119.7563,26.0477],
[119.707,26.0797],
[119.7318,26.1133],
[119.7389,26.1376],
[119.7312,26.1666],
[119.7105,26.1853],
[119.7592,26.2018],
[119.7865,26.1843],
[119.8242,26.1846],
[119.8701,26.2193],
[119.8821,26.2506],
[119.9065,26.2513],
[119.9306,26.2626],
[119.9096,26.2261],
[119.8851,26.2167],
[119.8648,26.1964],
[119.852,26.1411],
[119.8676,26.1088],
[119.9016,26.0917],
[119.9122,26.0507],
[119.9392,26.033],
[119.9106,26.0324],
[119.8854,26.0201],
[119.8701,25.999],
[119.8677,25.9721],
[119.8872,25.9345],
[119.9284,25.8993],
[119.9599,25.8895],
[119.9865,25.8944],
[120.0059,25.9071],
[120.0405,25.9436],
[120.0489,25.9676],
[120.0438,25.9923],
[120.0284,26.0116],
[119.967,26.0307],
[120.0003,26.0441],
[120.0183,26.0634],
[120.0235,26.097],
[120.0089,26.1252],
[120.0323,26.1623],
[120.0618,26.1839],
[120.0713,26.2122],
[120.0732,26.2546],
[120.065,26.2796],
[120.0415,26.3168],
[120.0132,26.3338],
[120.0304,26.3696],
[120.0435,26.3494],
[120.067,26.3358],
[120.1155,26.3403],
[120.1403,26.3667],
[120.1407,26.4018],
[120.116,26.4291],
[120.0768,26.4359],
[120.0423,26.4192],
[120.0278,26.386],
[120.0106,26.4126],
[119.9747,26.4317],
[119.9701,26.4464],
[120.0354,26.4421],
[120.0858,26.4552],
[120.1161,26.4379],
[120.1432,26.4358],
[120.1683,26.4451],
[120.195,26.474],
[120.1972,26.5148],
[120.2128,26.5432],
[120.2223,26.5858],
[120.2161,26.6251],
[120.1883,26.6584],
[120.2121,26.6745],
[120.2234,26.6981],
[120.2225,26.7183],
[120.2072,26.7498],
[120.2195,26.7842],
[120.2127,26.8255],
[120.261,26.84],
[120.2912,26.8769],
[120.3703,26.8725],
[120.4279,26.8911],
[120.4507,26.9236],
[120.5001,26.9163],
[120.5353,26.9393],
[120.5479,26.9665],
[120.5466,26.9946],
[120.5335,27.0166],
[120.5051,27.0352],
[120.4565,27.0396],
[120.4299,27.0276],
[120.4134,27.0103],
[120.346,27.0275],
[120.3498,27.0365],
[120.4095,27.0407],
[120.4528,27.0619],
[120.4768,27.0922],
[120.5486,27.1064],
[120.5862,27.1337],
[120.6011,27.1609],
[120.5931,27.1978],
[120.6173,27.2309],
[120.6102,27.2717],
[120.6231,27.2911],
[120.6467,27.3121],
[120.6813,27.3225],
[120.7,27.3422],
[120.7087,27.3648],
[120.7099,27.4102],
[120.7423,27.4559],
[120.7488,27.489],
[120.7755,27.5421],
[120.7696,27.5825],
[120.7304,27.6079],
[120.7459,27.6614],
[120.7558,27.6652],
[120.7614,27.6584],
[120.7598,27.6323],
[120.7718,27.6067],
[120.8051,27.5871],
[120.8441,27.5901],
[120.8772,27.6154],
[120.9026,27.595],
[120.9305,27.5864],
[120.9975,27.602],
[121.0307,27.5846],
[121.075,27.5829],
[121.1097,27.5666],
[121.1529,27.5755],
[121.2003,27.556],
[121.2509,27.5629],
[121.2792,27.5886],
[121.2852,27.6264],
[121.242,27.6983],
[121.2398,27.7353],
[121.2133,27.7662],
[121.2658,27.7857],
[121.2782,27.8033],
[121.2816,27.8288],
[121.2735,27.8521],
[121.214,27.9226],
[121.308,27.9713],
[121.327,28.0024],
[121.3281,28.0258],
[121.3408,28.0399],
[121.3693,27.9977],
[121.4156,27.9827],
[121.4527,27.9957],
[121.4749,28.027],
[121.5348,28.0181],
[121.5788,28.0401],
[121.5908,28.0679],
[121.5855,28.1271],
[121.5701,28.1487],
[121.5187,28.1814],
[121.4751,28.1883],
[121.4792,28.2214],
[121.4937,28.242],
[121.5318,28.2021],
[121.5794,28.1944],
[121.6019,28.1783],
[121.6611,28.162],
[121.6989,28.1723],
[121.7849,28.2434],
[121.7943,28.2742],
[121.7864,28.2995],
[121.7613,28.3204],
[121.7295,28.3261],
[121.7568,28.3352],
[121.7775,28.353],
[121.787,28.3812],
[121.7833,28.4051],
[121.7611,28.441],
[121.7271,28.4589],
[121.7195,28.4847],
[121.7009,28.5089],
[121.7099,28.5467],
[121.7019,28.572],
[121.6791,28.5936],
[121.642,28.6033],
[121.6163,28.6473],
[121.6898,28.6695],
[121.724,28.6366],
[121.742,28.5844],
[121.7672,28.5587],
[121.8105,28.5462],
[121.8652,28.5601],
[121.8295,28.5481],
[121.8089,28.5238],
[121.8076,28.4913],
[121.7823,28.4304],
[121.7858,28.41],
[121.8019,28.3888],
[121.8715,28.3454],
[121.9057,28.3364],
[121.944,28.3462],
[121.9703,28.376],
[121.9765,28.4002],
[121.9663,28.4285],
[121.9773,28.455],
[121.9726,28.5148],
[121.9798,28.5536],
[121.9579,28.5837],
[121.9204,28.5945],
[121.9261,28.6219],
[121.9854,28.6885],
[121.9946,28.7326],
[121.9576,28.7956],
[121.9298,28.8143],
[121.8998,28.8762],
[121.8699,28.8926],
[121.831,28.8901],
[121.8309,28.9107],
[121.8536,28.9293],
[121.8636,28.9574],
[121.8923,28.9493],
[121.9201,28.9537],
[121.9659,28.9928],
[121.995,28.9778],
[122.0373,28.9801],
[122.0577,28.9904],
[122.0742,29.0112],
[122.0776,29.0364],
[122.0655,29.0782],
[122.1015,29.1013],
[122.1409,29.1891],
[122.1273,29.2358],
[122.0983,29.2619],
[122.095,29.2979],
[122.0729,29.3279],
[122.0749,29.3553],
[122.0652,29.3777],
[122.075,29.4181],
[122.0636,29.4565],
[122.0915,29.454],
[122.1181,29.4632],
[122.1138,29.3973],
[122.1396,29.3527],
[122.1674,29.3348],
[122.2283,29.3241],
[122.2658,29.3356],
[122.2865,29.3533],
[122.2966,29.3806],
[122.2892,29.4099],
[122.3078,29.4291],
[122.3167,29.4589],
[122.3089,29.4889],
[122.2838,29.5095],
[122.2109,29.5283],
[122.1433,29.5072],
[122.1354,29.5316],
[122.1199,29.547],
[122.0877,29.5576],
[122.0583,29.5529],
[122.0594,29.559],
[122.0841,29.5913],
[122.0986,29.5656],
[122.1283,29.5501],
[122.2043,29.5622],
[122.3151,29.6425],
[122.37,29.7381],
[122.4113,29.7509],
[122.4318,29.7882],
[122.4683,29.7949],
[122.4946,29.8227],
[122.5445,29.8321],
[122.5749,29.8159],
[122.6086,29.817],
[122.6331,29.8306],
[122.6485,29.8574],
[122.6444,29.8871],
[122.626,29.9074],
[122.5994,29.9174],
[122.5683,29.9147],
[122.5322,29.9318],
[122.5057,29.998],
[122.4896,30.0166],
[122.5116,30.0618],
[122.5087,30.082],
[122.4933,30.1032],
[122.4561,30.1175],
[122.4183,30.1086],
[122.4048,30.1329],
[122.3749,30.1491],
[122.3336,30.1457],
[122.2821,30.1552],
[122.2978,30.17],
[122.3775,30.1822],
[122.4507,30.1643],
[122.521,30.1671],
[122.5516,30.1507],
[122.5983,30.1485],
[122.6525,30.1204],
[122.693,30.1205],
[122.7264,30.087],
[122.7589,30.0768],
[122.812,30.0842],
[122.8436,30.1131],
[122.847,30.138],
[122.8395,30.1573],
[122.8194,30.1753],
[122.7767,30.1941],
[122.7623,30.2377],
[122.7372,30.2581],
[122.5995,30.2652],
[122.504,30.3004],
[122.4578,30.2977],
[122.4294,30.3189],
[122.3913,30.3323],
[122.3502,30.3343],
[122.2954,30.3235],
[122.2517,30.3743],
[122.3101,30.3622],
[122.3774,30.3674],
[122.4796,30.3547],
[122.5262,30.3607],
[122.5549,30.3784],
[122.5874,30.4265],
[122.5868,30.4467],
[122.5738,30.4691],
[122.5154,30.4938],
[122.473,30.4919],
[122.4499,30.5204],
[122.409,30.5308],
[122.4038,30.5429],
[122.4295,30.5632],
[122.5005,30.5776],
[122.5537,30.599],
[122.5925,30.5988],
[122.6169,30.6123],
[122.6404,30.6412],
[122.6438,30.666],
[122.6325,30.6958],
[122.5941,30.7356],
[122.6385,30.7114],
[122.6766,30.7108],
[122.6959,30.6774],
[122.7558,30.6494],
[122.8143,30.6459],
[122.857,30.6582],
[122.8803,30.6742],
[122.8925,30.7062],
[122.8746,30.763],
[122.8287,30.8244],
[122.7642,30.8605],
[122.758,30.8857],
[122.7396,30.9058],
[122.713,30.9158],
[122.6582,30.915],
[122.6126,30.8839],
[122.58,30.8849],
[122.5543,30.8732],
[122.5403,30.8571],
[122.5346,30.8327],
[122.5589,30.772],
[122.522,30.7801],
[122.5015,30.8073],
[122.47,30.8209],
[122.3759,30.8202],
[122.3483,30.8106],
[122.3233,30.7855],
[122.3176,30.761],
[122.3523,30.7013],
[122.3484,30.6923],
[122.3325,30.7083],
[122.3059,30.7182],
[122.2762,30.716],
[122.2519,30.7023],
[122.2193,30.6603],
[122.2135,30.6359],
[122.2279,30.6023],
[122.2585,30.5839],
[122.2198,30.57],
[122.2203,30.6035],
[122.1908,30.6597],
[122.1648,30.6723],
[122.12,30.6772],
[122.0412,30.711],
[122.0114,30.7112],
[121.9751,30.6985],
[121.9544,30.6747],
[121.9515,30.6496],
[121.908,30.6294],
[121.8965,30.6058],
[121.8978,30.5856],
[121.9115,30.5636],
[121.9357,30.5498],
[121.9855,30.537],
[122.0911,30.5281],
[122.1459,30.5122],
[122.1785,30.5219],
[122.2043,30.5498],
[122.1947,30.5138],
[122.2123,30.4634],
[122.2069,30.4287],
[122.2281,30.3872],
[122.1868,30.4041],
[122.1453,30.405],
[122.1247,30.4304],
[122.086,30.441],
[122.0581,30.434],
[122.0406,30.4206],
[122.0303,30.4024],
[122.0298,30.379],
[121.9904,30.3973],
[121.9212,30.4057],
[121.8546,30.3852],
[121.8384,30.3645],
[121.8354,30.3396],
[121.8459,30.3095],
[121.8758,30.2799],
[121.8436,30.2574],
[121.828,30.2149],
[121.8363,30.1909],
[121.8595,30.1717],
[121.8274,30.161],
[121.7667,30.1215],
[121.7578,30.0823],
[121.7757,30.0522],
[121.7324,30.0472],
[121.6244,30.1974],
[121.677,30.2059],
[121.719,30.1971],
[121.7579,30.2079],
[121.7739,30.2227],
[121.7827,30.2459],
[121.7799,30.266],
[121.7644,30.2872],
[121.7291,30.3035],
[121.6949,30.2998],
[121.6351,30.3304],
[121.5806,30.3406],
[121.5408,30.3306],
[121.5182,30.3011],
[121.482,30.3447],
[121.4034,30.4055],
[121.2993,30.453],
[121.1901,30.4507],
[121.0988,30.4254],
[120.9484,30.3076],
[120.8812,30.2762],
[120.9157,30.3099],
[120.9563,30.3321],
[120.9787,30.3751],
[121.008,30.4037],
[121.0291,30.4642],
[121.022,30.5017],
[121.0572,30.5257],
[121.173,30.5562],
[121.1937,30.5736],
[121.2069,30.5991],
[121.2959,30.6473],
[121.3468,30.6483],
[121.3726,30.6569],
[121.4046,30.6337],
[121.4437,30.6334],
[121.4682,30.6469],
[121.4836,30.6734],
[121.4815,30.6983],
[121.4655,30.7281],
[121.5448,30.7638],
[121.6887,30.7978],
[121.8856,30.7991],
[122.0024,30.8391],
[122.0279,30.871],
[122.0495,30.9418],
[122.0515,30.989],
[122.0329,31.0504],
[121.9958,31.1021],
[122.0393,31.1086],
[122.0796,31.1394],
[122.1056,31.2155],
[122.1462,31.2453],
[122.1678,31.2776],
[122.172,31.3258],
[122.1533,31.3572],
[122.1285,31.3717],
[122.092,31.3785],
[122.0231,31.3739],
[121.936,31.4003],
[122.0269,31.4267],
[122.0541,31.4418],
[122.071,31.4629],
[122.0805,31.5048],
[122.0734,31.5315],
[122.0499,31.5677],
[121.9466,31.6547],
[121.9773,31.674],
[121.99,31.6916],
[121.9979,31.7344],
[121.9942,31.7605],
[121.9407,31.8607],
[121.9217,31.9147],
[121.8638,32.0148],
[121.7986,32.0624],
[121.6087,32.1468],
[121.5627,32.1594],
[121.5341,32.206],
[121.5399,32.2277],
[121.5359,32.2655],
[121.4801,32.3473],
[121.4666,32.4064],
[121.4364,32.4462],
[121.2997,32.5118],
[121.192,32.5517],
[121.0334,32.6414],
[120.9872,32.7402],
[120.9866,32.8907],
[120.9725,33.0147],
[120.8969,33.1694],
[120.8905,33.2351],
[120.8757,33.2619],
[120.8561,33.2764],
[120.8426,33.3106],
[120.819,33.3295],
[120.8009,33.3598],
[120.7875,33.406],
[120.7514,33.4687],
[120.7173,33.5572],
[120.6322,33.689],
[120.5889,33.7978],
[120.4861,33.9131],
[120.4503,34.02],
[120.4037,34.0942],
[120.387,34.1389],
[120.3511,34.1998],
[120.3092,34.3386],
[120.2715,34.3629],
[120.1344,34.4191],
[120.0115,34.4825],
[119.8735,34.5147],
[119.8213,34.5413],
[119.6941,34.5849],
[119.6405,34.6256],
[119.5443,34.6763],
[119.5648,34.6989],
[119.5728,34.745],
[119.5532,34.7819],
[119.5148,34.8061],
[119.4477,34.8281],
[119.3664,34.8137],
[119.2575,34.8441],
[119.2581,34.9535],
[119.2672,34.9744],
[119.2673,35.0081],
[119.382,35.0461],
[119.4183,35.0704],
[119.4452,35.1158],
[119.4498,35.1898],
[119.4668,35.2471],
[119.5019,35.2786],
[119.5547,35.3024],
[119.6118,35.3633],
[119.6306,35.4174],
[119.6606,35.4487],
[119.6858,35.5197],
[119.7063,35.5464],
[119.7533,35.5324],
[119.7925,35.5334],
[119.8445,35.561],
[119.8778,35.5627],
[119.9524,35.591],
[119.9788,35.6168],
[119.9895,35.6434],
[119.9869,35.6674],
[120.0436,35.6871],
[120.0837,35.7404],
[120.1075,35.7119],
[120.1422,35.6948],
[120.1832,35.6936],
[120.2249,35.7138],
[120.247,35.7612],
[120.2298,35.8087],
[120.2156,35.8247],
[120.1643,35.8376],
[120.1359,35.828],
[120.1002,35.7979],
[120.0944,35.8136],
[120.1063,35.8369],
[120.1319,35.8468],
[120.175,35.8443],
[120.2037,35.8513],
[120.2318,35.8681],
[120.2667,35.9035],
[120.3085,35.8883],
[120.3649,35.9026],
[120.3857,35.9373],
[120.3802,35.9611],
[120.3657,35.9773],
[120.3691,35.9981],
[120.4408,36.01],
[120.4921,36.0405],
[120.6097,36.0449],
[120.6599,36.0731],
[120.7333,36.086],
[120.7628,36.1034],
[120.7751,36.1353],
[120.7604,36.1737],
[120.7961,36.1836],
[120.8418,36.1819],
[120.8627,36.1918],
[120.8797,36.2118],
[120.8805,36.2517],
[120.8624,36.2765],
[120.8296,36.2894],
[120.7871,36.2833],
[120.7789,36.3034],
[120.7936,36.3353],
[120.8354,36.3225],
[120.8856,36.3229],
[120.9289,36.34],
[120.9507,36.3599],
[121.0371,36.3828],
[121.0641,36.408],
[121.074,36.4305],
[121.0741,36.4547],
[121.0632,36.473],
[121.0658,36.4937],
[121.1003,36.506],
[121.1193,36.531],
[121.1194,36.5551],
[121.1035,36.5781],
[121.1557,36.6068],
[121.2078,36.6119],
[121.2487,36.6363],
[121.3515,36.6671],
[121.3966,36.6698],
[121.4298,36.6916],
[121.4644,36.678],
[121.5118,36.6884],
[121.5712,36.6852],
[121.612,36.6681],
[121.6465,36.6721],
[121.6917,36.707],
[121.7036,36.7327],
[121.7041,36.7555],
[121.7382,36.7677],
[121.7568,36.7917],
[121.7898,36.8117],
[121.8094,36.8475],
[121.9686,36.896],
[121.9875,36.8697],
[122.0347,36.8514],
[122.0693,36.8583],
[122.1226,36.8895],
[122.1127,36.8502],
[122.1255,36.8185],
[122.158,36.7971],
[122.2007,36.7942],
[122.1847,36.7673],
[122.1901,36.739],
[122.2187,36.7133],
[122.2613,36.6996],
[122.2959,36.7065],
[122.32,36.7276],
[122.3256,36.7565],
[122.313,36.78],
[122.3675,36.7838],
[122.5643,36.8683],
[122.5963,36.9113],
[122.5998,36.9983],
[122.6283,37.022],
[122.6339,37.0508],
[122.6258,37.0691],
[122.6047,37.0861],
[122.576,37.0932],
[122.5271,37.0878],
[122.5285,37.1057],
[122.5716,37.0971],
[122.6063,37.1041],
[122.6351,37.1264],
[122.6441,37.1502],
[122.6749,37.1707],
[122.6833,37.1889],
[122.6829,37.2218],
[122.6376,37.2814],
[122.654,37.3032],
[122.6585,37.3301],
[122.7109,37.3371],
[122.752,37.3597],
[122.7664,37.4062],
[122.7194,37.4751],
[122.6845,37.4938],
[122.648,37.4924],
[122.6153,37.4706],
[122.5479,37.4488],
[122.5275,37.482],
[122.4906,37.498],
[122.4493,37.4916],
[122.4235,37.4676],
[122.427,37.41],
[122.387,37.3358],
[122.3581,37.3091],
[122.3005,37.2823],
[122.24,37.2653],
[122.126,37.2648],
[122.0691,37.2801],
[122.0334,37.2976],
[122.0052,37.3238],
[121.9798,37.3626],
[121.9352,37.471],
[121.9193,37.5319],
[121.865,37.5199],
[121.7184,37.5083],
[121.6925,37.5113],
[121.662,37.5342],
[121.6294,37.5395],
[121.5567,37.5167],
[121.5808,37.544],
[121.5876,37.5698],
[121.5735,37.6043],
[121.5508,37.6226],
[121.4937,37.6286],
[121.3901,37.6789],
[121.3469,37.6858],
[121.2975,37.6722],
[121.2819,37.6555],
[121.2755,37.6331],
[121.2208,37.6345],
[121.2116,37.7206],
[121.2006,37.7395],
[121.1777,37.7562],
[121.1314,37.7694],
[121.0662,37.7683],
[121.0335,37.7958],
[121.0073,37.8052],
[120.992,37.8465],
[120.9636,37.8672],
[120.8904,37.8812],
[120.8272,37.8802],
[120.8296,37.9034],
[120.8136,37.9634],
[120.7645,38.0228],
[120.7065,38.0483],
[120.7024,38.0836],
[120.6857,38.1042],
[120.7311,38.099],
[120.7725,38.1048],
[120.8278,38.1259],
[120.8433,38.1483],
[120.8435,38.1738],
[120.8299,38.2008],
[120.8016,38.2281],
[120.828,38.233],
[120.8796,38.2622],
[120.9662,38.3352],
[120.9901,38.3813],
[120.9826,38.4221],
[120.9513,38.4471],
[120.9018,38.4507],
[120.867,38.4377],
[120.837,38.4088],
[120.7996,38.4012],
[120.7768,38.3832],
[120.7659,38.3494],
[120.7287,38.3019],
[120.7289,38.2764],
[120.7411,38.2548],
[120.703,38.2443],
[120.6595,38.2022],
[120.6041,38.1931],
[120.5701,38.1623],
[120.5682,38.1243],
[120.5864,38.0995],
[120.5723,38.0741],
[120.577,38.0325],
[120.5389,38.0053],
[120.5277,37.9816],
[120.529,37.961],
[120.5477,37.9259],
[120.5833,37.889],
[120.6133,37.8793],
[120.6693,37.8771],
[120.5911,37.8366],
[120.5489,37.8053],
[120.515,37.8037],
[120.4938,37.8251],
[120.4509,37.8407],
[120.4054,37.8408],
[120.3673,37.8135],
[120.3561,37.7837],
[120.362,37.7592],
[120.2908,37.7393],
[120.2048,37.7364],
[120.1762,37.7243],
[120.1473,37.6866],
[120.1547,37.6537],
[120.1474,37.6152],
[120.1535,37.5748],
[120.1511,37.5551],
[120.1366,37.54],
[120.1187,37.5269],
[120.058,37.5073],
[120.0365,37.4906],
[119.9988,37.4917],
[119.9624,37.4741],
[119.9299,37.4692],
[119.8806,37.4349],
[119.8255,37.4267],
[119.7839,37.4002],
[119.747,37.3149],
[119.7603,37.2803],
[119.7996,37.2601],
[119.7833,37.2409],
[119.6983,37.2116],
[119.5375,37.199],
[119.5067,37.1885],
[119.3382,37.1898],
[119.304,37.221],
[119.2218,37.2527],
[119.112,37.2757],
[119.0509,37.3103],
[118.9885,37.413],
[118.9921,37.474],
[118.9845,37.5077],
[119.0224,37.5937],
[119.1218,37.5936],
[119.2014,37.6115],
[119.244,37.6105],
[119.2993,37.6344],
[119.3237,37.6787],
[119.3271,37.7161],
[119.3699,37.7933],
[119.3813,37.8286],
[119.3737,37.8655],
[119.3426,37.9137],
[119.2937,37.9533],
[119.234,37.9576],
[119.1836,37.935],
[119.1587,37.8919],
[119.138,37.9515],
[119.0477,38.0073],
[119.0404,38.0626],
[119.015,38.1181],
[118.986,38.1449],
[118.908,38.1837],
[118.8186,38.1997],
[118.6846,38.1932],
[118.6463,38.1829],
[118.5824,38.1445],
[118.536,38.1287],
[118.4741,38.1544],
[118.2681,38.1889],
[118.1703,38.1948],
[118.0488,38.2246],
[117.88,38.3176],
[117.8335,38.3528],
[117.8038,38.3898],
[117.7541,38.4314],
[117.7167,38.498],
[117.6867,38.5298],
[117.6312,38.708],
[117.6465,38.7699],
[117.6872,38.8329],
[117.7333,38.879],
[117.81,38.9274],
[117.8345,38.9594],
[117.8412,38.9847],
[117.8306,39.0139],
[117.8215,39.0594],
[117.8467,39.1141],
[117.869,39.1354],
[117.9108,39.1554],
[118.0107,39.1671],
[118.0787,39.1377],
[118.0926,39.1243],
[118.1287,39.0678],
[118.1531,39.047],
[118.1366,39.0214],
[118.1386,38.9915],
[118.1566,38.9705],
[118.179,38.9599],
[118.2304,38.9617],
[118.2627,38.9869],
[118.3452,38.984],
[118.4137,39.0034],
[118.4858,39.0319],
[118.6077,39.107],
[118.7133,39.0821],
[118.6989,39.065],
[118.663,39.0514],
[118.6424,39.0319],
[118.6368,39.0016],
[118.6533,38.9745],
[118.6803,38.9605],
[118.7062,38.9574],
[118.7675,38.9753],
[118.8056,39.0016],
[118.8392,39.0467],
[118.9755,39.0941],
[119.1332,39.219],
[119.2223,39.3138],
[119.2926,39.3294],
[119.3523,39.3825],
[119.3718,39.4105],
[119.376,39.444],
[119.3662,39.4704],
[119.3273,39.5193],
[119.404,39.6971],
[119.42,39.7187],
[119.4869,39.7684],
[119.5324,39.7659],
[119.5764,39.7809],
[119.5951,39.802],
[119.5967,39.8501],
[119.6062,39.8549],
[119.8059,39.9106],
[119.8408,39.9052],
[119.8924,39.9125],
[119.9152,39.9272],
[119.929,39.9519],
[119.9667,39.973],
[119.9851,40.0135],
[120.1818,40.0657],
[120.3028,40.11],
[120.3613,40.1417],
[120.4484,40.1478],
[120.4875,40.1619],
[120.5714,40.2287],
[120.585,40.2637],
[120.5793,40.3032],
[120.6379,40.3359],
[120.673,40.3716],
[120.6832,40.4024],
[120.6771,40.4311],
[120.6918,40.437],
[120.7016,40.412],
[120.7246,40.3946],
[120.7746,40.3888],
[120.8034,40.4002],
[120.8273,40.4319],
[120.8841,40.4663],
[120.8967,40.4891],
[120.8969,40.5491],
[120.8848,40.572],
[120.8545,40.5896],
[120.8874,40.6361],
[120.9447,40.647],
[120.9906,40.6774],
[121.0121,40.7164],
[121.0081,40.7473],
[121.0156,40.7692],
[121.0863,40.7778],
[121.1605,40.8321],
[121.322,40.8452],
[121.4139,40.8363],
[121.5059,40.8101],
[121.5762,40.8025],
[121.7029,40.8066],
[121.7752,40.8308],
[121.8109,40.7867],
[121.8815,40.7587],
[121.9087,40.6965],
[121.9424,40.6631],
[122.0079,40.6295],
[122.0605,40.6147],
[122.1335,40.554],
[122.1773,40.5002],
[122.1852,40.4681],
[122.1453,40.4484],
[122.1294,40.4033],
[122.0586,40.3481],
[122.0324,40.3151],
[122.0251,40.2675],
[121.9531,40.2233],
[121.9408,40.2004],
[121.9443,40.1743],
[121.8904,40.1516],
[121.856,40.0964],
[121.8401,40.0837],
[121.7549,40.0541],
[121.7196,40.0259],
[121.6926,39.9829],
[121.6629,39.9774],
[121.5895,39.941],
[121.5656,39.915],
[121.5184,39.9154],
[121.4885,39.9058],
[121.4154,39.8359],
[121.4032,39.8128],
[121.4061,39.7818],
[121.3895,39.7455],
[121.3992,39.721],
[121.4206,39.7015],
[121.3708,39.6593],
[121.2802,39.6523],
[121.2037,39.6104],
[121.1757,39.5819],
[121.1613,39.5518],
[121.1553,39.5289],
[121.1609,39.4764],
[121.2966,39.4797],
[121.3356,39.4974],
[121.4202,39.485],
[121.4563,39.4563],
[121.4618,39.42],
[121.4858,39.377],
[121.4793,39.3428],
[121.4885,39.3303],
[121.5047,39.3261],
[121.5572,39.3409],
[121.6204,39.3338],
[121.7059,39.3555],
[121.7484,39.3757],
[121.8267,39.376],
[121.8727,39.3993],
[121.9077,39.4068],
[121.9077,39.4211],
[121.8679,39.429],
[121.8658,39.4574],
[121.8844,39.4646],
[121.9294,39.4646],
[121.9386,39.4752],
[121.9421,39.4993],
[121.9953,39.5088],
[122.03,39.5324],
[122.0966,39.5056],
[122.147,39.517],
[122.1759,39.5099],
[122.2311,39.5228],
[122.3698,39.5236],
[122.5109,39.5472],
[122.5271,39.5387],
[122.5391,39.5152],
[122.5943,39.4809],
[122.6057,39.455],
[122.6399,39.4352],
[122.6708,39.4516],
[122.6966,39.4783],
[122.7926,39.5102],
[122.8614,39.5537],
[122.9084,39.5644],
[122.8802,39.5504],
[122.8622,39.5296],
[122.8589,39.5041],
[122.8715,39.481],
[122.8966,39.4651],
[122.9748,39.4404],
[122.9951,39.4131],
[123.0262,39.3911],
[123.0858,39.3825],
[123.1291,39.3988],
[123.1566,39.433],
[123.1704,39.5208],
[123.1443,39.555],
[123.0816,39.5683],
[123.0471,39.5924],
[123.1496,39.5985],
[123.3055,39.6537],
[123.3543,39.6858],
[123.3848,39.6788],
[123.4251,39.6823],
[123.512,39.7101],
[123.5713,39.7097],
[123.6405,39.7325],
[123.6556,39.7111],
[123.6825,39.6971],
[123.7663,39.7023],
[123.7951,39.7138],
[123.8147,39.7371],
[123.8615,39.7483],
[123.8845,39.771],
[124.015,39.7533],
[124.1223,39.7791],
[124.1587,39.7552],
[124.1592,39.7586],
[124.1685,39.8278],
[124.214,39.8625],
[124.2137,39.8862],
[124.2274,39.9191],
[124.2629,39.9327],
[124.2842,39.9277],
[124.2939,39.9436],
[124.2827,39.9475],
[124.2832,39.9597],
[124.2918,39.9674],
[124.3102,39.9676],
[124.3453,39.9879],
[124.3457,39.9737],
[124.3541,39.9707],
[124.3606,39.9919],
[124.3709,40.0268],
[124.3607,40.0392],
[124.3377,40.0467],
[124.3351,40.0586],
[124.3706,40.1008],
[124.3924,40.1151],
[124.3989,40.127],
[124.4045,40.1346],
[124.4118,40.139],
[124.4332,40.1412],
[124.4466,40.1564],
[124.4611,40.1748],
[124.4831,40.1738],
[124.4874,40.1824],
[124.5018,40.1996],
[124.5079,40.2154],
[124.5227,40.2298],
[124.5462,40.2374],
[124.6213,40.2893],
[124.6377,40.3],
[124.69,40.3085],
[124.7058,40.3132],
[124.7088,40.3149],
[124.7134,40.3175],
[124.7273,40.3298],
[124.7354,40.3577],
[124.7565,40.3822],
[124.8074,40.3996],
[124.8507,40.4285],
[124.9006,40.4819],
[124.9098,40.4781],
[124.9057,40.464],
[124.9143,40.4565],
[124.9397,40.4532],
[124.9609,40.4615],
[124.9624,40.4623],
[124.9809,40.4708],
[125.0169,40.4564],
[125.0403,40.4644],
[125.0381,40.4867],
[124.9997,40.5008],
[125.0047,40.5213],
[125.1069,40.5609],
[125.1617,40.5955],
[125.1858,40.6075],
[125.2573,40.6129],
[125.2668,40.6477],
[125.2772,40.6542],
[125.3292,40.637],
[125.3713,40.6507],
[125.3886,40.6312],
[125.4082,40.6254],
[125.4171,40.6314],
[125.4116,40.6696],
[125.4379,40.6651],
[125.4516,40.6745],
[125.4534,40.6985],
[125.4753,40.7173],
[125.5243,40.7164],
[125.5372,40.7234],
[125.5483,40.7624],
[125.5673,40.7807],
[125.5808,40.7787],
[125.5915,40.7557],
[125.5991,40.7545],
[125.6398,40.765],
[125.6835,40.7653],
[125.6821,40.785],
[125.6293,40.7989],
[125.634,40.8118],
[125.6794,40.8392],
[125.702,40.8637],
[125.7174,40.8701],
[125.7526,40.8672],
[125.7549,40.8809],
[125.7689,40.8915],
[125.7969,40.8819],
[125.7957,40.8654],
[125.8187,40.8667],
[125.8569,40.8834],
[125.8684,40.9056],
[125.8958,40.8963],
[125.9107,40.9107],
[125.906,40.8899],
[125.9351,40.8768],
[125.9638,40.8857],
[125.967,40.9017],
[125.9945,40.8916],
[126.0183,40.9013],
[126.0092,40.9142],
[125.9772,40.9085],
[125.9751,40.916],
[126.0005,40.9316],
[126.0342,40.9271],
[126.0361,40.9404],
[126.0509,40.9478],
[126.0517,40.9637],
[126.0764,40.975],
[126.0627,40.9962],
[126.1035,41.0046],
[126.0954,41.0341],
[126.1208,41.0335],
[126.1307,41.0582],
[126.1093,41.0722],
[126.1167,41.0877],
[126.1658,41.0927],
[126.2008,41.1222],
[126.2233,41.1275],
[126.2345,41.1449],
[126.2802,41.1589],
[126.291,41.1703],
[126.2828,41.1862],
[126.3051,41.1894],
[126.3163,41.2272],
[126.3537,41.243],
[126.3628,41.2814],
[126.3935,41.3016],
[126.4043,41.3275],
[126.4327,41.3304],
[126.4331,41.3521],
[126.5025,41.3719],
[126.5099,41.3635],
[126.5047,41.357],
[126.4747,41.347],
[126.5128,41.3463],
[126.532,41.3554],
[126.5321,41.3696],
[126.5057,41.3951],
[126.5039,41.4311],
[126.5499,41.4878],
[126.5449,41.4953],
[126.5555,41.5256],
[126.5838,41.5492],
[126.588,41.5624],
[126.5632,41.6109],
[126.5917,41.6166],
[126.5924,41.6289],
[126.6098,41.6454],
[126.6072,41.6665],
[126.6145,41.6727],
[126.6376,41.6559],
[126.6564,41.6579],
[126.6868,41.6715],
[126.6834,41.6778],
[126.7323,41.7147],
[126.6847,41.7293],
[126.6825,41.7375],
[126.6939,41.749],
[126.7221,41.7442],
[126.7647,41.7193],
[126.77,41.7009],
[126.7906,41.6912],
[126.7971,41.6954],
[126.7951,41.7319],
[126.8053,41.7476],
[126.8172,41.7416],
[126.8258,41.7229],
[126.8395,41.7228],
[126.8673,41.7773],
[126.9371,41.8081],
[126.9469,41.7932],
[126.9292,41.7831],
[126.9333,41.77],
[126.9726,41.7744],
[126.9803,41.7627],
[127.0033,41.7601],
[126.9992,41.7462],
[127.0047,41.7427],
[127.0481,41.7403],
[127.0499,41.7015],
[127.077,41.7005],
[127.0673,41.6875],
[127.0428,41.6909],
[127.0302,41.6718],
[127.0468,41.6628],
[127.0571,41.6602],
[127.0722,41.6429],
[127.1023,41.6421],
[127.1007,41.6327],
[127.0856,41.6254],
[127.1008,41.6181],
[127.119,41.6215],
[127.1225,41.6103],
[127.1163,41.6055],
[127.1238,41.5975],
[127.1784,41.5923],
[127.1765,41.5859],
[127.1386,41.5817],
[127.1383,41.568],
[127.1137,41.5594],
[127.1167,41.5486],
[127.0974,41.5511],
[127.1081,41.5361],
[127.1343,41.5398],
[127.1396,41.5242],
[127.1614,41.54],
[127.1779,41.5238],
[127.2073,41.5311],
[127.2082,41.5181],
[127.2349,41.5187],
[127.2276,41.5074],
[127.2398,41.4975],
[127.2733,41.5121],
[127.2796,41.4973],
[127.2495,41.4872],
[127.2512,41.4788],
[127.2709,41.4757],
[127.2884,41.4835],
[127.3476,41.4603],
[127.3564,41.4626],
[127.3557,41.4774],
[127.3819,41.4799],
[127.397,41.4766],
[127.4107,41.4554],
[127.4236,41.4621],
[127.4538,41.4578],
[127.4622,41.4625],
[127.4592,41.473],
[127.4663,41.4808],
[127.4763,41.4682],
[127.4964,41.4755],
[127.5229,41.4654],
[127.5415,41.4745],
[127.5392,41.4518],
[127.5553,41.4322],
[127.5857,41.4238],
[127.6132,41.43],
[127.6331,41.4093],
[127.6598,41.4071],
[127.6496,41.4264],
[127.6699,41.4121],
[127.6865,41.422],
[127.7171,41.4168],
[127.7364,41.4244],
[127.7663,41.4184],
[127.7772,41.4242],
[127.7878,41.4047],
[127.7921,41.4181],
[127.8045,41.4225],
[127.8217,41.4057],
[127.8299,41.4064],
[127.8298,41.4175],
[127.8455,41.4202],
[127.8569,41.4036],
[127.8672,41.4021],
[127.8738,41.4449],
[127.8855,41.4434],
[127.8799,41.4381],
[127.8855,41.4317],
[127.897,41.4343],
[127.9064,41.4269],
[127.9279,41.4436],
[127.9319,41.4567],
[127.9356,41.4472],
[127.9454,41.4483],
[127.9429,41.4368],
[127.9759,41.4307],
[127.978,41.4149],
[127.9876,41.42],
[127.9974,41.4436],
[128.0092,41.445],
[128.0082,41.435],
[127.997,41.4282],
[128.0132,41.4261],
[128.0117,41.4125],
[128.0185,41.4091],
[128.0294,41.4193],
[128.0395,41.4155],
[128.0309,41.3922],
[128.0473,41.3908],
[128.066,41.3925],
[128.0743,41.3767],
[128.0811,41.3925],
[128.0964,41.39],
[128.0991,41.3958],
[128.1028,41.3839],
[128.084,41.3726],
[128.1083,41.3606],
[128.1234,41.38],
[128.1539,41.3842],
[128.1651,41.4023],
[128.1828,41.4113],
[128.2031,41.4098],
[128.215,41.4386],
[128.2403,41.4489],
[128.2278,41.4546],
[128.238,41.4761],
[128.2338,41.4967],
[128.255,41.5036],
[128.2779,41.5226],
[128.2791,41.533],
[128.2963,41.5375],
[128.2861,41.5445],
[128.2863,41.5525],
[128.2946,41.5544],
[128.2891,41.5596],
[128.3119,41.5721],
[128.3057,41.5758],
[128.3121,41.587],
[128.3042,41.5945],
[128.3103,41.6016],
[128.2961,41.6013],
[128.2999,41.6106],
[128.2869,41.6107],
[128.2995,41.6156],
[128.2975,41.6281],
[128.2801,41.6237],
[128.2824,41.632],
[128.2678,41.6456],
[128.2726,41.6565],
[128.2633,41.6555],
[128.2639,41.6653],
[128.251,41.665],
[128.2542,41.671],
[128.24,41.6738],
[128.2426,41.6788],
[128.2024,41.6844],
[128.1844,41.7087],
[128.1617,41.7121],
[128.14,41.7501],
[128.1435,41.7616],
[128.1357,41.774],
[128.1418,41.778],
[128.1065,41.7903],
[128.1041,41.8171],
[128.0964,41.8379],
[128.1086,41.8943],
[128.0976,41.9179],
[128.1008,41.9398],
[128.096,41.9771],
[128.0992,41.9905],
[128.1141,41.992],
[128.2335,41.9705],
[128.3189,41.9729],
[128.3991,41.999],
[128.4681,42.007],
[128.4897,41.9985],
[128.542,42.0048],
[128.564,41.997],
[128.5869,42.0056],
[128.5931,42.0125],
[128.5894,42.0221],
[128.6006,42.0305],
[128.6304,42.0372],
[128.6529,42.0268],
[128.6503,42.0156],
[128.6849,42.0118],
[128.715,42.0377],
[128.7299,42.041],
[128.7292,42.0497],
[128.745,42.0513],
[128.7702,42.0316],
[128.782,42.0403],
[128.8091,42.0419],
[128.8352,42.0242],
[128.8523,42.0297],
[128.8746,42.02],
[128.8851,42.026],
[128.9154,42.01],
[128.9386,42.0271],
[128.9468,42.0251],
[128.9588,42.0553],
[128.9454,42.064],
[128.9482,42.0831],
[128.9635,42.095],
[129.0043,42.0883],
[129.0088,42.0992],
[129.0347,42.1057],
[129.0324,42.112],
[129.0421,42.1169],
[129.0259,42.1187],
[129.0363,42.1221],
[129.0412,42.1346],
[129.0711,42.1379],
[129.0632,42.1506],
[129.0684,42.157],
[129.0867,42.1387],
[129.1143,42.1388],
[129.1286,42.1499],
[129.1266,42.1601],
[129.1658,42.1637],
[129.16,42.1857],
[129.1892,42.1892],
[129.1901,42.2039],
[129.2216,42.2049],
[129.2199,42.2166],
[129.2051,42.2134],
[129.1975,42.2247],
[129.2068,42.2349],
[129.2013,42.2429],
[129.1759,42.237],
[129.1763,42.2593],
[129.2188,42.2665],
[129.2246,42.2827],
[129.2014,42.2895],
[129.2372,42.3079],
[129.2122,42.303],
[129.193,42.3149],
[129.2062,42.3213],
[129.2246,42.3134],
[129.2568,42.325],
[129.2238,42.3551],
[129.2436,42.3798],
[129.2588,42.3722],
[129.2708,42.3881],
[129.29,42.379],
[129.2938,42.3898],
[129.32,42.3848],
[129.3011,42.4025],
[129.3121,42.4055],
[129.3045,42.413],
[129.3088,42.4236],
[129.3203,42.4184],
[129.331,42.4316],
[129.3311,42.417],
[129.3508,42.4068],
[129.3403,42.4169],
[129.3562,42.4216],
[129.3355,42.4401],
[129.3471,42.4527],
[129.365,42.455],
[129.368,42.4447],
[129.3538,42.4314],
[129.3811,42.4231],
[129.3965,42.4515],
[129.4247,42.4328],
[129.4378,42.4428],
[129.4498,42.4398],
[129.459,42.4225],
[129.48,42.4199],
[129.4963,42.4111],
[129.5043,42.3944],
[129.5229,42.3903],
[129.5341,42.365],
[129.5456,42.3688],
[129.5472,42.3605],
[129.5536,42.3643],
[129.5491,42.375],
[129.5707,42.381],
[129.5582,42.3868],
[129.5638,42.3996],
[129.5778,42.4142],
[129.5938,42.4105],
[129.6079,42.4383],
[129.6072,42.4436],
[129.5919,42.4413],
[129.5871,42.4511],
[129.6169,42.4622],
[129.6483,42.4243],
[129.6689,42.4343],
[129.704,42.4259],
[129.7254,42.4485],
[129.7445,42.4692],
[129.7402,42.4913],
[129.7318,42.4978],
[129.7466,42.5416],
[129.7352,42.5585],
[129.7365,42.5757],
[129.752,42.5838],
[129.758,42.6012],
[129.7786,42.6043],
[129.7802,42.6118],
[129.7543,42.6157],
[129.7522,42.6233],
[129.7665,42.6327],
[129.7473,42.6473],
[129.7646,42.6553],
[129.7711,42.6437],
[129.7843,42.6425],
[129.7742,42.653],
[129.774,42.6717],
[129.7849,42.6797],
[129.7973,42.6731],
[129.8031,42.681],
[129.7745,42.6907],
[129.7596,42.7114],
[129.7604,42.7261],
[129.7735,42.733],
[129.782,42.7682],
[129.7924,42.7765],
[129.8087,42.7905],
[129.8014,42.8148],
[129.8116,42.848],
[129.8375,42.8666],
[129.8438,42.9203],
[129.8692,42.9189],
[129.8493,42.9489],
[129.8514,42.9616],
[129.8645,42.9722],
[129.9092,42.9677],
[129.915,42.979],
[129.8821,42.9793],
[129.8776,42.9891],
[129.8947,43.0027],
[129.9205,43.0084],
[129.9556,43.0076],
[129.9541,42.9787],
[129.9839,42.97],
[130.0579,42.9666],
[130.1055,42.9876],
[130.1446,42.9786],
[130.1461,42.9704],
[130.115,42.9541],
[130.1193,42.9417],
[130.1336,42.9372],
[130.1015,42.926],
[130.1071,42.9123],
[130.1378,42.9019],
[130.1724,42.9139],
[130.2636,42.901],
[130.2668,42.8735],
[130.2486,42.8569],
[130.2544,42.8381],
[130.2366,42.8171],
[130.2524,42.7903],
[130.2377,42.78],
[130.243,42.7702],
[130.2351,42.7402],
[130.2528,42.7063],
[130.2903,42.6989],
[130.3056,42.6606],
[130.3539,42.636],
[130.3816,42.5983],
[130.4151,42.6138],
[130.4273,42.6109],
[130.4356,42.5973],
[130.4139,42.5682],
[130.4461,42.5476],
[130.473,42.5524],
[130.4804,42.5617],
[130.4631,42.5883],
[130.4651,42.6054],
[130.4909,42.621],
[130.517,42.6139],
[130.5224,42.6007],
[130.5096,42.5835],
[130.5247,42.5656],
[130.5264,42.5424],
[130.55,42.5231],
[130.5519,42.492],
[130.5837,42.4779],
[130.564,42.4662],
[130.5637,42.4436],
[130.5755,42.4308],
[130.6066,42.4315],
[130.637,42.4183],
[130.6258,42.4327],
[130.5926,42.4459],
[130.5959,42.4688],
[130.5931,42.4838],
[130.5594,42.5034],
[130.553,42.5197],
[130.5629,42.5185],
[130.5635,42.5551],
[130.6033,42.5549],
[130.6256,42.5882],
[130.6155,42.629],
[130.5961,42.6401],
[130.5847,42.6699],
[130.5615,42.6862],
[130.5214,42.7014],
[130.4592,42.6852],
[130.4477,42.7011],
[130.4187,42.7041],
[130.395,42.7242],
[130.4216,42.728],
[130.4199,42.7426],
[130.4405,42.7548],
[130.4568,42.7596],
[130.4593,42.77],
[130.4786,42.7727],
[130.5259,42.7849],
[130.5563,42.8132],
[130.5716,42.8163],
[130.5795,42.8087],
[130.6601,42.8454],
[130.7017,42.8439],
[130.72,42.8282],
[130.7323,42.841],
[130.7728,42.8363],
[130.7822,42.8597],
[130.777,42.8643],
[130.8054,42.8795],
[130.8367,42.8788],
[130.8524,42.8596],
[130.8677,42.8623],
[130.8857,42.8502],
[130.9006,42.8568],
[130.9051,42.8684],
[130.9421,42.8745],
[130.9743,42.8545],
[131.0374,42.8623],
[131.0121,42.9148],
[131.0299,42.9266],
[131.0546,42.9158],
[131.0651,42.9231],
[131.1081,42.9128],
[131.1205,42.9281],
[131.1375,42.934],
[131.1347,42.9509],
[131.1436,42.9653],
[131.1105,42.9683],
[131.105,42.9898],
[131.1107,43.0046],
[131.0956,43.0211],
[131.1176,43.0493],
[131.1135,43.0663],
[131.1493,43.0724],
[131.1636,43.0671],
[131.1551,43.0946],
[131.1654,43.1081],
[131.1949,43.1208],
[131.2104,43.1438],
[131.2009,43.165],
[131.2137,43.1793],
[131.2124,43.1883],
[131.1945,43.1994],
[131.1983,43.2192],
[131.2025,43.238],
[131.2479,43.2623],
[131.2502,43.2868],
[131.2621,43.2948],
[131.2577,43.3288],
[131.2729,43.3754],
[131.3112,43.3949],
[131.3076,43.4134],
[131.2947,43.4199],
[131.2873,43.4395],
[131.3021,43.4535],
[131.3057,43.4734],
[131.3116,43.4952],
[131.2952,43.501],
[131.2623,43.494],
[131.193,43.5297],
[131.1998,43.55],
[131.1862,43.5594],
[131.205,43.5611],
[131.1967,43.5803],
[131.2136,43.5797],
[131.2121,43.5907],
[131.2292,43.582],
[131.2301,43.5946],
[131.2392,43.6002],
[131.2083,43.6087],
[131.2134,43.63],
[131.2268,43.6338],
[131.2249,43.6609],
[131.2334,43.6604],
[131.2276,43.6737],
[131.2116,43.6821],
[131.2095,43.6972],
[131.217,43.7045],
[131.2097,43.7109],
[131.2202,43.7141],
[131.2084,43.7277],
[131.2242,43.739],
[131.2152,43.7547],
[131.2231,43.76],
[131.2088,43.7594],
[131.2185,43.7662],
[131.2039,43.7811],
[131.2127,43.7897],
[131.206,43.7984],
[131.2171,43.8039],
[131.214,43.8219],
[131.204,43.8232],
[131.2256,43.8494],
[131.2282,43.8691],
[131.2334,43.8837],
[131.2487,43.8924],
[131.2582,43.9411],
[131.2387,43.953],
[131.2344,43.9667],
[131.243,43.9759],
[131.236,43.9847],
[131.2505,43.991],
[131.243,44.0105],
[131.2557,44.0305],
[131.2716,44.03],
[131.2896,44.0428],
[131.3032,44.0439],
[131.2418,44.2498],
[131.2275,44.2976],
[131.2073,44.3647],
[131.1712,44.4842],
[131.1573,44.532],
[131.1437,44.5771],
[131.1045,44.7075],
[131.0946,44.7029],
[131.083,44.715],
[131.0853,44.7427],
[131.0622,44.7567],
[131.0575,44.7836],
[131.017,44.7801],
[131.009,44.7853],
[131.0162,44.7946],
[131.0084,44.8115],
[130.9851,44.8231],
[130.9649,44.8187],
[130.9584,44.8267],
[130.9592,44.8525],
[130.9786,44.8662],
[131.0182,44.8693],
[131.0218,44.8781],
[131.0387,44.8689],
[131.0713,44.8793],
[131.0757,44.8888],
[131.0944,44.8943],
[131.0818,44.9222],
[131.0998,44.9356],
[131.1203,44.9302],
[131.1428,44.945],
[131.1648,44.9331],
[131.1789,44.9386],
[131.1918,44.9332],
[131.1979,44.9163],
[131.2106,44.9148],
[131.2395,44.9188],
[131.2508,44.9284],
[131.2657,44.9213],
[131.286,44.9266],
[131.3054,44.9476],
[131.3052,44.9635],
[131.3259,44.9683],
[131.3492,44.9878],
[131.3721,44.9755],
[131.401,44.9835],
[131.4212,44.9775],
[131.4276,44.965],
[131.4751,44.9637],
[131.4934,44.9758],
[131.4765,44.9937],
[131.5353,45.0172],
[131.5567,45.0333],
[131.5582,45.0433],
[131.6247,45.0725],
[131.6283,45.0852],
[131.68,45.116],
[131.6875,45.1299],
[131.68,45.1354],
[131.6802,45.149],
[131.6602,45.1481],
[131.6429,45.1572],
[131.6761,45.214],
[131.6947,45.2146],
[131.7141,45.2323],
[131.7518,45.2117],
[131.7861,45.2096],
[131.7776,45.2346],
[131.8066,45.2777],
[131.8267,45.2916],
[131.8226,45.3095],
[131.868,45.3361],
[131.9092,45.3372],
[131.9273,45.2803],
[131.981,45.2702],
[131.9881,45.257],
[132.0034,45.252],
[132.8541,45.0583],
[132.8632,45.0612],
[132.8838,45.0406],
[132.9108,45.0359],
[132.909,45.0296],
[132.9374,45.0309],
[132.9348,45.0247],
[132.9455,45.0229],
[132.9389,45.0194],
[132.9522,45.0152],
[132.948,45.0216],
[132.9619,45.0293],
[132.9636,45.0215],
[132.9728,45.0207],
[132.9684,45.0282],
[132.9805,45.0291],
[132.9837,45.0331],
[132.9729,45.0332],
[132.9846,45.0353],
[132.9815,45.0407],
[133.0046,45.0404],
[133.0035,45.0454],
[133.0375,45.0564],
[133.0313,45.059],
[133.0389,45.0676],
[133.0324,45.0681],
[133.0627,45.0836],
[133.0585,45.0888],
[133.0953,45.1024],
[133.0924,45.1129],
[133.1002,45.1121],
[133.1007,45.1233],
[133.1325,45.1253],
[133.1272,45.1375],
[133.1331,45.1381],
[133.1287,45.1422],
[133.1191,45.1345],
[133.1336,45.1491],
[133.1217,45.1522],
[133.1316,45.1583],
[133.1216,45.1599],
[133.1278,45.1725],
[133.1201,45.1712],
[133.131,45.1746],
[133.1252,45.1871],
[133.1307,45.19],
[133.1237,45.1912],
[133.1254,45.1985],
[133.1174,45.1956],
[133.1223,45.2094],
[133.1124,45.212],
[133.1189,45.2198],
[133.1073,45.2229],
[133.1072,45.2325],
[133.1005,45.2292],
[133.1056,45.2355],
[133.0959,45.236],
[133.1028,45.2399],
[133.0869,45.2439],
[133.0994,45.243],
[133.1021,45.2517],
[133.0894,45.2468],
[133.0901,45.2646],
[133.1051,45.2648],
[133.1021,45.2727],
[133.0897,45.2702],
[133.1031,45.2774],
[133.0886,45.2799],
[133.0999,45.286],
[133.0898,45.2889],
[133.0973,45.2922],
[133.1077,45.2989],
[133.0973,45.3032],
[133.1137,45.3094],
[133.0989,45.3107],
[133.108,45.3174],
[133.0989,45.3194],
[133.1239,45.3345],
[133.112,45.3516],
[133.1265,45.3605],
[133.1255,45.3717],
[133.1335,45.3635],
[133.1414,45.3755],
[133.1311,45.38],
[133.1392,45.3822],
[133.1425,45.3956],
[133.1306,45.401],
[133.1403,45.4058],
[133.1333,45.4134],
[133.1339,45.4273],
[133.152,45.4272],
[133.1406,45.4352],
[133.1643,45.4417],
[133.1527,45.4459],
[133.1656,45.4476],
[133.1614,45.4547],
[133.1691,45.4585],
[133.1599,45.4603],
[133.1727,45.4619],
[133.1615,45.4647],
[133.1858,45.4796],
[133.178,45.4899],
[133.1894,45.493],
[133.184,45.4989],
[133.2043,45.5056],
[133.1936,45.5143],
[133.2244,45.5108],
[133.2284,45.5214],
[133.2464,45.5162],
[133.265,45.5316],
[133.2739,45.5264],
[133.2729,45.5374],
[133.2854,45.5339],
[133.2846,45.5419],
[133.318,45.5484],
[133.3238,45.5595],
[133.3325,45.5508],
[133.3481,45.5617],
[133.3422,45.5662],
[133.3669,45.5675],
[133.3644,45.5755],
[133.3727,45.5701],
[133.3862,45.5779],
[133.3899,45.5698],
[133.4052,45.569],
[133.4157,45.5816],
[133.4153,45.5829],
[133.4037,45.5962],
[133.4104,45.6056],
[133.4046,45.6171],
[133.4214,45.6102],
[133.4311,45.6281],
[133.4663,45.6164],
[133.4665,45.6269],
[133.4403,45.6408],
[133.4401,45.6487],
[133.4828,45.6614],
[133.4744,45.6912],
[133.4539,45.6909],
[133.4397,45.7043],
[133.4293,45.6915],
[133.4209,45.6943],
[133.4474,45.7304],
[133.4799,45.7382],
[133.4573,45.7557],
[133.4651,45.7656],
[133.4624,45.7773],
[133.4758,45.7805],
[133.4912,45.7725],
[133.4977,45.7781],
[133.4889,45.7913],
[133.4649,45.7926],
[133.4627,45.8236],
[133.4617,45.8357],
[133.4897,45.8371],
[133.4782,45.8556],
[133.4867,45.8661],
[133.505,45.8657],
[133.5049,45.8887],
[133.5405,45.8957],
[133.5595,45.876],
[133.5847,45.8672],
[133.5911,45.8728],
[133.5884,45.8891],
[133.612,45.9048],
[133.5977,45.9327],
[133.6246,45.9443],
[133.6667,45.9397],
[133.6767,45.961],
[133.6737,45.9715],
[133.6756,45.9884],
[133.7356,46.0541],
[133.735,46.0772],
[133.7052,46.0995],
[133.6818,46.1377],
[133.688,46.1556],
[133.7427,46.166],
[133.778,46.184],
[133.8066,46.2292],
[133.823,46.2236],
[133.8255,46.207],
[133.8314,46.2006],
[133.8465,46.2031],
[133.8564,46.2244],
[133.8723,46.2305],
[133.8536,46.2486],
[133.9107,46.2635],
[133.8996,46.3012],
[133.9168,46.331],
[133.8928,46.3251],
[133.8627,46.3368],
[133.8652,46.3542],
[133.9374,46.3795],
[133.9415,46.3927],
[133.9274,46.4195],
[133.8908,46.4468],
[133.8543,46.4435],
[133.8434,46.4495],
[133.8415,46.4723],
[133.8639,46.5064],
[133.8865,46.5263],
[133.9131,46.5962],
[134.0024,46.634],
[134.0099,46.649],
[134.0238,46.6963],
[134.0162,46.724],
[134.0265,46.7546],
[134.0468,46.7742],
[134.0162,46.8108],
[134.0142,46.8237],
[134.0348,46.8449],
[134.0355,46.8855],
[134.0681,46.9329],
[134.0674,46.9556],
[134.0557,46.9751],
[134.0966,47.0088],
[134.1141,47.0425],
[134.1134,47.0617],
[134.1398,47.0925],
[134.1931,47.0974],
[134.2178,47.1077],
[134.2237,47.1662],
[134.2082,47.2035],
[134.1658,47.2325],
[134.1501,47.253],
[134.1693,47.3184],
[134.1944,47.3422],
[134.2538,47.3642],
[134.2609,47.3953],
[134.3076,47.4305],
[134.3451,47.441],
[134.397,47.4345],
[134.4501,47.4465],
[134.4862,47.443],
[134.5147,47.4649],
[134.5631,47.4784],
[134.5725,47.5185],
[134.6119,47.5363],
[134.6436,47.5713],
[134.6716,47.5869],
[134.6804,47.5981],
[134.6763,47.6295],
[134.7436,47.6837],
[134.7704,47.7151],
[134.7752,47.74],
[134.7661,47.7578],
[134.6936,47.8074],
[134.6626,47.8261],
[134.6671,47.8443],
[134.6609,47.8581],
[134.6698,47.8817],
[134.6475,47.8995],
[134.6013,47.9036],
[134.6015,47.932],
[134.5815,47.9548],
[134.5439,47.985],
[134.552,48.0075],
[134.5447,48.0324],
[134.5669,48.0412],
[134.5763,48.0621],
[134.6277,48.0968],
[134.6396,48.1288],
[134.6691,48.1551],
[134.6662,48.175],
[134.6751,48.1851],
[134.667,48.2355],
[134.6761,48.2573],
[134.723,48.2746],
[134.8733,48.3371],
[134.9873,48.3604],
[135.0566,48.3848],
[135.0807,48.4016],
[135.092,48.4367],
[135.0738,48.4568],
[135.0591,48.4556],
[135.0391,48.4369],
[135.0103,48.4333],
[134.9684,48.4363],
[134.9444,48.447],
[134.8996,48.438],
[134.8484,48.3893],
[134.7662,48.364],
[134.7126,48.3987],
[134.6639,48.4117],
[134.5807,48.4072],
[134.5013,48.4253],
[134.4707,48.4219],
[134.4344,48.398],
[134.3976,48.3863],
[134.2703,48.379],
[134.1883,48.3837],
[134.14,48.3382],
[134.1232,48.3319],
[134.034,48.3451],
[134.0144,48.3312],
[134.0074,48.3088],
[133.9941,48.3022],
[133.9496,48.3043],
[133.8338,48.2757],
[133.7978,48.26],
[133.7464,48.2568],
[133.7167,48.1915],
[133.7032,48.1843],
[133.6776,48.1822],
[133.6136,48.1999],
[133.5934,48.1983],
[133.5802,48.1886],
[133.5655,48.1374],
[133.5566,48.1303],
[133.4645,48.1091],
[133.3915,48.1236],
[133.3098,48.0981],
[133.266,48.0928],
[133.1818,48.1087],
[133.0653,48.1072],
[133.049,48.1025],
[133.03,48.0821],
[133.0078,48.0405],
[132.8631,47.9917],
[132.8158,47.935],
[132.7805,47.9251],
[132.7192,47.9619],
[132.6662,47.9559],
[132.6521,47.9356],
[132.6823,47.8854],
[132.6805,47.8721],
[132.5987,47.8103],
[132.5901,47.7716],
[132.6037,47.7421],
[132.5487,47.7143],
[132.5095,47.7174],
[132.4848,47.7158],
[132.4606,47.7302],
[132.428,47.7302],
[132.3844,47.7507],
[132.3436,47.7578],
[132.2929,47.7507],
[132.2829,47.742],
[132.2776,47.7201],
[132.2528,47.7081],
[132.2067,47.7147],
[132.1554,47.703],
[132.1106,47.7037],
[132.0454,47.6999],
[132.0157,47.7145],
[131.9995,47.7112],
[131.9892,47.7008],
[131.9828,47.6698],
[131.9427,47.6614],
[131.9266,47.6659],
[131.9099,47.6889],
[131.8669,47.6734],
[131.8122,47.6672],
[131.7648,47.682],
[131.736,47.7033],
[131.7101,47.7085],
[131.6767,47.7014],
[131.6451,47.6683],
[131.622,47.6569],
[131.5823,47.6586],
[131.5522,47.6825],
[131.5541,47.714],
[131.5475,47.7266],
[131.5214,47.7365],
[131.4248,47.7434],
[131.366,47.7267],
[131.3075,47.7292],
[131.2546,47.7348],
[131.2073,47.7203],
[131.1751,47.6953],
[131.0895,47.6832],
[130.9937,47.6962],
[130.9575,47.7203],
[130.9498,47.8255],
[130.8805,47.9178],
[130.864,47.9362],
[130.741,48.0056],
[130.7238,48.0321],
[130.6817,48.0472],
[130.676,48.0814],
[130.6562,48.0953],
[130.6537,48.1077],
[130.6673,48.1317],
[130.7468,48.1812],
[130.7496,48.2143],
[130.7649,48.2474],
[130.797,48.2585],
[130.8356,48.3017],
[130.8109,48.3428],
[130.7768,48.3518],
[130.7663,48.3585],
[130.7321,48.4303],
[130.7338,48.4489],
[130.7599,48.476],
[130.7626,48.4882],
[130.7347,48.5124],
[130.7171,48.5124],
[130.6601,48.4903],
[130.6256,48.4885],
[130.6084,48.5019],
[130.6074,48.5659],
[130.5994,48.585],
[130.5852,48.5953],
[130.5228,48.6121],
[130.5256,48.6336],
[130.589,48.7385],
[130.6157,48.7884],
[130.6812,48.8524],
[130.6821,48.8653],
[130.6693,48.8771],
[130.63,48.8819],
[130.5594,48.8583],
[130.5186,48.8534],
[130.4843,48.8685],
[130.4647,48.9003],
[130.4211,48.9039],
[130.3596,48.8917],
[130.2939,48.869],
[130.2419,48.8604],
[130.2243,48.8652],
[130.1643,48.9174],
[130.0506,48.9721],
[130.0197,49.0093],
[129.9979,49.02],
[129.9278,49.0327],
[129.9138,49.0425],
[129.9092,49.0581],
[129.9277,49.0735],
[129.9223,49.0943],
[129.8991,49.106],
[129.8584,49.1083],
[129.849,49.1151],
[129.8483,49.133],
[129.86,49.151],
[129.8529,49.1705],
[129.8424,49.1771],
[129.776,49.1798],
[129.7513,49.2041],
[129.7442,49.2506],
[129.7444,49.2644],
[129.7105,49.2911],
[129.6906,49.2963],
[129.6,49.2758],
[129.5772,49.2781],
[129.5593,49.2895],
[129.5477,49.3232],
[129.5454,49.3537],
[129.5366,49.398],
[129.5007,49.4247],
[129.4303,49.4416],
[129.393,49.4346],
[129.3688,49.4182],
[129.3656,49.3892],
[129.3779,49.3757],
[129.3672,49.3566],
[129.3521,49.3517],
[129.3088,49.357],
[129.2611,49.3918],
[129.226,49.3995],
[129.1746,49.3885],
[129.1262,49.3505],
[129.0734,49.3536],
[129.0505,49.3746],
[129.0399,49.4079],
[129.006,49.4451],
[128.9837,49.4569],
[128.9289,49.4611],
[128.8936,49.481],
[128.8603,49.4896],
[128.7933,49.4718],
[128.757,49.4758],
[128.7432,49.4831],
[128.739,49.4964],
[128.7472,49.5131],
[128.7945,49.5426],
[128.803,49.5649],
[128.7884,49.5812],
[128.7528,49.5934],
[128.7304,49.591],
[128.7174,49.5623],
[128.6584,49.57],
[128.6201,49.5904],
[128.5841,49.5929],
[128.5262,49.601],
[128.4828,49.5915],
[128.4553,49.5894],
[128.3697,49.5853],
[128.3574,49.5517],
[128.3296,49.5402],
[128.3167,49.5435],
[128.2808,49.5642],
[128.2345,49.5613],
[128.2234,49.55],
[128.2059,49.5388],
[128.1695,49.5361],
[128.1298,49.5483],
[128.1043,49.5443],
[128.0345,49.5556],
[128.0107,49.5762],
[127.9828,49.5843],
[127.959,49.5964],
[127.9104,49.5743],
[127.8428,49.5745],
[127.7983,49.5934],
[127.784,49.6158],
[127.7564,49.6377],
[127.7276,49.6473],
[127.6872,49.667],
[127.673,49.695],
[127.6724,49.7502],
[127.6652,49.7704],
[127.5566,49.7904],
[127.5409,49.801],
[127.5254,49.8191],
[127.5234,49.858],
[127.5417,49.917],
[127.534,49.9438],
[127.5313,49.9476],
[127.499,49.9719],
[127.4889,50.0127],
[127.5016,50.0594],
[127.5222,50.0867],
[127.5575,50.1163],
[127.5853,50.1457],
[127.6033,50.1809],
[127.6,50.2008],
[127.6029,50.2114],
[127.6015,50.2375],
[127.442,50.2708],
[127.4082,50.2783],
[127.3807,50.2851],
[127.3523,50.3087],
[127.3253,50.3351],
[127.3265,50.358],
[127.3639,50.4038],
[127.3627,50.4344],
[127.353,50.4435],
[127.2922,50.4568],
[127.2862,50.4702],
[127.304,50.4921],
[127.3108,50.5239],
[127.3564,50.5456],
[127.3655,50.5833],
[127.343,50.6106],
[127.3297,50.6251],
[127.2874,50.6638],
[127.281,50.7073],
[127.3011,50.7355],
[127.3002,50.7453],
[127.2913,50.7547],
[127.2331,50.7739],
[127.1477,50.8933],
[127.1062,50.9369],
[127.0463,50.9606],
[127.0243,50.9789],
[126.9858,51.0211],
[126.9177,51.057],
[126.9111,51.1399],
[126.8942,51.2033],
[126.9175,51.2358],
[126.9742,51.3002],
[126.9773,51.3202],
[126.96,51.3329],
[126.8809,51.321],
[126.8676,51.3093],
[126.8767,51.2955],
[126.9032,51.2816],
[126.9157,51.2613],
[126.8999,51.2449],
[126.8608,51.2456],
[126.8436,51.2528],
[126.8115,51.2891],
[126.8077,51.3132],
[126.8275,51.3414],
[126.893,51.3391],
[126.9179,51.3499],
[126.9238,51.3628],
[126.9147,51.3902],
[126.8961,51.4082],
[126.801,51.4207],
[126.7758,51.4438],
[126.8064,51.4933],
[126.8386,51.5232],
[126.8331,51.5344],
[126.7087,51.5686],
[126.6726,51.5908],
[126.6695,51.5987],
[126.6802,51.6107],
[126.7217,51.6245],
[126.7336,51.6376],
[126.7317,51.6572],
[126.7128,51.6819],
[126.7279,51.7066],
[126.7156,51.7269],
[126.6709,51.7272],
[126.6591,51.7342],
[126.6574,51.7583],
[126.6177,51.7744],
[126.5983,51.8042],
[126.5751,51.823],
[126.5572,51.8597],
[126.5378,51.885],
[126.5095,51.904],
[126.5018,51.9221],
[126.4566,51.9441],
[126.4541,51.9615],
[126.4619,51.9779],
[126.4535,51.9917],
[126.4336,52.0142],
[126.4383,52.0255],
[126.4752,52.0406],
[126.5148,52.0372],
[126.5125,52.0532],
[126.5312,52.0681],
[126.5368,52.0988],
[126.5566,52.1201],
[126.5451,52.1367],
[126.4899,52.1597],
[126.4302,52.1684],
[126.4018,52.183],
[126.3132,52.1994],
[126.2951,52.216],
[126.3114,52.24],
[126.3462,52.2624],
[126.3969,52.2802],
[126.4326,52.2801],
[126.4252,52.297],
[126.3959,52.3015],
[126.3373,52.3021],
[126.3207,52.3221],
[126.3109,52.337],
[126.3405,52.3549],
[126.3469,52.3831],
[126.34,52.3959],
[126.2626,52.4736],
[126.1989,52.4642],
[126.184,52.4696],
[126.1851,52.4942],
[126.2017,52.531],
[126.1521,52.5635],
[126.0961,52.5927],
[126.0548,52.6016],
[126.0459,52.5804],
[126.027,52.5739],
[126.012,52.5785],
[125.9728,52.6086],
[125.9633,52.6225],
[125.9617,52.6504],
[125.9834,52.6732],
[126.063,52.6814],
[126.0656,52.6949],
[126.0377,52.7403],
[126.1078,52.7571],
[126.1091,52.7658],
[126.0436,52.7979],
[126.0083,52.7927],
[125.9924,52.7678],
[125.9676,52.7565],
[125.9287,52.7696],
[125.9092,52.8186],
[125.8445,52.8676],
[125.8464,52.8896],
[125.7667,52.8967],
[125.7444,52.8795],
[125.7182,52.8796],
[125.6958,52.8663],
[125.6655,52.8612],
[125.6555,52.869],
[125.6536,52.9051],
[125.6663,52.9224],
[125.7243,52.9388],
[125.7248,52.9697],
[125.7427,52.984],
[125.6727,53.0073],
[125.6367,53.035],
[125.6291,53.0649],
[125.6143,53.078],
[125.5836,53.0798],
[125.5076,53.0485],
[125.4968,53.0607],
[125.4981,53.0885],
[125.4811,53.1002],
[125.4087,53.1171],
[125.3023,53.1459],
[125.2774,53.1594],
[125.2502,53.1763],
[125.1578,53.2038],
[124.9755,53.1958],
[124.8805,53.1655],
[124.8779,53.1553],
[124.8996,53.1216],
[124.8935,53.1013],
[124.8824,53.0963],
[124.8486,53.1057],
[124.8349,53.1376],
[124.8239,53.1431],
[124.7508,53.1399],
[124.7117,53.1514],
[124.7066,53.1636],
[124.7198,53.1831],
[124.6968,53.1941],
[124.6369,53.2072],
[124.5097,53.2019],
[124.4798,53.2176],
[124.4373,53.214],
[124.4034,53.2478],
[124.3619,53.2592],
[124.3601,53.2737],
[124.3393,53.2941],
[124.3203,53.3292],
[124.2797,53.3461],
[124.2323,53.3778],
[124.165,53.3672],
[124.1204,53.3453],
[124.0821,53.359],
[124.0707,53.3689],
[124.0746,53.3885],
[124.0512,53.4011],
[124.0081,53.3976],
[123.9783,53.4298],
[123.8551,53.4874],
[123.7965,53.486],
[123.7456,53.4967],
[123.7089,53.4909],
[123.6855,53.4983],
[123.6483,53.5313],
[123.6218,53.5453],
[123.583,53.5475],
[123.563,53.504],
[123.5392,53.495],
[123.5229,53.5026],
[123.5502,53.5283],
[123.5504,53.5401],
[123.5335,53.5534],
[123.5059,53.555],
[123.4915,53.5489],
[123.4786,53.5281],
[123.5019,53.5094],
[123.492,53.4963],
[123.4711,53.5003],
[123.4484,53.5341],
[123.3755,53.5365],
[123.3287,53.5492],
[123.3044,53.5597],
[123.2462,53.557],
[123.223,53.5496],
[123.1714,53.5085],
[123.1373,53.4981],
[123.06,53.5067],
[122.9332,53.4805],
[122.893,53.4615],
[122.8261,53.4558],
[122.5961,53.4639],
[122.5309,53.4506],
[122.4803,53.4573],
[122.4537,53.4429],
[122.4297,53.4432],
[122.3756,53.4668],
[122.3497,53.5003],
[122.3272,53.5014],
[122.2436,53.4637],
[122.1592,53.4691],
[122.1118,53.4315],
[122.0689,53.4202],
[121.9922,53.4286],
[121.9079,53.4215],
[121.871,53.4263],
[121.7338,53.3859],
[121.6842,53.3901],
[121.6561,53.3739],
[121.5581,53.3451],
[121.4929,53.334],
[121.4819,53.3329],
[121.4456,53.322],
[121.3783,53.3187],
[121.3271,53.3232],
[121.299,53.2988],
[121.276,53.2888],
[121.2454,53.2903],
[121.2265,53.2792],
[121.1476,53.283],
[121.1218,53.2752],
[121.1097,53.2936],
[121.0875,53.3053],
[121.0641,53.3027],
[121.0355,53.2869],
[120.9485,53.2964],
[120.9255,53.2854],
[120.8987,53.2852],
[120.875,53.2927],
[120.8751,53.2821],
[120.8126,53.2664],
[120.8332,53.2476],
[120.8327,53.2387],
[120.8103,53.2398],
[120.6846,53.1751],
[120.6914,53.1586],
[120.6876,53.1453],
[120.65,53.1337],
[120.636,53.1039],
[120.6037,53.0986],
[120.538,53.0705],
[120.5199,53.0428],
[120.4369,53.0024],
[120.4124,52.9698],
[120.4059,52.9581],
[120.3529,52.9375],
[120.339,52.8999],
[120.289,52.8922],
[120.2874,52.8658],
[120.217,52.8423],
[120.1792,52.8081],
[120.1374,52.8127],
[120.0859,52.7838],
[120.0266,52.7763],
[120.0281,52.7587],
[120.0618,52.7072],
[120.0268,52.6355],
[120.0412,52.5977],
[120.074,52.584],
[120.1846,52.577],
[120.282,52.6221],
[120.4014,52.6187],
[120.4291,52.6383],
[120.459,52.6435],
[120.554,52.5952],
[120.5953,52.5905],
[120.6184,52.5706],
[120.6557,52.5662],
[120.6812,52.5466],
[120.7082,52.5504],
[120.7223,52.544],
[120.7226,52.5299],
[120.6804,52.5105],
[120.6998,52.4913],
[120.6766,52.4659],
[120.6836,52.4357],
[120.6427,52.3896],
[120.6431,52.3624],
[120.6151,52.3579],
[120.6214,52.3247],
[120.6496,52.2999],
[120.6928,52.287],
[120.7108,52.2589],
[120.747,52.2575],
[120.756,52.2467],
[120.7374,52.2255],
[120.7391,52.2045],
[120.7795,52.1585],
[120.7537,52.1357],
[120.7609,52.1085],
[120.7348,52.0925],
[120.7458,52.0782],
[120.7191,52.0774],
[120.6791,52.0362],
[120.7118,52.0072],
[120.697,51.9811],
[120.6542,51.9548],
[120.6553,51.9308],
[120.6476,51.9227],
[120.5811,51.9088],
[120.5505,51.9122],
[120.541,51.9053],
[120.546,51.8868],
[120.5355,51.878],
[120.4697,51.8825],
[120.4645,51.8767],
[120.4747,51.8614],
[120.4698,51.8515],
[120.394,51.832],
[120.3989,51.8136],
[120.3683,51.8063],
[120.3558,51.7874],
[120.3085,51.7835],
[120.2875,51.7498],
[120.2657,51.7495],
[120.2539,51.7324],
[120.2251,51.7257],
[120.1667,51.6781],
[120.1304,51.6721],
[120.0804,51.6783],
[120.0953,51.649],
[120.0569,51.6368],
[120.0437,51.6069],
[120.0276,51.5836],
[120.0428,51.5703],
[120.0444,51.5513],
[120.0264,51.5448],
[120.0224,51.5304],
[120.007,51.5172],
[119.9781,51.5043],
[119.985,51.4961],
[119.9753,51.481],
[119.9954,51.4536],
[119.9683,51.4352],
[119.9646,51.3996],
[119.9023,51.389],
[119.9079,51.3731],
[119.9396,51.3608],
[119.9162,51.3447],
[119.8783,51.3375],
[119.8746,51.2969],
[119.8414,51.2936],
[119.8039,51.2803],
[119.8206,51.2612],
[119.7903,51.244],
[119.8148,51.2291],
[119.8132,51.2129],
[119.7781,51.2245],
[119.7525,51.2127],
[119.7677,51.1802],
[119.7801,51.1744],
[119.7789,51.1624],
[119.7519,51.1635],
[119.7749,51.1547],
[119.7696,51.1327],
[119.7436,51.1147],
[119.7588,51.1024],
[119.7563,51.0906],
[119.7354,51.086],
[119.7359,51.0742],
[119.7089,51.072],
[119.7216,51.0649],
[119.7176,51.0481],
[119.6946,51.0388],
[119.6978,51.0275],
[119.699,51.0179],
[119.6907,51.0133],
[119.6875,51.0291],
[119.6629,51.012],
[119.6244,51.009],
[119.6239,50.9956],
[119.6145,50.9908],
[119.6088,50.9886],
[119.5897,50.9824],
[119.5685,50.9464],
[119.563,50.9337],
[119.5105,50.8975],
[119.5273,50.8827],
[119.5217,50.8631],
[119.5028,50.8577],
[119.5143,50.8492],
[119.5117,50.8423],
[119.4879,50.8436],
[119.4904,50.8274],
[119.5023,50.8188],
[119.5043,50.7968],
[119.5156,50.7888],
[119.4968,50.786],
[119.5028,50.7758],
[119.4869,50.7738],
[119.4994,50.7638],
[119.4917,50.7462],
[119.4399,50.6922],
[119.4257,50.6831],
[119.4137,50.6853],
[119.3736,50.68],
[119.3724,50.6716],
[119.3865,50.6622],
[119.3696,50.6549],
[119.3601,50.6378],
[119.3441,50.6281],
[119.3282,50.6407],
[119.3265,50.6236],
[119.2883,50.6149],
[119.2742,50.6034],
[119.2914,50.5826],
[119.2885,50.5737],
[119.2632,50.5696],
[119.2578,50.5616],
[119.275,50.5522],
[119.2712,50.5428],
[119.2569,50.5381],
[119.2556,50.5099],
[119.2255,50.5009],
[119.2551,50.488],
[119.2568,50.4686],
[119.2329,50.4606],
[119.2438,50.4482],
[119.2358,50.4412],
[119.2155,50.4403],
[119.2174,50.4285],
[119.2042,50.4229],
[119.2059,50.4092],
[119.176,50.422],
[119.1628,50.4165],
[119.1687,50.4126],
[119.1631,50.4043],
[119.1556,50.4045],
[119.1675,50.397],
[119.1505,50.4001],
[119.1526,50.3901],
[119.1427,50.3902],
[119.1477,50.3793],
[119.1693,50.3771],
[119.1494,50.366],
[119.1514,50.3581],
[119.1881,50.3615],
[119.1716,50.353],
[119.1754,50.3467],
[119.2049,50.3625],
[119.2241,50.364],
[119.2283,50.3456],
[119.2468,50.3417],
[119.269,50.3647],
[119.2902,50.355],
[119.2944,50.3442],
[119.3003,50.3461],
[119.2979,50.3551],
[119.3128,50.35],
[119.3214,50.3605],
[119.3508,50.3576],
[119.3616,50.3492],
[119.3511,50.345],
[119.3629,50.3414],
[119.3648,50.3316],
[119.3501,50.3261],
[119.3791,50.3204],
[119.3433,50.3028],
[119.3439,50.2843],
[119.316,50.2809],
[119.3331,50.2755],
[119.3241,50.2618],
[119.3401,50.2547],
[119.3287,50.2562],
[119.3324,50.243],
[119.319,50.2389],
[119.3263,50.2355],
[119.3165,50.2349],
[119.3098,50.2164],
[119.3527,50.1945],
[119.3287,50.1878],
[119.3312,50.1757],
[119.3192,50.1628],
[119.2972,50.1549],
[119.3006,50.132],
[119.2892,50.1363],
[119.2819,50.1211],
[119.292,50.1178],
[119.2861,50.1094],
[119.2497,50.099],
[119.2533,50.0933],
[119.233,50.086],
[119.2353,50.0755],
[119.1981,50.0776],
[119.1818,50.0875],
[119.1851,50.0743],
[119.1786,50.0726],
[119.1868,50.0681],
[119.1722,50.0608],
[119.1809,50.0562],
[119.1731,50.0482],
[119.1684,50.0452],
[119.1751,50.0412],
[119.1572,50.0344],
[119.1558,50.0213],
[119.1466,50.0305],
[119.1365,50.0287],
[119.147,50.0253],
[119.1164,50.0173],
[119.1109,50.0002],
[119.1002,50.0043],
[119.103,49.9988],
[119.0828,49.984],
[119.067,49.9919],
[119.0485,49.9786],
[119.0341,49.9883],
[118.9758,49.9767],
[118.9631,49.9829],
[118.9704,49.9862],
[118.9336,49.9924],
[118.9037,49.9765],
[118.8817,49.9726],
[118.87,49.9795],
[118.8713,49.9696],
[118.8439,49.9683],
[118.8396,49.966],
[118.8277,49.9589],
[118.7966,49.9677],
[118.78,49.9597],
[118.7874,49.9564],
[118.7828,49.9525],
[118.7572,49.9587],
[118.7471,49.9469],
[118.7407,49.9494],
[118.7059,49.9474],
[118.6895,49.9556],
[118.69,49.9476],
[118.6538,49.9535],
[118.659,49.9475],
[118.643,49.9491],
[118.6494,49.9381],
[118.6379,49.9357],
[118.6151,49.948],
[118.61,49.9427],
[118.6198,49.9369],
[118.6041,49.9341],
[118.6092,49.9243],
[118.6002,49.9334],
[118.5985,49.9252],
[118.5903,49.9318],
[118.5738,49.9248],
[118.5669,49.93],
[118.5533,49.9191],
[118.5618,49.9111],
[118.543,49.9072],
[118.5577,49.9003],
[118.5267,49.901],
[118.5189,49.8964],
[118.5243,49.8875],
[118.5177,49.8806],
[118.48,49.8711],
[118.4859,49.8673],
[118.4774,49.8649],
[118.4909,49.8582],
[118.479,49.8555],
[118.4792,49.8484],
[118.4914,49.8388],
[118.4677,49.8388],
[118.4754,49.8369],
[118.4672,49.83],
[118.4769,49.8293],
[118.4656,49.823],
[118.4546,49.8356],
[118.4324,49.834],
[118.4178,49.8227],
[118.3776,49.8256],
[118.3958,49.8047],
[118.3772,49.7985],
[118.3819,49.7917],
[118.3717,49.7872],
[118.3811,49.7839],
[118.3791,49.7774],
[118.3457,49.7782],
[118.3275,49.7641],
[118.3228,49.7677],
[118.3058,49.773],
[118.3035,49.7593],
[118.2864,49.7539],
[118.2926,49.7507],
[118.2841,49.7443],
[118.2271,49.7363],
[118.2347,49.7309],
[118.2246,49.7146],
[118.2031,49.7102],
[118.2129,49.7022],
[118.1983,49.6827],
[118.1706,49.6821],
[118.1735,49.6746],
[118.1604,49.6657],
[118.1655,49.659],
[118.1549,49.6671],
[118.1498,49.658],
[118.1366,49.6615],
[118.1059,49.6703],
[118.1157,49.6672],
[118.1085,49.663],
[118.1123,49.6546],
[118.1039,49.6546],
[118.1113,49.646],
[118.0955,49.645],
[118.0994,49.6355],
[118.0819,49.6324],
[118.0871,49.6306],
[118.074,49.6138],
[118.0107,49.6127],
[117.9809,49.6215],
[117.9667,49.6097],
[117.9467,49.6082],
[117.9451,49.6029],
[117.9542,49.6055],
[117.9434,49.5937],
[117.9278,49.5985],
[117.8909,49.5936],
[117.8847,49.5435],
[117.8692,49.5375],
[117.8772,49.5335],
[117.8803,49.513],
[117.8576,49.5105],
[117.845,49.5296],
[117.8337,49.5294],
[117.8376,49.5408],
[117.832,49.5423],
[117.7934,49.52],
[117.7929,49.5202],
[117.5968,49.5788],
[117.5908,49.5811],
[117.4716,49.6264],
[117.4542,49.6268],
[117.3092,49.6304],
[117.2733,49.6308],
[117.2145,49.6459],
[117.1325,49.6668],
[117.0614,49.6856],
[116.7137,49.8457],
[116.7059,49.8527],
[116.436,49.4106],
[116.4242,49.3632],
[116.4219,49.2928],
[116.436,49.1639],
[116.2234,48.8596],
[116.1318,48.7962],
[115.9767,48.6242],
[115.9039,48.5775],
[115.8499,48.5542],
[115.817,48.5247],
[115.79,48.3743],
[115.7994,48.3275],
[115.9474,48.2212],
[115.9591,48.193],
[115.9568,48.1601],
[115.9309,48.1334],
[115.851,48.1083],
[115.8088,48.1052],
[115.7665,48.0754],
[115.743,48.0236],
[115.7336,47.9638],
[115.703,47.9119],
[115.6913,47.8709],
[115.6937,47.8292],
[115.8581,47.573],
[115.9192,47.5318],
[115.9662,47.5223],
[116.0319,47.5302],
[116.1024,47.5191],
[116.2598,47.435],
[116.3115,47.4159],
[116.3655,47.408],
[117.0726,47.3793],
[117.4438,47.6158],
[117.564,47.6506],
[117.5798,47.6419],
[117.6557,47.6583],
[117.6757,47.6767],
[117.7716,47.7229],
[117.8759,47.809],
[117.8868,47.8385],
[117.8824,47.8859],
[117.8677,47.9037],
[117.8397,47.8978],
[117.8441,47.9234],
[117.8765,47.9289],
[117.9325,47.9229],
[117.9597,47.9269],
[117.9774,47.9387],
[118.0017,47.9328],
[118.0674,47.9371],
[118.0762,47.9475],
[118.0769,47.9904],
[118.1086,48.0056],
[118.1152,48.0199],
[118.1378,48.0311],
[118.1337,48.0344],
[118.1699,48.0482],
[118.1806,48.0389],
[118.1975,48.0423],
[118.2311,48.041],
[118.2302,48.0283],
[118.2493,48.0192],
[118.2574,48.0249],
[118.2704,48.0069],
[118.2904,48.0032],
[118.3034,48.011],
[118.3425,48.0036],
[118.3567,48.0047],
[118.3538,48.0108],
[118.3625,48.0136],
[118.4175,48.014],
[118.4346,48.0011],
[118.4353,47.9923],
[118.4506,47.9965],
[118.4739,47.9849],
[118.4826,47.9635],
[118.4643,47.9057],
[118.471,47.8682],
[118.5146,47.8477],
[118.5508,47.8409],
[118.5654,47.8273],
[118.5712,47.7307],
[118.6133,47.6408],
[118.6466,47.6369],
[118.667,47.6222],
[118.7254,47.6156],
[118.7718,47.599],
[118.7922,47.5813],
[118.8342,47.5676],
[118.8938,47.5618],
[118.9359,47.549],
[118.9664,47.5292],
[119.1525,47.4973],
[119.1946,47.4473],
[119.3215,47.4243],
[119.3475,47.4288],
[119.3425,47.4236],
[119.3587,47.422],
[119.3594,47.4119],
[119.3691,47.4078],
[119.3621,47.4034],
[119.4637,47.3582],
[119.4577,47.3526],
[119.4799,47.3335],
[119.4744,47.3269],
[119.4834,47.3225],
[119.4998,47.3258],
[119.5214,47.3167],
[119.5207,47.3021],
[119.5301,47.307],
[119.5325,47.2999],
[119.5555,47.2996],
[119.5507,47.2891],
[119.5605,47.2856],
[119.5537,47.2833],
[119.5618,47.2762],
[119.5494,47.2779],
[119.5618,47.2675],
[119.5589,47.2564],
[119.5508,47.2561],
[119.5703,47.2441],
[119.564,47.2416],
[119.5723,47.2334],
[119.576,47.2044],
[119.5593,47.1943],
[119.5519,47.1666],
[119.5129,47.1615],
[119.4827,47.1287],
[119.5,47.0548],
[119.446,47.0465],
[119.3868,47.0132],
[119.3676,46.974],
[119.3903,46.9574],
[119.4321,46.9621],
[119.4878,46.9455],
[119.5209,46.9241],
[119.6115,46.9336],
[119.6342,46.9288],
[119.6725,46.9026],
[119.7196,46.8967],
[119.7457,46.8788],
[119.7422,46.8395],
[119.7614,46.8133],
[119.8261,46.6723],
[119.8026,46.6818],
[119.8069,46.6674],
[119.7746,46.6253],
[119.7461,46.6117],
[119.7315,46.6147],
[119.6773,46.5855],
[119.6661,46.6171],
[119.6457,46.6248],
[119.61,46.6193],
[119.5814,46.6137],
[119.5555,46.6339],
[119.48,46.6291],
[119.4305,46.6386],
[119.3756,46.6055],
[119.3416,46.6178],
[119.3006,46.6087],
[119.2625,46.6279],
[119.2579,46.6423],
[119.2209,46.6508],
[119.1864,46.6438],
[119.1408,46.656],
[119.1308,46.6487],
[119.1008,46.6475],
[119.0449,46.6957],
[119.0129,46.7315],
[119.0083,46.7463],
[118.9999,46.7511],
[118.9579,46.7372],
[118.9424,46.7212],
[118.9159,46.724],
[118.9011,46.7325],
[118.915,46.743],
[118.9097,46.7701],
[118.8969,46.7758],
[118.8324,46.7673],
[118.8084,46.7334],
[118.7834,46.7172],
[118.7935,46.7001],
[118.7896,46.6857],
[118.6737,46.6961],
[118.6475,46.7194],
[118.5775,46.6934],
[118.449,46.7048],
[118.4024,46.727],
[118.3129,46.74],
[118.273,46.7199],
[118.2278,46.713],
[118.2114,46.6924],
[118.1912,46.6826],
[118.1156,46.6787],
[118.1008,46.6618],
[118.0355,46.6261],
[117.9681,46.6113],
[117.9269,46.6134],
[117.8626,46.5679],
[117.8641,46.5465],
[117.8316,46.5283],
[117.7664,46.5327],
[117.7606,46.5241],
[117.702,46.5133],
[117.6353,46.5547],
[117.6327,46.5791],
[117.6157,46.5949],
[117.5882,46.6033],
[117.5715,46.5955],
[117.5245,46.5982],
[117.514,46.5902],
[117.4938,46.5984],
[117.4151,46.5805],
[117.4407,46.5255],
[117.3922,46.4782],
[117.3694,46.4085],
[117.3803,46.3969],
[117.3685,46.3605],
[117.2432,46.3649],
[117.0885,46.3544],
[116.8965,46.377],
[116.8813,46.3735],
[116.8315,46.3837],
[116.816,46.3753],
[116.8109,46.3554],
[116.7732,46.3453],
[116.7611,46.3292],
[116.6578,46.3211],
[116.5983,46.303],
[116.5776,46.2887],
[116.5661,46.2537],
[116.5148,46.2157],
[116.4343,46.1377],
[116.4152,46.1332],
[116.3851,46.1117],
[116.2639,45.9614],
[116.2492,45.9024],
[116.2356,45.8823],
[116.2376,45.8726],
[116.268,45.8521],
[116.2665,45.8439],
[116.2794,45.8395],
[116.2712,45.8289],
[116.28,45.7707],
[116.2605,45.7697],
[116.2367,45.7539],
[116.2146,45.7417],
[116.216,45.7254],
[116.2059,45.7169],
[116.1723,45.6892],
[116.1215,45.6773],
[116.0283,45.6818],
[116.0149,45.6561],
[115.9319,45.6295],
[115.8691,45.5803],
[115.691,45.4582],
[115.5576,45.4362],
[115.3529,45.3877],
[115.1648,45.3962],
[114.9741,45.376],
[114.9155,45.3817],
[114.7372,45.4373],
[114.6797,45.4198],
[114.5976,45.4052],
[114.5411,45.3845],
[114.5416,45.3471],
[114.528,45.2927],
[114.4562,45.2061],
[114.3847,45.1434],
[114.1911,45.0421],
[114.171,45.0225],
[114.1605,44.9956],
[114.1334,44.9667],
[114.0891,44.9417],
[114.0562,44.9256],
[113.8986,44.912],
[113.8701,44.8744],
[113.7813,44.8418],
[113.6806,44.7688],
[113.6256,44.7424],
[113.463,44.7759],
[113.3931,44.7811],
[113.1143,44.7983],
[112.938,44.8386],
[112.8433,44.8391],
[112.7568,44.8626],
[112.5978,44.9275],
[112.544,44.9846],
[112.5188,45.0126],
[112.4201,45.075],
[112.3743,45.0616],
[112.1114,45.0716],
[112.0618,45.0959],
[111.9809,45.0869],
[111.9535,45.0718],
[111.8809,45.0418],
[111.7695,44.9806],
[111.6479,44.8132],
[111.6049,44.7558],
[111.5611,44.6698],
[111.5534,44.6454],
[111.5611,44.5713],
[111.5291,44.5521],
[111.5083,44.5085],
[111.469,44.4787],
[111.4249,44.4009],
[111.4093,44.3446],
[111.4251,44.3175],
[111.5026,44.2912],
[111.522,44.2658],
[111.5192,44.249],
[111.5392,44.1918],
[111.6543,44.062],
[111.6931,44.0354],
[111.7882,43.996],
[111.8303,43.9651],
[111.8698,43.9366],
[111.9067,43.8863],
[111.959,43.8191],
[111.9676,43.7445],
[111.9498,43.698],
[111.9462,43.69],
[111.8831,43.6722],
[111.7877,43.6664],
[111.5729,43.4908],
[111.4647,43.4901],
[111.4204,43.4819],
[111.3896,43.4699],
[111.3449,43.4307],
[111.2592,43.4132],
[111.1527,43.3793],
[111.0479,43.3419],
[110.9874,43.307],
[110.7669,43.0999],
[110.7093,43.0637],
[110.6823,43.0351],
[110.6835,43.0141],
[110.624,42.9328],
[110.5481,42.886],
[110.478,42.8419],
[110.4641,42.8326],
[110.4329,42.7772],
[110.334,42.736],
[110.2831,42.7173],
[110.1363,42.6721],
[110.1008,42.6391],
[109.9003,42.6317],
[109.7442,42.5786],
[109.6688,42.5513],
[109.5285,42.4675],
[109.4954,42.4663],
[109.4692,42.4535],
[109.3822,42.4463],
[109.2839,42.4345],
[109.0244,42.4542],
[108.9715,42.4456],
[108.8385,42.3956],
[108.7956,42.4139],
[108.6999,42.4103],
[108.539,42.4406],
[108.3062,42.4359],
[108.2735,42.447],
[108.2408,42.4606],
[108.1421,42.4425],
[108.0167,42.4313],
[107.9796,42.4123],
[107.9188,42.4023],
[107.5659,42.4116],
[107.4962,42.455],
[107.4532,42.4567],
[107.2928,42.4081],
[107.257,42.3628],
[107.0411,42.3143],
[106.786,42.2914],
[106.7208,42.2706],
[106.1531,42.0804],
[106.0282,42.0398],
[105.6969,41.9309],
[105.5921,41.8848],
[105.4387,41.8113],
[105.3859,41.795],
[105.3741,41.7778],
[105.289,41.7471],
[105.2293,41.7477],
[105.217,41.7253],
[105.0077,41.58],
[104.9164,41.6525],
[104.682,41.6442],
[104.517,41.6596],
[104.4991,41.6793],
[104.5038,41.742],
[104.4974,41.7723],
[104.5188,41.8231],
[104.5237,41.8734],
[104.4804,41.8643],
[104.3425,41.845],
[104.0782,41.8005],
[104.059,41.7891],
[104.0211,41.8029],
[103.8911,41.7956],
[103.7953,41.8073],
[103.7436,41.8244],
[103.4111,41.8813],
[102.9917,42.0324],
[102.9277,42.0614],
[102.7669,42.1255],
[102.7009,42.1387],
[102.6162,42.1397],
[102.5507,42.1589],
[102.5169,42.1461],
[102.4424,42.1419],
[102.1713,42.2039],
[102.1525,42.1959],
[102.0967,42.1999],
[102.0246,42.2242],
[102.0258,42.2362],
[102.0484,42.2525],
[101.8007,42.5034],
[101.567,42.5254],
[100.848,42.6718],
[100.3184,42.6869],
[100.2678,42.6353],
[100.0508,42.6451],
[100.0158,42.6365],
[99.9639,42.6461],
[99.5969,42.5827],
[99.5037,42.5651],
[99.1696,42.5905],
[98.6184,42.6317],
[98.1923,42.652],
[97.8444,42.7019],
[97.225,42.7874],
[97.1716,42.7946],
[96.9777,42.7544],
[96.7475,42.755],
[96.6415,42.7461],
[96.3876,42.7247],
[96.3638,42.8981],
[96.1124,43.0851],
[95.9092,43.2357],
[95.877,43.2772],
[95.8576,43.4136],
[95.7358,43.5943],
[95.6475,43.7763],
[95.6229,43.8514],
[95.5228,44.0051],
[95.4418,44.0051],
[95.3738,44.0244],
[95.3506,44.0193],
[95.3201,44.0295],
[95.3476,44.0892],
[95.3509,44.143],
[95.3689,44.2212],
[95.4063,44.2417],
[95.426,44.2808],
[95.4098,44.2938],
[94.9987,44.2509],
[94.9336,44.2941],
[94.8238,44.318],
[94.766,44.34],
[94.7186,44.3408],
[94.6717,44.3938],
[94.6105,44.4425],
[94.5116,44.4776],
[94.4623,44.5105],
[94.3906,44.5225],
[94.3478,44.5166],
[94.3418,44.5593],
[94.3264,44.5824],
[94.2762,44.6049],
[94.2218,44.6465],
[94.2114,44.6677],
[94.15,44.6836],
[94.0621,44.7324],
[93.7282,44.8612],
[93.7115,44.8761],
[93.7095,44.8967],
[93.6938,44.895],
[93.6708,44.9099],
[93.5075,44.967],
[93.5019,44.9567],
[93.4895,44.96],
[93.4786,44.9655],
[93.4648,44.9577],
[93.428,44.9563],
[93.3673,44.9878],
[93.3385,44.9869],
[93.3239,44.9944],
[93.3152,44.9803],
[93.2855,44.9824],
[93.2045,45.0025],
[93.1682,45.0133],
[93.0935,45.007],
[93.0544,45.0162],
[92.9984,45.0106],
[92.9848,44.9994],
[92.9712,45.014],
[92.9294,45.0157],
[92.9247,45.0349],
[92.8816,45.0465],
[92.8479,45.0374],
[92.7759,45.0498],
[92.7187,45.0323],
[92.6449,45.0205],
[92.5494,45.0177],
[92.4905,45.0001],
[92.4184,45.0169],
[92.3435,45.0124],
[92.3133,45.0268],
[92.2484,45.0211],
[92.2349,45.0135],
[92.0996,45.0755],
[92.0375,45.0822],
[91.8008,45.0816],
[91.6802,45.062],
[91.6135,45.0662],
[91.5686,45.0826],
[91.5586,45.0683],
[91.5332,45.0884],
[91.4983,45.0989],
[91.461,45.1467],
[91.4302,45.1563],
[91.3907,45.126],
[91.3854,45.1117],
[91.3729,45.1092],
[91.3364,45.1212],
[91.3352,45.1238],
[91.2417,45.1319],
[91.2233,45.1503],
[91.1913,45.156],
[91.1782,45.1669],
[91.1638,45.1995],
[91.1222,45.2141],
[91.0778,45.2143],
[91.0489,45.2057],
[90.9952,45.2138],
[90.9464,45.1953],
[90.8838,45.1893],
[90.8645,45.2041],
[90.895,45.2503],
[90.8694,45.2822],
[90.8329,45.2989],
[90.8017,45.2886],
[90.8116,45.325],
[90.7743,45.3951],
[90.7699,45.4284],
[90.6703,45.487],
[90.6678,45.5436],
[90.6785,45.6054],
[90.715,45.7276],
[90.8479,45.8873],
[91.022,46.0223],
[91.0196,46.057],
[91.0084,46.0784],
[91.0158,46.0861],
[91.0105,46.1243],
[90.9749,46.1623],
[90.9441,46.2252],
[90.9492,46.2292],
[90.8916,46.3127],
[90.9056,46.3144],
[90.9693,46.3607],
[90.9945,46.4226],
[91.0085,46.4365],
[91.0095,46.4608],
[91.0264,46.4758],
[91.0371,46.5015],
[91.0524,46.5111],
[91.0509,46.5354],
[91.0749,46.5576],
[91.0659,46.5756],
[91.0144,46.5806],
[91.0146,46.6096],
[91.0484,46.7198],
[91.031,46.7441],
[91.0165,46.7501],
[91.0162,46.7639],
[90.9896,46.7712],
[90.9853,46.7967],
[90.9658,46.7996],
[90.9577,46.8174],
[90.9372,46.8259],
[90.9537,46.8532],
[90.9556,46.8775],
[90.9434,46.8908],
[90.9356,46.8867],
[90.9172,46.9114],
[90.9138,46.9224],
[90.9216,46.9369],
[90.9089,46.9427],
[90.9021,46.9574],
[90.8536,46.9801],
[90.8528,46.9899],
[90.8296,46.9894],
[90.8214,46.999],
[90.7631,46.9931],
[90.7639,47.0053],
[90.7411,47.0268],
[90.7273,47.03],
[90.6911,47.0809],
[90.6644,47.0937],
[90.6486,47.1121],
[90.6511,47.1329],
[90.6302,47.134],
[90.6207,47.148],
[90.618,47.1596],
[90.5945,47.168],
[90.5837,47.1973],
[90.5598,47.2052],
[90.5583,47.2258],
[90.5376,47.2403],
[90.5365,47.2537],
[90.5121,47.2996],
[90.4774,47.3238],
[90.5058,47.3382],
[90.4985,47.3572],
[90.5203,47.3768],
[90.5021,47.4019],
[90.4825,47.3958],
[90.4578,47.4069],
[90.4543,47.4407],
[90.4678,47.448],
[90.4716,47.4909],
[90.4528,47.5006],
[90.4494,47.5173],
[90.3962,47.5421],
[90.3925,47.5665],
[90.3783,47.5859],
[90.3816,47.5929],
[90.3443,47.6268],
[90.3528,47.6474],
[90.3728,47.6447],
[90.3676,47.6602],
[90.3217,47.6858],
[90.2586,47.6935],
[90.2431,47.7081],
[90.2168,47.7041],
[90.1784,47.726],
[90.1396,47.7225],
[90.1236,47.7306],
[90.1188,47.7462],
[90.0805,47.7658],
[90.0657,47.7925],
[90.0742,47.7998],
[90.066,47.8052],
[90.0694,47.8446],
[90.0871,47.8604],
[90.0794,47.8702],
[90.0576,47.8847],
[90.0376,47.8715],
[90.0278,47.8784],
[89.9771,47.8788],
[89.957,47.886],
[89.9499,47.8312],
[89.8913,47.8383],
[89.8489,47.8261],
[89.7943,47.834],
[89.7588,47.8261],
[89.7604,47.8358],
[89.7518,47.8388],
[89.7499,47.8546],
[89.7383,47.8646],
[89.7502,47.8766],
[89.7235,47.9008],
[89.6544,47.9054],
[89.6411,47.9227],
[89.6402,47.9463],
[89.62,47.9496],
[89.5927,47.968],
[89.586,47.9988],
[89.602,48.0089],
[89.5803,48.0311],
[89.5344,48.0363],
[89.4927,48.0251],
[89.4015,48.0304],
[89.3832,48.0448],
[89.3682,48.0228],
[89.3536,48.016],
[89.3339,48.0218],
[89.291,48.0118],
[89.2843,47.9932],
[89.2727,47.9864],
[89.2562,47.9914],
[89.2342,47.9762],
[89.1948,47.98],
[89.1559,47.9952],
[89.1135,47.9849],
[89.0588,47.9904],
[89.0048,48.0544],
[88.9365,48.0962],
[88.9345,48.1088],
[88.844,48.1111],
[88.824,48.1],
[88.7791,48.1319],
[88.7576,48.1323],
[88.7298,48.1585],
[88.7096,48.1554],
[88.7148,48.1738],
[88.6943,48.1786],
[88.6685,48.1677],
[88.6376,48.1785],
[88.6193,48.2123],
[88.5881,48.2166],
[88.5877,48.2256],
[88.5973,48.2463],
[88.5905,48.2497],
[88.5659,48.2759],
[88.6065,48.3301],
[88.6029,48.3391],
[88.5672,48.3517],
[88.5715,48.3652],
[88.5519,48.3694],
[88.5365,48.3646],
[88.5134,48.3794],
[88.5205,48.3929],
[88.5062,48.4039],
[88.4845,48.4071],
[88.4743,48.3957],
[88.4425,48.3866],
[88.4219,48.4035],
[88.352,48.433],
[88.3463,48.4477],
[88.3586,48.4586],
[88.2571,48.4918],
[88.253,48.4996],
[88.1752,48.499],
[88.1434,48.5281],
[88.1158,48.5223],
[88.0977,48.5445],
[88.086,48.5408],
[88.0731,48.5483],
[88.0488,48.5411],
[88.0298,48.5497],
[88.0185,48.5491],
[88.0136,48.5629],
[87.9973,48.5697],
[87.9705,48.5732],
[87.955,48.5938],
[87.9701,48.6076],
[87.9979,48.6158],
[88.0282,48.631],
[88.01,48.6487],
[88.0716,48.6832],
[88.0904,48.7137],
[88.0548,48.7118],
[88.0258,48.7496],
[87.9712,48.7702],
[87.935,48.7556],
[87.8724,48.7953],
[87.8299,48.7985],
[87.8124,48.8165],
[87.7922,48.8232],
[87.8247,48.8279],
[87.8126,48.8423],
[87.7905,48.8465],
[87.7813,48.8695],
[87.7481,48.8652],
[87.7383,48.8724],
[87.7342,48.8808],
[87.7545,48.9086],
[87.7516,48.9141],
[87.7648,48.9183],
[87.755,48.9309],
[87.7788,48.9263],
[87.8123,48.9503],
[87.8678,48.9482],
[87.8672,48.9688],
[87.9008,48.9821],
[87.8699,48.995],
[87.8689,49.0046],
[87.8823,49.018],
[87.863,49.0251],
[87.8592,49.0366],
[87.8361,49.0381],
[87.8259,49.0488],
[87.8542,49.0703],
[87.8362,49.0821],
[87.8386,49.096],
[87.8524,49.0974],
[87.8653,49.1105],
[87.8661,49.1173],
[87.8541,49.1186],
[87.8345,49.1364],
[87.8302,49.1489],
[87.8159,49.1483],
[87.8199,49.1664],
[87.8145,49.1702],
[87.7832,49.1799],
[87.7499,49.1694],
[87.7215,49.1793],
[87.695,49.1757],
[87.662,49.1517],
[87.6333,49.1482],
[87.6074,49.1568],
[87.5641,49.135],
[87.5232,49.1444],
[87.4917,49.1383],
[87.4918,49.1262],
[87.5082,49.1054],
[87.5041,49.0916],
[87.4852,49.0857],
[87.4684,49.0908],
[87.4266,49.0695],
[87.3763,49.0934],
[87.3175,49.1025],
[87.2858,49.1159],
[87.2303,49.1144],
[87.2135,49.1228],
[87.215,49.1303],
[87.2,49.1429],
[87.1687,49.1389],
[87.1418,49.1524],
[87.1041,49.1511],
[87.101,49.1404],
[87.0825,49.1311],
[87.065,49.1342],
[87.0498,49.1301],
[86.9993,49.1427],
[86.9437,49.13],
[86.8963,49.1348],
[86.8435,49.1006],
[86.8475,49.0653],
[86.8318,49.0521],
[86.7663,49.0256],
[86.7288,48.9941],
[86.7267,48.9512],
[86.7405,48.9153],
[86.7514,48.8961],
[86.7752,48.8895],
[86.7839,48.8749],
[86.8163,48.8566],
[86.8192,48.8331],
[86.7616,48.8047],
[86.7533,48.7877],
[86.7512,48.7779],
[86.7778,48.7358],
[86.773,48.7204],
[86.7005,48.6689],
[86.689,48.64],
[86.635,48.6265],
[86.6291,48.605],
[86.6119,48.5971],
[86.5939,48.575],
[86.5966,48.5555],
[86.5817,48.5395],
[86.5359,48.5235],
[86.407,48.4787],
[86.375,48.5014],
[86.3595,48.4907],
[86.3007,48.4905],
[86.2969,48.477],
[86.2827,48.4723],
[86.2677,48.4516],
[86.251,48.4526],
[86.2323,48.4322],
[85.9117,48.4362],
[85.7995,48.4161],
[85.7559,48.403],
[85.7527,48.3896],
[85.7171,48.365],
[85.7142,48.3494],
[85.691,48.329],
[85.6945,48.3007],
[85.6823,48.2919],
[85.6755,48.2641],
[85.6594,48.2418],
[85.6507,48.2465],
[85.6327,48.2335],
[85.6235,48.2027],
[85.5886,48.1966],
[85.5743,48.1575],
[85.5536,48.1394],
[85.564,48.1328],
[85.5584,48.1257],
[85.5505,48.1291],
[85.5468,48.1147],
[85.5546,48.1065],
[85.5449,48.1052],
[85.5483,48.0793],
[85.5345,48.0708],
[85.5419,48.0535],
[85.5292,48.0433],
[85.5327,48.0306],
[85.5268,48.0239],
[85.5399,48.0201],
[85.5373,47.992],
[85.5474,47.9822],
[85.5519,47.9518],
[85.6081,47.5815],
[85.6143,47.5405],
[85.6091,47.5329],
[85.6102,47.5151],
[85.6107,47.5021],
[85.6243,47.486],
[85.6373,47.4721],
[85.6499,47.4532],
[85.6659,47.4481],
[85.6834,47.4299],
[85.6851,47.3974],
[85.7021,47.3821],
[85.6981,47.367],
[85.6879,47.3652],
[85.6856,47.33],
[85.6727,47.3179],
[85.685,47.3075],
[85.6987,47.2887],
[85.68,47.2509],
[85.6889,47.2404],
[85.6823,47.2228],
[85.6499,47.2056],
[85.6406,47.1846],
[85.5796,47.1416],
[85.5743,47.1258],
[85.5481,47.1061],
[85.5444,47.0796],
[85.5332,47.0698],
[85.5347,47.0491],
[85.4811,47.0531],
[85.4615,47.064],
[85.4124,47.0598],
[85.3842,47.0463],
[85.3457,47.0548],
[85.3235,47.0429],
[85.307,47.0509],
[85.2994,47.065],
[85.2764,47.0688],
[85.2748,47.0564],
[85.2615,47.0499],
[85.2148,47.0514],
[85.1941,47.0126],
[85.1762,47.004],
[85.1779,46.9942],
[85.1668,46.9866],
[85.1455,46.9893],
[85.1191,46.9699],
[85.0788,46.9579],
[85.0852,46.9496],
[85.0781,46.931],
[85.0005,46.9209],
[84.9829,46.9151],
[84.9733,46.887],
[84.979,46.873],
[84.9442,46.8629],
[84.9389,46.8663],
[84.9155,46.88],
[84.9057,46.8985],
[84.8585,46.9279],
[84.8594,46.9457],
[84.8401,46.9571],
[84.8138,46.9573],
[84.7823,46.9737],
[84.7757,46.9918],
[84.752,47.0049],
[84.6861,47.0047],
[84.6305,46.9947],
[84.5794,46.9996],
[84.5102,46.975],
[84.4843,46.9926],
[84.4603,46.9933],
[84.458,47.0087],
[84.4009,47.0056],
[84.3792,46.996],
[84.2808,47.0002],
[84.2383,47.0004],
[84.2011,47.0023],
[84.1657,46.9943],
[84.1583,46.9809],
[84.1268,46.9676],
[84.0833,46.9692],
[84.046,46.9703],
[83.9865,46.9957],
[83.9607,46.9824],
[83.9515,46.9912],
[83.9262,46.9847],
[83.9164,46.9728],
[83.9021,46.9751],
[83.9048,46.9808],
[83.892,46.9884],
[83.8794,46.9866],
[83.8708,46.987],
[83.8697,46.9954],
[83.8464,46.9954],
[83.835,46.9947],
[83.8373,47.0034],
[83.8291,47.0104],
[83.758,47.0242],
[83.7473,47.0328],
[83.7074,47.0177],
[83.698,47.0178],
[83.6956,47.0358],
[83.6387,47.0436],
[83.6219,47.0485],
[83.6067,47.0468],
[83.5902,47.0589],
[83.5651,47.0564],
[83.5597,47.0611],
[83.566,47.0781],
[83.525,47.0852],
[83.5059,47.1095],
[83.4823,47.1093],
[83.4812,47.1175],
[83.4631,47.1213],
[83.4708,47.128],
[83.4515,47.1317],
[83.4299,47.1232],
[83.4293,47.1148],
[83.4135,47.116],
[83.3863,47.1502],
[83.3653,47.163],
[83.3649,47.1778],
[83.3355,47.17],
[83.2931,47.182],
[83.2801,47.1752],
[83.2422,47.1784],
[83.2365,47.1891],
[83.2149,47.1907],
[83.2078,47.2111],
[83.1979,47.2174],
[83.1737,47.2204],
[83.1509,47.2347],
[83.0941,47.2238],
[83.0632,47.2277],
[83.0422,47.215],
[83.0323,47.2237],
[83.0282,47.2175],
[83.0281,47.162],
[83.0123,47.1472],
[83.0196,47.1329],
[83.0031,47.1208],
[83.0104,47.1144],
[82.9922,47.0632],
[82.9918,47.0625],
[82.9686,47.0487],
[82.9658,47.0347],
[82.952,47.0204],
[82.9381,47.016],
[82.9222,46.9403],
[82.8687,46.823],
[82.8685,46.7991],
[82.8295,46.7774],
[82.786,46.6809],
[82.7821,46.6689],
[82.7682,46.6038],
[82.7254,46.493],
[82.612,46.305],
[82.5119,46.1546],
[82.4561,45.9772],
[82.3757,45.9641],
[82.3357,45.9392],
[82.3407,45.9081],
[82.33,45.8869],
[82.3454,45.839],
[82.3451,45.7957],
[82.2881,45.7088],
[82.2827,45.6494],
[82.2604,45.6182],
[82.2708,45.5505],
[82.28,45.5351],
[82.4377,45.4597],
[82.5428,45.421],
[82.5585,45.3944],
[82.5877,45.3447],
[82.5802,45.2185],
[82.5601,45.2035],
[82.4749,45.177],
[82.4554,45.1874],
[82.3364,45.2077],
[82.3061,45.2346],
[82.2802,45.2399],
[82.1512,45.2218],
[82.1138,45.202],
[82.1001,45.2023],
[82.0818,45.2229],
[82.081,45.2352],
[82.0905,45.2455],
[82.0443,45.2542],
[82.0092,45.2336],
[81.9418,45.2362],
[81.923,45.2287],
[81.8849,45.2786],
[81.8316,45.3158],
[81.8271,45.3337],
[81.785,45.3798],
[81.7718,45.386],
[81.7586,45.3722],
[81.7316,45.3747],
[81.7337,45.3657],
[81.7137,45.3589],
[81.6949,45.3691],
[81.6677,45.3515],
[81.6324,45.3566],
[81.6127,45.3419],
[81.5921,45.3405],
[81.5688,45.3253],
[81.5734,45.3074],
[81.5347,45.3059],
[81.5215,45.2825],
[81.4945,45.2754],
[81.4768,45.2756],
[81.4518,45.2622],
[81.421,45.2836],
[81.3884,45.271],
[81.3767,45.2529],
[81.3517,45.261],
[81.3071,45.2541],
[81.3065,45.2468],
[81.2692,45.2367],
[81.2285,45.2482],
[81.2184,45.2362],
[81.1665,45.2243],
[81.1698,45.2128],
[81.1617,45.2056],
[81.1066,45.2219],
[81.1007,45.2152],
[81.1091,45.2011],
[81.0832,45.1944],
[81.07,45.1724],
[81.0554,45.1778],
[80.9966,45.1583],
[80.9569,45.1676],
[80.9517,45.1604],
[80.929,45.1576],
[80.8966,45.1247],
[80.8771,45.131],
[80.8543,45.1261],
[80.8335,45.1405],
[80.7949,45.1503],
[80.7733,45.1436],
[80.728,45.1712],
[80.7111,45.1702],
[80.7264,45.154],
[80.7048,45.1434],
[80.6967,45.1329],
[80.6345,45.1148],
[80.6245,45.118],
[80.6001,45.1044],
[80.5615,45.1128],
[80.5117,45.106],
[80.4889,45.1265],
[80.4796,45.1152],
[80.4374,45.0972],
[80.4398,45.0774],
[80.4073,45.0577],
[80.4033,45.0476],
[80.3818,45.0399],
[80.3452,45.041],
[80.3276,45.068],
[80.317,45.07],
[80.2607,45.054],
[80.2403,45.0277],
[80.2325,45.0332],
[80.2135,45.0233],
[80.1948,45.0272],
[80.1823,45.0417],
[80.1679,45.0388],
[80.1395,45.0574],
[80.1283,45.0393],
[80.1122,45.0484],
[80.0901,45.0469],
[80.087,45.0333],
[80.0618,45.036],
[80.047,45.0021],
[79.9452,44.9522],
[79.9438,44.9378],
[79.9047,44.9287],
[79.882,44.9107],
[79.8859,44.8936],
[79.9143,44.9011],
[79.9322,44.8875],
[79.9638,44.882],
[79.9461,44.8663],
[79.9447,44.85],
[79.9558,44.8503],
[79.9952,44.8236],
[79.9933,44.7949],
[80.0063,44.7902],
[80.0301,44.8034],
[80.0495,44.8011],
[80.0781,44.8127],
[80.1142,44.8098],
[80.1278,44.8231],
[80.1462,44.8267],
[80.1568,44.8416],
[80.1651,44.8405],
[80.1671,44.8275],
[80.1834,44.8235],
[80.1732,44.7936],
[80.1967,44.7619],
[80.1928,44.7497],
[80.2374,44.721],
[80.3134,44.7033],
[80.3379,44.689],
[80.3506,44.6657],
[80.3686,44.654],
[80.4107,44.6098],
[80.3913,44.5915],
[80.3936,44.5673],
[80.3705,44.5319],
[80.3682,44.5041],
[80.3469,44.4827],
[80.3494,44.4605],
[80.3669,44.4412],
[80.3771,44.4113],
[80.4035,44.268],
[80.4007,44.2134],
[80.3956,44.1943],
[80.4025,44.1558],
[80.3962,44.1101],
[80.4359,44.0816],
[80.4553,44.0453],
[80.4487,44.0337],
[80.4582,44.03],
[80.4516,44.0284],
[80.455,44.0192],
[80.4475,44.0092],
[80.4526,43.9844],
[80.4617,43.9774],
[80.4563,43.9748],
[80.4836,43.9553],
[80.4717,43.9368],
[80.4884,43.9262],
[80.4907,43.9146],
[80.5087,43.9068],
[80.5118,43.8842],
[80.5044,43.8747],
[80.5215,43.8572],
[80.5226,43.8227],
[80.5877,43.7243],
[80.6313,43.6625],
[80.7139,43.533],
[80.7564,43.4481],
[80.7353,43.4338],
[80.7351,43.3932],
[80.7049,43.3645],
[80.7049,43.3529],
[80.6832,43.3287],
[80.698,43.3162],
[80.7665,43.3163],
[80.7785,43.3114],
[80.7749,43.2966],
[80.7651,43.267],
[80.7898,43.2385],
[80.7826,43.2259],
[80.7861,43.2019],
[80.8073,43.1773],
[80.7952,43.1713],
[80.7883,43.1418],
[80.7435,43.147],
[80.7181,43.134],
[80.7042,43.1458],
[80.6751,43.1433],
[80.6575,43.1499],
[80.6084,43.1421],
[80.6025,43.1352],
[80.591,43.1386],
[80.5489,43.0977],
[80.5368,43.0993],
[80.4834,43.0698],
[80.4584,43.0757],
[80.4116,43.0576],
[80.3842,43.0459],
[80.3764,43.0314],
[80.3808,43.0224],
[80.396,42.9946],
[80.4837,42.9467],
[80.5533,42.932],
[80.5857,42.9151],
[80.6017,42.8957],
[80.5712,42.895],
[80.5764,42.8878],
[80.5538,42.8869],
[80.5503,42.8787],
[80.5436,42.8866],
[80.51,42.8729],
[80.5014,42.8805],
[80.4992,42.8704],
[80.4743,42.8691],
[80.4716,42.8622],
[80.461,42.8636],
[80.4605,42.8554],
[80.4459,42.8613],
[80.439,42.8526],
[80.4253,42.856],
[80.4188,42.8433],
[80.4244,42.8414],
[80.406,42.8296],
[80.3914,42.8393],
[80.3769,42.8281],
[80.3645,42.8282],
[80.3624,42.8359],
[80.3541,42.8271],
[80.336,42.8308],
[80.331,42.8246],
[80.3257,42.8289],
[80.3345,42.8359],
[80.3282,42.8381],
[80.3166,42.8326],
[80.306,42.838],
[80.2929,42.8296],
[80.2773,42.838],
[80.2612,42.824],
[80.2548,42.784],
[80.223,42.713],
[80.2288,42.6961],
[80.1767,42.6714],
[80.162,42.6305],
[80.1824,42.581],
[80.2206,42.5329],
[80.2489,42.5239],
[80.2514,42.5136],
[80.2719,42.5112],
[80.2076,42.469],
[80.2127,42.4518],
[80.2045,42.4285],
[80.2152,42.4238],
[80.2145,42.4131],
[80.2334,42.4039],
[80.2275,42.3978],
[80.2379,42.3807],
[80.2266,42.3585],
[80.2377,42.3403],
[80.2828,42.3211],
[80.2839,42.3184],
[80.2602,42.3045],
[80.2595,42.2929],
[80.2796,42.2813],
[80.2892,42.2617],
[80.2804,42.2476],
[80.2825,42.2343],
[80.2433,42.2181],
[80.1992,42.229],
[80.1744,42.2108],
[80.165,42.1922],
[80.1638,42.1556],
[80.1408,42.1542],
[80.1383,42.1481],
[80.1519,42.1331],
[80.1493,42.119],
[80.1686,42.0979],
[80.2271,42.0659],
[80.2296,42.0606],
[80.2094,42.0423],
[80.1388,42.0303],
[80.0756,42.0462],
[80.0263,42.0491],
[80.0169,42.0418],
[79.9536,42.0453],
[79.88,42.0344],
[79.846,42.0141],
[79.8522,41.9857],
[79.8169,41.9651],
[79.8183,41.9504],
[79.8023,41.937],
[79.8026,41.9203],
[79.7687,41.8918],
[79.74,41.9025],
[79.6378,41.8935],
[79.6075,41.8568],
[79.5466,41.8389],
[79.485,41.8373],
[79.4875,41.8438],
[79.4653,41.8533],
[79.4094,41.8408],
[79.3522,41.7934],
[79.3228,41.8108],
[79.271,41.774],
[79.2739,41.7663],
[79.2483,41.7573],
[79.2491,41.7456],
[79.2289,41.7417],
[79.2172,41.7266],
[79.1246,41.7228],
[79.1113,41.7025],
[79.0833,41.6899],
[79.0293,41.6793],
[79.0175,41.6569],
[78.9877,41.6616],
[78.9733,41.6553],
[78.9281,41.6416],
[78.9294,41.6331],
[78.9185,41.6289],
[78.922,41.6232],
[78.8907,41.6102],
[78.8844,41.5956],
[78.8561,41.5949],
[78.8518,41.5796],
[78.8239,41.5716],
[78.8151,41.5586],
[78.791,41.5639],
[78.7391,41.552],
[78.7246,41.555],
[78.7019,41.5458],
[78.6896,41.5302],
[78.7035,41.5211],
[78.6628,41.4992],
[78.6451,41.4685],
[78.62,41.4768],
[78.5847,41.469],
[78.5797,41.4806],
[78.5563,41.476],
[78.5281,41.4395],
[78.4498,41.4132],
[78.3942,41.4124],
[78.3913,41.4016],
[78.3819,41.3916],
[78.3361,41.395],
[78.3209,41.3809],
[78.3086,41.3898],
[78.278,41.3884],
[78.2274,41.4008],
[78.1564,41.3819],
[78.1458,41.3667],
[78.1575,41.3403],
[78.1372,41.3123],
[78.1336,41.2457],
[78.1229,41.2284],
[78.055,41.214],
[78.0217,41.1932],
[77.9965,41.1925],
[77.9805,41.1831],
[77.9595,41.1902],
[77.905,41.1838],
[77.8315,41.1503],
[77.8047,41.1227],
[77.805,41.0801],
[77.8244,41.0585],
[77.8125,41.0431],
[77.7958,41.0487],
[77.7789,41.0218],
[77.7652,41.0148],
[77.7312,41.0301],
[77.729,41.0214],
[77.7003,41.0058],
[77.6608,41.0024],
[77.6469,41.0145],
[77.6249,41.0024],
[77.6108,41.0094],
[77.5865,41.0041],
[77.5833,40.9934],
[77.551,41.0046],
[77.4777,40.9958],
[77.4655,41.0015],
[77.4698,41.0214],
[77.4277,41.0209],
[77.4133,41.0267],
[77.4086,41.0387],
[77.3805,41.0282],
[77.3745,41.0398],
[77.3552,41.0407],
[77.3107,41.0181],
[77.309,41.0091],
[77.285,41.0026],
[77.2618,41.0046],
[77.2633,41.0139],
[77.242,41.0144],
[77.245,41.0245],
[77.2289,41.0306],
[77.1858,41.0233],
[77.1835,41.0102],
[77.167,41.0107],
[77.0999,41.0378],
[77.1068,41.0484],
[77.0853,41.063],
[77.0169,41.0577],
[76.9925,41.0719],
[76.9636,41.0584],
[76.953,41.0402],
[76.9269,41.0248],
[76.8931,41.0174],
[76.8746,41.0256],
[76.8476,40.9964],
[76.853,40.9767],
[76.8162,40.9768],
[76.7915,40.96],
[76.7534,40.9533],
[76.754,40.935],
[76.7301,40.901],
[76.7388,40.8925],
[76.7394,40.8757],
[76.7243,40.854],
[76.7319,40.8443],
[76.7187,40.8423],
[76.7175,40.8317],
[76.7284,40.818],
[76.7106,40.8135],
[76.7021,40.7873],
[76.6854,40.7767],
[76.6681,40.7827],
[76.6616,40.7716],
[76.64,40.7618],
[76.6396,40.7496],
[76.6493,40.7179],
[76.6611,40.7105],
[76.6728,40.6941],
[76.6545,40.68],
[76.6582,40.6635],
[76.6476,40.6484],
[76.6542,40.6218],
[76.6116,40.6108],
[76.6039,40.5902],
[76.5568,40.5524],
[76.5512,40.5324],
[76.532,40.5088],
[76.5401,40.5042],
[76.5378,40.465],
[76.506,40.4451],
[76.5049,40.4268],
[76.4943,40.4271],
[76.4565,40.4133],
[76.4398,40.3891],
[76.3839,40.3757],
[76.3802,40.3888],
[76.3656,40.3867],
[76.3377,40.3389],
[76.316,40.365],
[76.327,40.3877],
[76.3151,40.3941],
[76.3123,40.4061],
[76.2913,40.4081],
[76.2789,40.4125],
[76.2861,40.4292],
[76.2726,40.4389],
[76.2496,40.4177],
[76.232,40.4142],
[76.2278,40.4035],
[76.1841,40.3794],
[76.1314,40.3972],
[76.0951,40.3889],
[76.0688,40.3952],
[76.0376,40.3809],
[76.0459,40.3551],
[76.0175,40.3534],
[76.0091,40.3638],
[75.9906,40.3815],
[75.9547,40.3752],
[75.959,40.3609],
[75.9433,40.3414],
[75.926,40.3344],
[75.9252,40.3262],
[75.9298,40.3021],
[75.9115,40.2911],
[75.9075,40.3027],
[75.8788,40.312],
[75.8393,40.3125],
[75.8269,40.3271],
[75.8113,40.3244],
[75.8047,40.3132],
[75.7779,40.3006],
[75.7542,40.3028],
[75.742,40.2948],
[75.7342,40.3062],
[75.7182,40.2868],
[75.7003,40.2798],
[75.6902,40.2944],
[75.7003,40.304],
[75.6852,40.323],
[75.6816,40.3442],
[75.6634,40.3549],
[75.6612,40.3642],
[75.6801,40.4213],
[75.7101,40.4436],
[75.7064,40.4526],
[75.7236,40.4728],
[75.6924,40.4849],
[75.6873,40.4993],
[75.6674,40.4964],
[75.6464,40.5056],
[75.6408,40.528],
[75.6229,40.5467],
[75.621,40.5971],
[75.6319,40.6194],
[75.6114,40.6341],
[75.6121,40.6448],
[75.5956,40.6455],
[75.6028,40.6633],
[75.5778,40.6584],
[75.5169,40.6344],
[75.4738,40.6061],
[75.4622,40.603],
[75.4483,40.5797],
[75.4147,40.5554],
[75.3747,40.5483],
[75.327,40.5314],
[75.3296,40.5206],
[75.3074,40.5104],
[75.2998,40.5013],
[75.3025,40.4915],
[75.2857,40.4807],
[75.2565,40.4804],
[75.2602,40.4715],
[75.2386,40.4609],
[75.2386,40.4484],
[75.2068,40.4449],
[75.1409,40.4614],
[75.1238,40.458],
[75.0923,40.4349],
[75.0846,40.4427],
[75.0521,40.4444],
[75.018,40.4666],
[74.9871,40.4518],
[74.928,40.4784],
[74.912,40.4975],
[74.8378,40.5219],
[74.8164,40.5053],
[74.8194,40.4895],
[74.8083,40.4556],
[74.7876,40.4522],
[74.8018,40.4293],
[74.8385,40.408],
[74.8747,40.3666],
[74.9106,40.3453],
[74.8689,40.3336],
[74.8618,40.3238],
[74.8108,40.3499],
[74.7394,40.3483],
[74.6917,40.3499],
[74.7008,40.3251],
[74.6797,40.2998],
[74.6847,40.2894],
[74.6605,40.2729],
[74.6414,40.2722],
[74.6304,40.2838],
[74.5905,40.2822],
[74.5255,40.209],
[74.4983,40.2044],
[74.4536,40.157],
[74.4054,40.1354],
[74.3887,40.1178],
[74.3761,40.1162],
[74.3695,40.1036],
[74.3446,40.0935],
[74.3038,40.1148],
[74.2786,40.1043],
[74.2572,40.1336],
[74.229,40.1211],
[74.2162,40.127],
[74.1587,40.1157],
[74.146,40.1051],
[74.1231,40.1112],
[74.1064,40.0864],
[74.092,40.0889],
[74.0686,40.0775],
[74.0413,40.0995],
[74.0118,40.0797],
[74.0182,40.0708],
[74.0025,40.0633],
[73.9972,40.045],
[73.983,40.0486],
[73.9363,40.0318],
[73.9337,40.0234],
[73.9697,40.0149],
[73.977,40.0048],
[73.9072,39.9206],
[73.9067,39.9126],
[73.9215,39.9054],
[73.9071,39.8653],
[73.8828,39.8625],
[73.8788,39.8518],
[73.8586,39.8455],
[73.8429,39.8149],
[73.8322,39.7816],
[73.8379,39.7552],
[73.8668,39.7534],
[73.8701,39.7464],
[73.9041,39.7443],
[73.9198,39.7264],
[73.9106,39.722],
[73.9273,39.7048],
[73.9246,39.6855],
[73.9386,39.6622],
[73.9405,39.6426],
[73.949,39.6219],
[73.9474,39.5974],
[73.9111,39.5908],
[73.916,39.5692],
[73.8781,39.543],
[73.892,39.5337],
[73.873,39.5131],
[73.8744,39.4832],
[73.8246,39.4697],
[73.7256,39.4609],
[73.675,39.4631],
[73.6429,39.4744],
[73.6003,39.4597],
[73.5904,39.4346],
[73.5967,39.4256],
[73.5922,39.4114],
[73.5583,39.3937],
[73.4997,39.3817]
],
[
[113.5282,22.183],
[113.5342,22.1968],
[113.5355,22.2048],
[113.5347,22.2074],
[113.5334,22.2112],
[113.5334,22.2113],
[113.5331,22.2123],
[113.5476,22.2166],
[113.5509,22.2154],
[113.5623,22.2122],
[113.5711,22.204],
[113.5802,22.204],
[113.5804,22.204],
[113.6053,22.2041],
[113.6301,22.1656],
[113.6301,22.1089],
[113.6102,22.0767],
[113.571,22.0767],
[113.571,22.0988],
[113.5483,22.1156],
[113.5493,22.1399],
[113.5493,22.14],
[113.532,22.1733],
[113.5306,22.1754],
[113.5282,22.183]
]
],
[
[
[108.1482,21.3969],
[108.1585,21.3571],
[108.1962,21.3354],
[108.2397,21.3406],
[108.2594,21.3578],
[108.2677,21.3771],
[108.2675,21.398],
[108.2553,21.4212],
[108.2094,21.4416],
[108.167,21.4285],
[108.1482,21.3969]
]
],
[
[
[108.5592,19.0902],
[108.5878,18.9899],
[108.5857,18.9546],
[108.5947,18.925],
[108.566,18.8291],
[108.5804,18.795],
[108.6186,18.772],
[108.6371,18.7048],
[108.6391,18.6316],
[108.6202,18.585],
[108.6135,18.5416],
[108.6295,18.4851],
[108.6468,18.4646],
[108.6782,18.447],
[108.7892,18.4283],
[108.839,18.3799],
[108.9031,18.3587],
[108.9173,18.3389],
[108.9487,18.318],
[108.9852,18.3076],
[109.0779,18.3117],
[109.104,18.2711],
[109.1526,18.2397],
[109.1939,18.2318],
[109.2465,18.2416],
[109.2806,18.2312],
[109.3057,18.2326],
[109.3227,18.1901],
[109.3545,18.1686],
[109.4838,18.1392],
[109.5146,18.1394],
[109.5383,18.1204],
[109.5757,18.1132],
[109.6311,18.1137],
[109.6635,18.1328],
[109.7032,18.1339],
[109.7287,18.1443],
[109.7875,18.21],
[109.797,18.2609],
[109.8221,18.2926],
[109.8233,18.325],
[109.9192,18.3587],
[109.9359,18.344],
[109.9994,18.3173],
[110.0856,18.3433],
[110.116,18.3802],
[110.1574,18.5022],
[110.183,18.5214],
[110.2113,18.5204],
[110.2382,18.5328],
[110.2574,18.5616],
[110.2579,18.5896],
[110.2743,18.6012],
[110.4354,18.6164],
[110.4604,18.603],
[110.4943,18.6016],
[110.5431,18.6293],
[110.5546,18.6532],
[110.553,18.6835],
[110.5248,18.7203],
[110.5774,18.739],
[110.6138,18.7737],
[110.6261,18.8027],
[110.6129,18.8424],
[110.5718,18.8686],
[110.5653,18.9129],
[110.5742,18.9801],
[110.6172,19.0261],
[110.6328,19.1237],
[110.6715,19.1967],
[110.6897,19.2573],
[110.7347,19.3121],
[110.7372,19.3554],
[110.7999,19.388],
[110.862,19.4683],
[110.9084,19.4903],
[110.9493,19.5375],
[111.012,19.5843],
[111.0511,19.5822],
[111.0862,19.6031],
[111.0983,19.6429],
[111.0894,19.6771],
[111.068,19.7111],
[111.0609,19.73],
[111.0542,19.8412],
[111.0041,19.9985],
[110.9822,20.0406],
[110.9452,20.063],
[110.9077,20.0631],
[110.8835,20.052],
[110.8169,20.0619],
[110.7987,20.0865],
[110.7661,20.1101],
[110.7336,20.1928],
[110.6967,20.2151],
[110.6494,20.2058],
[110.6174,20.1663],
[110.5808,20.1623],
[110.5306,20.1342],
[110.5188,20.1563],
[110.5013,20.1694],
[110.4296,20.1786],
[110.3737,20.1668],
[110.3321,20.1422],
[110.2816,20.1257],
[110.2292,20.1273],
[110.1403,20.1139],
[110.1098,20.0912],
[110.0907,20.0467],
[110.0363,20.0366],
[110.0074,20.016],
[109.9585,20.0475],
[109.914,20.0411],
[109.8158,20.0493],
[109.7705,20.0323],
[109.7311,20.0554],
[109.6771,20.0596],
[109.601,20.0476],
[109.562,20.0324],
[109.5273,20.0013],
[109.4928,19.9837],
[109.4621,19.9238],
[109.4208,19.9254],
[109.3268,19.9682],
[109.2858,19.9676],
[109.2432,19.9536],
[109.2139,19.9315],
[109.2032,19.9097],
[109.1371,19.8624],
[109.104,19.8182],
[109.0982,19.7779],
[109.1066,19.748],
[109.0934,19.6816],
[108.977,19.6339],
[108.8763,19.5393],
[108.7826,19.489],
[108.7469,19.4464],
[108.6516,19.4177],
[108.6129,19.3789],
[108.604,19.3469],
[108.58,19.3199],
[108.5675,19.275],
[108.5746,19.2454],
[108.5706,19.2038],
[108.5766,19.1753],
[108.5969,19.1529],
[108.5676,19.13],
[108.5592,19.0902]
]
],
[
[
[109.0283,21.0117],
[109.0409,20.9867],
[109.0701,20.9626],
[109.1173,20.9574],
[109.1698,20.9887],
[109.1931,21.0329],
[109.1969,21.0599],
[109.1898,21.089],
[109.166,21.1146],
[109.1254,21.1248],
[109.0907,21.119],
[109.0603,21.1032],
[109.0333,21.0744],
[109.0283,21.0117]
]
],
[
[
[109.145,20.9205],
[109.15,20.8924],
[109.1861,20.8563],
[109.2124,20.851],
[109.2367,20.8563],
[109.2711,20.8883],
[109.2771,20.913],
[109.2725,20.9335],
[109.2362,20.9675],
[109.1851,20.971],
[109.1521,20.9439],
[109.145,20.9205]
]
],
[
[
[111.1417,19.9173],
[111.1568,19.8719],
[111.174,19.857],
[111.1997,19.8494],
[111.2407,19.8621],
[111.2565,19.8826],
[111.2606,19.9066],
[111.2749,19.9112],
[111.3194,19.946],
[111.3302,19.98],
[111.3128,20.0219],
[111.2723,20.0396],
[111.2288,20.0234],
[111.1926,19.9674],
[111.1536,19.947],
[111.1417,19.9173]
]
],
[
[
[111.1447,15.7702],
[111.1683,15.7392],
[111.213,15.731],
[111.2495,15.7514],
[111.2633,15.7948],
[111.2562,15.8154],
[111.2384,15.8328],
[111.2124,15.8407],
[111.1854,15.8364],
[111.1483,15.8056],
[111.1447,15.7702]
]
],
[
[
[111.4484,16.4599],
[111.4516,16.4264],
[111.478,16.4011],
[111.5208,16.3933],
[111.5595,16.4028],
[111.6102,16.3947],
[111.6396,16.4055],
[111.6554,16.4233],
[111.6775,16.4039],
[111.7163,16.3975],
[111.7729,16.4187],
[111.7961,16.444],
[111.7998,16.4775],
[111.7815,16.5067],
[111.7975,16.5281],
[111.8001,16.5523],
[111.7874,16.5786],
[111.7566,16.5946],
[111.7357,16.6218],
[111.6919,16.6347],
[111.6419,16.6147],
[111.6183,16.5835],
[111.5718,16.5725],
[111.5371,16.5299],
[111.5283,16.4966],
[111.5083,16.4996],
[111.4681,16.4878],
[111.4484,16.4599]
]
],
[
[
[111.7065,16.0557],
[111.7247,16.019],
[111.7663,16.0047],
[111.8024,16.0208],
[111.8168,16.0578],
[111.8,16.0926],
[111.7564,16.1079],
[111.7202,16.0917],
[111.7065,16.0557]
]
],
[
[
[112.1553,16.9756],
[112.1721,16.941],
[112.2033,16.9263],
[112.2428,16.9334],
[112.2698,16.9278],
[112.2951,16.9127],
[112.3139,16.8884],
[112.2871,16.8728],
[112.275,16.8515],
[112.2762,16.8226],
[112.2929,16.7951],
[112.3143,16.7806],
[112.3391,16.7757],
[112.3672,16.7831],
[112.3842,16.7984],
[112.4026,16.8222],
[112.4077,16.8459],
[112.4005,16.8691],
[112.3802,16.8881],
[112.3954,16.9061],
[112.4005,16.9298],
[112.3744,16.982],
[112.3333,17.0093],
[112.2804,17.0305],
[112.2408,17.0228],
[112.2019,17.0295],
[112.1708,17.0138],
[112.1553,16.9756]
]
],
[
[
[112.6693,16.6634],
[112.6789,16.6409],
[112.6997,16.6213],
[112.7437,16.6103],
[112.7808,16.6305],
[112.7917,16.6701],
[112.7682,16.7089],
[112.7266,16.7242],
[112.6833,16.7076],
[112.6712,16.6863],
[112.6693,16.6634]
]
],
[
[
[116.6542,20.6925],
[116.6647,20.672],
[116.687,20.6548],
[116.7216,20.6449],
[116.7465,20.6453],
[116.7713,20.6568],
[116.7911,20.6927],
[116.779,20.7436],
[116.7421,20.7659],
[116.6922,20.7602],
[116.6689,20.7462],
[116.6546,20.7215],
[116.6542,20.6925]
]
],
[
[
[117.185,23.2216],
[117.1966,23.1791],
[117.2349,23.1585],
[117.2765,23.1681],
[117.3059,23.2059],
[117.3508,23.2455],
[117.3669,23.2824],
[117.3638,23.308],
[117.3523,23.3259],
[117.3123,23.3435],
[117.2793,23.3359],
[117.238,23.3018],
[117.2252,23.2797],
[117.1958,23.2571],
[117.185,23.2216]
]
],
[
[
[118.1781,24.1487],
[118.2048,24.1164],
[118.248,24.1108],
[118.2721,24.1224],
[118.2858,24.1388],
[118.2884,24.1792],
[118.2589,24.2093],
[118.2139,24.2112],
[118.1814,24.1837],
[118.1781,24.1487]
]
],
[
[
[119.3874,24.9974],
[119.4018,24.9564],
[119.4243,24.9402],
[119.4676,24.9258],
[119.5134,24.9384],
[119.5314,24.9615],
[119.5346,24.9867],
[119.5238,25.0108],
[119.4939,25.0347],
[119.4492,25.0504],
[119.4068,25.0365],
[119.3874,24.9974]
]
],
[
[
[119.7456,34.9867],
[119.7519,34.9659],
[119.7731,34.9448],
[119.8094,34.9342],
[119.8413,34.9394],
[119.8667,34.9564],
[119.9035,34.9521],
[119.9336,34.9621],
[119.9545,34.9824],
[119.9607,35.0143],
[119.9485,35.039],
[119.9172,35.0592],
[119.8773,35.0641],
[119.8411,35.0494],
[119.8101,35.0515],
[119.7801,35.0412],
[119.7496,35.008],
[119.7456,34.9867]
]
],
[
[
[119.841,35.1475],
[119.8443,35.1211],
[119.8622,35.099],
[119.8846,35.0879],
[119.9257,35.0852],
[119.9543,35.0938],
[119.9833,35.1224],
[119.9873,35.1436],
[119.981,35.1644],
[119.9497,35.1904],
[119.9038,35.1944],
[119.8726,35.1865],
[119.8533,35.172],
[119.841,35.1475]
]
],
[
[
[120.1597,26.3468],
[120.1667,26.3075],
[120.1974,26.2856],
[120.2403,26.2878],
[120.2759,26.3169],
[120.2873,26.3405],
[120.2848,26.3655],
[120.2694,26.3865],
[120.2449,26.3985],
[120.2162,26.3987],
[120.1947,26.3893],
[120.1597,26.3468]
]
],
[
[
[120.2486,26.6554],
[120.2911,26.602],
[120.3732,26.587],
[120.3984,26.5962],
[120.4192,26.6181],
[120.4408,26.6672],
[120.4425,26.6987],
[120.4295,26.7208],
[120.385,26.7576],
[120.3583,26.7649],
[120.3301,26.7598],
[120.2727,26.7247],
[120.2546,26.7047],
[120.2486,26.6554]
]
],
[
[
[120.3483,26.1751],
[120.3515,26.1344],
[120.386,26.1074],
[120.4303,26.109],
[120.4599,26.1378],
[120.4584,26.1775],
[120.4279,26.2049],
[120.3828,26.2068],
[120.3598,26.1926],
[120.3483,26.1751]
]
],
[
[
[120.4128,26.3663],
[120.4357,26.3215],
[120.4526,26.308],
[120.4795,26.301],
[120.5263,26.315],
[120.5527,26.3293],
[120.5663,26.3512],
[120.5665,26.3817],
[120.5503,26.408],
[120.5275,26.4237],
[120.4807,26.4363],
[120.4525,26.4312],
[120.4312,26.4164],
[120.4169,26.3952],
[120.4128,26.3663]
]
],
[
[
[120.6271,26.9378],
[120.6319,26.9134],
[120.6478,26.8929],
[120.6963,26.8807],
[120.7214,26.8899],
[120.7436,26.9093],
[120.7809,26.9854],
[120.7757,27.0099],
[120.7541,27.0352],
[120.7363,27.0554],
[120.7043,27.0658],
[120.6683,27.0589],
[120.6468,27.043],
[120.6321,27.0138],
[120.6351,26.9623],
[120.6271,26.9378]
]
],
[
[
[120.7527,27.0843],
[120.7808,27.0141],
[120.7987,27.0007],
[120.8308,26.992],
[120.8587,26.9952],
[120.8825,27.01],
[120.9107,27.0471],
[120.9122,27.0777],
[120.8979,27.101],
[120.8654,27.1168],
[120.8419,27.1396],
[120.7956,27.1451],
[120.7595,27.1199],
[120.7527,27.0843]
]
],
[
[
[120.7874,38.0658],
[120.8157,37.9883],
[120.8536,37.9685],
[120.9089,37.9737],
[120.9405,37.9687],
[120.9716,37.976],
[121.0008,37.9957],
[121.0142,38.0299],
[120.9988,38.0629],
[120.9556,38.0859],
[120.9185,38.0881],
[120.8986,38.1114],
[120.8693,38.123],
[120.8357,38.1221],
[120.8024,38.1049],
[120.7899,38.0865],
[120.7874,38.0658]
]
],
[
[
[120.8045,35.8866],
[120.8107,35.866],
[120.8428,35.8398],
[120.8872,35.8361],
[120.9317,35.8575],
[120.9471,35.8772],
[120.9505,35.9033],
[120.9383,35.9277],
[120.9135,35.9446],
[120.8882,35.95],
[120.8554,35.945],
[120.8299,35.9322],
[120.8084,35.9076],
[120.8045,35.8866]
]
],
[
[
[120.8835,36.1898],
[120.8954,36.1526],
[120.9364,36.1331],
[120.9818,36.1423],
[121.0053,36.1705],
[120.9984,36.2084],
[120.9822,36.223],
[120.9545,36.2324],
[120.9077,36.2229],
[120.8835,36.1898]
]
],
[
[
[120.8946,27.4382],
[120.9083,27.4155],
[120.954,27.3975],
[120.9891,27.3677],
[121.0993,27.3688],
[121.139,27.3894],
[121.1513,27.421],
[121.1862,27.4479],
[121.1919,27.4782],
[121.1728,27.5119],
[121.1132,27.5456],
[121.0663,27.5504],
[121.0183,27.533],
[120.9928,27.5035],
[120.9681,27.5101],
[120.9388,27.5053],
[120.9085,27.4873],
[120.8946,27.4646],
[120.8946,27.4382]
]
],
[
[
[121.2382,30.5082],
[121.2501,30.4795],
[121.2743,30.4632],
[121.3337,30.4519],
[121.3673,30.4589],
[121.3931,30.4851],
[121.3919,30.5241],
[121.3785,30.5407],
[121.3525,30.5532],
[121.3022,30.5619],
[121.2678,30.555],
[121.2466,30.537],
[121.2382,30.5082]
]
],
[
[
[121.3202,36.2592],
[121.3517,36.2183],
[121.407,36.2093],
[121.4308,36.2181],
[121.4517,36.2381],
[121.4584,36.2586],
[121.4536,36.2822],
[121.4217,36.3137],
[121.3701,36.32],
[121.3288,36.2952],
[121.3202,36.2592]
]
],
[
[
[121.506,30.5831],
[121.5149,30.5472],
[121.5411,30.5268],
[121.5855,30.5246],
[121.6378,30.559],
[121.6534,30.5222],
[121.7011,30.5031],
[121.7603,30.5205],
[121.7846,30.5451],
[121.7905,30.572],
[121.7871,30.6045],
[121.7592,30.6334],
[121.7251,30.6412],
[121.6904,30.6301],
[121.6561,30.6597],
[121.6094,30.6677],
[121.5652,30.6546],
[121.518,30.6117],
[121.506,30.5831]
]
],
[
[
[122.1181,30.7941],
[122.1441,30.7671],
[122.1881,30.7614],
[122.2222,30.7804],
[122.2334,30.8026],
[122.2329,30.8228],
[122.2062,30.855],
[122.1601,30.8613],
[122.1344,30.8497],
[122.1204,30.8335],
[122.1181,30.7941]
]
],
[
[
[122.1666,28.8794],
[122.1687,28.8392],
[122.2061,28.808],
[122.2505,28.8058],
[122.2905,28.8323],
[122.3207,28.8527],
[122.3334,28.8848],
[122.3256,28.915],
[122.2953,28.9377],
[122.2566,28.9435],
[122.2273,28.9388],
[122.2001,28.9204],
[122.1666,28.8794]
]
],
[
[
[122.1904,31.1299],
[122.2158,31.0977],
[122.2649,31.0871],
[122.3051,31.1053],
[122.3187,31.1245],
[122.3221,31.1521],
[122.3134,31.1733],
[122.2907,31.1931],
[122.239,31.1998],
[122.2104,31.1867],
[122.1948,31.1687],
[122.1904,31.1299]
]
],
[
[
[122.8691,30.4489],
[122.8693,30.4117],
[122.9031,30.3776],
[122.9566,30.3778],
[122.9757,30.3895],
[122.9964,30.4176],
[123.002,30.4419],
[122.994,30.4667],
[122.9739,30.4847],
[122.9514,30.4919],
[122.9023,30.4876],
[122.8691,30.4489]
]
],
[
[
[122.9158,39.261],
[122.9172,39.2407],
[122.9285,39.2224],
[122.9754,39.2004],
[123.0349,39.2059],
[123.0828,39.236],
[123.1009,39.2613],
[123.0995,39.2911],
[123.0763,39.3158],
[123.0375,39.3272],
[122.9769,39.323],
[122.947,39.3133],
[122.9264,39.2939],
[122.9158,39.261]
]
],
[
[
[123.0594,39.0772],
[123.0912,39.0034],
[123.121,38.9829],
[123.152,38.9756],
[123.2389,38.9895],
[123.2668,39.0037],
[123.2842,39.0356],
[123.2681,39.0738],
[123.2264,39.132],
[123.1802,39.1496],
[123.1472,39.1461],
[123.0966,39.1239],
[123.0688,39.1013],
[123.0594,39.0772]
]
]
]}
}
