{
"type": "Feature",
"properties": {"id":"ohm-r2851153","edge_precision":"unknown","ohm_relation":2851153,"ohm_version":117,"ohm_timestamp":"2026-09-27T19:36:16Z"},
"geometry": {"type": "MultiPolygon", "coordinates": [
[
[
[17.644,52.1661],
[17.6527,52.1455],
[17.6506,52.1423],
[17.6683,52.1366],
[17.6607,52.0999],
[17.6974,52.0697],
[17.6969,52.063],
[17.7035,52.0493],
[17.7235,52.0457],
[17.7538,52.0313],
[17.7686,52.024],
[17.7826,52.0306],
[17.7985,52.0164],
[17.8311,51.9917],
[17.8716,51.9648],
[17.9361,51.9155],
[17.9447,51.907],
[17.9585,51.8994],
[17.9598,51.8816],
[17.9822,51.8571],
[18.0118,51.846],
[18.0219,51.8132],
[18.0156,51.7998],
[17.9521,51.8041],
[17.9494,51.7859],
[17.9905,51.7782],
[17.9864,51.7633],
[17.9846,51.7559],
[17.9853,51.7384],
[17.9946,51.7412],
[18.0181,51.7331],
[17.9976,51.7175],
[18.0515,51.712],
[18.0636,51.7015],
[18.0874,51.7063],
[18.0804,51.6912],
[18.1211,51.6914],
[18.1055,51.6657],
[18.0794,51.6504],
[18.0986,51.6027],
[18.1828,51.5769],
[18.1879,51.5486],
[18.177,51.5454],
[18.1731,51.5386],
[18.1474,51.5352],
[18.1363,51.5221],
[18.1329,51.4801],
[18.2067,51.4325],
[18.2065,51.4022],
[18.1896,51.3867],
[18.1918,51.3794],
[18.175,51.3652],
[18.165,51.3263],
[18.1481,51.302],
[18.154,51.2923],
[18.1495,51.2861],
[18.1666,51.2727],
[18.1741,51.228],
[18.1637,51.1725],
[18.1679,51.1638],
[18.1873,51.1575],
[18.2186,51.1559],
[18.259,51.1577],
[18.315,51.1341],
[18.3673,51.1386],
[18.4026,51.1245],
[18.413,51.1118],
[18.4072,51.1021],
[18.4311,51.0891],
[18.4302,51.0723],
[18.4465,51.0593],
[18.43,51.0438],
[18.4351,51.0348],
[18.4291,51.0236],
[18.4617,51.007],
[18.5171,51.0071],
[18.5426,50.9892],
[18.5773,50.9903],
[18.6252,50.9716],
[18.6247,50.9659],
[18.6124,50.9551],
[18.6302,50.9312],
[18.6492,50.9313],
[18.6544,50.9147],
[18.6162,50.8536],
[18.6159,50.8424],
[18.6294,50.8308],
[18.6791,50.8175],
[18.7649,50.7729],
[18.8714,50.7612],
[18.9377,50.7171],
[18.9428,50.7021],
[18.9867,50.6879],
[18.9865,50.6819],
[18.9832,50.663],
[19.063,50.6615],
[19.0477,50.6477],
[19.0613,50.6347],
[19.0957,50.6435],
[19.1093,50.6204],
[19.0734,50.6161],
[19.1082,50.5774],
[19.0846,50.5523],
[19.0956,50.5134],
[19.0534,50.493],
[19.0015,50.4815],
[18.9685,50.4109],
[18.9803,50.39],
[18.9581,50.3773],
[18.9796,50.3707],
[19.0365,50.349],
[19.0614,50.3458],
[19.0458,50.3009],
[19.0681,50.2978],
[19.0738,50.2807],
[19.0855,50.2805],
[19.0978,50.2821],
[19.1172,50.2688],
[19.135,50.2616],
[19.1576,50.2296],
[19.2298,50.2614],
[19.2581,50.255],
[19.3235,50.2591],
[19.3977,50.2318],
[19.4986,50.2235],
[19.5302,50.2221],
[19.5285,50.2145],
[19.5846,50.2056],
[19.5958,50.1891],
[19.648,50.1998],
[19.6731,50.1843],
[19.6985,50.1846],
[19.7023,50.1684],
[19.7243,50.1618],
[19.7207,50.1774],
[19.7365,50.1614],
[19.7514,50.1584],
[19.7644,50.159],
[19.7657,50.1721],
[19.7835,50.173],
[19.8287,50.1608],
[19.8137,50.1507],
[19.8169,50.1436],
[19.8641,50.1399],
[19.872,50.1547],
[19.8919,50.1505],
[19.897,50.1408],
[19.9094,50.1515],
[19.9188,50.1416],
[19.9402,50.1447],
[19.9508,50.1536],
[19.9688,50.1387],
[19.9899,50.1334],
[20.0076,50.1268],
[20.0241,50.1202],
[20.038,50.1346],
[20.0325,50.1396],
[20.0493,50.1352],
[20.0713,50.1226],
[20.0824,50.1267],
[20.0808,50.1336],
[20.1129,50.1347],
[20.1383,50.1438],
[20.1559,50.1339],
[20.1607,50.1513],
[20.1807,50.1448],
[20.2022,50.1337],
[20.2013,50.1204],
[20.2089,50.1157],
[20.1956,50.1073],
[20.1923,50.0876],
[20.1846,50.0861],
[20.2004,50.0746],
[20.193,50.0722],
[20.2078,50.0632],
[20.2176,50.054],
[20.2344,50.0682],
[20.2534,50.0654],
[20.2593,50.0749],
[20.2881,50.077],
[20.2957,50.0979],
[20.342,50.093],
[20.3477,50.1022],
[20.3411,50.1115],
[20.3997,50.1234],
[20.4042,50.143],
[20.4265,50.1346],
[20.4396,50.1434],
[20.4526,50.1327],
[20.4939,50.1334],
[20.5022,50.142],
[20.5229,50.1356],
[20.5392,50.1469],
[20.5608,50.1405],
[20.5693,50.1493],
[20.5915,50.1404],
[20.5891,50.1519],
[20.6093,50.1521],
[20.6463,50.1837],
[20.6628,50.1841],
[20.662,50.1941],
[20.6821,50.2007],
[20.6809,50.2159],
[20.7303,50.2302],
[20.7273,50.2435],
[20.733,50.2537],
[20.7643,50.2658],
[20.776,50.2776],
[20.7985,50.2912],
[20.8255,50.2779],
[20.831,50.2752],
[20.8466,50.2761],
[20.8511,50.2863],
[20.8561,50.2955],
[20.8789,50.2952],
[20.8911,50.3037],
[20.9124,50.2989],
[20.9363,50.2945],
[20.9405,50.3053],
[20.9503,50.3145],
[21.0123,50.3127],
[21.0324,50.3202],
[21.0579,50.3153],
[21.0639,50.3178],
[21.0834,50.3366],
[21.0982,50.3384],
[21.1024,50.3374],
[21.1394,50.3549],
[21.1639,50.3382],
[21.1803,50.3306],
[21.1901,50.3514],
[21.2089,50.3545],
[21.2325,50.3732],
[21.2416,50.3746],
[21.2451,50.3753],
[21.2534,50.389],
[21.2655,50.3882],
[21.2878,50.407],
[21.3307,50.4271],
[21.3609,50.4409],
[21.3858,50.4382],
[21.3992,50.44],
[21.4448,50.4563],
[21.4527,50.4606],
[21.4465,50.4737],
[21.4464,50.487],
[21.4822,50.4968],
[21.5149,50.5087],
[21.5461,50.5204],
[21.5836,50.5154],
[21.6005,50.5201],
[21.6156,50.538],
[21.6309,50.5518],
[21.6434,50.5601],
[21.657,50.5736],
[21.6594,50.5814],
[21.6844,50.612],
[21.709,50.6264],
[21.7218,50.6379],
[21.7222,50.6451],
[21.7259,50.6561],
[21.75,50.6704],
[21.7858,50.6812],
[21.8119,50.6878],
[21.8161,50.6905],
[21.8276,50.7201],
[21.843,50.7362],
[21.8421,50.7472],
[21.8528,50.7794],
[21.8639,50.8007],
[21.8789,50.7908],
[21.8752,50.7798],
[21.9518,50.773],
[21.979,50.7738],
[21.9799,50.7616],
[22.0148,50.7238],
[21.9904,50.68],
[22.0912,50.652],
[22.1187,50.6524],
[22.1419,50.6697],
[22.2063,50.6662],
[22.2302,50.6545],
[22.2463,50.635],
[22.2468,50.6221],
[22.3516,50.6118],
[22.4004,50.5934],
[22.4257,50.5724],
[22.4229,50.5605],
[22.4025,50.5438],
[22.4086,50.5222],
[22.3907,50.486],
[22.408,50.4826],
[22.3494,50.4451],
[22.3212,50.4357],
[22.311,50.4212],
[22.3159,50.4131],
[22.3335,50.4044],
[22.3363,50.3928],
[22.353,50.388],
[22.3532,50.3679],
[22.372,50.3641],
[22.3726,50.3427],
[22.388,50.3491],
[22.3991,50.3513],
[22.4165,50.3348],
[22.4302,50.3286],
[22.4449,50.3348],
[22.4462,50.3279],
[22.4675,50.32],
[22.5137,50.3135],
[22.5226,50.3161],
[22.5175,50.3325],
[22.5225,50.3366],
[22.5085,50.3436],
[22.5653,50.359],
[22.5952,50.3486],
[22.638,50.3585],
[22.6875,50.3524],
[22.6869,50.345],
[22.67,50.3399],
[22.6111,50.3302],
[22.6072,50.3108],
[22.6108,50.3101],
[22.6382,50.3035],
[22.6825,50.2987],
[22.7076,50.2912],
[22.7378,50.3021],
[22.8409,50.2977],
[22.89,50.3016],
[23.0282,50.2888],
[23.067,50.3231],
[23.0895,50.33],
[23.1818,50.3961],
[23.1928,50.3944],
[23.2236,50.3906],
[23.2671,50.3707],
[23.3055,50.3801],
[23.3175,50.3926],
[23.3535,50.4019],
[23.3582,50.4105],
[23.3876,50.4054],
[23.4213,50.3938],
[23.4372,50.396],
[23.4664,50.4135],
[23.4697,50.4063],
[23.4806,50.394],
[23.4779,50.3841],
[23.4943,50.386],
[23.523,50.3892],
[23.5493,50.4036],
[23.5852,50.4059],
[23.5869,50.3987],
[23.5867,50.391],
[23.6324,50.3908],
[23.6549,50.388],
[23.6618,50.3917],
[23.6753,50.4016],
[23.6746,50.4103],
[23.6842,50.4284],
[23.6809,50.4576],
[23.6817,50.4637],
[23.7102,50.4605],
[23.7385,50.4663],
[23.7441,50.467],
[23.7653,50.4613],
[23.7775,50.4715],
[23.7904,50.469],
[23.8173,50.4656],
[23.8208,50.4531],
[23.8606,50.4614],
[23.8709,50.4626],
[23.8815,50.4748],
[23.8974,50.4747],
[23.9008,50.48],
[23.9082,50.486],
[23.9191,50.5041],
[23.931,50.5054],
[23.9357,50.5196],
[23.9472,50.5181],
[23.9686,50.5376],
[23.9891,50.5309],
[24.01,50.532],
[24.0198,50.5375],
[24.0546,50.5286],
[24.0667,50.5173],
[24.0808,50.5212],
[24.074,50.5269],
[24.0671,50.5345],
[24.0768,50.5414],
[24.1195,50.5417],
[24.1266,50.5496],
[24.1165,50.5555],
[24.1015,50.5695],
[24.0897,50.5694],
[24.0648,50.5704],
[24.0616,50.5811],
[24.0847,50.5866],
[24.0954,50.6001],
[24.0547,50.6074],
[24.157,50.6151],
[24.1581,50.6278],
[24.1487,50.6288],
[24.1567,50.6401],
[24.1647,50.6381],
[24.1732,50.632],
[24.1632,50.6315],
[24.1756,50.6236],
[24.1734,50.6165],
[24.201,50.6141],
[24.2111,50.5922],
[24.2253,50.5928],
[24.2209,50.5896],
[24.2307,50.5835],
[24.3125,50.5715],
[24.3264,50.593],
[24.3235,50.5998],
[24.3621,50.5966],
[24.3809,50.6091],
[24.413,50.5866],
[24.3989,50.5742],
[24.4061,50.5609],
[24.4501,50.5403],
[24.465,50.5406],
[24.489,50.5565],
[24.5297,50.5519],
[24.5488,50.5325],
[24.5584,50.5107],
[24.5539,50.5062],
[24.5254,50.4968],
[24.5228,50.4797],
[24.4686,50.4855],
[24.4676,50.4735],
[24.4964,50.4601],
[24.4914,50.4415],
[24.506,50.4357],
[24.4973,50.4141],
[24.5423,50.4045],
[24.562,50.419],
[24.5605,50.4268],
[24.5747,50.4287],
[24.5774,50.4207],
[24.5969,50.4199],
[24.5969,50.4134],
[24.654,50.4101],
[24.652,50.4031],
[24.7069,50.3841],
[24.7218,50.3738],
[24.7129,50.3468],
[24.713,50.3429],
[24.7535,50.3401],
[24.7797,50.3388],
[24.7909,50.3464],
[24.8282,50.3491],
[24.8594,50.3504],
[24.8675,50.3612],
[24.8897,50.3584],
[24.8878,50.3461],
[24.9011,50.3443],
[24.9366,50.3455],
[24.9406,50.3624],
[24.9286,50.3777],
[24.9406,50.3893],
[25.0167,50.3418],
[25.0545,50.3431],
[25.0598,50.3289],
[25.0551,50.3127],
[25.0555,50.3006],
[25.1127,50.2872],
[25.128,50.2822],
[25.1604,50.2907],
[25.2047,50.279],
[25.2068,50.2474],
[25.1899,50.2485],
[25.1841,50.2235],
[25.169,50.2226],
[25.169,50.2024],
[25.2151,50.18],
[25.2006,50.1641],
[25.2085,50.1615],
[25.1971,50.1311],
[25.3201,50.0159],
[25.3491,50.003],
[25.3627,49.9955],
[25.4024,49.9859],
[25.412,49.9696],
[25.4039,49.9478],
[25.4268,49.9371],
[25.4201,49.9156],
[25.4612,49.8871],
[25.4725,49.8628],
[25.4766,49.8247],
[25.5075,49.8147],
[25.5395,49.7762],
[25.5682,49.7819],
[25.5827,49.7897],
[25.6329,49.7856],
[25.6441,49.7783],
[25.6312,49.7626],
[25.656,49.7537],
[25.6485,49.7493],
[25.6569,49.7381],
[25.683,49.73],
[25.701,49.725],
[25.7426,49.7135],
[25.7652,49.7423],
[25.7922,49.7445],
[25.816,49.7565],
[25.8233,49.752],
[25.8227,49.7387],
[25.7921,49.7418],
[25.8507,49.7222],
[25.8673,49.7423],
[25.8778,49.7257],
[25.9361,49.7172],
[25.9187,49.7133],
[25.9449,49.7008],
[25.9544,49.7074],
[25.9463,49.7119],
[25.9501,49.7157],
[26.0181,49.7131],
[26.0833,49.7233],
[26.1155,49.7157],
[26.1234,49.725],
[26.1607,49.7137],
[26.1653,49.7275],
[26.1908,49.7142],
[26.2413,49.6936],
[26.2724,49.6569],
[26.2598,49.6537],
[26.2626,49.6375],
[26.2311,49.6365],
[26.2255,49.6235],
[26.1994,49.609],
[26.2143,49.5907],
[26.2073,49.5769],
[26.219,49.5512],
[26.2035,49.5462],
[26.2019,49.5545],
[26.1902,49.5566],
[26.1587,49.5321],
[26.1577,49.5216],
[26.1423,49.5095],
[26.1556,49.5009],
[26.1881,49.481],
[26.1889,49.4544],
[26.2019,49.4418],
[26.1926,49.4337],
[26.1963,49.4258],
[26.2293,49.4076],
[26.2247,49.4032],
[26.2356,49.3998],
[26.2228,49.3758],
[26.2239,49.3753],
[26.2447,49.3693],
[26.232,49.3578],
[26.2436,49.3472],
[26.229,49.3503],
[26.2254,49.3291],
[26.2507,49.3101],
[26.2461,49.3002],
[26.2595,49.2896],
[26.2488,49.2862],
[26.2576,49.2772],
[26.2413,49.2753],
[26.2584,49.2636],
[26.2417,49.2544],
[26.2432,49.2428],
[26.2029,49.2446],
[26.2074,49.2326],
[26.1921,49.2165],
[26.1843,49.1941],
[26.1962,49.1817],
[26.1898,49.1716],
[26.2092,49.1673],
[26.2038,49.1577],
[26.1899,49.1582],
[26.199,49.1462],
[26.1945,49.1363],
[26.2055,49.1328],
[26.1955,49.1293],
[26.2046,49.101],
[26.1969,49.0871],
[26.1939,49.0741],
[26.2155,49.0721],
[26.1879,49.0623],
[26.1848,49.0524],
[26.2076,49.0363],
[26.1977,49.0248],
[26.2156,49.0054],
[26.1761,48.9956],
[26.2119,48.9829],
[26.1773,48.9735],
[26.2082,48.9551],
[26.194,48.9336],
[26.1985,48.9182],
[26.1847,48.9144],
[26.1965,48.9035],
[26.2117,48.9135],
[26.2232,48.9109],
[26.2236,48.903],
[26.2039,48.8959],
[26.2141,48.8798],
[26.2058,48.8752],
[26.2115,48.8645],
[26.1998,48.8589],
[26.2218,48.8475],
[26.2187,48.8356],
[26.2332,48.8192],
[26.2515,48.8226],
[26.2585,48.8156],
[26.2496,48.8083],
[26.2255,48.8132],
[26.2334,48.79],
[26.2181,48.7933],
[26.2159,48.8017],
[26.2073,48.7973],
[26.2143,48.7806],
[26.2381,48.7752],
[26.2299,48.7621],
[26.2455,48.7542],
[26.2232,48.7508],
[26.2429,48.7398],
[26.241,48.7322],
[26.2289,48.7089],
[26.2377,48.697],
[26.22,48.6879],
[26.2453,48.684],
[26.2479,48.6679],
[26.2773,48.6737],
[26.2812,48.6669],
[26.2668,48.6505],
[26.2731,48.6472],
[26.3075,48.6575],
[26.3087,48.6496],
[26.2878,48.6402],
[26.3169,48.6378],
[26.3236,48.6294],
[26.293,48.6228],
[26.3268,48.6107],
[26.3239,48.5999],
[26.3412,48.5975],
[26.3421,48.5861],
[26.3597,48.588],
[26.3591,48.5807],
[26.3364,48.5694],
[26.3638,48.5593],
[26.3602,48.5419],
[26.3769,48.5472],
[26.3798,48.5647],
[26.4089,48.5421],
[26.4337,48.5476],
[26.4435,48.5387],
[26.3938,48.5363],
[26.3569,48.5077],
[26.3214,48.5169],
[26.3061,48.5081],
[26.2735,48.5396],
[26.1938,48.5248],
[26.1698,48.5289],
[26.1471,48.5443],
[26.1454,48.5977],
[26.12,48.6195],
[26.1059,48.6179],
[26.0956,48.5993],
[26.1045,48.5918],
[26.1032,48.5821],
[26.1221,48.5716],
[26.1289,48.555],
[26.12,48.5448],
[26.0936,48.5385],
[26.0615,48.5694],
[26.0341,48.5565],
[26.0376,48.5512],
[26.031,48.5491],
[26.0395,48.5385],
[26.0495,48.5346],
[26.0332,48.5238],
[26.037,48.5149],
[26.0254,48.5134],
[26.0281,48.5043],
[26.0516,48.4839],
[26.0462,48.473],
[26.0674,48.4564],
[26.0641,48.4218],
[26.1326,48.3948],
[26.159,48.3751],
[26.1673,48.3447],
[26.1891,48.319],
[26.1952,48.284],
[26.2633,48.2363],
[26.2683,48.2248],
[26.2563,48.2182],
[26.2693,48.2103],
[26.2941,48.202],
[26.2926,48.188],
[26.3338,48.185],
[26.3342,48.1841],
[26.3497,48.1835],
[26.3483,48.1911],
[26.3601,48.185],
[26.375,48.1984],
[26.3862,48.1949],
[26.3829,48.1871],
[26.403,48.1889],
[26.4215,48.2009],
[26.4367,48.1934],
[26.4359,48.2042],
[26.4578,48.2064],
[26.4578,48.2139],
[26.4718,48.2194],
[26.529,48.2092],
[26.5504,48.2161],
[26.5498,48.225],
[26.5722,48.2191],
[26.5687,48.2312],
[26.5761,48.2422],
[26.588,48.2463],
[26.5975,48.2377],
[26.6186,48.2386],
[26.618,48.2511],
[26.6266,48.2461],
[26.6303,48.2532],
[26.6302,48.2596],
[26.6458,48.2524],
[26.6619,48.2642],
[26.667,48.2463],
[26.6878,48.2534],
[26.7036,48.2647],
[26.7082,48.2531],
[26.7251,48.2454],
[26.7316,48.2497],
[26.7275,48.2578],
[26.7413,48.2547],
[26.7385,48.2445],
[26.7833,48.2431],
[26.7859,48.2496],
[26.8095,48.2541],
[26.8139,48.2453],
[26.8274,48.2437],
[26.8297,48.228],
[26.8379,48.2263],
[26.8518,48.2339],
[26.8604,48.2185],
[26.8862,48.2014],
[26.909,48.2011],
[26.8924,48.1914],
[26.9061,48.18],
[26.9209,48.1832],
[26.9138,48.1984],
[26.9394,48.1978],
[26.9499,48.1859],
[26.9329,48.1709],
[26.9349,48.1644],
[26.9851,48.1573],
[26.9917,48.1497],
[26.9818,48.1438],
[26.9531,48.151],
[26.9549,48.1362],
[27.0023,48.1219],
[27.0179,48.1376],
[27.0294,48.1362],
[27.0226,48.1263],
[27.0401,48.1293],
[27.0338,48.1151],
[27.0407,48.1034],
[27.0271,48.0884],
[27.054,48.0652],
[27.0804,48.0503],
[27.0851,48.0352],
[27.1083,48.0318],
[27.0926,48.0187],
[27.0925,48.0083],
[27.1272,48.0147],
[27.1209,48.0009],
[27.1255,47.9936],
[27.1662,47.9952],
[27.1452,47.9683],
[27.1492,47.9598],
[27.1784,47.9522],
[27.179,47.9441],
[27.1418,47.9171],
[27.1926,47.9105],
[27.21,47.8954],
[27.1971,47.8727],
[27.2172,47.8528],
[27.195,47.8482],
[27.2108,47.8381],
[27.229,47.8449],
[27.2292,47.8385],
[27.248,47.8331],
[27.2332,47.825],
[27.2174,47.8279],
[27.2216,47.8149],
[27.2403,47.8163],
[27.2312,47.7991],
[27.2492,47.794],
[27.2524,47.7787],
[27.2664,47.7797],
[27.2643,47.7604],
[27.2784,47.7641],
[27.2851,47.7574],
[27.2791,47.7502],
[27.2975,47.7476],
[27.2805,47.7346],
[27.2949,47.7281],
[27.289,47.7224],
[27.2633,47.7324],
[27.2502,47.7189],
[27.2667,47.7117],
[27.2712,47.6995],
[27.2817,47.7007],
[27.2726,47.6895],
[27.2957,47.68],
[27.2948,47.6631],
[27.3076,47.6608],
[27.3173,47.6411],
[27.3632,47.6128],
[27.3715,47.5984],
[27.3912,47.5899],
[27.401,47.5847],
[27.4268,47.5838],
[27.4172,47.5726],
[27.4202,47.5639],
[27.4327,47.5623],
[27.4241,47.5541],
[27.4389,47.5501],
[27.4303,47.5449],
[27.4432,47.5363],
[27.4572,47.5361],
[27.4444,47.5304],
[27.4524,47.5215],
[27.4677,47.5264],
[27.4565,47.5189],
[27.455,47.5072],
[27.4734,47.487],
[27.4934,47.4891],
[27.4921,47.4811],
[27.5071,47.4781],
[27.5165,47.4903],
[27.5154,47.474],
[27.5217,47.4824],
[27.5374,47.4786],
[27.5327,47.4853],
[27.5398,47.4881],
[27.5444,47.4757],
[27.5737,47.459],
[27.5697,47.4495],
[27.5572,47.4467],
[27.561,47.4385],
[27.5526,47.4327],
[27.5703,47.4247],
[27.5752,47.412],
[27.5852,47.4084],
[27.569,47.3871],
[27.5705,47.3731],
[27.584,47.3763],
[27.5737,47.3693],
[27.5906,47.365],
[27.5978,47.3711],
[27.5958,47.3472],
[27.6065,47.3492],
[27.606,47.3393],
[27.6165,47.3391],
[27.6008,47.329],
[27.5806,47.3284],
[27.595,47.3274],
[27.5999,47.3173],
[27.6085,47.3284],
[27.607,47.317],
[27.6216,47.3261],
[27.6274,47.311],
[27.6386,47.3115],
[27.634,47.303],
[27.6475,47.2998],
[27.647,47.3073],
[27.6634,47.3082],
[27.6735,47.2993],
[27.6762,47.3101],
[27.6797,47.2988],
[27.6863,47.2843],
[27.6905,47.2918],
[27.7057,47.2893],
[27.705,47.3001],
[27.7361,47.2882],
[27.7378,47.2756],
[27.7479,47.2769],
[27.7447,47.2646],
[27.7586,47.2579],
[27.7527,47.2549],
[27.7569,47.2488],
[27.7451,47.2429],
[27.7593,47.2399],
[27.7562,47.23],
[27.7747,47.231],
[27.7694,47.2216],
[27.7863,47.2183],
[27.7772,47.2042],
[27.7899,47.2079],
[27.7869,47.19],
[27.8037,47.1883],
[27.7963,47.1705],
[27.8114,47.165],
[27.8017,47.1519],
[27.7848,47.1509],
[27.7996,47.142],
[27.7813,47.1424],
[27.8426,47.1356],
[27.8505,47.125],
[27.8383,47.13],
[27.8259,47.123],
[27.8291,47.1183],
[27.8569,47.1126],
[27.8598,47.1035],
[27.8748,47.1079],
[27.8669,47.1027],
[27.8838,47.0989],
[27.8798,47.0918],
[27.8932,47.0871],
[27.8976,47.0734],
[27.9057,47.0769],
[27.9285,47.0637],
[27.9457,47.0601],
[27.9603,47.0558],
[27.9446,47.0499],
[27.9637,47.0495],
[27.9593,47.0414],
[27.973,47.0444],
[27.987,47.0346],
[28.0186,47.0229],
[28.0369,47.0292],
[28.0539,47.0141],
[28.0399,47.0188],
[28.0325,47.011],
[28.0961,46.9787],
[28.079,46.964],
[28.0932,46.9567],
[28.0896,46.9482],
[28.0975,46.9498],
[28.0967,46.9429],
[28.0876,46.9418],
[28.0884,46.9348],
[28.081,46.9377],
[28.1111,46.9232],
[28.1042,46.9103],
[28.0845,46.9049],
[28.0862,46.895],
[28.1134,46.8931],
[28.1184,46.8774],
[28.0983,46.8705],
[28.1115,46.8699],
[28.1075,46.8659],
[28.1234,46.8563],
[28.1178,46.8537],
[28.1261,46.8528],
[28.1153,46.847],
[28.1078,46.843],
[28.116,46.8362],
[28.1147,46.8219],
[28.1259,46.8227],
[28.1288,46.8066],
[28.1405,46.8022],
[28.1527,46.798],
[28.1487,46.7948],
[28.1597,46.785],
[28.1644,46.7916],
[28.1766,46.7779],
[28.161,46.7762],
[28.1726,46.7755],
[28.1676,46.7699],
[28.1777,46.7706],
[28.1778,46.7589],
[28.1852,46.7598],
[28.1734,46.7509],
[28.1845,46.7455],
[28.1805,46.7372],
[28.1959,46.7328],
[28.1874,46.7238],
[28.2097,46.7122],
[28.2033,46.7003],
[28.215,46.6945],
[28.2094,46.6856],
[28.2209,46.6902],
[28.2291,46.6739],
[28.2301,46.6823],
[28.2359,46.6805],
[28.2443,46.6367],
[28.2393,46.6293],
[28.2509,46.6232],
[28.2521,46.6123],
[28.2447,46.607],
[28.2503,46.604],
[28.2315,46.5857],
[28.2405,46.5808],
[28.2229,46.5795],
[28.2358,46.5517],
[28.2266,46.5535],
[28.2211,46.5425],
[28.2153,46.5362],
[28.2306,46.53],
[28.2257,46.5206],
[28.2146,46.5232],
[28.223,46.5116],
[28.2096,46.5055],
[28.2115,46.4988],
[28.2203,46.503],
[28.2303,46.4946],
[28.2244,46.4793],
[28.2434,46.4782],
[28.2525,46.4673],
[28.2458,46.4632],
[28.258,46.4617],
[28.2408,46.4529],
[28.2457,46.4474],
[28.2579,46.4455],
[28.2582,46.4256],
[28.2495,46.4154],
[28.231,46.4156],
[28.2384,46.4065],
[28.2246,46.4013],
[28.243,46.396],
[28.2349,46.3898],
[28.2168,46.3947],
[28.221,46.3813],
[28.1977,46.3711],
[28.207,46.3693],
[28.1994,46.365],
[28.208,46.3594],
[28.1925,46.3594],
[28.1963,46.3501],
[28.1839,46.3535],
[28.1865,46.3475],
[28.1996,46.3439],
[28.1968,46.3339],
[28.1851,46.3347],
[28.1914,46.3306],
[28.187,46.327],
[28.2091,46.3198],
[28.1953,46.3034],
[28.1784,46.3003],
[28.1872,46.2932],
[28.1803,46.2855],
[28.1732,46.2979],
[28.1694,46.2827],
[28.1511,46.2926],
[28.1523,46.2793],
[28.141,46.2857],
[28.1365,46.2693],
[28.1262,46.2621],
[28.1466,46.2518],
[28.1291,46.2477],
[28.1187,46.2388],
[28.1108,46.2444],
[28.107,46.2219],
[28.1126,46.2024],
[28.117,46.2119],
[28.1258,46.2085],
[28.1181,46.1924],
[28.1411,46.1924],
[28.1404,46.1831],
[28.1311,46.1834],
[28.1443,46.1789],
[28.1285,46.1784],
[28.1431,46.1644],
[28.1237,46.1502],
[28.1342,46.1306],
[28.1247,46.1258],
[28.1242,46.1115],
[28.1157,46.1096],
[28.123,46.105],
[28.1025,46.0988],
[28.111,46.087],
[28.1067,46.0833],
[28.1078,46.0779],
[28.0921,46.0791],
[28.0892,46.07],
[28.1002,46.0638],
[28.0895,46.0562],
[28.1042,46.0526],
[28.103,46.0427],
[28.0907,46.0361],
[28.0878,46.0207],
[28.0953,46.015],
[28.0853,46.0082],
[28.1052,45.9895],
[28.0982,45.979],
[28.107,45.9787],
[28.1021,45.9728],
[28.1137,45.9553],
[28.1143,45.9365],
[28.1257,45.9225],
[28.1204,45.9183],
[28.113,45.885],
[28.1281,45.8852],
[28.1325,45.877],
[28.1274,45.8639],
[28.1058,45.8594],
[28.1134,45.85],
[28.1056,45.8442],
[28.1119,45.8347],
[28.1084,45.8163],
[28.1213,45.8064],
[28.114,45.7911],
[28.1352,45.7788],
[28.1537,45.7827],
[28.1439,45.7614],
[28.1507,45.7523],
[28.166,45.7367],
[28.1606,45.7258],
[28.1697,45.7104],
[28.1599,45.7049],
[28.1706,45.6793],
[28.1656,45.6534],
[28.1578,45.6498],
[28.1739,45.6446],
[28.1443,45.6214],
[28.1139,45.6265],
[28.1009,45.6185],
[28.0884,45.6059],
[28.1022,45.5937],
[28.1216,45.5719],
[28.1398,45.5772],
[28.1456,45.5659],
[28.157,45.575],
[28.1481,45.5622],
[28.1589,45.561],
[28.1555,45.554],
[28.1656,45.5448],
[28.1658,45.5252],
[28.1567,45.5241],
[28.166,45.5182],
[28.154,45.5099],
[28.1636,45.5048],
[28.1866,45.4739],
[28.2144,45.4673],
[28.2749,45.4481],
[28.2855,45.4312],
[28.2858,45.3941],
[28.3391,45.3261],
[28.3552,45.3176],
[28.5602,45.2495],
[28.6549,45.2389],
[28.7074,45.2241],
[28.7366,45.2295],
[28.794,45.2429],
[28.7916,45.2555],
[28.7614,45.2644],
[28.7511,45.283],
[28.76,45.2905],
[28.7947,45.2927],
[28.8057,45.306],
[28.7803,45.3241],
[28.7868,45.3308],
[28.8228,45.3335],
[28.8441,45.3181],
[28.8726,45.3159],
[28.9255,45.2811],
[28.9444,45.2801],
[28.9557,45.2951],
[28.9482,45.3098],
[28.9887,45.3559],
[29.0422,45.3617],
[29.0819,45.3863],
[29.1478,45.387],
[29.1794,45.3997],
[29.1876,45.4126],
[29.246,45.434],
[29.2862,45.4261],
[29.3294,45.4479],
[29.3529,45.4362],
[29.4307,45.4426],
[29.4792,45.4549],
[29.5127,45.4516],
[29.5395,45.4353],
[29.5523,45.4072],
[29.594,45.3885],
[29.6576,45.3322],
[29.6785,45.2684],
[29.664,45.2604],
[29.6598,45.2484],
[29.6709,45.2206],
[29.6892,45.2034],
[29.6913,45.192],
[29.7563,45.1867],
[29.76,45.1861],
[29.8001,45.2012],
[29.8128,45.2229],
[29.7918,45.2641],
[29.8166,45.3248],
[29.8089,45.4052],
[29.8282,45.4238],
[29.8353,45.4431],
[29.8364,45.4601],
[29.8243,45.4809],
[29.8024,45.4923],
[29.7954,45.5126],
[29.7688,45.5282],
[29.7266,45.5273],
[29.7097,45.5187],
[29.7472,45.5471],
[30.0976,45.7478],
[30.201,45.8039],
[30.2757,45.8482],
[30.3947,45.9597],
[30.5171,46.0521],
[30.5574,46.1032],
[30.603,46.1399],
[30.729,46.308],
[30.7547,46.3344],
[30.7971,46.3579],
[30.8248,46.4456],
[30.8158,46.4882],
[30.7914,46.5198],
[30.8571,46.5178],
[30.9431,46.5435],
[31.1725,46.5903],
[31.2299,46.574],
[31.3743,46.5685],
[31.4081,46.5577],
[31.4551,46.5726],
[31.5085,46.5148],
[31.6764,46.4057],
[31.7324,46.3431],
[31.6798,46.2859],
[31.6287,46.281],
[31.5902,46.3073],
[31.5882,46.3675],
[31.5684,46.3954],
[31.5345,46.4048],
[31.5107,46.4028],
[31.4725,46.3801],
[31.4595,46.3284],
[31.4772,46.2841],
[31.5294,46.237],
[31.6096,46.2014],
[31.8454,46.1585],
[32.0124,46.1394],
[32.4801,46.0378],
[32.9149,45.9745],
[33.0323,45.9706],
[33.1096,45.9851],
[33.1283,46.0097],
[33.1271,46.0221],
[33.108,46.0428],
[33.0556,46.0616],
[32.9807,46.073],
[33.0558,46.0764],
[33.0898,46.0958],
[33.1386,46.0875],
[33.1493,46.0478],
[33.1855,46.0303],
[33.2225,46.033],
[33.2503,46.0497],
[33.2856,46.0383],
[33.3408,46.0399],
[33.3882,46.0017],
[33.4254,45.9926],
[33.4586,46.0013],
[33.489,45.9911],
[33.5266,45.9928],
[33.5461,45.9989],
[33.566,46.0182],
[33.578,45.9721],
[33.5647,45.9475],
[33.5804,45.9203],
[33.5623,45.9124],
[33.512,45.912],
[33.476,45.8914],
[33.3939,45.8652],
[33.3223,45.8155],
[33.2425,45.7893],
[33.2284,45.7926],
[33.2259,45.8221],
[33.2063,45.8378],
[33.1772,45.8436],
[33.1451,45.8365],
[33.1207,45.8134],
[33.104,45.7514],
[33.0492,45.7398],
[32.9217,45.6901],
[32.7963,45.623],
[32.7702,45.5974],
[32.5284,45.4972],
[32.4375,45.4254],
[32.4262,45.3949],
[32.432,45.3745],
[32.4446,45.3631],
[32.4441,45.3325],
[32.4615,45.3169],
[32.6163,45.2812],
[32.6831,45.2824],
[32.7713,45.3292],
[32.8914,45.3257],
[32.9331,45.3082],
[33.0278,45.2486],
[33.1143,45.1748],
[33.1609,45.1503],
[33.1951,45.1431],
[33.2246,45.119],
[33.2455,45.111],
[33.2895,45.1098],
[33.3181,45.1193],
[33.3361,45.1352],
[33.4035,45.1533],
[33.4715,45.1095],
[33.5212,45.0552],
[33.549,44.9953],
[33.5446,44.9747],
[33.559,44.905],
[33.5544,44.8778],
[33.5095,44.8607],
[33.4819,44.7987],
[33.4931,44.7208],
[33.4909,44.6699],
[33.4637,44.649],
[33.348,44.6149],
[33.3276,44.5957],
[33.3271,44.5714],
[33.3564,44.5378],
[33.4207,44.5004],
[33.4559,44.4664],
[33.5515,44.4505],
[33.5859,44.4528],
[33.5959,44.4178],
[33.6102,44.4014],
[33.6491,44.3831],
[33.675,44.38],
[33.7174,44.3522],
[33.7774,44.3488],
[33.8563,44.3676],
[33.9737,44.355],
[34.1525,44.3948],
[34.175,44.4098],
[34.2074,44.4626],
[34.2694,44.4709],
[34.3016,44.4876],
[34.3221,44.5117],
[34.3529,44.5109],
[34.3857,44.5221],
[34.3975,44.5342],
[34.4022,44.5608],
[34.4235,44.5809],
[34.4334,44.6104],
[34.464,44.655],
[34.4953,44.6832],
[34.5813,44.7201],
[34.7407,44.7739],
[34.8043,44.7823],
[34.9173,44.7791],
[34.9616,44.8],
[34.9971,44.7942],
[35.0184,44.7706],
[35.0681,44.7567],
[35.1187,44.7663],
[35.1797,44.8115],
[35.1977,44.8694],
[35.267,44.8874],
[35.302,44.9251],
[35.3196,44.929],
[35.3791,44.9101],
[35.4213,44.9218],
[35.4427,44.9486],
[35.4344,44.9741],
[35.4653,44.9891],
[35.4781,45.0124],
[35.4747,45.0275],
[35.4502,45.0488],
[35.4969,45.0752],
[35.5622,45.0918],
[35.6009,45.0902],
[35.7031,45.0596],
[35.7591,45.0242],
[35.769,44.998],
[35.7955,44.9748],
[35.832,44.9607],
[35.9211,44.9799],
[35.9712,44.9763],
[36.0111,44.9908],
[36.0417,45.0129],
[36.2304,44.9907],
[36.2853,45.0178],
[36.3892,45.0238],
[36.4732,45.0561],
[36.5036,45.0859],
[36.5056,45.1087],
[36.4764,45.1405],
[36.4579,45.1864],
[36.4562,45.2062],
[36.4803,45.2417],
[36.4885,45.2607],
[36.5237,45.2257],
[36.5477,45.2154],
[36.5496,45.2173],
[36.5529,45.1792],
[36.5669,45.1672],
[36.5896,45.1235],
[36.6155,45.1073],
[36.7203,45.0757],
[36.8132,45.083],
[36.8845,45.0717],
[37.1199,45.0026],
[37.2107,44.9596],
[37.2625,44.9203],
[37.2466,44.8971],
[37.2498,44.8785],
[37.2908,44.8372],
[37.2992,44.8072],
[37.3323,44.7731],
[37.3274,44.7563],
[37.3383,44.736],
[37.4584,44.6632],
[37.5288,44.6431],
[37.6034,44.6309],
[37.6483,44.6327],
[37.6749,44.6208],
[37.7296,44.6137],
[37.8165,44.6318],
[37.846,44.6543],
[37.8596,44.6477],
[37.8555,44.6241],
[37.8793,44.5928],
[37.9498,44.5438],
[38.0122,44.5259],
[38.0506,44.5057],
[38.0843,44.4782],
[38.108,44.4399],
[38.1399,44.4211],
[38.1707,44.3891],
[38.216,44.3753],
[38.2691,44.3755],
[38.3598,44.3349],
[38.46,44.3322],
[38.5522,44.3153],
[38.6061,44.2912],
[38.759,44.2537],
[38.7796,44.223],
[38.8404,44.1662],
[38.8627,44.1548],
[38.9652,44.1318],
[38.9793,44.1203],
[38.9865,44.0871],
[39.0029,44.0699],
[39.0493,44.06],
[39.1159,43.9953],
[39.2592,43.917],
[39.2947,43.8762],
[39.3627,43.8308],
[39.4266,43.763],
[39.5424,43.6807],
[39.5714,43.6427],
[39.6516,43.609],
[39.6718,43.5647],
[39.6944,43.5444],
[39.8403,43.4759],
[39.8553,43.4335],
[39.8853,43.3929],
[39.9285,43.3666],
[39.9814,43.3504],
[40.0619,43.342],
[40.139,43.3067],
[40.2063,43.2892],
[40.2311,43.177],
[40.2406,43.1631],
[40.3131,43.1163],
[40.3516,43.1096],
[40.3917,43.1316],
[40.46,43.1044],
[40.5003,43.1059],
[40.537,43.07],
[40.5754,43.0549],
[40.6434,43.0593],
[40.6794,43.0491],
[40.84,43.0399],
[40.9352,42.9543],
[40.9684,42.9441],
[41.0166,42.9581],
[41.036,42.9249],
[41.0607,42.8286],
[41.1169,42.7691],
[41.1653,42.7557],
[41.2171,42.7647],
[41.2627,42.7547],
[41.2931,42.7408],
[41.3719,42.7274],
[41.41,42.7044],
[41.4662,42.5795],
[41.4978,42.4102],
[41.5159,42.3706],
[41.5512,42.3484],
[41.5774,42.2898],
[41.5899,42.2408],
[41.5798,42.2079],
[41.6121,42.1222],
[41.7061,42.0007],
[41.7187,41.908],
[41.7277,41.8584],
[41.7225,41.8189],
[41.6755,41.7272],
[41.6472,41.6942],
[41.618,41.6922],
[41.5935,41.6804],
[41.5272,41.6212],
[41.5151,41.5642],
[41.4999,41.5381],
[41.4832,41.5091],
[41.4408,41.4884],
[41.481,41.4625],
[41.4947,41.4257],
[41.5263,41.4108],
[41.5283,41.3753],
[41.494,41.3485],
[41.4809,41.318],
[41.4919,41.2437],
[41.4487,41.1812],
[41.4487,41.1425],
[41.47,41.1088],
[41.5146,41.1016],
[41.6039,41.0566],
[41.7652,41.1337],
[41.8339,41.0861],
[41.8497,41.0633],
[41.8469,41.0322],
[41.8181,41.0032],
[41.8888,40.9426],
[41.8795,40.9177],
[41.8493,40.8938],
[41.8363,40.8587],
[41.8675,40.8359],
[41.8754,40.8065],
[41.8679,40.7868],
[41.8545,40.785],
[41.8277,40.7379],
[41.8195,40.702],
[41.8222,40.6635],
[41.8861,40.6113],
[41.9163,40.4919],
[41.9595,40.4198],
[42.0076,40.4355],
[42.0351,40.4668],
[42.1374,40.4783],
[42.1827,40.4945],
[42.2309,40.4885],
[42.25,40.4618],
[42.32,40.424],
[42.3248,40.3853],
[42.2829,40.3722],
[42.2479,40.3356],
[42.2541,40.2963],
[42.2932,40.2261],
[42.3495,40.2093],
[42.4429,40.1169],
[42.5233,40.0807],
[42.513,40.0455],
[42.526,40.0066],
[42.5562,39.9724],
[42.627,39.9276],
[42.673,39.9471],
[42.7286,39.9424],
[42.7801,39.9587],
[42.9483,39.984],
[42.9998,40.005],
[43.0527,40.0092],
[43.1035,39.9897],
[43.1646,39.9819],
[43.2243,39.9829],
[43.2858,39.9967],
[43.3548,39.9925],
[43.3781,39.982],
[43.3664,39.9251],
[43.4046,39.8713],
[43.4029,39.8411],
[43.4176,39.7992],
[43.4436,39.774],
[43.4757,39.7754],
[43.4925,39.7881],
[43.5077,39.8283],
[43.53,39.8414],
[43.5512,39.8404],
[43.6078,39.8012],
[43.7458,39.7663],
[43.7712,39.7634],
[43.8059,39.7816],
[43.8389,39.7774],
[43.8816,39.758],
[43.9766,39.7475],
[43.999,39.7278],
[44.0449,39.7399],
[44.0935,39.7328],
[44.1305,39.744],
[44.1774,39.7127],
[44.2552,39.6985],
[44.309,39.6705],
[44.4267,39.6608],
[44.4498,39.6656],
[44.4673,39.6841],
[44.6158,39.7802],
[44.6325,39.7559],
[44.6307,39.7441],
[44.6479,39.7274],
[44.6685,39.7145],
[44.6908,39.7174],
[44.7023,39.7101],
[44.7151,39.7143],
[44.7429,39.692],
[44.7524,39.6824],
[44.7548,39.6708],
[44.7985,39.6489],
[44.8093,39.6274],
[44.8193,39.613],
[44.8552,39.6025],
[44.8755,39.6153],
[44.8811,39.6082],
[44.8739,39.5936],
[44.8911,39.5964],
[44.8954,39.6057],
[44.8996,39.5985],
[44.8883,39.5813],
[44.9155,39.5671],
[44.9068,39.5394],
[44.9186,39.5328],
[44.9096,39.5251],
[44.9365,39.512],
[44.952,39.4916],
[44.9384,39.4887],
[44.9509,39.4841],
[44.9369,39.4809],
[44.9486,39.4716],
[44.9398,39.4599],
[44.9476,39.4516],
[44.9769,39.4494],
[44.9607,39.4419],
[44.9642,39.4221],
[45,39.4114],
[45,68.5997],
[44.5531,68.5997],
[44.0896,68.5822],
[43.892,68.6255],
[43.8151,68.6591],
[43.7252,68.6684],
[43.5106,68.7115],
[43.3108,68.716],
[43.2,68.7029],
[43.1596,68.6845],
[43.1422,68.6552],
[43.1852,68.6032],
[43.2046,68.5905],
[43.3073,68.5556],
[43.4577,68.4873],
[43.8809,68.3641],
[44.0824,68.281],
[44.0884,68.2076],
[44.0648,68.1464],
[44.0593,68.0899],
[44.0216,68.0467],
[44.009,68.0095],
[44.0279,67.9576],
[44.0169,67.9238],
[43.9732,67.8512],
[43.9759,67.8121],
[44.0058,67.7838],
[44.0023,67.761],
[43.9695,67.7196],
[43.9378,67.6962],
[43.9315,67.6642],
[43.9122,67.6336],
[43.8163,67.5477],
[43.7077,67.4108],
[43.6731,67.364],
[43.6616,67.3236],
[43.6358,67.2861],
[43.6327,67.2625],
[43.6452,67.194],
[43.6895,67.1591],
[43.8589,67.1055],
[43.9215,67.103],
[44.0014,67.1123],
[44.0531,67.1041],
[44.0771,67.0848],
[44.1685,67.0427],
[44.2007,67.0063],
[44.2866,66.9619],
[44.3547,66.9114],
[44.3363,66.8792],
[44.3498,66.8453],
[44.2638,66.8176],
[44.2257,66.7835],
[44.2262,66.7584],
[44.2398,66.7361],
[44.2683,66.7046],
[44.3271,66.667],
[44.2911,66.635],
[44.2507,66.5765],
[44.2453,66.5319],
[44.2012,66.5149],
[44.1003,66.4485],
[44.0709,66.3989],
[44.0026,66.3418],
[43.9407,66.2298],
[43.81,66.2484],
[43.7576,66.2935],
[43.6949,66.3285],
[43.6446,66.3452],
[43.4637,66.3754],
[43.4046,66.4261],
[43.3179,66.4583],
[43.1298,66.4684],
[42.839,66.4481],
[42.7522,66.4509],
[42.6621,66.4907],
[42.5103,66.5156],
[42.3884,66.5516],
[42.3208,66.5631],
[42.2301,66.5676],
[42.1018,66.5511],
[41.9747,66.5033],
[41.8465,66.3885],
[41.7412,66.3518],
[41.6993,66.3071],
[41.617,66.2534],
[41.49,66.2057],
[41.4224,66.1587],
[41.2772,66.1138],
[41.0026,66.0624],
[40.7546,66.043],
[40.6428,66.0218],
[40.5313,65.9662],
[40.4367,65.8879],
[40.3085,65.8167],
[40.1471,65.7703],
[40.0428,65.7246],
[39.7959,65.6707],
[39.6755,65.6116],
[39.6268,65.5689],
[39.5871,65.5047],
[39.5693,65.4294],
[39.5852,65.3492],
[39.6055,65.3225],
[39.6568,65.2857],
[39.7194,65.259],
[39.8152,65.1958],
[39.843,65.1674],
[39.9041,65.1288],
[39.9312,65.0861],
[40.0257,65.0315],
[40.0565,64.9648],
[40.0841,64.9345],
[40.0889,64.8971],
[40.1368,64.8433],
[39.9157,64.8132],
[39.8753,64.8016],
[39.8135,64.754],
[39.7714,64.7421],
[39.7328,64.7188],
[39.6616,64.6126],
[39.5902,64.6043],
[39.4503,64.647],
[39.4097,64.6709],
[39.3488,64.6914],
[39.1672,64.7144],
[39.0914,64.7493],
[38.9415,64.788],
[38.7546,64.8016],
[38.6067,64.8215],
[38.4635,64.8819],
[38.4064,64.8968],
[38.1544,64.8995],
[37.9786,64.9306],
[37.8325,64.9853],
[37.8374,65.0061],
[37.8233,65.0376],
[37.7529,65.076],
[37.6014,65.1024],
[37.4462,65.1512],
[37.0776,65.22],
[36.9653,65.2192],
[36.9312,65.2473],
[36.867,65.2626],
[36.7669,65.2602],
[36.6879,65.2334],
[36.665,65.2153],
[36.6604,65.195],
[36.6734,65.1731],
[36.7068,65.1539],
[36.6955,65.1194],
[36.7306,65.082],
[36.7134,65.037],
[36.689,65.0181],
[36.6816,64.9934],
[36.6081,64.9757],
[36.503,64.9875],
[36.396,64.977],
[36.3397,64.9571],
[36.316,64.9301],
[36.3178,64.8926],
[36.3459,64.8408],
[36.3779,64.8167],
[36.3895,64.7964],
[36.3949,64.7595],
[36.4131,64.734],
[36.4095,64.7152],
[36.4261,64.6912],
[36.489,64.667],
[36.6084,64.6683],
[36.6221,64.6613],
[36.6769,64.6018],
[36.7561,64.55],
[36.8048,64.5036],
[36.9716,64.4044],
[37.0326,64.3579],
[37.1743,64.3158],
[37.3216,64.288],
[37.261,64.2704],
[37.2333,64.2409],
[37.2438,64.2082],
[37.2908,64.1837],
[37.3911,64.1718],
[37.4377,64.178],
[37.4823,64.1957],
[37.5034,64.2255],
[37.4885,64.2516],
[37.4368,64.2782],
[37.3724,64.29],
[37.4952,64.3251],
[37.5615,64.3076],
[37.6239,64.3024],
[37.6701,64.3064],
[37.718,64.3214],
[37.7948,64.3026],
[37.8256,64.2749],
[37.7816,64.2474],
[37.7696,64.22],
[37.7729,64.1949],
[37.8209,64.1374],
[37.8824,64.1111],
[37.9144,64.0752],
[37.9191,64.0662],
[37.9122,64.0566],
[37.8786,64.0795],
[37.8255,64.0935],
[37.7636,64.0946],
[37.706,64.0824],
[37.6666,64.0562],
[37.664,64.0291],
[37.6866,64.0053],
[37.7557,63.9746],
[37.7647,63.955],
[37.6851,63.9529],
[37.5709,63.9308],
[37.5152,63.8915],
[37.5099,63.8753],
[37.5173,63.8566],
[37.5088,63.8525],
[37.46,63.8427],
[37.3859,63.8492],
[37.4183,63.8764],
[37.4201,63.8927],
[37.4116,63.9079],
[37.3653,63.9329],
[37.3059,63.9419],
[37.2913,63.9709],
[37.2515,63.9903],
[37.2701,64.0037],
[37.28,64.0246],
[37.2579,64.0585],
[37.3086,64.0775],
[37.3291,64.1023],
[37.3323,64.1416],
[37.3067,64.1654],
[37.2323,64.1948],
[37.1887,64.2029],
[37.1268,64.204],
[37.0726,64.1925],
[37.0348,64.1721],
[37.0211,64.1517],
[37.0304,64.1257],
[37.0967,64.0799],
[37.0575,64.0671],
[37.0245,64.0937],
[36.9699,64.1078],
[36.9727,64.1441],
[36.9642,64.159],
[36.9273,64.1856],
[36.8731,64.1996],
[36.8631,64.2206],
[36.8272,64.2507],
[36.6414,64.3063],
[36.6266,64.3167],
[36.6218,64.336],
[36.606,64.3505],
[36.5363,64.3795],
[36.4309,64.3944],
[36.334,64.3783],
[36.3142,64.3851],
[36.3095,64.4051],
[36.2867,64.4237],
[36.2142,64.4425],
[36.0951,64.4457],
[36.0272,64.4333],
[35.9506,64.45],
[35.888,64.4485],
[35.8154,64.4618],
[35.7155,64.4616],
[35.6888,64.4791],
[35.7375,64.5078],
[35.7438,64.5342],
[35.7382,64.5505],
[35.8116,64.5726],
[35.8302,64.592],
[35.832,64.6079],
[35.8172,64.6293],
[35.7737,64.659],
[35.6247,64.736],
[35.5561,64.7451],
[35.4552,64.7358],
[35.3873,64.7053],
[35.362,64.6809],
[35.3656,64.6551],
[35.389,64.6368],
[35.427,64.6237],
[35.4892,64.6166],
[35.5479,64.5788],
[35.5141,64.5638],
[35.496,64.5444],
[35.4955,64.5121],
[35.5288,64.4855],
[35.4956,64.4709],
[35.4321,64.4614],
[35.4023,64.4827],
[35.3502,64.4963],
[35.3612,64.5178],
[35.352,64.5384],
[35.2895,64.5674],
[35.2041,64.5727],
[35.1317,64.5532],
[35.0659,64.5655],
[35.1972,64.6398],
[35.2058,64.6725],
[35.1761,64.7019],
[35.2234,64.7274],
[35.2326,64.7539],
[35.3151,64.7625],
[35.3496,64.7772],
[35.3683,64.7964],
[35.3638,64.8275],
[35.3331,64.8495],
[35.28,64.8631],
[35.2217,64.8653],
[35.3581,64.8998],
[35.4179,64.8906],
[35.4759,64.8943],
[35.5167,64.9057],
[35.5439,64.9226],
[35.619,64.9034],
[35.8022,64.9042],
[35.968,64.952],
[36.0748,64.9689],
[36.1093,64.9835],
[36.1414,65.012],
[36.146,65.0327],
[36.1403,65.0545],
[36.1185,65.0757],
[36.2513,65.0912],
[36.3396,65.1128],
[36.3864,65.1374],
[36.3956,65.1525],
[36.3933,65.1739],
[36.3677,65.1968],
[36.3194,65.212],
[36.2499,65.2182],
[36.1262,65.2131],
[36.0772,65.2344],
[36.0042,65.2453],
[35.9223,65.2394],
[35.8442,65.2198],
[35.7616,65.2285],
[35.6468,65.22],
[35.5201,65.1993],
[35.4437,65.1812],
[35.3965,65.1537],
[35.3754,65.1211],
[35.381,65.0896],
[35.4432,65.0343],
[35.3733,65.0222],
[35.3329,64.9951],
[35.2581,65.0148],
[35.184,65.0178],
[35.1656,65.025],
[35.1667,65.0387],
[35.1443,65.0871],
[35.0879,65.115],
[35.0311,65.1237],
[34.9162,65.1198],
[34.9289,65.1424],
[34.9175,65.1679],
[34.8756,65.1904],
[34.8031,65.2492],
[34.7426,65.2814],
[34.6894,65.2948],
[34.7015,65.3168],
[34.6885,65.3401],
[34.741,65.3576],
[34.8089,65.4033],
[34.8216,65.4315],
[34.8132,65.4537],
[34.8491,65.4892],
[34.9045,65.5172],
[34.9186,65.5629],
[34.9796,65.5652],
[35.0341,65.5797],
[35.0662,65.6038],
[35.068,65.6276],
[35.1083,65.6422],
[35.1467,65.6688],
[35.1551,65.6848],
[35.1541,65.7094],
[35.1747,65.7242],
[35.1841,65.7482],
[35.1806,65.7645],
[35.1615,65.7838],
[35.1752,65.8081],
[35.1681,65.8293],
[35.1327,65.8515],
[34.9815,65.8975],
[34.9695,65.9184],
[34.9389,65.9357],
[34.8485,65.9502],
[34.8365,65.9894],
[34.8215,66.0044],
[34.7401,66.0377],
[34.7198,66.0625],
[34.6266,66.1095],
[34.488,66.1532],
[34.3462,66.2125],
[34.2756,66.2308],
[34.1976,66.2683],
[34.1212,66.2836],
[34.0995,66.3023],
[34.0592,66.3168],
[34.0347,66.3411],
[34.0048,66.3529],
[33.9891,66.3846],
[34.0082,66.4013],
[34.0111,66.4222],
[33.9936,66.442],
[33.9647,66.4569],
[33.8821,66.485],
[33.7597,66.4869],
[33.7256,66.5073],
[33.6767,66.5188],
[33.6513,66.5449],
[33.7329,66.5422],
[33.7996,66.5575],
[33.8223,66.5706],
[33.8357,66.5907],
[33.8322,66.6064],
[33.8164,66.6219],
[33.9221,66.6221],
[34.006,66.6322],
[34.1774,66.611],
[34.1957,66.5908],
[34.257,66.5682],
[34.3586,66.5066],
[34.4414,66.4881],
[34.5903,66.4904],
[34.7229,66.5116],
[34.8049,66.5441],
[34.8384,66.5422],
[35.095,66.4362],
[35.2101,66.4165],
[35.2329,66.3984],
[35.2898,66.3751],
[35.5229,66.331],
[35.6929,66.3188],
[35.7898,66.3024],
[35.9063,66.2994],
[35.9664,66.2855],
[36.0759,66.2782],
[36.5037,66.2239],
[36.7528,66.2309],
[37.0521,66.1955],
[37.2909,66.1541],
[37.4456,66.1131],
[37.498,66.0902],
[37.7075,66.0513],
[37.9791,66.0276],
[38.1193,66.0247],
[38.2633,66.0035],
[38.7366,66.0116],
[38.8056,66.0195],
[38.9445,66.0541],
[39.1524,66.0525],
[39.2653,66.0849],
[39.4658,66.1151],
[39.5184,66.1322],
[39.8026,66.162],
[39.9184,66.1883],
[40.063,66.209],
[40.1174,66.2253],
[40.2554,66.2938],
[40.3487,66.3255],
[40.4669,66.3417],
[40.591,66.3843],
[40.6825,66.4279],
[40.7731,66.4446],
[40.8287,66.4826],
[40.8328,66.4977],
[40.824,66.5273],
[40.8361,66.5477],
[40.8875,66.5648],
[40.9865,66.6219],
[41.054,66.6438],
[41.1407,66.6928],
[41.207,66.715],
[41.2457,66.749],
[41.2946,66.7721],
[41.3578,66.817],
[41.3776,66.846],
[41.3823,66.8771],
[41.4247,66.9451],
[41.4695,66.9682],
[41.5012,67.0057],
[41.5074,67.0349],
[41.4829,67.0606],
[41.5259,67.0853],
[41.5389,67.1132],
[41.5202,67.138],
[41.4737,67.16],
[41.4938,67.1836],
[41.494,67.1991],
[41.4836,67.219],
[41.4517,67.2417],
[41.3567,67.267],
[41.2887,67.271],
[41.2317,67.2647],
[41.2231,67.2717],
[41.2494,67.3289],
[41.255,67.4073],
[41.2275,67.45],
[41.1802,67.4808],
[41.1428,67.4941],
[41.1444,67.5212],
[41.128,67.551],
[41.1739,67.6074],
[41.1769,67.6316],
[41.154,67.6702],
[41.099,67.7258],
[40.9863,67.7699],
[40.9136,67.7812],
[40.856,67.7797],
[40.8207,67.7931],
[40.8029,67.8133],
[40.7611,67.8337],
[40.6717,67.8506],
[40.6042,67.8757],
[40.5228,67.8855],
[40.4686,67.9192],
[40.3914,67.949],
[40.2309,67.9844],
[40.1848,68.0147],
[40.108,68.0381],
[40.0778,68.0574],
[40.0627,68.0868],
[40.0377,68.1111],
[39.9714,68.1527],
[39.8484,68.1952],
[39.738,68.2087],
[39.6443,68.1943],
[39.6137,68.1785],
[39.6017,68.1596],
[39.6275,68.1156],
[39.4622,68.1485],
[39.3372,68.1966],
[39.2876,68.2258],
[39.2312,68.2412],
[39.1665,68.2477],
[39.1259,68.2624],
[39.1145,68.2671],
[39.0981,68.2941],
[39.0675,68.3098],
[38.9497,68.3459],
[38.8497,68.3606],
[38.7358,68.4171],
[38.4565,68.451],
[38.2889,68.5114],
[38.2141,68.5298],
[38.1928,68.5498],
[38.1418,68.5697],
[38.0864,68.6096],
[37.9598,68.6509],
[37.9202,68.6789],
[37.9222,68.7006],
[37.8931,68.7246],
[37.8074,68.7496],
[37.6922,68.7558],
[37.6785,68.762],
[37.6701,68.7875],
[37.6276,68.8094],
[37.4167,68.8628],
[37.2921,68.8757],
[37.1846,68.9004],
[36.9324,68.9688],
[36.8332,69.01],
[36.558,69.0751],
[36.5383,69.0927],
[36.4981,69.1077],
[36.3219,69.151],
[36.1023,69.1876],
[36.0338,69.2211],
[35.9253,69.2478],
[35.8119,69.2606],
[35.7049,69.2556],
[35.2499,69.3073],
[35.0843,69.3006],
[35.0388,69.2878],
[35.0077,69.2658],
[34.9588,69.2724],
[34.9206,69.2903],
[34.8698,69.3004],
[34.6891,69.3171],
[34.5498,69.3128],
[34.5544,69.3301],
[34.5441,69.3482],
[34.4972,69.3743],
[34.2749,69.4224],
[34.1227,69.4379],
[34.0418,69.4378],
[33.9588,69.4265],
[33.868,69.3977],
[33.82,69.3619],
[33.6222,69.3569],
[33.6186,69.364],
[33.6376,69.3878],
[33.6281,69.419],
[33.5207,69.4626],
[33.3228,69.4806],
[33.2494,69.4773],
[33.023,69.5149],
[32.9047,69.5214],
[33.0654,69.5501],
[33.1227,69.5858],
[33.2122,69.6182],
[33.2373,69.6415],
[33.2394,69.6605],
[33.2664,69.6932],
[33.2724,69.7254],
[33.2336,69.7569],
[33.1577,69.7893],
[33.0689,69.7985],
[32.9571,69.8246],
[32.8113,69.8321],
[32.6553,69.8522],
[32.6102,69.8733],
[32.5293,69.8876],
[32.4147,69.9239],
[32.3385,69.9364],
[32.1388,70.0021],
[31.9372,70.0098],
[31.8564,70.005],
[31.8053,69.9926],
[31.7711,69.9738],
[31.7265,69.9192],
[31.716,69.8924],
[31.5855,69.9069],
[31.4377,69.8899],
[31.3983,69.8722],
[31.384,69.8567],
[31.3832,69.8405],
[31.4014,69.7929],
[31.0233,69.8401],
[30.8953,69.845],
[30.8902,69.8417],
[30.8176,69.7948],
[30.8215,69.7901],
[30.8218,69.7889],
[30.8237,69.7866],
[30.8407,69.7791],
[30.8397,69.7726],
[30.8529,69.7693],
[30.8502,69.7613],
[30.8609,69.763],
[30.8674,69.7585],
[30.8614,69.7528],
[30.8773,69.7507],
[30.8679,69.7512],
[30.8726,69.7417],
[30.8906,69.7373],
[30.8851,69.7311],
[30.8934,69.7292],
[30.8908,69.7199],
[30.8736,69.7156],
[30.8993,69.7036],
[30.8924,69.7007],
[30.9088,69.7005],
[30.9165,69.6911],
[30.9444,69.6832],
[30.9466,69.6742],
[30.9234,69.6697],
[30.9339,69.6478],
[30.9527,69.6377],
[30.95,69.623],
[30.9492,69.6019],
[30.9385,69.5966],
[30.9473,69.591],
[30.9389,69.561],
[30.818,69.5289],
[30.7678,69.5324],
[30.7446,69.5329],
[30.6642,69.5407],
[30.516,69.5404],
[30.4177,69.5899],
[30.224,69.6531],
[30.1517,69.6694],
[30.0853,69.6581],
[30.0913,69.6428],
[30.1378,69.6435],
[30.1528,69.609],
[30.1802,69.5857],
[30.1883,69.5685],
[30.1755,69.5363],
[30.1478,69.5296],
[30.1433,69.5264],
[30.1197,69.5126],
[30.1119,69.4792],
[30.1163,69.4688],
[30.077,69.4535],
[30.0345,69.4247],
[29.9807,69.4097],
[29.9457,69.4051],
[29.9158,69.4186],
[29.8505,69.4228],
[29.7878,69.3977],
[29.7226,69.3891],
[29.6951,69.3635],
[29.5705,69.3179],
[29.5373,69.3173],
[29.5239,69.3292],
[29.4153,69.3184],
[29.3965,69.3237],
[29.2923,69.2979],
[29.2769,69.276],
[29.2769,69.2586],
[29.2781,69.2492],
[29.2899,69.2454],
[29.2944,69.2448],
[29.314,69.2313],
[29.3007,69.2164],
[29.3059,69.2101],
[29.2929,69.2059],
[29.2959,69.1968],
[29.2947,69.1869],
[29.2928,69.1835],
[29.2827,69.1752],
[29.2865,69.1692],
[29.2665,69.164],
[29.2487,69.1615],
[29.2577,69.1544],
[29.2393,69.1381],
[29.2442,69.1294],
[29.2323,69.1244],
[29.236,69.1198],
[29.2421,69.113],
[29.0414,69.0108],
[29.0199,69.0252],
[28.9293,69.0519],
[28.8546,69.0766],
[28.8054,69.1112],
[28.8303,69.1719],
[28.8315,69.2244],
[29.2193,69.3976],
[29.3365,69.4783],
[29.1705,69.639],
[29.1339,69.6953],
[28.4042,69.8184],
[28.3305,69.8492],
[28.3451,69.8809],
[28.1607,69.921],
[28.0179,69.9952],
[27.9843,70.014],
[27.977,70.0542],
[27.9604,70.0899],
[27.7977,70.0773],
[27.7438,70.0642],
[27.6929,70.0766],
[27.6125,70.0746],
[27.5543,70.059],
[27.526,70.0235],
[27.4286,70.0192],
[27.3582,69.9915],
[27.3092,69.9901],
[27.2765,69.9793],
[27.3042,69.9607],
[27.295,69.9531],
[27.1308,69.9322],
[27.0999,69.9176],
[27.0398,69.9106],
[26.9697,69.9385],
[26.8783,69.9334],
[26.8595,69.9406],
[26.8589,69.9573],
[26.8513,69.9601],
[26.7848,69.9586],
[26.7181,69.945],
[26.6787,69.9648],
[26.4905,69.945],
[26.4644,69.9394],
[26.4551,69.9187],
[26.4075,69.9015],
[26.4182,69.8891],
[26.3859,69.8553],
[26.2604,69.8191],
[26.2413,69.8145],
[26.2458,69.7944],
[26.1924,69.7771],
[26.181,69.7687],
[26.1834,69.7602],
[26.1512,69.7561],
[26.1356,69.7386],
[26.0522,69.7205],
[26.0071,69.7229],
[25.9505,69.6966],
[25.9427,69.6846],
[25.8915,69.6655],
[25.9553,69.6465],
[25.9634,69.6332],
[25.959,69.6208],
[25.9766,69.6102],
[25.9519,69.5941],
[25.9375,69.5725],
[25.8415,69.551],
[25.8413,69.5421],
[25.8763,69.5286],
[25.8464,69.4925],
[25.8641,69.483],
[25.8644,69.4753],
[25.8337,69.4673],
[25.826,69.4487],
[25.8065,69.4347],
[25.8093,69.4264],
[25.793,69.4209],
[25.822,69.4161],
[25.8091,69.4091],
[25.8318,69.4068],
[25.8468,69.3942],
[25.8126,69.3759],
[25.8179,69.3602],
[25.7849,69.3559],
[25.777,69.3439],
[25.7594,69.3404],
[25.759,69.3273],
[25.7378,69.3106],
[25.7478,69.3021],
[25.7356,69.2956],
[25.7477,69.2862],
[25.7284,69.2708],
[25.7292,69.2622],
[25.7023,69.2543],
[25.7081,69.2444],
[25.7007,69.2312],
[25.7138,69.226],
[25.7056,69.2195],
[25.7133,69.2116],
[25.6945,69.2045],
[25.6929,69.1972],
[25.7428,69.1445],
[25.7201,69.1097],
[25.7314,69.1038],
[25.7252,69.0935],
[25.7315,69.0824],
[25.7241,69.0801],
[25.7524,69.058],
[25.7453,69.0398],
[25.7705,69.0286],
[25.7743,69.0134],
[25.7228,68.9896],
[25.7115,68.9791],
[25.7136,68.9669],
[25.6621,68.9219],
[25.6542,68.9059],
[25.6357,68.9026],
[25.6268,68.8927],
[25.5894,68.8833],
[25.5416,68.8865],
[25.4812,68.9051],
[25.3977,68.8896],
[25.2677,68.851],
[25.2386,68.8391],
[25.2269,68.8236],
[25.1498,68.7943],
[25.121,68.7456],
[25.1267,68.7363],
[25.1218,68.7243],
[25.1313,68.7169],
[25.1115,68.7024],
[25.1071,68.6797],
[25.1151,68.6577],
[25.1164,68.6396],
[25.0909,68.6355],
[25.0694,68.6199],
[25.0471,68.627],
[25.0157,68.622],
[25.0094,68.6143],
[24.9583,68.6175],
[24.9169,68.6052],
[24.9032,68.5546],
[24.8572,68.5622],
[24.7834,68.6362],
[24.6084,68.6819],
[24.251,68.7271],
[24.208,68.7453],
[24.153,68.7536],
[24.1586,68.7897],
[24.0756,68.78],
[23.9833,68.8271],
[23.8715,68.8365],
[23.7754,68.8189],
[23.7311,68.7508],
[23.6735,68.7055],
[23.4406,68.6922],
[23.1676,68.6285],
[23.046,68.6893],
[22.8008,68.6875],
[22.5354,68.7445],
[22.3745,68.7167],
[22.3408,68.8272],
[22.1919,68.9188],
[22.1758,68.9563],
[21.9836,69.0729],
[21.8464,69.1442],
[21.6271,69.2766],
[21.2788,69.3119],
[21.0962,69.2609],
[21.0321,69.2343],
[21.0033,69.2223],
[20.9876,69.1919],
[21.0467,69.1395],
[21.0556,69.1221],
[21.1087,69.1039],
[21.0575,69.0363],
[20.7173,69.1198],
[20.5486,69.06],
[20.6755,69.0182],
[20.7954,69.0112],
[20.864,68.9863],
[20.9112,68.9807],
[20.9346,68.967],
[20.9343,68.949],
[20.9178,68.933],
[20.8876,68.9271],
[20.8845,68.9067],
[20.9057,68.8946],
[21.0721,68.8694],
[21.2166,68.8172],
[21.3054,68.7558],
[21.4064,68.7489],
[21.4636,68.6869],
[21.4957,68.6755],
[21.5725,68.6674],
[21.7168,68.6192],
[21.7371,68.5879],
[21.9192,68.5682],
[22.0361,68.5065],
[22.0384,68.4883],
[22.0722,68.477],
[22.3031,68.4761],
[22.3711,68.4684],
[22.378,68.4541],
[22.4569,68.4518],
[22.5652,68.4363],
[22.6076,68.4249],
[22.6622,68.4274],
[22.7486,68.3855],
[22.8083,68.3949],
[22.9037,68.3366],
[23.0522,68.2982],
[23.0669,68.2903],
[23.0816,68.2653],
[23.14,68.2342],
[23.1552,68.2174],
[23.1494,68.194],
[23.1598,68.1787],
[23.1498,68.1448],
[23.1546,68.1283],
[23.1872,68.1223],
[23.2721,68.145],
[23.3065,68.1456],
[23.3309,68.1278],
[23.383,68.0512],
[23.4847,68.0159],
[23.5737,67.9733],
[23.6431,67.9632],
[23.6622,67.9504],
[23.6612,67.9329],
[23.6361,67.9135],
[23.5325,67.8932],
[23.4989,67.8822],
[23.4813,67.8646],
[23.4767,67.8413],
[23.4846,67.7372],
[23.5188,67.6528],
[23.5503,67.6109],
[23.5535,67.587],
[23.4734,67.555],
[23.4847,67.543],
[23.4313,67.4855],
[23.4437,67.461],
[23.4772,67.4438],
[23.5946,67.4536],
[23.7652,67.4201],
[23.7514,67.3462],
[23.7857,67.3375],
[23.7632,67.3065],
[23.7354,67.2897],
[23.6027,67.2603],
[23.5915,67.225],
[23.6149,67.214],
[23.574,67.173],
[23.5813,67.1531],
[23.6666,67.0979],
[23.6767,67.0585],
[23.7203,67.0169],
[23.7438,67.001],
[23.8167,66.9755],
[23.8736,66.9247],
[23.9334,66.8888],
[24.004,66.8052],
[23.9992,66.7963],
[23.9844,66.793],
[23.9392,66.7911],
[23.8924,66.7509],
[23.9032,66.6863],
[23.8819,66.6318],
[23.8932,66.596],
[23.8819,66.5635],
[23.8077,66.5392],
[23.8061,66.5281],
[23.7859,66.5184],
[23.7311,66.5031],
[23.7311,66.4872],
[23.6768,66.474],
[23.6524,66.4588],
[23.6423,66.4363],
[23.6659,66.4056],
[23.677,66.3636],
[23.6628,66.3165],
[23.6894,66.257],
[23.7242,66.2066],
[23.751,66.1924],
[23.8893,66.1611],
[23.9114,66.1486],
[23.9746,66.0728],
[24.0196,66.0489],
[24.0553,65.9852],
[24.0548,65.9479],
[24.1497,65.8637],
[24.1222,65.8583],
[24.1541,65.8183],
[24.1339,65.7973],
[24.128,65.7779],
[24.1727,65.7251],
[24.1648,65.695],
[24.1778,65.6607],
[24.1567,65.6095],
[24.1443,65.5572],
[24.2204,65.5543],
[24.3277,65.5726],
[24.4335,65.6134],
[24.4604,65.5873],
[24.5002,65.5704],
[24.608,65.566],
[24.6762,65.5514],
[24.7119,65.5219],
[24.7214,65.4864],
[24.7497,65.462],
[24.713,65.4451],
[24.6972,65.4273],
[24.7029,65.357],
[24.7213,65.336],
[24.7926,65.2994],
[24.7483,65.2702],
[24.7454,65.2254],
[24.7743,65.1988],
[24.8425,65.1817],
[24.8544,65.1515],
[24.5944,65.13],
[24.5105,65.1014],
[24.4504,65.0664],
[24.44,65.0526],
[24.4393,65.0289],
[24.4653,64.9844],
[24.5499,64.9303],
[24.6359,64.9107],
[24.4407,64.8425],
[24.4236,64.8194],
[24.4342,64.7928],
[24.4213,64.7634],
[24.3253,64.757],
[24.2478,64.7235],
[24.237,64.6949],
[24.2608,64.6594],
[24.2484,64.6423],
[24.2421,64.5918],
[24.1688,64.5717],
[24.1421,64.5539],
[24.129,64.5328],
[24.0816,64.5049],
[23.9888,64.4786],
[23.9065,64.4281],
[23.8889,64.4026],
[23.8124,64.3732],
[23.799,64.3595],
[23.795,64.3407],
[23.7547,64.3252],
[23.7066,64.2861],
[23.643,64.2897],
[23.6414,64.3181],
[23.6183,64.3406],
[23.4974,64.3786],
[23.4291,64.3837],
[23.3573,64.3679],
[23.3266,64.341],
[23.3261,64.3261],
[23.3414,64.3068],
[23.3756,64.2895],
[23.5091,64.2522],
[23.4604,64.2311],
[23.4396,64.2126],
[23.4225,64.1817],
[23.4374,64.149],
[23.3372,64.1368],
[23.2899,64.1146],
[23.2596,64.0605],
[23.2539,64.0178],
[23.1231,64.0246],
[23.0805,64.015],
[23.0488,63.9952],
[22.9872,63.9871],
[22.9433,64.004],
[22.8863,64.0085],
[22.7372,63.9868],
[22.6468,63.9634],
[22.6073,63.9247],
[22.5242,63.8692],
[22.4863,63.8181],
[22.4254,63.7621],
[22.4276,63.7363],
[22.4575,63.7161],
[22.4567,63.6944],
[22.3832,63.6897],
[22.2855,63.6564],
[22.2237,63.6064],
[22.2177,63.5938],
[22.2212,63.569],
[22.1398,63.5709],
[22.0791,63.5532],
[22.0529,63.5298],
[22.0576,63.494],
[21.9873,63.5017],
[21.9264,63.4967],
[21.8619,63.5137],
[21.7152,63.5175],
[21.6518,63.4994],
[21.5911,63.4567],
[21.5149,63.4715],
[21.4484,63.4634],
[21.4166,63.4466],
[21.3975,63.4126],
[21.2688,63.4468],
[21.2303,63.4741],
[21.1904,63.487],
[21.1167,63.491],
[21.0034,63.4777],
[20.9747,63.4666],
[20.9474,63.442],
[20.9396,63.4132],
[20.9485,63.3948],
[20.9241,63.3744],
[20.9163,63.3278],
[20.9299,63.3066],
[20.9642,63.2902],
[20.9831,63.255],
[21.0538,63.1908],
[20.947,63.2058],
[20.8973,63.2019],
[20.8482,63.1841],
[20.7991,63.1954],
[20.7487,63.1959],
[20.6351,63.1729],
[20.5966,63.1478],
[20.5936,63.1203],
[20.6253,63.0958],
[20.6341,63.0603],
[20.6987,63.0277],
[20.6582,63.0094],
[20.6385,62.989],
[20.6445,62.9564],
[20.6573,62.9395],
[20.7081,62.9199],
[20.7698,62.9178],
[20.8279,62.8944],
[20.8989,62.8928],
[20.9631,62.8608],
[20.9917,62.837],
[20.9868,62.8144],
[21.0067,62.7892],
[20.9688,62.7706],
[20.9467,62.7411],
[20.9607,62.6882],
[20.9401,62.6722],
[20.9305,62.6467],
[20.9544,62.6025],
[20.9409,62.5848],
[20.9421,62.5644],
[20.9563,62.5253],
[20.9974,62.492],
[21.013,62.4586],
[20.9951,62.4274],
[20.9994,62.4049],
[21.0543,62.3742],
[21.0605,62.3562],
[21.0849,62.3372],
[21.0832,62.3192],
[21.096,62.3017],
[21.1411,62.2819],
[21.1561,62.2614],
[21.1876,62.2448],
[21.1859,62.2201],
[21.2051,62.1969],
[21.1815,62.1198],
[21.1861,62.0757],
[21.1489,62.0308],
[21.1464,62.0128],
[21.1756,61.9848],
[21.1896,61.9564],
[21.1764,61.9387],
[21.1779,61.9199],
[21.2164,61.8911],
[21.2018,61.8667],
[21.2051,61.8429],
[21.2462,61.7998],
[21.298,61.7812],
[21.3042,61.748],
[21.2848,61.7323],
[21.2583,61.6861],
[21.2278,61.6652],
[21.2223,61.6426],
[21.2812,61.5835],
[21.3391,61.5631],
[21.3292,61.5314],
[21.2625,61.5138],
[21.2365,61.4888],
[21.2462,61.4547],
[21.2272,61.4354],
[21.2247,61.4171],
[21.2411,61.3951],
[21.2886,61.3698],
[21.2772,61.338],
[21.2991,61.3115],
[21.2563,61.2878],
[21.2464,61.2699],
[21.2486,61.2533],
[21.2276,61.2339],
[21.2267,61.206],
[21.2384,61.1859],
[21.2048,61.1626],
[21.1774,61.1028],
[21.1339,61.0907],
[21.1059,61.0712],
[21.0996,61.0528],
[21.1066,61.0319],
[21.0482,61.0123],
[21.0305,60.9951],
[21.0253,60.9738],
[20.978,60.9618],
[20.95,60.9422],
[20.9443,60.908],
[20.9068,60.8671],
[20.9005,60.8486],
[20.9096,60.8297],
[20.9538,60.8035],
[20.976,60.7758],
[20.9197,60.7525],
[20.9062,60.7349],
[20.9047,60.7171],
[20.828,60.6915],
[20.759,60.6819],
[20.7319,60.6676],
[20.7136,60.644],
[20.6165,60.636],
[20.5748,60.6056],
[20.5337,60.5941],
[20.5044,60.574],
[20.3951,60.5546],
[20.3312,60.5192],
[20.31,60.5563],
[20.2902,60.5715],
[20.2504,60.5856],
[20.2015,60.5886],
[20.1275,60.5726],
[20.1037,60.5517],
[20.0967,60.5164],
[20.0514,60.5048],
[19.9671,60.5195],
[19.8416,60.5204],
[19.767,60.4982],
[19.6857,60.4889],
[19.6473,60.4711],
[19.5611,60.4736],
[19.4853,60.451],
[19.426,60.455],
[19.3788,60.4484],
[19.335,60.423],
[19.3128,60.3664],
[19.2897,60.348],
[19.2805,60.3204],
[19.2289,60.317],
[19.1885,60.3041],
[19.1675,60.2874],
[19.162,60.2638],
[19.1859,60.2367],
[19.1812,60.2127],
[19.1955,60.1926],
[19.2028,60.147],
[19.2391,60.1193],
[19.3216,60.1102],
[19.3853,60.1201],
[19.4349,60.1373],
[19.5557,60.0816],
[19.6077,60.0738],
[19.748,60.0298],
[19.8276,59.9838],
[19.8611,59.9379],
[19.8949,59.9166],
[19.8951,59.8947],
[19.8345,59.8831],
[19.778,59.86],
[19.757,59.843],
[19.7507,59.8239],
[19.7562,59.809],
[19.8062,59.7805],
[19.8627,59.7756],
[19.9742,59.7886],
[20.037,59.8094],
[20.0542,59.8267],
[20.0606,59.8479],
[20.1723,59.8569],
[20.2346,59.8709],
[20.2508,59.835],
[20.2807,59.8162],
[20.3247,59.8065],
[20.3858,59.809],
[20.4235,59.7849],
[20.4675,59.7753],
[20.6338,59.7737],
[20.669,59.7815],
[20.7015,59.7995],
[20.7744,59.8083],
[20.8257,59.8239],
[20.8651,59.7707],
[20.9599,59.7239],
[21.03,59.7137],
[21.0897,59.7237],
[21.1862,59.7189],
[21.2453,59.7285],
[21.3167,59.7158],
[21.3505,59.6948],
[21.3902,59.6845],
[21.3973,59.6595],
[21.4167,59.6427],
[21.4748,59.6263],
[21.5563,59.6376],
[21.5848,59.6579],
[21.5938,59.6835],
[21.6444,59.6946],
[21.751,59.6832],
[21.8159,59.6997],
[21.9543,59.7035],
[22.0028,59.719],
[22.1644,59.7019],
[22.2169,59.7135],
[22.2691,59.7483],
[22.31,59.7046],
[22.3661,59.6773],
[22.4118,59.6698],
[22.5529,59.6787],
[22.5886,59.6958],
[22.6123,59.7273],
[22.6967,59.7083],
[22.774,59.7215],
[22.8503,59.7235],
[22.9246,59.7029],
[22.9722,59.7],
[23.0247,59.7116],
[23.062,59.7375],
[23.1875,59.7381],
[23.2568,59.7528],
[23.3082,59.718],
[23.3828,59.7116],
[23.4979,59.744],
[23.5548,59.7372],
[23.6234,59.746],
[23.6758,59.7683],
[23.7125,59.8055],
[23.7802,59.8224],
[23.8516,59.8251],
[23.9026,59.8473],
[23.9592,59.8467],
[24.045,59.8617],
[24.1179,59.8523],
[24.1936,59.8705],
[24.2172,59.8435],
[24.2506,59.8262],
[24.2963,59.8187],
[24.3436,59.8228],
[24.3751,59.8338],
[24.4011,59.8557],
[24.5492,59.9118],
[24.6874,59.9484],
[24.712,59.964],
[24.7232,59.9858],
[24.8489,60.0331],
[24.9069,60.0433],
[24.9475,60.0413],
[24.9941,60.0277],
[25.042,60.0271],
[25.0939,60.0412],
[25.1467,60.0408],
[25.2287,60.0565],
[25.2783,60.0759],
[25.3398,60.056],
[25.4506,60.0566],
[25.5005,60.0706],
[25.5346,60.0984],
[25.6443,60.0788],
[25.6923,60.0782],
[25.7352,60.0889],
[25.7657,60.1084],
[25.8891,60.1199],
[25.9473,60.1426],
[26.0584,60.1492],
[26.1068,60.1324],
[26.1756,60.1314],
[26.2225,60.115],
[26.2797,60.113],
[26.3297,60.1269],
[26.3542,60.1481],
[26.3556,60.172],
[26.3336,60.2018],
[26.4311,60.2059],
[26.4847,60.2196],
[26.5606,60.2017],
[26.6086,60.2011],
[26.6516,60.2117],
[26.6872,60.2423],
[26.7499,60.2668],
[26.8277,60.2574],
[26.9044,60.276],
[26.9268,60.2499],
[26.9241,60.2306],
[26.9369,60.2119],
[26.9704,60.1948],
[27.0161,60.1874],
[27.1485,60.2119],
[27.3133,60.2187],
[27.4507,60.2597],
[27.4874,60.2785],
[27.5233,60.2663],
[27.5787,60.2545],
[27.5446,60.2292],
[27.5345,60.2059],
[27.5481,60.1824],
[27.5815,60.1652],
[27.632,60.1559],
[27.6799,60.1576],
[27.7478,60.1726],
[27.7794,60.1971],
[27.7808,60.221],
[27.7532,60.2459],
[27.6376,60.2664],
[27.7113,60.3046],
[27.7252,60.3224],
[27.7267,60.3444],
[27.7796,60.3603],
[27.8204,60.3896],
[27.8685,60.3621],
[27.9125,60.3526],
[27.9696,60.3561],
[28.0425,60.381],
[28.0926,60.3595],
[28.1587,60.3556],
[28.2215,60.3774],
[28.2354,60.3952],
[28.2445,60.4303],
[28.3319,60.397],
[28.3182,60.3717],
[28.3197,60.352],
[28.3769,60.3031],
[28.4521,60.2611],
[28.586,60.2196],
[28.7015,60.2122],
[28.7554,60.224],
[28.7919,60.2411],
[28.8741,60.2172],
[28.9155,60.1704],
[28.9527,60.1475],
[29.1272,60.113],
[29.4631,60.1123],
[29.5932,60.1463],
[29.7735,60.1341],
[29.6876,60.1121],
[29.6203,60.0817],
[29.5533,60.0622],
[29.5335,60.0397],
[29.5328,60.0118],
[29.4738,60.0091],
[29.3925,60.0247],
[29.2246,60.0412],
[29.0828,60.0325],
[29.0514,60.0213],
[29.0203,59.9961],
[28.979,59.9823],
[28.9546,59.9574],
[28.905,59.9303],
[28.8995,59.9123],
[28.9067,59.8921],
[28.9527,59.8548],
[28.8728,59.8548],
[28.7459,59.8381],
[28.6354,59.869],
[28.5948,59.8879],
[28.551,59.896],
[28.506,59.894],
[28.437,59.8727],
[28.3867,59.8467],
[28.3265,59.7562],
[28.2514,59.81],
[28.1292,59.8613],
[28.0662,59.8649],
[28.0065,59.8456],
[27.9829,59.8181],
[27.9824,59.7926],
[27.9396,59.7664],
[27.9309,59.7382],
[27.9033,59.7099],
[27.9004,59.6959],
[27.9084,59.6781],
[27.8963,59.6564],
[27.9015,59.6387],
[27.9204,59.6227],
[27.9991,59.5933],
[27.9966,59.5471],
[27.9492,59.4906],
[27.9053,59.4529],
[27.8218,59.4454],
[27.7545,59.4654],
[27.6189,59.4632],
[27.4053,59.4939],
[27.3346,59.4957],
[27.1272,59.481],
[26.9762,59.4834],
[26.8634,59.5252],
[26.7903,59.5641],
[26.5963,59.6098],
[26.6251,59.6433],
[26.6261,59.6658],
[26.5828,59.7058],
[26.5407,59.7222],
[26.4767,59.7228],
[26.4234,59.6988],
[26.4144,59.6807],
[26.417,59.6672],
[26.4603,59.6279],
[26.4764,59.6021],
[26.4217,59.5985],
[26.3965,59.5991],
[26.2912,59.6318],
[26.174,59.6306],
[26.1199,59.663],
[26.0811,59.6741],
[25.9744,59.6816],
[25.9172,59.6771],
[25.8562,59.7212],
[25.7883,59.734],
[25.7159,59.7148],
[25.6519,59.7117],
[25.5732,59.6809],
[25.5208,59.6963],
[25.4652,59.6954],
[25.4271,59.6827],
[25.3948,59.6549],
[25.3368,59.6706],
[25.2812,59.6698],
[25.243,59.657],
[25.2162,59.6315],
[25.1707,59.6297],
[25.0657,59.6754],
[24.9753,59.6938],
[24.9302,59.6896],
[24.8896,59.6713],
[24.8763,59.6492],
[24.8775,59.6109],
[24.8062,59.6345],
[24.7439,59.6369],
[24.7011,59.6306],
[24.6234,59.5993],
[24.5963,59.6309],
[24.5625,59.6455],
[24.5166,59.6505],
[24.4643,59.643],
[24.4291,59.6285],
[24.3827,59.5847],
[24.3807,59.5661],
[24.4047,59.5267],
[24.3412,59.5224],
[24.286,59.5038],
[24.2646,59.4892],
[24.2464,59.461],
[24.1502,59.4464],
[24.1093,59.4309],
[24.0247,59.4352],
[23.9555,59.4089],
[23.8112,59.3891],
[23.7708,59.3645],
[23.7682,59.3311],
[23.6602,59.3036],
[23.5634,59.2688],
[23.5227,59.2757],
[23.512,59.3],
[23.4843,59.3211],
[23.4041,59.3494],
[23.3228,59.3465],
[23.2744,59.3197],
[23.2715,59.2919],
[23.2983,59.2652],
[23.3587,59.2354],
[23.4006,59.224],
[23.3899,59.1813],
[23.4073,59.1519],
[23.4337,59.1306],
[23.3512,59.1021],
[23.1324,59.0925],
[23.0704,59.0737],
[23.0182,59.0373],
[22.9265,59.0335],
[22.861,59.0473],
[22.7813,59.0495],
[22.7854,59.0863],
[22.7584,59.1107],
[22.7046,59.128],
[22.5947,59.1406],
[22.5258,59.1283],
[22.5009,59.1094],
[22.4867,59.0759],
[22.4213,59.0619],
[22.3846,59.0423],
[22.2943,58.9974],
[22.2034,58.9832],
[22.0736,58.9955],
[22.0283,58.9912],
[21.9775,58.9717],
[21.9556,58.9506],
[21.9501,58.9317],
[21.9588,58.9087],
[21.978,58.8923],
[22.1207,58.843],
[22.2193,58.8309],
[22.3519,58.8402],
[22.3415,58.8067],
[22.3774,58.7606],
[22.375,58.7102],
[22.397,58.6825],
[22.4388,58.6575],
[22.4234,58.6282],
[22.25,58.6161],
[22.2024,58.5955],
[22.1446,58.5826],
[22.1053,58.5458],
[22.0763,58.5359],
[22.018,58.5547],
[21.9205,58.5672],
[21.7915,58.5431],
[21.7587,58.5262],
[21.7453,58.5033],
[21.7472,58.47],
[21.7749,58.4431],
[21.7312,58.4109],
[21.7166,58.3817],
[21.6801,58.3548],
[21.6704,58.3265],
[21.6791,58.3034],
[21.8496,58.2006],
[21.9578,58.1787],
[21.9843,58.1539],
[22.033,58.1274],
[21.9927,58.0975],
[21.9695,58.0551],
[21.9084,58.0058],
[21.8877,57.978],
[21.894,57.938],
[21.9534,57.8826],
[21.9744,57.8633],
[22.0034,57.852],
[22.0825,57.8518],
[22.1176,57.8667],
[22.1411,57.8911],
[22.2755,57.9539],
[22.2946,57.9805],
[22.2852,58.0085],
[22.3081,58.0285],
[22.3375,58.083],
[22.3407,58.1371],
[22.4513,58.0733],
[22.5588,58.0455],
[22.611,58.0522],
[22.6477,58.073],
[22.6574,58.0962],
[22.6411,58.1237],
[22.6674,58.1689],
[22.7185,58.1259],
[22.7539,58.1105],
[22.8176,58.1041],
[22.8683,58.1134],
[22.901,58.1359],
[22.9048,58.1642],
[22.8829,58.1876],
[22.833,58.2114],
[22.8793,58.2279],
[22.9138,58.2504],
[22.9855,58.2514],
[23.0272,58.2602],
[23.0599,58.2827],
[23.0662,58.3091],
[23.15,58.3401],
[23.1756,58.3668],
[23.2212,58.3759],
[23.3055,58.3686],
[23.3626,58.3823],
[23.3913,58.4001],
[23.4145,58.4437],
[23.4514,58.4617],
[23.4728,58.4908],
[23.5068,58.4992],
[23.5493,58.4922],
[23.5387,58.4651],
[23.5481,58.4342],
[23.5772,58.4069],
[23.6126,58.391],
[23.6726,58.3159],
[23.729,58.2902],
[23.8222,58.2856],
[23.9014,58.2574],
[23.833,58.2304],
[23.8173,58.2131],
[23.8153,58.1933],
[23.8383,58.1665],
[23.834,58.1409],
[23.8564,58.1145],
[23.8695,58.0825],
[23.9133,58.0587],
[23.9643,58.049],
[24.033,58.0575],
[24.0684,58.0725],
[24.0997,58.1014],
[24.1165,58.1547],
[24.1978,58.1751],
[24.2244,58.1946],
[24.2459,58.2256],
[24.3032,58.2282],
[24.376,58.2486],
[24.3577,58.1773],
[24.3755,58.1446],
[24.3659,58.0975],
[24.3806,58.0712],
[24.3125,57.9838],
[24.2783,57.9096],
[24.2382,57.8416],
[24.2398,57.8122],
[24.2534,57.7811],
[24.2451,57.6998],
[24.2706,57.6609],
[24.28,57.6189],
[24.2657,57.5494],
[24.2849,57.51],
[24.2842,57.4647],
[24.3141,57.3588],
[24.3062,57.3227],
[24.3205,57.2784],
[24.2685,57.2266],
[24.193,57.1951],
[24.1264,57.1526],
[24.0603,57.1271],
[23.9636,57.1057],
[23.9341,57.0887],
[23.9111,57.0637],
[23.7437,57.0232],
[23.657,57.0149],
[23.6034,57.0209],
[23.5774,57.061],
[23.5453,57.0794],
[23.4049,57.0908],
[23.3535,57.1078],
[23.3271,57.1277],
[23.324,57.1749],
[23.2705,57.245],
[23.2711,57.2783],
[23.2088,57.3851],
[23.1664,57.4082],
[23.0832,57.4219],
[23.0079,57.4482],
[22.9532,57.4924],
[22.8681,57.5426],
[22.731,57.5971],
[22.6886,57.6308],
[22.6654,57.6668],
[22.6644,57.6983],
[22.6917,57.7466],
[22.6933,57.7651],
[22.669,57.7919],
[22.6245,57.8061],
[22.5591,57.8049],
[22.4486,57.7838],
[21.9935,57.6545],
[21.785,57.6406],
[21.6837,57.6235],
[21.6378,57.6013],
[21.6097,57.5764],
[21.5128,57.4565],
[21.4483,57.4293],
[21.428,57.3897],
[21.3446,57.3192],
[21.3273,57.272],
[21.3304,57.0811],
[21.2928,57.0243],
[21.2561,57.0034],
[21.1921,56.9621],
[21.0549,56.903],
[20.9841,56.8638],
[20.9648,56.8332],
[20.969,56.7307],
[20.9668,56.6968],
[20.9493,56.6432],
[20.9151,56.5777],
[20.9004,56.5276],
[20.9119,56.4519],
[20.8851,56.3376],
[20.8939,56.2987],
[20.8906,56.2309],
[20.8963,56.2085],
[20.945,56.1308],
[20.9747,56.0631],
[20.9835,56.0419],
[20.9823,55.9976],
[20.9761,55.9564],
[20.9612,55.9256],
[20.9657,55.8972],
[21.1007,55.8924],
[21.1461,55.8741],
[21.1938,55.8682],
[21.2132,55.8757],
[21.2659,55.8539],
[21.2904,55.852],
[21.3099,55.8228],
[21.3645,55.7824],
[21.3671,55.75],
[21.348,55.7398],
[21.3769,55.723],
[21.3843,55.7022],
[21.4089,55.6892],
[21.458,55.6091],
[21.4967,55.5803],
[21.509,55.5544],
[21.5016,55.5438],
[21.508,55.539],
[21.5044,55.5258],
[21.5207,55.4975],
[21.5711,55.4665],
[21.5593,55.4472],
[21.6025,55.4271],
[21.5881,55.4021],
[21.6086,55.3827],
[21.6067,55.3728],
[21.6383,55.3584],
[21.6686,55.3555],
[21.7061,55.3217],
[21.7201,55.3017],
[21.7143,55.2928],
[21.7575,55.2877],
[21.768,55.2941],
[21.7592,55.3129],
[21.813,55.3156],
[21.8335,55.3245],
[21.8662,55.3141],
[21.872,55.2938],
[21.8624,55.2821],
[21.9382,55.2665],
[22.0563,55.2287],
[22.1601,55.2253],
[22.2137,55.2124],
[22.2129,55.2058],
[22.187,55.1981],
[22.1979,55.1827],
[22.1568,55.175],
[22.1865,55.1741],
[22.1809,55.1624],
[22.192,55.1528],
[22.247,55.1557],
[22.3084,55.142],
[22.4094,55.1333],
[22.5383,55.1356],
[22.5918,55.1128],
[22.5896,55.0979],
[22.6099,55.0914],
[22.5969,55.0735],
[22.5891,55.0705],
[22.5976,55.046],
[22.5966,55.0283],
[22.6264,54.9955],
[22.6352,54.9894],
[22.653,54.9651],
[22.6678,54.9681],
[22.6587,54.9808],
[22.6732,54.9884],
[22.6902,54.9716],
[22.7083,54.9733],
[22.7255,54.9637],
[22.7414,54.9397],
[22.7669,54.9347],
[22.7489,54.9244],
[22.7533,54.9188],
[22.7843,54.9246],
[22.7951,54.903],
[22.8205,54.912],
[22.8473,54.8967],
[22.8549,54.8855],
[22.8397,54.8645],
[22.8697,54.8525],
[22.8586,54.8388],
[22.8763,54.8341],
[22.88,54.8255],
[22.8705,54.8202],
[22.887,54.8139],
[22.8734,54.8061],
[22.8786,54.7917],
[22.8485,54.7858],
[22.8595,54.7777],
[22.8435,54.7666],
[22.8124,54.7666],
[22.8048,54.754],
[22.8149,54.7564],
[22.8059,54.7481],
[22.7781,54.7521],
[22.7729,54.7458],
[22.743,54.7311],
[22.7388,54.7187],
[22.7487,54.7065],
[22.7301,54.6981],
[22.7243,54.6868],
[22.7403,54.6749],
[22.7319,54.6655],
[22.7574,54.6514],
[22.7417,54.6425],
[22.7494,54.6317],
[22.7266,54.6227],
[22.7201,54.6066],
[22.6843,54.5873],
[22.7123,54.5637],
[22.6804,54.5331],
[22.6838,54.5195],
[22.6991,54.5064],
[22.702,54.4572],
[22.736,54.4429],
[22.7664,54.3852],
[22.792,54.3633],
[22.8056,54.3492],
[22.803,54.3409],
[22.7764,54.328],
[22.7641,54.3216],
[22.7538,54.2978],
[22.6942,54.2752],
[22.6445,54.288],
[22.6107,54.2599],
[22.576,54.267],
[22.5422,54.2689],
[22.5321,54.2491],
[22.5314,54.2477],
[22.5278,54.2296],
[22.5309,54.2211],
[22.5706,54.2037],
[22.5867,54.1792],
[22.5914,54.1507],
[22.6128,54.12],
[22.6367,54.1066],
[22.6355,54.093],
[22.6037,54.0819],
[22.5998,54.0528],
[22.6699,54.0296],
[22.6861,54.0035],
[22.6966,53.9735],
[22.7237,53.9526],
[22.7511,53.9432],
[22.7828,53.9155],
[22.7753,53.9037],
[22.7853,53.8838],
[22.7791,53.8658],
[22.7271,53.8336],
[22.7262,53.8048],
[22.6967,53.762],
[22.6881,53.7583],
[22.6413,53.7476],
[22.6411,53.7549],
[22.6284,53.7563],
[22.6212,53.7355],
[22.6066,53.7168],
[22.5853,53.7271],
[22.5841,53.7346],
[22.515,53.6983],
[22.4673,53.699],
[22.423,53.6815],
[22.3598,53.6559],
[22.3265,53.6318],
[22.3057,53.6268],
[22.2791,53.6208],
[22.2725,53.6106],
[22.1745,53.5576],
[22.0957,53.5322],
[22.0587,53.5297],
[22.0304,53.4969],
[22.0197,53.4975],
[22.0098,53.5135],
[21.9897,53.5221],
[21.9524,53.5095],
[21.9311,53.5104],
[21.9015,53.4929],
[21.892,53.467],
[21.8661,53.4594],
[21.8271,53.4641],
[21.7907,53.4795],
[21.6947,53.4922],
[21.6129,53.4808],
[21.5517,53.4781],
[21.472,53.4696],
[21.4311,53.4624],
[21.2813,53.4267],
[21.1755,53.3934],
[21.1143,53.3546],
[21.0533,53.3343],
[20.9777,53.3017],
[20.8755,53.2719],
[20.8514,53.2926],
[20.7914,53.3096],
[20.7557,53.3129],
[20.7426,53.318],
[20.721,53.3258],
[20.6552,53.3176],
[20.5389,53.3486],
[20.513,53.3342],
[20.4583,53.2468],
[20.4313,53.2273],
[20.4235,53.222],
[20.4143,53.2118],
[20.3762,53.1775],
[20.3254,53.1603],
[20.2754,53.1427],
[20.1653,53.1558],
[20.1437,53.1626],
[20.1201,53.1857],
[20.027,53.2146],
[19.9828,53.195],
[19.9189,53.2281],
[19.9148,53.2177],
[19.8932,53.2132],
[19.883,53.2029],
[19.846,53.1919],
[19.8255,53.1734],
[19.8384,53.163],
[19.8409,53.1406],
[19.7778,53.1551],
[19.7616,53.152],
[19.7115,53.1345],
[19.6896,53.1256],
[19.6776,53.129],
[19.6699,53.1593],
[19.6502,53.1761],
[19.6066,53.1777],
[19.5969,53.1887],
[19.6061,53.2089],
[19.5545,53.2242],
[19.5455,53.2114],
[19.5527,53.2021],
[19.5396,53.1959],
[19.5447,53.1774],
[19.4906,53.1628],
[19.4699,53.1658],
[19.4617,53.1781],
[19.4665,53.1869],
[19.4542,53.192],
[19.4225,53.1848],
[19.3791,53.1915],
[19.3669,53.1852],
[19.3572,53.1862],
[19.3444,53.2033],
[19.3176,53.2161],
[19.2536,53.1996],
[19.2478,53.187],
[19.2376,53.1906],
[19.2194,53.1735],
[19.2102,53.1739],
[19.1998,53.1678],
[19.2087,53.1619],
[19.1863,53.1527],
[19.1607,53.1487],
[19.1011,53.1195],
[19.0784,53.1222],
[19.0396,53.1036],
[19.0287,53.106],
[19.0284,53.0963],
[19.0016,53.0923],
[18.9816,53.0774],
[18.9878,53.0702],
[18.9695,53.0734],
[18.9705,53.0653],
[18.962,53.0714],
[18.9598,53.0629],
[18.9325,53.0601],
[18.8645,53.0674],
[18.8396,53.0706],
[18.809,53.0672],
[18.7719,53.0354],
[18.7516,53.0218],
[18.7858,53.0164],
[18.7551,52.9899],
[18.7671,52.981],
[18.7542,52.9779],
[18.7522,52.963],
[18.7686,52.9442],
[18.7644,52.9204],
[18.7523,52.9164],
[18.7426,52.9128],
[18.7535,52.9091],
[18.7247,52.8959],
[18.6896,52.8972],
[18.6345,52.8929],
[18.6244,52.8878],
[18.6275,52.8805],
[18.5949,52.86],
[18.5926,52.8449],
[18.6112,52.8332],
[18.6064,52.8178],
[18.6201,52.8089],
[18.6134,52.7998],
[18.6258,52.7828],
[18.6042,52.7537],
[18.5549,52.7562],
[18.5412,52.7436],
[18.5002,52.7481],
[18.5075,52.7108],
[18.5038,52.7092],
[18.5001,52.6919],
[18.4698,52.689],
[18.4688,52.6628],
[18.4758,52.6559],
[18.4615,52.6557],
[18.4572,52.6457],
[18.4803,52.6247],
[18.4756,52.579],
[18.4762,52.5631],
[18.4869,52.5579],
[18.4737,52.5537],
[18.4685,52.5362],
[18.4178,52.5282],
[18.4136,52.5505],
[18.3773,52.5375],
[18.353,52.5436],
[18.3397,52.5371],
[18.3454,52.5216],
[18.2599,52.4811],
[18.2409,52.4881],
[18.2048,52.4831],
[18.1991,52.5046],
[18.1327,52.5058],
[18.0721,52.4737],
[18.0544,52.4624],
[18.026,52.4472],
[17.9555,52.4242],
[17.9404,52.4203],
[17.9366,52.4116],
[17.9441,52.376],
[17.9363,52.3751],
[17.8984,52.3761],
[17.8975,52.3658],
[17.8889,52.3657],
[17.8882,52.3619],
[17.886,52.3583],
[17.894,52.355],
[17.8984,52.3282],
[17.8822,52.3216],
[17.8881,52.3199],
[17.881,52.3066],
[17.8739,52.3069],
[17.8469,52.3157],
[17.8427,52.3092],
[17.8336,52.3009],
[17.8444,52.2854],
[17.8392,52.2809],
[17.8204,52.2579],
[17.8073,52.2584],
[17.8032,52.2513],
[17.7892,52.256],
[17.7838,52.2486],
[17.7782,52.2331],
[17.7421,52.2226],
[17.6684,52.1926],
[17.644,52.1661]
]
],
[
[
[23.1164,57.8064],
[23.1274,57.7752],
[23.1513,57.7545],
[23.2461,57.7316],
[23.2927,57.7327],
[23.333,57.7433],
[23.3599,57.7633],
[23.3698,57.7894],
[23.3613,57.8188],
[23.3354,57.8428],
[23.2882,57.867],
[23.2458,57.8747],
[23.1946,57.8711],
[23.1567,57.8583],
[23.129,57.8357],
[23.1164,57.8064]
]
],
[
[
[26.7604,59.9477],
[26.7693,59.9235],
[26.8027,59.8999],
[26.8784,59.8734],
[26.8077,59.8392],
[26.7968,59.8181],
[26.804,59.7916],
[26.8234,59.7748],
[26.8582,59.7609],
[26.9632,59.7483],
[27.03,59.7674],
[27.0473,59.7847],
[27.0514,59.8091],
[26.9907,59.8544],
[26.9172,59.8744],
[26.9833,59.9129],
[26.99,59.932],
[26.9804,59.9612],
[27.0597,59.9692],
[27.1141,59.9957],
[27.1298,60.0189],
[27.1248,60.0467],
[27.0579,60.1225],
[27.0116,60.1477],
[26.9347,60.1542],
[26.8627,60.128],
[26.8482,60.115],
[26.8419,60.0962],
[26.8836,59.999],
[26.7955,59.9841],
[26.7713,59.9683],
[26.7604,59.9477]
]
],
[
[
[27.0762,59.8604],
[27.0779,59.8264],
[27.1397,59.7914],
[27.2143,59.785],
[27.2959,59.8095],
[27.3215,59.8303],
[27.3282,59.8494],
[27.3147,59.8773],
[27.2714,59.9029],
[27.2255,59.9155],
[27.1739,59.9159],
[27.1304,59.907],
[27.0886,59.8842],
[27.0762,59.8604]
]
],
[
[
[27.6083,59.7938],
[27.6218,59.765],
[27.6726,59.7433],
[27.7393,59.7426],
[27.7873,59.7596],
[27.8067,59.7817],
[27.8035,59.8058],
[27.7783,59.8263],
[27.7449,59.8373],
[27.6583,59.8341],
[27.6229,59.8168],
[27.6083,59.7938]
]
],
[
[
[27.6952,59.9971],
[27.7043,59.9778],
[27.7618,59.9308],
[27.8036,59.9191],
[27.8514,59.9185],
[27.9449,59.9406],
[27.9951,59.9719],
[28.0591,59.9674],
[28.1259,59.9799],
[28.1576,60.0071],
[28.1593,60.0246],
[28.1505,60.0402],
[28.1229,60.057],
[28.0342,60.085],
[27.975,60.0854],
[27.9172,60.0685],
[27.8606,60.0853],
[27.7975,60.0873],
[27.7551,60.0764],
[27.7112,60.0497],
[27.6979,60.0318],
[27.6952,59.9971]
]
],
[
[
[27.8541,60.242],
[27.8631,60.2229],
[27.8855,60.2075],
[27.9558,60.1943],
[28.0283,60.2096],
[28.0497,60.2261],
[28.0571,60.2438],
[28.0527,60.2627],
[28.0277,60.2828],
[27.9521,60.2976],
[27.8825,60.2822],
[27.8617,60.2655],
[27.8541,60.242]
]
],
[
[
[28.2024,60.0114],
[28.2184,59.9886],
[28.2574,59.971],
[28.3563,59.949],
[28.4393,59.9562],
[28.4865,59.9808],
[28.5016,60.0035],
[28.4775,60.0556],
[28.4029,60.0848],
[28.2666,60.0772],
[28.2291,60.0624],
[28.2096,60.0418],
[28.2024,60.0114]
]
],
[
[
[35.4548,64.83],
[35.4657,64.8023],
[35.5128,64.7783],
[35.5922,64.7692],
[35.6625,64.7754],
[35.7071,64.7927],
[35.7282,64.8218],
[35.7133,64.8474],
[35.6727,64.8664],
[35.592,64.8781],
[35.5307,64.8743],
[35.4744,64.8543],
[35.4548,64.83]
]
],
[
[
[42.3012,66.7645],
[42.3032,66.7294],
[42.3366,66.7043],
[42.4456,66.6541],
[42.5436,66.6304],
[42.6322,66.6122],
[42.7331,66.6194],
[42.7906,66.6464],
[42.812,66.6785],
[42.8123,66.6942],
[42.7874,66.7442],
[42.7331,66.785],
[42.5666,66.8279],
[42.4636,66.8305],
[42.392,66.8187],
[42.3322,66.7929],
[42.3012,66.7645]
]
],
[
[
[73,37.2978],
[73.0384,37.3051],
[73.0942,37.3248],
[73.1075,37.3407],
[73.1019,37.3443],
[73.1069,37.3627],
[73.1319,37.371],
[73.1496,37.4043],
[73.2177,37.4071],
[73.3016,37.4623],
[73.3643,37.462],
[73.3653,37.4468],
[73.372,37.444],
[73.4281,37.4689],
[73.5125,37.4745],
[73.5683,37.4525],
[73.6404,37.4335],
[73.7196,37.447],
[73.7759,37.4401],
[73.7746,37.3392],
[73.7051,37.3068],
[73.6542,37.3131],
[73.651,37.2843],
[73.6171,37.2705],
[73.6539,37.2367],
[73.6873,37.2539],
[73.7585,37.2218],
[73.7813,37.239],
[73.8288,37.2267],
[73.852,37.2576],
[73.9073,37.2826],
[73.9531,37.2749],
[73.9645,37.2986],
[74.015,37.2909],
[74.0259,37.3065],
[74.0623,37.3103],
[74.0668,37.3262],
[74.1,37.3179],
[74.1541,37.3412],
[74.1973,37.3352],
[74.2518,37.374],
[74.2296,37.3947],
[74.2423,37.415],
[74.3164,37.3987],
[74.3751,37.424],
[74.3902,37.3967],
[74.4179,37.3886],
[74.4396,37.4162],
[74.4676,37.4066],
[74.4658,37.4264],
[74.4944,37.396],
[74.5282,37.4088],
[74.554,37.3993],
[74.5661,37.3723],
[74.6376,37.3758],
[74.6892,37.4058],
[74.7061,37.384],
[74.8039,37.355],
[74.8768,37.2749],
[74.8899,37.2341],
[74.9154,37.2373],
[74.9189,37.2603],
[74.9105,37.275],
[74.9268,37.2841],
[74.952,37.2921],
[74.9838,37.2861],
[75.0774,37.3158],
[75.1251,37.3157],
[75.1217,37.3408],
[75.094,37.3714],
[75.154,37.4096],
[75.1416,37.4355],
[75.1254,37.4481],
[75.1253,37.466],
[75.0889,37.4844],
[75.0619,37.5255],
[75.0313,37.501],
[75.0116,37.525],
[74.9638,37.5383],
[74.9552,37.5545],
[74.944,37.5541],
[74.9321,37.5685],
[74.9308,37.5869],
[74.9394,37.6032],
[74.9259,37.6129],
[74.9249,37.627],
[74.9109,37.6348],
[74.897,37.6618],
[74.9018,37.6774],
[74.9333,37.6917],
[74.9227,37.7038],
[74.9265,37.7077],
[74.9595,37.7281],
[74.9671,37.7522],
[74.9841,37.7519],
[75.0099,37.7701],
[74.9869,37.8085],
[74.952,37.8088],
[74.9444,37.8242],
[74.9244,37.8291],
[74.913,37.8565],
[74.9375,37.8805],
[74.9376,37.8965],
[74.9129,37.9071],
[74.9214,37.9366],
[74.9079,37.9705],
[74.9175,37.9804],
[74.9165,38.0246],
[74.8926,38.0362],
[74.8833,38.0229],
[74.8683,38.0257],
[74.8684,38.0355],
[74.8528,38.0489],
[74.8542,38.0691],
[74.8337,38.0728],
[74.8203,38.0853],
[74.8185,38.1281],
[74.796,38.156],
[74.805,38.1723],
[74.7999,38.2025],
[74.771,38.1969],
[74.7582,38.2149],
[74.7067,38.2133],
[74.699,38.2284],
[74.6955,38.2645],
[74.704,38.2944],
[74.675,38.3514],
[74.676,38.3703],
[74.665,38.3818],
[74.6773,38.4032],
[74.6896,38.4081],
[74.6925,38.428],
[74.6559,38.4391],
[74.6445,38.4522],
[74.6227,38.4463],
[74.5063,38.4714],
[74.277,38.599],
[74.2575,38.6009],
[74.2378,38.6148],
[74.121,38.6412],
[74.1154,38.6104],
[74.0764,38.6105],
[74.0751,38.5878],
[74.0621,38.5784],
[74.0774,38.5525],
[74.0881,38.5488],
[74.0785,38.5325],
[74.0281,38.5427],
[73.9982,38.5219],
[73.9766,38.5366],
[73.9236,38.5426],
[73.8936,38.584],
[73.8605,38.5785],
[73.8015,38.6138],
[73.8093,38.637],
[73.8007,38.6488],
[73.8052,38.6639],
[73.78,38.6802],
[73.7747,38.7015],
[73.7659,38.7051],
[73.7698,38.7172],
[73.7439,38.7318],
[73.7558,38.7694],
[73.7676,38.7707],
[73.7678,38.7782],
[73.7297,38.8299],
[73.7298,38.8438],
[73.6946,38.8529],
[73.7042,38.861],
[73.6992,38.8778],
[73.712,38.8885],
[73.7108,38.9003],
[73.734,38.9106],
[73.7555,38.9419],
[73.7804,38.9421],
[73.7949,38.9289],
[73.8095,38.9331],
[73.8254,38.9172],
[73.8354,38.9215],
[73.854,38.9524],
[73.8442,38.9996],
[73.8209,39.0226],
[73.8124,39.0428],
[73.7905,39.0419],
[73.7849,39.0295],
[73.7653,39.0319],
[73.7548,39.0254],
[73.7368,39.0365],
[73.7322,39.0673],
[73.7105,39.0759],
[73.7207,39.1119],
[73.7066,39.1216],
[73.7065,39.1367],
[73.6781,39.1466],
[73.6891,39.16],
[73.684,39.164],
[73.6618,39.165],
[73.6607,39.1926],
[73.6409,39.2036],
[73.6346,39.2283],
[73.6135,39.2476],
[73.5847,39.2392],
[73.5593,39.2494],
[73.563,39.2713],
[73.5379,39.2778],
[73.5561,39.2967],
[73.5275,39.3109],
[73.5358,39.3162],
[73.5348,39.3231],
[73.5506,39.3345],
[73.5539,39.3434],
[73.5661,39.3459],
[73.5626,39.3517],
[73.4997,39.3817],
[73.5583,39.3937],
[73.5922,39.4114],
[73.5967,39.4256],
[73.5904,39.4346],
[73.6003,39.4597],
[73.6429,39.4744],
[73.675,39.4631],
[73.7256,39.4609],
[73.8246,39.4697],
[73.8744,39.4832],
[73.873,39.5131],
[73.892,39.5337],
[73.8781,39.543],
[73.916,39.5692],
[73.9111,39.5908],
[73.9474,39.5974],
[73.949,39.6219],
[73.9405,39.6426],
[73.9386,39.6622],
[73.9246,39.6855],
[73.9273,39.7048],
[73.9106,39.722],
[73.9198,39.7264],
[73.9041,39.7443],
[73.8701,39.7464],
[73.8668,39.7534],
[73.8379,39.7552],
[73.8322,39.7816],
[73.8429,39.8149],
[73.8586,39.8455],
[73.8788,39.8518],
[73.8828,39.8625],
[73.9071,39.8653],
[73.9215,39.9054],
[73.9067,39.9126],
[73.9072,39.9206],
[73.977,40.0048],
[73.9697,40.0149],
[73.9337,40.0234],
[73.9363,40.0318],
[73.983,40.0486],
[73.9972,40.045],
[74.0025,40.0633],
[74.0182,40.0708],
[74.0118,40.0797],
[74.0413,40.0995],
[74.0686,40.0775],
[74.092,40.0889],
[74.1064,40.0864],
[74.1231,40.1112],
[74.146,40.1051],
[74.1587,40.1157],
[74.2162,40.127],
[74.229,40.1211],
[74.2572,40.1336],
[74.2786,40.1043],
[74.3038,40.1148],
[74.3446,40.0935],
[74.3695,40.1036],
[74.3761,40.1162],
[74.3887,40.1178],
[74.4054,40.1354],
[74.4536,40.157],
[74.4983,40.2044],
[74.5255,40.209],
[74.5905,40.2822],
[74.6304,40.2838],
[74.6414,40.2722],
[74.6605,40.2729],
[74.6847,40.2894],
[74.6797,40.2998],
[74.7008,40.3251],
[74.6917,40.3499],
[74.7394,40.3483],
[74.8108,40.3499],
[74.8618,40.3238],
[74.8689,40.3336],
[74.9106,40.3453],
[74.8747,40.3666],
[74.8385,40.408],
[74.8018,40.4293],
[74.7876,40.4522],
[74.8083,40.4556],
[74.8194,40.4895],
[74.8164,40.5053],
[74.8378,40.5219],
[74.912,40.4975],
[74.928,40.4784],
[74.9871,40.4518],
[75.018,40.4666],
[75.0521,40.4444],
[75.0846,40.4427],
[75.0923,40.4349],
[75.1238,40.458],
[75.1409,40.4614],
[75.2068,40.4449],
[75.2386,40.4484],
[75.2386,40.4609],
[75.2602,40.4715],
[75.2565,40.4804],
[75.2857,40.4807],
[75.3025,40.4915],
[75.2998,40.5013],
[75.3074,40.5104],
[75.3296,40.5206],
[75.327,40.5314],
[75.3747,40.5483],
[75.4147,40.5554],
[75.4483,40.5797],
[75.4622,40.603],
[75.4738,40.6061],
[75.5169,40.6344],
[75.5778,40.6584],
[75.6028,40.6633],
[75.5956,40.6455],
[75.6121,40.6448],
[75.6114,40.6341],
[75.6319,40.6194],
[75.621,40.5971],
[75.6229,40.5467],
[75.6408,40.528],
[75.6464,40.5056],
[75.6674,40.4964],
[75.6873,40.4993],
[75.6924,40.4849],
[75.7236,40.4728],
[75.7064,40.4526],
[75.7101,40.4436],
[75.6801,40.4213],
[75.6612,40.3642],
[75.6634,40.3549],
[75.6816,40.3442],
[75.6852,40.323],
[75.7003,40.304],
[75.6902,40.2944],
[75.7003,40.2798],
[75.7182,40.2868],
[75.7342,40.3062],
[75.742,40.2948],
[75.7542,40.3028],
[75.7779,40.3006],
[75.8047,40.3132],
[75.8113,40.3244],
[75.8269,40.3271],
[75.8393,40.3125],
[75.8788,40.312],
[75.9075,40.3027],
[75.9115,40.2911],
[75.9298,40.3021],
[75.9252,40.3262],
[75.926,40.3344],
[75.9433,40.3414],
[75.959,40.3609],
[75.9547,40.3752],
[75.9906,40.3815],
[76.0091,40.3638],
[76.0175,40.3534],
[76.0459,40.3551],
[76.0376,40.3809],
[76.0688,40.3952],
[76.0951,40.3889],
[76.1314,40.3972],
[76.1841,40.3794],
[76.2278,40.4035],
[76.232,40.4142],
[76.2496,40.4177],
[76.2726,40.4389],
[76.2861,40.4292],
[76.2789,40.4125],
[76.2913,40.4081],
[76.3123,40.4061],
[76.3151,40.3941],
[76.327,40.3877],
[76.316,40.365],
[76.3377,40.3389],
[76.3656,40.3867],
[76.3802,40.3888],
[76.3839,40.3757],
[76.4398,40.3891],
[76.4565,40.4133],
[76.4943,40.4271],
[76.5049,40.4268],
[76.506,40.4451],
[76.5378,40.465],
[76.5401,40.5042],
[76.532,40.5088],
[76.5512,40.5324],
[76.5568,40.5524],
[76.6039,40.5902],
[76.6116,40.6108],
[76.6542,40.6218],
[76.6476,40.6484],
[76.6582,40.6635],
[76.6545,40.68],
[76.6728,40.6941],
[76.6611,40.7105],
[76.6493,40.7179],
[76.6396,40.7496],
[76.64,40.7618],
[76.6616,40.7716],
[76.6681,40.7827],
[76.6854,40.7767],
[76.7021,40.7873],
[76.7106,40.8135],
[76.7284,40.818],
[76.7175,40.8317],
[76.7187,40.8423],
[76.7319,40.8443],
[76.7243,40.854],
[76.7394,40.8757],
[76.7388,40.8925],
[76.7301,40.901],
[76.754,40.935],
[76.7534,40.9533],
[76.7915,40.96],
[76.8162,40.9768],
[76.853,40.9767],
[76.8476,40.9964],
[76.8746,41.0256],
[76.8931,41.0174],
[76.9269,41.0248],
[76.953,41.0402],
[76.9636,41.0584],
[76.9925,41.0719],
[77.0169,41.0577],
[77.0853,41.063],
[77.1068,41.0484],
[77.0999,41.0378],
[77.167,41.0107],
[77.1835,41.0102],
[77.1858,41.0233],
[77.2289,41.0306],
[77.245,41.0245],
[77.242,41.0144],
[77.2633,41.0139],
[77.2618,41.0046],
[77.285,41.0026],
[77.309,41.0091],
[77.3107,41.0181],
[77.3552,41.0407],
[77.3745,41.0398],
[77.3805,41.0282],
[77.4086,41.0387],
[77.4133,41.0267],
[77.4277,41.0209],
[77.4698,41.0214],
[77.4655,41.0015],
[77.4777,40.9958],
[77.551,41.0046],
[77.5833,40.9934],
[77.5865,41.0041],
[77.6108,41.0094],
[77.6249,41.0024],
[77.6469,41.0145],
[77.6608,41.0024],
[77.7003,41.0058],
[77.729,41.0214],
[77.7312,41.0301],
[77.7652,41.0148],
[77.7789,41.0218],
[77.7958,41.0487],
[77.8125,41.0431],
[77.8244,41.0585],
[77.805,41.0801],
[77.8047,41.1227],
[77.8315,41.1503],
[77.905,41.1838],
[77.9595,41.1902],
[77.9805,41.1831],
[77.9965,41.1925],
[78.0217,41.1932],
[78.055,41.214],
[78.1229,41.2284],
[78.1336,41.2457],
[78.1372,41.3123],
[78.1575,41.3403],
[78.1458,41.3667],
[78.1564,41.3819],
[78.2274,41.4008],
[78.278,41.3884],
[78.3086,41.3898],
[78.3209,41.3809],
[78.3361,41.395],
[78.3819,41.3916],
[78.3913,41.4016],
[78.3942,41.4124],
[78.4498,41.4132],
[78.5281,41.4395],
[78.5563,41.476],
[78.5797,41.4806],
[78.5847,41.469],
[78.62,41.4768],
[78.6451,41.4685],
[78.6628,41.4992],
[78.7035,41.5211],
[78.6896,41.5302],
[78.7019,41.5458],
[78.7246,41.555],
[78.7391,41.552],
[78.791,41.5639],
[78.8151,41.5586],
[78.8239,41.5716],
[78.8518,41.5796],
[78.8561,41.5949],
[78.8844,41.5956],
[78.8907,41.6102],
[78.922,41.6232],
[78.9185,41.6289],
[78.9294,41.6331],
[78.9281,41.6416],
[78.9733,41.6553],
[78.9877,41.6616],
[79.0175,41.6569],
[79.0293,41.6793],
[79.0833,41.6899],
[79.1113,41.7025],
[79.1246,41.7228],
[79.2172,41.7266],
[79.2289,41.7417],
[79.2491,41.7456],
[79.2483,41.7573],
[79.2739,41.7663],
[79.271,41.774],
[79.3228,41.8108],
[79.3522,41.7934],
[79.4094,41.8408],
[79.4653,41.8533],
[79.4875,41.8438],
[79.485,41.8373],
[79.5466,41.8389],
[79.6075,41.8568],
[79.6378,41.8935],
[79.74,41.9025],
[79.7687,41.8918],
[79.8026,41.9203],
[79.8023,41.937],
[79.8183,41.9504],
[79.8169,41.9651],
[79.8522,41.9857],
[79.846,42.0141],
[79.88,42.0344],
[79.9536,42.0453],
[80.0169,42.0418],
[80.0263,42.0491],
[80.0756,42.0462],
[80.1388,42.0303],
[80.2094,42.0423],
[80.2296,42.0606],
[80.2271,42.0659],
[80.1686,42.0979],
[80.1493,42.119],
[80.1519,42.1331],
[80.1383,42.1481],
[80.1408,42.1542],
[80.1638,42.1556],
[80.165,42.1922],
[80.1744,42.2108],
[80.1992,42.229],
[80.2433,42.2181],
[80.2825,42.2343],
[80.2804,42.2476],
[80.2892,42.2617],
[80.2796,42.2813],
[80.2595,42.2929],
[80.2602,42.3045],
[80.2839,42.3184],
[80.2828,42.3211],
[80.2377,42.3403],
[80.2266,42.3585],
[80.2379,42.3807],
[80.2275,42.3978],
[80.2334,42.4039],
[80.2145,42.4131],
[80.2152,42.4238],
[80.2045,42.4285],
[80.2127,42.4518],
[80.2076,42.469],
[80.2719,42.5112],
[80.2514,42.5136],
[80.2489,42.5239],
[80.2206,42.5329],
[80.1824,42.581],
[80.162,42.6305],
[80.1767,42.6714],
[80.2288,42.6961],
[80.223,42.713],
[80.2548,42.784],
[80.2612,42.824],
[80.2773,42.838],
[80.2929,42.8296],
[80.306,42.838],
[80.3166,42.8326],
[80.3282,42.8381],
[80.3345,42.8359],
[80.3257,42.8289],
[80.331,42.8246],
[80.336,42.8308],
[80.3541,42.8271],
[80.3624,42.8359],
[80.3645,42.8282],
[80.3769,42.8281],
[80.3914,42.8393],
[80.406,42.8296],
[80.4244,42.8414],
[80.4188,42.8433],
[80.4253,42.856],
[80.439,42.8526],
[80.4459,42.8613],
[80.4605,42.8554],
[80.461,42.8636],
[80.4716,42.8622],
[80.4743,42.8691],
[80.4992,42.8704],
[80.5014,42.8805],
[80.51,42.8729],
[80.5436,42.8866],
[80.5503,42.8787],
[80.5538,42.8869],
[80.5764,42.8878],
[80.5712,42.895],
[80.6017,42.8957],
[80.5857,42.9151],
[80.5533,42.932],
[80.4837,42.9467],
[80.396,42.9946],
[80.3808,43.0224],
[80.3764,43.0314],
[80.3842,43.0459],
[80.4116,43.0576],
[80.4584,43.0757],
[80.4834,43.0698],
[80.5368,43.0993],
[80.5489,43.0977],
[80.591,43.1386],
[80.6025,43.1352],
[80.6084,43.1421],
[80.6575,43.1499],
[80.6751,43.1433],
[80.7042,43.1458],
[80.7181,43.134],
[80.7435,43.147],
[80.7883,43.1418],
[80.7952,43.1713],
[80.8073,43.1773],
[80.7861,43.2019],
[80.7826,43.2259],
[80.7898,43.2385],
[80.7651,43.267],
[80.7749,43.2966],
[80.7785,43.3114],
[80.7665,43.3163],
[80.698,43.3162],
[80.6832,43.3287],
[80.7049,43.3529],
[80.7049,43.3645],
[80.7351,43.3932],
[80.7353,43.4338],
[80.7564,43.4481],
[80.7139,43.533],
[80.6313,43.6625],
[80.5877,43.7243],
[80.5226,43.8227],
[80.5215,43.8572],
[80.5044,43.8747],
[80.5118,43.8842],
[80.5087,43.9068],
[80.4907,43.9146],
[80.4884,43.9262],
[80.4717,43.9368],
[80.4836,43.9553],
[80.4563,43.9748],
[80.4617,43.9774],
[80.4526,43.9844],
[80.4475,44.0092],
[80.455,44.0192],
[80.4516,44.0284],
[80.4582,44.03],
[80.4487,44.0337],
[80.4553,44.0453],
[80.4359,44.0816],
[80.3962,44.1101],
[80.4025,44.1558],
[80.3956,44.1943],
[80.4007,44.2134],
[80.4035,44.268],
[80.3771,44.4113],
[80.3669,44.4412],
[80.3494,44.4605],
[80.3469,44.4827],
[80.3682,44.5041],
[80.3705,44.5319],
[80.3936,44.5673],
[80.3913,44.5915],
[80.4107,44.6098],
[80.3686,44.654],
[80.3506,44.6657],
[80.3379,44.689],
[80.3134,44.7033],
[80.2374,44.721],
[80.1928,44.7497],
[80.1967,44.7619],
[80.1732,44.7936],
[80.1834,44.8235],
[80.1671,44.8275],
[80.1651,44.8405],
[80.1568,44.8416],
[80.1462,44.8267],
[80.1278,44.8231],
[80.1142,44.8098],
[80.0781,44.8127],
[80.0495,44.8011],
[80.0301,44.8034],
[80.0063,44.7902],
[79.9933,44.7949],
[79.9952,44.8236],
[79.9558,44.8503],
[79.9447,44.85],
[79.9461,44.8663],
[79.9638,44.882],
[79.9322,44.8875],
[79.9143,44.9011],
[79.8859,44.8936],
[79.882,44.9107],
[79.9047,44.9287],
[79.9438,44.9378],
[79.9452,44.9522],
[80.047,45.0021],
[80.0618,45.036],
[80.087,45.0333],
[80.0901,45.0469],
[80.1122,45.0484],
[80.1283,45.0393],
[80.1395,45.0574],
[80.1679,45.0388],
[80.1823,45.0417],
[80.1948,45.0272],
[80.2135,45.0233],
[80.2325,45.0332],
[80.2403,45.0277],
[80.2607,45.054],
[80.317,45.07],
[80.3276,45.068],
[80.3452,45.041],
[80.3818,45.0399],
[80.4033,45.0476],
[80.4073,45.0577],
[80.4398,45.0774],
[80.4374,45.0972],
[80.4796,45.1152],
[80.4889,45.1265],
[80.5117,45.106],
[80.5615,45.1128],
[80.6001,45.1044],
[80.6245,45.118],
[80.6345,45.1148],
[80.6967,45.1329],
[80.7048,45.1434],
[80.7264,45.154],
[80.7111,45.1702],
[80.728,45.1712],
[80.7733,45.1436],
[80.7949,45.1503],
[80.8335,45.1405],
[80.8543,45.1261],
[80.8771,45.131],
[80.8966,45.1247],
[80.929,45.1576],
[80.9517,45.1604],
[80.9569,45.1676],
[80.9966,45.1583],
[81.0554,45.1778],
[81.07,45.1724],
[81.0832,45.1944],
[81.1091,45.2011],
[81.1007,45.2152],
[81.1066,45.2219],
[81.1617,45.2056],
[81.1698,45.2128],
[81.1665,45.2243],
[81.2184,45.2362],
[81.2285,45.2482],
[81.2692,45.2367],
[81.3065,45.2468],
[81.3071,45.2541],
[81.3517,45.261],
[81.3767,45.2529],
[81.3884,45.271],
[81.421,45.2836],
[81.4518,45.2622],
[81.4768,45.2756],
[81.4945,45.2754],
[81.5215,45.2825],
[81.5347,45.3059],
[81.5734,45.3074],
[81.5688,45.3253],
[81.5921,45.3405],
[81.6127,45.3419],
[81.6324,45.3566],
[81.6677,45.3515],
[81.6949,45.3691],
[81.7137,45.3589],
[81.7337,45.3657],
[81.7316,45.3747],
[81.7586,45.3722],
[81.7718,45.386],
[81.785,45.3798],
[81.8271,45.3337],
[81.8316,45.3158],
[81.8849,45.2786],
[81.923,45.2287],
[81.9418,45.2362],
[82.0092,45.2336],
[82.0443,45.2542],
[82.0905,45.2455],
[82.081,45.2352],
[82.0818,45.2229],
[82.1001,45.2023],
[82.1138,45.202],
[82.1512,45.2218],
[82.2802,45.2399],
[82.3061,45.2346],
[82.3364,45.2077],
[82.4554,45.1874],
[82.4749,45.177],
[82.5601,45.2035],
[82.5802,45.2185],
[82.5877,45.3447],
[82.5585,45.3944],
[82.5428,45.421],
[82.4377,45.4597],
[82.28,45.5351],
[82.2708,45.5505],
[82.2604,45.6182],
[82.2827,45.6494],
[82.2881,45.7088],
[82.3451,45.7957],
[82.3454,45.839],
[82.33,45.8869],
[82.3407,45.9081],
[82.3357,45.9392],
[82.3757,45.9641],
[82.4561,45.9772],
[82.5119,46.1546],
[82.612,46.305],
[82.7254,46.493],
[82.7682,46.6038],
[82.7821,46.6689],
[82.786,46.6809],
[82.8295,46.7774],
[82.8685,46.7991],
[82.8687,46.823],
[82.9222,46.9403],
[82.9381,47.016],
[82.952,47.0204],
[82.9658,47.0347],
[82.9686,47.0487],
[82.9918,47.0625],
[82.9922,47.0632],
[83.0104,47.1144],
[83.0031,47.1208],
[83.0196,47.1329],
[83.0123,47.1472],
[83.0281,47.162],
[83.0282,47.2175],
[83.0323,47.2237],
[83.0422,47.215],
[83.0632,47.2277],
[83.0941,47.2238],
[83.1509,47.2347],
[83.1737,47.2204],
[83.1979,47.2174],
[83.2078,47.2111],
[83.2149,47.1907],
[83.2365,47.1891],
[83.2422,47.1784],
[83.2801,47.1752],
[83.2931,47.182],
[83.3355,47.17],
[83.3649,47.1778],
[83.3653,47.163],
[83.3863,47.1502],
[83.4135,47.116],
[83.4293,47.1148],
[83.4299,47.1232],
[83.4515,47.1317],
[83.4708,47.128],
[83.4631,47.1213],
[83.4812,47.1175],
[83.4823,47.1093],
[83.5059,47.1095],
[83.525,47.0852],
[83.566,47.0781],
[83.5597,47.0611],
[83.5651,47.0564],
[83.5902,47.0589],
[83.6067,47.0468],
[83.6219,47.0485],
[83.6387,47.0436],
[83.6956,47.0358],
[83.698,47.0178],
[83.7074,47.0177],
[83.7473,47.0328],
[83.758,47.0242],
[83.8291,47.0104],
[83.8373,47.0034],
[83.835,46.9947],
[83.8464,46.9954],
[83.8697,46.9954],
[83.8708,46.987],
[83.8794,46.9866],
[83.892,46.9884],
[83.9048,46.9808],
[83.9021,46.9751],
[83.9164,46.9728],
[83.9262,46.9847],
[83.9515,46.9912],
[83.9607,46.9824],
[83.9865,46.9957],
[84.046,46.9703],
[84.0833,46.9692],
[84.1268,46.9676],
[84.1583,46.9809],
[84.1657,46.9943],
[84.2011,47.0023],
[84.2383,47.0004],
[84.2808,47.0002],
[84.3792,46.996],
[84.4009,47.0056],
[84.458,47.0087],
[84.4603,46.9933],
[84.4843,46.9926],
[84.5102,46.975],
[84.5794,46.9996],
[84.6305,46.9947],
[84.6861,47.0047],
[84.752,47.0049],
[84.7757,46.9918],
[84.7823,46.9737],
[84.8138,46.9573],
[84.8401,46.9571],
[84.8594,46.9457],
[84.8585,46.9279],
[84.9057,46.8985],
[84.9155,46.88],
[84.9389,46.8663],
[84.9442,46.8629],
[84.979,46.873],
[84.9733,46.887],
[84.9829,46.9151],
[85.0005,46.9209],
[85.0781,46.931],
[85.0852,46.9496],
[85.0788,46.9579],
[85.1191,46.9699],
[85.1455,46.9893],
[85.1668,46.9866],
[85.1779,46.9942],
[85.1762,47.004],
[85.1941,47.0126],
[85.2148,47.0514],
[85.2615,47.0499],
[85.2748,47.0564],
[85.2764,47.0688],
[85.2994,47.065],
[85.307,47.0509],
[85.3235,47.0429],
[85.3457,47.0548],
[85.3842,47.0463],
[85.4124,47.0598],
[85.4615,47.064],
[85.4811,47.0531],
[85.5347,47.0491],
[85.5332,47.0698],
[85.5444,47.0796],
[85.5481,47.1061],
[85.5743,47.1258],
[85.5796,47.1416],
[85.6406,47.1846],
[85.6499,47.2056],
[85.6823,47.2228],
[85.6889,47.2404],
[85.68,47.2509],
[85.6987,47.2887],
[85.685,47.3075],
[85.6727,47.3179],
[85.6856,47.33],
[85.6879,47.3652],
[85.6981,47.367],
[85.7021,47.3821],
[85.6851,47.3974],
[85.6834,47.4299],
[85.6659,47.4481],
[85.6499,47.4532],
[85.6373,47.4721],
[85.6243,47.486],
[85.6107,47.5021],
[85.6102,47.5151],
[85.6091,47.5329],
[85.6143,47.5405],
[85.6081,47.5815],
[85.5519,47.9518],
[85.5474,47.9822],
[85.5373,47.992],
[85.5399,48.0201],
[85.5268,48.0239],
[85.5327,48.0306],
[85.5292,48.0433],
[85.5419,48.0535],
[85.5345,48.0708],
[85.5483,48.0793],
[85.5449,48.1052],
[85.5546,48.1065],
[85.5468,48.1147],
[85.5505,48.1291],
[85.5584,48.1257],
[85.564,48.1328],
[85.5536,48.1394],
[85.5743,48.1575],
[85.5886,48.1966],
[85.6235,48.2027],
[85.6327,48.2335],
[85.6507,48.2465],
[85.6594,48.2418],
[85.6755,48.2641],
[85.6823,48.2919],
[85.6945,48.3007],
[85.691,48.329],
[85.7142,48.3494],
[85.7171,48.365],
[85.7527,48.3896],
[85.7559,48.403],
[85.7995,48.4161],
[85.9117,48.4362],
[86.2323,48.4322],
[86.251,48.4526],
[86.2677,48.4516],
[86.2827,48.4723],
[86.2969,48.477],
[86.3007,48.4905],
[86.3595,48.4907],
[86.375,48.5014],
[86.407,48.4787],
[86.5359,48.5235],
[86.5817,48.5395],
[86.5966,48.5555],
[86.5939,48.575],
[86.6119,48.5971],
[86.6291,48.605],
[86.635,48.6265],
[86.689,48.64],
[86.7005,48.6689],
[86.773,48.7204],
[86.7778,48.7358],
[86.7512,48.7779],
[86.7533,48.7877],
[86.7616,48.8047],
[86.8192,48.8331],
[86.8163,48.8566],
[86.7839,48.8749],
[86.7752,48.8895],
[86.7514,48.8961],
[86.7405,48.9153],
[86.7267,48.9512],
[86.7288,48.9941],
[86.7663,49.0256],
[86.8318,49.0521],
[86.8475,49.0653],
[86.8435,49.1006],
[86.8963,49.1348],
[86.9437,49.13],
[86.9993,49.1427],
[87.0498,49.1301],
[87.065,49.1342],
[87.0825,49.1311],
[87.101,49.1404],
[87.1041,49.1511],
[87.1418,49.1524],
[87.1687,49.1389],
[87.2,49.1429],
[87.215,49.1303],
[87.2135,49.1228],
[87.2303,49.1144],
[87.2858,49.1159],
[87.3175,49.1025],
[87.3763,49.0934],
[87.4266,49.0695],
[87.4684,49.0908],
[87.4852,49.0857],
[87.5041,49.0916],
[87.5082,49.1054],
[87.4918,49.1262],
[87.4917,49.1383],
[87.5232,49.1444],
[87.5641,49.135],
[87.6074,49.1568],
[87.6333,49.1482],
[87.662,49.1517],
[87.695,49.1757],
[87.7215,49.1793],
[87.7499,49.1694],
[87.7832,49.1799],
[87.8145,49.1702],
[87.8232,49.1778],
[87.875,49.1714],
[87.9244,49.1737],
[87.9566,49.1855],
[87.9884,49.183],
[88.018,49.2263],
[88.0572,49.242],
[88.0526,49.2568],
[88.0816,49.2607],
[88.0849,49.2552],
[88.1067,49.2566],
[88.1263,49.2786],
[88.1701,49.2936],
[88.1581,49.3165],
[88.17,49.3255],
[88.1544,49.3372],
[88.1656,49.3404],
[88.1605,49.3628],
[88.1241,49.3729],
[88.1171,49.3794],
[88.1191,49.3913],
[88.1844,49.4159],
[88.1782,49.4354],
[88.1656,49.4455],
[88.2218,49.4797],
[88.2374,49.4746],
[88.2632,49.4824],
[88.2977,49.4709],
[88.3179,49.4751],
[88.3258,49.4849],
[88.3312,49.4935],
[88.368,49.4838],
[88.4059,49.4946],
[88.445,49.4726],
[88.4756,49.4713],
[88.5561,49.4909],
[88.5909,49.5012],
[88.6323,49.4954],
[88.6836,49.4622],
[88.7328,49.4515],
[88.7496,49.4603],
[88.8022,49.4604],
[88.8429,49.4416],
[88.8628,49.4595],
[88.8534,49.4667],
[88.8686,49.4674],
[88.8801,49.4781],
[88.8571,49.4918],
[88.8749,49.5014],
[88.8797,49.5138],
[88.8777,49.5409],
[88.8696,49.5467],
[88.9001,49.559],
[88.9295,49.5429],
[88.9326,49.5168],
[88.9595,49.5],
[88.96,49.4776],
[88.9708,49.4657],
[88.9845,49.4637],
[89.0136,49.4696],
[89.035,49.4861],
[89.0846,49.4861],
[89.1476,49.5021],
[89.1621,49.5174],
[89.2009,49.5228],
[89.2327,49.5537],
[89.1915,49.586],
[89.1996,49.6043],
[89.1824,49.6229],
[89.1888,49.6325],
[89.2188,49.642],
[89.2506,49.6423],
[89.345,49.5918],
[89.3475,49.5826],
[89.391,49.5953],
[89.3846,49.6062],
[89.4075,49.6222],
[89.4274,49.6194],
[89.4589,49.665],
[89.4774,49.6618],
[89.5033,49.6698],
[89.5467,49.6845],
[89.5892,49.6819],
[89.6608,49.6999],
[89.6778,49.7143],
[89.7192,49.7283],
[89.7136,49.7412],
[89.7208,49.7523],
[89.7124,49.7618],
[89.7191,49.7719],
[89.7119,49.7901],
[89.6735,49.7835],
[89.6245,49.8064],
[89.625,49.818],
[89.651,49.8264],
[89.6398,49.8355],
[89.6432,49.8434],
[89.6304,49.8452],
[89.6117,49.8635],
[89.6149,49.8778],
[89.6308,49.8853],
[89.6309,49.8993],
[89.5936,49.9123],
[89.706,49.9439],
[89.8614,49.9594],
[89.8828,49.953],
[89.9748,49.9713],
[90.0173,49.9905],
[90.022,50.0012],
[90.0316,49.9986],
[90.0307,50.0078],
[90.0051,50.0318],
[90.0023,50.0542],
[90.0077,50.0579],
[90.0669,50.0831],
[90.1652,50.1082],
[90.2088,50.1027],
[90.2852,50.1109],
[90.329,50.1522],
[90.3587,50.1634],
[90.3889,50.1926],
[90.4121,50.1991],
[90.4389,50.195],
[90.4815,50.2103],
[90.4834,50.2282],
[90.5443,50.2432],
[90.5807,50.2439],
[90.6182,50.224],
[90.6489,50.2255],
[90.6733,50.2143],
[90.7308,50.2434],
[90.7064,50.3129],
[90.7165,50.3153],
[90.7726,50.3377],
[90.7956,50.3264],
[90.8293,50.3569],
[90.8481,50.3454],
[90.8785,50.3569],
[90.9056,50.3482],
[90.9119,50.3645],
[90.9023,50.3922],
[90.9069,50.4139],
[90.9989,50.4296],
[91.0932,50.436],
[91.16,50.4201],
[91.2933,50.4696],
[91.32,50.4709],
[91.4094,50.4506],
[91.4005,50.4765],
[91.4396,50.4906],
[91.459,50.5084],
[91.4549,50.5485],
[91.5247,50.562],
[91.5225,50.5708],
[91.534,50.5726],
[91.5343,50.5814],
[91.6374,50.5836],
[91.6499,50.5862],
[91.6503,50.593],
[91.6611,50.6401],
[91.7233,50.6975],
[91.7503,50.699],
[91.8551,50.7338],
[92.0143,50.7071],
[92.0723,50.6964],
[92.2029,50.7147],
[92.2667,50.7287],
[92.2902,50.7475],
[92.3159,50.754],
[92.3181,50.7828],
[92.303,50.8099],
[92.3291,50.8276],
[92.3129,50.8767],
[92.3608,50.8843],
[92.402,50.86],
[92.4085,50.8516],
[92.4049,50.8292],
[92.421,50.8111],
[92.4697,50.7889],
[92.4899,50.7857],
[92.5615,50.7993],
[92.6002,50.7851],
[92.6183,50.7678],
[92.6025,50.7201],
[92.6278,50.7034],
[92.7067,50.7082],
[92.7339,50.7193],
[92.7611,50.7336],
[92.7566,50.7759],
[92.7877,50.8056],
[92.8539,50.8098],
[92.9403,50.7875],
[92.9588,50.7944],
[93.0034,50.7919],
[93.0319,50.768],
[93.0229,50.7162],
[92.9776,50.679],
[92.9752,50.6696],
[92.9783,50.6664],
[93.0078,50.6377],
[93.0498,50.6011],
[93.0766,50.6007],
[93.1107,50.5863],
[93.1401,50.5983],
[93.1911,50.5989],
[93.225,50.5898],
[93.249,50.5941],
[93.2533,50.605],
[93.2717,50.6102],
[93.3226,50.6148],
[93.3877,50.6314],
[93.4653,50.6271],
[93.5051,50.6164],
[93.5178,50.6126],
[93.5204,50.6036],
[93.5324,50.6086],
[93.5366,50.6006],
[93.5531,50.6033],
[93.5582,50.6122],
[93.5627,50.6029],
[93.5737,50.6097],
[93.5817,50.605],
[93.636,50.6071],
[93.667,50.5905],
[93.7034,50.5862],
[93.8562,50.6011],
[93.941,50.5899],
[93.9944,50.6048],
[94.031,50.5967],
[94.2404,50.5878],
[94.2837,50.5719],
[94.3047,50.5259],
[94.3415,50.5012],
[94.3631,50.3786],
[94.3891,50.2151],
[94.4208,50.1919],
[94.4432,50.1898],
[94.4542,50.1929],
[94.4808,50.1909],
[94.5203,50.1743],
[94.5309,50.1515],
[94.5222,50.141],
[94.5301,50.1359],
[94.5498,50.1154],
[94.6013,50.0702],
[94.6145,50.0356],
[94.6223,50.0355],
[94.675,50.0372],
[94.7607,50.0549],
[94.9992,50.0443],
[94.9973,50.0146],
[95.0165,49.9805],
[95.0816,49.9629],
[95.4259,49.9576],
[95.497,49.9109],
[95.5054,49.9073],
[95.532,49.8972],
[95.5537,49.9108],
[95.5723,49.9443],
[95.653,49.9561],
[95.6661,49.9643],
[95.707,49.959],
[95.7326,49.9597],
[95.7415,49.9675],
[95.7956,49.9641],
[95.7888,49.984],
[95.7636,49.9975],
[95.7602,50.0077],
[95.7907,50.0354],
[95.796,50.0307],
[95.8609,50.0436],
[95.8927,50.0315],
[95.9161,50.021],
[95.9065,50.0086],
[95.9101,49.9968],
[95.9352,49.9968],
[95.9676,49.9711],
[95.9964,49.9758],
[96.0175,50.0034],
[96.0662,50.0127],
[96.0829,50.0099],
[96.1069,49.9891],
[96.1974,49.9883],
[96.2215,49.9771],
[96.2607,49.9766],
[96.2807,49.9555],
[96.2998,49.9542],
[96.3,49.9449],
[96.3251,49.9487],
[96.3366,49.9428],
[96.3376,49.9316],
[96.3473,49.926],
[96.3398,49.9151],
[96.3483,49.9053],
[96.4245,49.8758],
[96.4615,49.8952],
[96.4591,49.9078],
[96.4738,49.9178],
[96.5003,49.9255],
[96.5119,49.9413],
[96.5254,49.9442],
[96.5552,49.94],
[96.5881,49.8851],
[96.6031,49.8737],
[96.7092,49.9287],
[96.7409,49.9076],
[96.8193,49.9111],
[96.8516,49.8957],
[96.995,49.893],
[96.9973,49.8575],
[97.0101,49.8334],
[97.1197,49.8196],
[97.1311,49.8116],
[97.1194,49.7925],
[97.1305,49.7911],
[97.1791,49.7775],
[97.2311,49.7429],
[97.2555,49.7505],
[97.3179,49.7518],
[97.3352,49.7578],
[97.3368,49.7687],
[97.361,49.7822],
[97.3842,49.7772],
[97.3992,49.7865],
[97.4216,49.7807],
[97.466,49.8029],
[97.4967,49.8064],
[97.5104,49.8147],
[97.5199,49.8341],
[97.5423,49.8449],
[97.5577,49.8436],
[97.561,49.8546],
[97.5806,49.8584],
[97.5865,49.883],
[97.5673,49.905],
[97.5783,49.9139],
[97.5548,49.9226],
[97.5716,49.9408],
[97.6157,49.9375],
[97.6781,49.9618],
[97.7004,49.9611],
[97.7098,49.9747],
[97.739,49.9788],
[97.7621,50.0005],
[97.7804,49.9936],
[97.7809,49.9755],
[97.7925,49.9587],
[97.815,49.9507],
[97.8296,49.923],
[97.8701,49.918],
[97.8949,49.929],
[97.8678,49.9539],
[97.8715,49.9755],
[97.8978,49.984],
[97.9342,49.9781],
[97.9783,50.0018],
[97.989,50.0226],
[98.0306,50.0346],
[98.0699,50.0359],
[98.0637,50.07],
[98.1027,50.0775],
[98.1204,50.1002],
[98.1127,50.1387],
[98.1491,50.1343],
[98.1823,50.1581],
[98.1849,50.1725],
[98.1697,50.1968],
[98.172,50.2051],
[98.2293,50.2387],
[98.2335,50.2612],
[98.2482,50.2728],
[98.2521,50.2933],
[98.266,50.3067],
[98.3081,50.3233],
[98.3046,50.3378],
[98.2942,50.3389],
[98.2852,50.3432],
[98.2991,50.35],
[98.2997,50.3614],
[98.2706,50.3985],
[98.2831,50.4045],
[98.2739,50.4093],
[98.2999,50.4409],
[98.2983,50.4522],
[98.3217,50.4682],
[98.3281,50.4763],
[98.3226,50.4911],
[98.3233,50.4952],
[98.2995,50.4978],
[98.288,50.5249],
[98.2728,50.5389],
[98.1872,50.5575],
[98.1243,50.5932],
[98.096,50.599],
[98.0252,50.6551],
[98.0236,50.6639],
[98.008,50.6692],
[98.0245,50.6919],
[97.9974,50.6989],
[97.991,50.733],
[97.9708,50.7499],
[97.9786,50.7841],
[97.9497,50.8081],
[97.9849,50.8212],
[97.9889,50.8327],
[98.0087,50.8365],
[98.0333,50.8647],
[98.0158,50.8745],
[97.9987,50.8757],
[97.9851,50.8905],
[97.9645,50.8894],
[97.9598,50.9006],
[97.9474,50.9011],
[97.9507,50.9076],
[97.9423,50.915],
[97.9354,50.9113],
[97.8867,50.9304],
[97.8793,50.9461],
[97.8565,50.9617],
[97.8619,50.975],
[97.8525,50.9936],
[97.8246,51.0098],
[97.8321,51.0256],
[97.8712,51.0514],
[97.8674,51.0648],
[97.8775,51.0683],
[97.8788,51.0773],
[97.8715,51.0802],
[97.8816,51.0966],
[97.894,51.1053],
[97.9011,51.1174],
[97.8966,51.1214],
[97.8991,51.1494],
[97.9175,51.155],
[97.9186,51.1702],
[97.9393,51.202],
[97.9347,51.2179],
[97.9458,51.2324],
[97.9408,51.2632],
[97.962,51.2758],
[97.9535,51.3342],
[97.9772,51.3649],
[97.9873,51.365],
[98.0211,51.3941],
[98.049,51.4365],
[98.0501,51.4502],
[98.126,51.4713],
[98.1809,51.4546],
[98.1866,51.4618],
[98.2241,51.4567],
[98.2269,51.4621],
[98.2563,51.5117],
[98.2574,51.5296],
[98.2341,51.5476],
[98.245,51.58],
[98.2204,51.587],
[98.2232,51.5951],
[98.2477,51.5971],
[98.2748,51.6161],
[98.3284,51.6973],
[98.3559,51.7011],
[98.354,51.7315],
[98.3785,51.7398],
[98.4523,51.7366],
[98.5156,51.7739],
[98.5328,51.7981],
[98.5546,51.7902],
[98.6038,51.7937],
[98.6124,51.8063],
[98.6645,51.8258],
[98.6805,51.8203],
[98.7643,51.8699],
[98.7799,51.9418],
[98.809,51.9581],
[98.8071,52],
[98.8196,52.0147],
[98.8065,52.0255],
[98.8413,52.0588],
[98.8397,52.0983],
[98.8572,52.1136],
[98.8542,52.129],
[98.9111,52.1496],
[98.9692,52.1426],
[98.9812,52.1272],
[98.9796,52.1154],
[99.0006,52.0996],
[98.9974,52.0865],
[99.0101,52.0797],
[99.0046,52.0747],
[99.0255,52.0657],
[99.0717,52.0695],
[99.083,52.0637],
[99.0854,52.0503],
[99.1038,52.0494],
[99.1281,52.0246],
[99.1736,52.0356],
[99.2179,52.0276],
[99.2366,52.0126],
[99.2761,52.0186],
[99.2805,52.0127],
[99.2686,51.9973],
[99.2826,51.9869],
[99.2631,51.9765],
[99.3055,51.9575],
[99.3364,51.9568],
[99.3649,51.94],
[99.3679,51.9538],
[99.3885,51.955],
[99.3895,51.9639],
[99.401,51.9659],
[99.4114,51.9531],
[99.4374,51.9561],
[99.4626,51.949],
[99.48,51.9555],
[99.4983,51.9514],
[99.5199,51.9685],
[99.5467,51.9601],
[99.54,51.9523],
[99.5689,51.9334],
[99.601,51.9242],
[99.5998,51.9043],
[99.6138,51.8791],
[99.6257,51.8927],
[99.665,51.9044],
[99.6827,51.8877],
[99.6954,51.9],
[99.8046,51.9137],
[99.828,51.8832],
[99.8279,51.8573],
[99.8195,51.8478],
[99.8476,51.835],
[99.8454,51.8207],
[99.8308,51.8068],
[99.8644,51.8055],
[99.8692,51.7775],
[99.8837,51.7615],
[99.8982,51.7596],
[99.9165,51.7376],
[99.9275,51.748],
[99.9645,51.7418],
[99.9798,51.7547],
[100.0087,51.7399],
[100.0614,51.7327],
[100.1034,51.7546],
[100.1387,51.7593],
[100.201,51.743],
[100.262,51.7504],
[100.2806,51.7375],
[100.2961,51.7428],
[100.3125,51.7368],
[100.3871,51.7383],
[100.4144,51.7479],
[100.4103,51.73],
[100.4438,51.7264],
[100.4529,51.7384],
[100.5289,51.7501],
[100.5355,51.7361],
[100.5865,51.7405],
[100.5974,51.7186],
[100.6231,51.7255],
[100.6562,51.7268],
[100.6573,51.7143],
[100.6685,51.7067],
[100.6929,51.7102],
[100.7345,51.6797],
[100.8102,51.6621],
[100.8228,51.6485],
[100.8507,51.648],
[100.8627,51.6417],
[100.8569,51.6337],
[100.9298,51.6068],
[100.9579,51.6159],
[100.9902,51.6128],
[101.0223,51.5872],
[101.0146,51.5804],
[101.0174,51.5703],
[101.0598,51.5712],
[101.0787,51.5598],
[101.1044,51.5912],
[101.1024,51.5792],
[101.1304,51.5481],
[101.1325,51.5242],
[101.1433,51.5201],
[101.1935,51.5224],
[101.2382,51.5466],
[101.2601,51.5426],
[101.2842,51.5081],
[101.3414,51.4895],
[101.3661,51.4716],
[101.3578,51.4677],
[101.3701,51.4558],
[101.4389,51.4557],
[101.4588,51.4707],
[101.4596,51.4912],
[101.4998,51.5033],
[101.5563,51.4928],
[101.5677,51.4699],
[101.5848,51.4812],
[101.6223,51.4692],
[101.615,51.4543],
[101.619,51.44],
[101.7491,51.4553],
[101.8041,51.4382],
[101.8285,51.4152],
[101.8637,51.417],
[101.8665,51.4086],
[101.8847,51.4085],
[101.8888,51.4008],
[101.9123,51.4144],
[101.9519,51.4137],
[101.9715,51.3927],
[101.9878,51.3951],
[102.002,51.3867],
[102.0221,51.3958],
[102.1243,51.3616],
[102.125,51.3488],
[102.1447,51.3418],
[102.184,51.295],
[102.1501,51.2795],
[102.1156,51.2878],
[102.1173,51.2559],
[102.1045,51.2465],
[102.143,51.2204],
[102.1278,51.21],
[102.1657,51.1814],
[102.1351,51.1742],
[102.1356,51.1592],
[102.1233,51.1391],
[102.135,51.1313],
[102.1328,51.1105],
[102.1402,51.0994],
[102.1699,51.0962],
[102.1641,51.0844],
[102.1492,51.0795],
[102.1511,51.0573],
[102.2036,51.0395],
[102.2302,50.9766],
[102.243,50.9749],
[102.2138,50.9538],
[102.225,50.9376],
[102.2177,50.93],
[102.2411,50.9175],
[102.2454,50.902],
[102.212,50.8758],
[102.221,50.8518],
[102.2096,50.8417],
[102.2205,50.8281],
[102.2097,50.817],
[102.2419,50.7975],
[102.2738,50.7931],
[102.3233,50.7516],
[102.3403,50.7325],
[102.3323,50.7186],
[102.3059,50.7021],
[102.3023,50.6819],
[102.3479,50.6629],
[102.3767,50.6667],
[102.3999,50.6416],
[102.4459,50.6457],
[102.4469,50.6195],
[102.4696,50.601],
[102.5362,50.5885],
[102.5539,50.556],
[102.541,50.5316],
[102.6106,50.5064],
[102.6205,50.4682],
[102.6161,50.4537],
[102.6428,50.4104],
[102.6477,50.4022],
[102.6882,50.3934],
[102.7318,50.4085],
[102.7505,50.4002],
[102.7615,50.377],
[102.8282,50.3553],
[102.837,50.3438],
[102.8477,50.332],
[102.8988,50.3291],
[102.9231,50.3104],
[102.9681,50.3045],
[103.0229,50.3059],
[103.0746,50.319],
[103.1045,50.3188],
[103.1472,50.306],
[103.1537,50.3151],
[103.1723,50.3165],
[103.1754,50.3314],
[103.2064,50.3314],
[103.2209,50.3191],
[103.2381,50.3219],
[103.2487,50.3027],
[103.2645,50.3005],
[103.2657,50.2905],
[103.2764,50.2849],
[103.2686,50.2642],
[103.2493,50.2558],
[103.276,50.2262],
[103.2563,50.21],
[103.2563,50.1929],
[103.2941,50.1859],
[103.3534,50.203],
[103.3687,50.2003],
[103.3791,50.2087],
[103.4248,50.2117],
[103.4904,50.1969],
[103.5142,50.1991],
[103.5572,50.1627],
[103.6023,50.1662],
[103.6085,50.1441],
[103.6353,50.1498],
[103.6501,50.1423],
[103.6842,50.1429],
[103.7102,50.1245],
[103.7254,50.1279],
[103.7378,50.1588],
[103.7784,50.1648],
[103.8006,50.1519],
[103.8371,50.1843],
[103.8361,50.1943],
[103.8797,50.1902],
[103.8903,50.1761],
[103.9051,50.1837],
[103.9312,50.1773],
[103.939,50.1831],
[103.9527,50.1667],
[103.9727,50.1651],
[103.9766,50.1562],
[103.9986,50.1503],
[104.0566,50.1511],
[104.0859,50.1417],
[104.1392,50.1394],
[104.1962,50.1755],
[104.2783,50.2012],
[104.2735,50.2213],
[104.2932,50.2418],
[104.3369,50.2433],
[104.3633,50.2632],
[104.3816,50.2965],
[104.3919,50.3116],
[104.4356,50.3072],
[104.4472,50.3058],
[104.4558,50.3144],
[104.49,50.3076],
[104.5069,50.3142],
[104.5337,50.3146],
[104.5612,50.3011],
[104.6088,50.3204],
[104.6227,50.3165],
[104.6502,50.3241],
[104.6684,50.3435],
[104.6731,50.3592],
[104.6992,50.3672],
[104.7097,50.3539],
[104.7234,50.3575],
[104.7633,50.3388],
[104.7695,50.3451],
[104.8117,50.341],
[104.8323,50.36],
[104.8499,50.3593],
[104.8519,50.3671],
[104.8734,50.3709],
[104.8739,50.3877],
[104.8898,50.4078],
[104.9652,50.4039],
[104.977,50.3943],
[105.0081,50.3869],
[105.088,50.3879],
[105.1045,50.3979],
[105.1202,50.3899],
[105.1563,50.4029],
[105.1632,50.4125],
[105.1981,50.4115],
[105.2586,50.4407],
[105.2696,50.448],
[105.2636,50.4599],
[105.2682,50.4654],
[105.3272,50.4731],
[105.3587,50.4769],
[105.4266,50.4442],
[105.4787,50.4444],
[105.5251,50.458],
[105.6288,50.4274],
[105.6446,50.4355],
[105.7051,50.4264],
[105.8197,50.4402],
[105.8442,50.4404],
[105.8991,50.4126],
[105.9888,50.416],
[106.0574,50.4045],
[106.0747,50.3896],
[106.0728,50.3821],
[106.0671,50.3515],
[106.0806,50.3354],
[106.1649,50.3388],
[106.183,50.3397],
[106.2097,50.3192],
[106.2612,50.2981],
[106.3179,50.3011],
[106.387,50.3194],
[106.4687,50.3181],
[106.4972,50.3242],
[106.5125,50.3429],
[106.5446,50.3432],
[106.5683,50.3346],
[106.5916,50.3385],
[106.7532,50.3126],
[106.8157,50.2982],
[106.8412,50.2832],
[106.9233,50.2383],
[107.0125,50.1991],
[107.0136,50.191],
[106.9968,50.1835],
[107.0134,50.1669],
[107,50.1572],
[107.0394,50.1291],
[107.057,50.0878],
[107.0753,50.0895],
[107.0664,50.0789],
[107.0719,50.0683],
[107.0799,50.0619],
[107.0912,50.0652],
[107.0994,50.05],
[107.152,50.0433],
[107.1461,50.0288],
[107.1643,50.0218],
[107.169,50.0134],
[107.1887,50.0148],
[107.193,50.0066],
[107.2045,50.0079],
[107.213,49.9989],
[107.2209,50.0052],
[107.2572,49.9882],
[107.2711,49.9901],
[107.2794,50.0005],
[107.3194,50.0038],
[107.3489,49.9997],
[107.383,49.9776],
[107.411,49.9793],
[107.4283,49.9717],
[107.4247,49.9788],
[107.4349,49.9835],
[107.5285,49.9756],
[107.5448,49.9857],
[107.585,49.971],
[107.6143,49.9718],
[107.6422,49.9777],
[107.6811,49.9721],
[107.6833,49.9849],
[107.7021,49.9881],
[107.7543,49.9706],
[107.7942,49.9332],
[107.8102,49.9372],
[107.8225,49.9569],
[107.8359,49.9612],
[107.8497,49.9522],
[107.8532,49.9365],
[107.9257,49.9364],
[107.9512,49.9439],
[107.9745,49.937],
[107.9704,49.9155],
[107.9192,49.8754],
[107.9233,49.8655],
[107.9444,49.8549],
[107.9319,49.8319],
[107.9367,49.8192],
[107.9806,49.8091],
[107.9726,49.7922],
[107.9485,49.7848],
[107.9698,49.7474],
[107.9677,49.735],
[107.9343,49.7114],
[107.9471,49.6706],
[107.9683,49.6548],
[108.023,49.6734],
[108.0242,49.6535],
[108.0349,49.6379],
[108.0275,49.6223],
[108.1308,49.5835],
[108.1243,49.5771],
[108.1611,49.5618],
[108.1959,49.559],
[108.2343,49.5402],
[108.2978,49.5399],
[108.3065,49.5077],
[108.3306,49.4975],
[108.3502,49.4656],
[108.3564,49.4279],
[108.4258,49.4135],
[108.4381,49.3938],
[108.431,49.3721],
[108.4662,49.3567],
[108.4701,49.3612],
[108.5175,49.3227],
[108.5714,49.3311],
[108.6081,49.3273],
[108.6525,49.3473],
[108.7178,49.3349],
[108.7464,49.3416],
[108.7962,49.3346],
[108.8206,49.3432],
[108.8488,49.3266],
[108.8621,49.3377],
[108.8912,49.3337],
[108.9086,49.345],
[108.9416,49.3462],
[109.0388,49.3246],
[109.1946,49.3523],
[109.3455,49.3249],
[109.39,49.3003],
[109.4222,49.2944],
[109.4325,49.2729],
[109.4753,49.2674],
[109.487,49.2432],
[109.4996,49.2362],
[109.5591,49.2208],
[109.6838,49.226],
[109.7939,49.2163],
[109.8533,49.2016],
[109.9026,49.2057],
[110.0306,49.1851],
[110.0924,49.1831],
[110.1199,49.178],
[110.1352,49.1664],
[110.1998,49.1542],
[110.2654,49.1717],
[110.3281,49.1991],
[110.3905,49.2515],
[110.4043,49.2489],
[110.4142,49.2283],
[110.4252,49.223],
[110.5244,49.1901],
[110.5518,49.1938],
[110.7083,49.1701],
[110.8193,49.182],
[111.0786,49.262],
[111.2768,49.3104],
[111.3748,49.3577],
[111.5231,49.3232],
[111.689,49.3842],
[111.7551,49.3865],
[111.8018,49.3788],
[111.8483,49.3746],
[111.9412,49.3797],
[111.9961,49.3919],
[112.128,49.4311],
[112.1946,49.4466],
[112.2783,49.4844],
[112.3555,49.4993],
[112.4865,49.5241],
[112.6021,49.51],
[112.6436,49.5139],
[112.6889,49.5041],
[112.7226,49.52],
[112.7442,49.5079],
[112.7858,49.5151],
[112.8108,49.5159],
[112.9151,49.5691],
[112.9475,49.5847],
[113.0143,49.5935],
[113.0439,49.6082],
[113.0686,49.6348],
[113.0736,49.6563],
[113.1144,49.7014],
[113.1283,49.7335],
[113.1597,49.7536],
[113.1623,49.7805],
[113.2061,49.8283],
[113.2628,49.8558],
[113.4739,49.9354],
[113.4888,49.9736],
[113.534,49.9792],
[113.5919,49.9848],
[113.6404,49.9927],
[113.7103,50.0442],
[113.7341,50.0706],
[113.7752,50.0814],
[113.8958,50.1116],
[114,50.1637],
[114.0621,50.1836],
[114.1055,50.2112],
[114.1784,50.243],
[114.3388,50.2827],
[114.4677,50.2335],
[114.5501,50.2345],
[114.6171,50.2456],
[114.7029,50.2423],
[114.7523,50.2338],
[114.8312,50.2237],
[114.9647,50.1821],
[115.0075,50.1639],
[115.039,50.1366],
[115.0685,50.1091],
[115.0677,50.0939],
[115.0793,50.0833],
[115.1292,50.0572],
[115.2239,49.9884],
[115.3687,49.9387],
[115.4712,49.9195],
[115.5067,49.9071],
[115.6099,49.9003],
[115.6548,49.8891],
[115.7454,49.8872],
[115.9829,49.9707],
[116.0727,50.0137],
[116.1857,50.0307],
[116.233,50.0359],
[116.3982,49.9809],
[116.531,49.9454],
[116.6216,49.9311],
[116.6495,49.9023],
[116.7059,49.8527],
[116.7137,49.8457],
[117.0614,49.6856],
[117.1325,49.6668],
[117.2145,49.6459],
[117.2733,49.6308],
[117.3092,49.6304],
[117.4542,49.6268],
[117.4716,49.6264],
[117.5908,49.5811],
[117.5968,49.5788],
[117.7929,49.5202],
[117.7934,49.52],
[117.832,49.5423],
[117.8376,49.5408],
[117.8337,49.5294],
[117.845,49.5296],
[117.8576,49.5105],
[117.8803,49.513],
[117.8772,49.5335],
[117.8692,49.5375],
[117.8847,49.5435],
[117.8909,49.5936],
[117.9278,49.5985],
[117.9434,49.5937],
[117.9542,49.6055],
[117.9451,49.6029],
[117.9467,49.6082],
[117.9667,49.6097],
[117.9809,49.6215],
[118.0107,49.6127],
[118.074,49.6138],
[118.0871,49.6306],
[118.0819,49.6324],
[118.0994,49.6355],
[118.0955,49.645],
[118.1113,49.646],
[118.1039,49.6546],
[118.1123,49.6546],
[118.1085,49.663],
[118.1157,49.6672],
[118.1059,49.6703],
[118.1366,49.6615],
[118.1498,49.658],
[118.1549,49.6671],
[118.1655,49.659],
[118.1604,49.6657],
[118.1735,49.6746],
[118.1706,49.6821],
[118.1983,49.6827],
[118.2129,49.7022],
[118.2031,49.7102],
[118.2246,49.7146],
[118.2347,49.7309],
[118.2271,49.7363],
[118.2841,49.7443],
[118.2926,49.7507],
[118.2864,49.7539],
[118.3035,49.7593],
[118.3058,49.773],
[118.3228,49.7677],
[118.3275,49.7641],
[118.3457,49.7782],
[118.3791,49.7774],
[118.3811,49.7839],
[118.3717,49.7872],
[118.3819,49.7917],
[118.3772,49.7985],
[118.3958,49.8047],
[118.3776,49.8256],
[118.4178,49.8227],
[118.4324,49.834],
[118.4546,49.8356],
[118.4656,49.823],
[118.4769,49.8293],
[118.4672,49.83],
[118.4754,49.8369],
[118.4677,49.8388],
[118.4914,49.8388],
[118.4792,49.8484],
[118.479,49.8555],
[118.4909,49.8582],
[118.4774,49.8649],
[118.4859,49.8673],
[118.48,49.8711],
[118.5177,49.8806],
[118.5243,49.8875],
[118.5189,49.8964],
[118.5267,49.901],
[118.5577,49.9003],
[118.543,49.9072],
[118.5618,49.9111],
[118.5533,49.9191],
[118.5669,49.93],
[118.5738,49.9248],
[118.5903,49.9318],
[118.5985,49.9252],
[118.6002,49.9334],
[118.6092,49.9243],
[118.6041,49.9341],
[118.6198,49.9369],
[118.61,49.9427],
[118.6151,49.948],
[118.6379,49.9357],
[118.6494,49.9381],
[118.643,49.9491],
[118.659,49.9475],
[118.6538,49.9535],
[118.69,49.9476],
[118.6895,49.9556],
[118.7059,49.9474],
[118.7407,49.9494],
[118.7471,49.9469],
[118.7572,49.9587],
[118.7828,49.9525],
[118.7874,49.9564],
[118.78,49.9597],
[118.7966,49.9677],
[118.8277,49.9589],
[118.8396,49.966],
[118.8439,49.9683],
[118.8713,49.9696],
[118.87,49.9795],
[118.8817,49.9726],
[118.9037,49.9765],
[118.9336,49.9924],
[118.9704,49.9862],
[118.9631,49.9829],
[118.9758,49.9767],
[119.0341,49.9883],
[119.0485,49.9786],
[119.067,49.9919],
[119.0828,49.984],
[119.103,49.9988],
[119.1002,50.0043],
[119.1109,50.0002],
[119.1164,50.0173],
[119.147,50.0253],
[119.1365,50.0287],
[119.1466,50.0305],
[119.1558,50.0213],
[119.1572,50.0344],
[119.1751,50.0412],
[119.1684,50.0452],
[119.1731,50.0482],
[119.1809,50.0562],
[119.1722,50.0608],
[119.1868,50.0681],
[119.1786,50.0726],
[119.1851,50.0743],
[119.1818,50.0875],
[119.1981,50.0776],
[119.2353,50.0755],
[119.233,50.086],
[119.2533,50.0933],
[119.2497,50.099],
[119.2861,50.1094],
[119.292,50.1178],
[119.2819,50.1211],
[119.2892,50.1363],
[119.3006,50.132],
[119.2972,50.1549],
[119.3192,50.1628],
[119.3312,50.1757],
[119.3287,50.1878],
[119.3527,50.1945],
[119.3098,50.2164],
[119.3165,50.2349],
[119.3263,50.2355],
[119.319,50.2389],
[119.3324,50.243],
[119.3287,50.2562],
[119.3401,50.2547],
[119.3241,50.2618],
[119.3331,50.2755],
[119.316,50.2809],
[119.3439,50.2843],
[119.3433,50.3028],
[119.3791,50.3204],
[119.3501,50.3261],
[119.3648,50.3316],
[119.3629,50.3414],
[119.3511,50.345],
[119.3616,50.3492],
[119.3508,50.3576],
[119.3214,50.3605],
[119.3128,50.35],
[119.2979,50.3551],
[119.3003,50.3461],
[119.2944,50.3442],
[119.2902,50.355],
[119.269,50.3647],
[119.2468,50.3417],
[119.2283,50.3456],
[119.2241,50.364],
[119.2049,50.3625],
[119.1754,50.3467],
[119.1716,50.353],
[119.1881,50.3615],
[119.1514,50.3581],
[119.1494,50.366],
[119.1693,50.3771],
[119.1477,50.3793],
[119.1427,50.3902],
[119.1526,50.3901],
[119.1505,50.4001],
[119.1675,50.397],
[119.1556,50.4045],
[119.1631,50.4043],
[119.1687,50.4126],
[119.1628,50.4165],
[119.176,50.422],
[119.2059,50.4092],
[119.2042,50.4229],
[119.2174,50.4285],
[119.2155,50.4403],
[119.2358,50.4412],
[119.2438,50.4482],
[119.2329,50.4606],
[119.2568,50.4686],
[119.2551,50.488],
[119.2255,50.5009],
[119.2556,50.5099],
[119.2569,50.5381],
[119.2712,50.5428],
[119.275,50.5522],
[119.2578,50.5616],
[119.2632,50.5696],
[119.2885,50.5737],
[119.2914,50.5826],
[119.2742,50.6034],
[119.2883,50.6149],
[119.3265,50.6236],
[119.3282,50.6407],
[119.3441,50.6281],
[119.3601,50.6378],
[119.3696,50.6549],
[119.3865,50.6622],
[119.3724,50.6716],
[119.3736,50.68],
[119.4137,50.6853],
[119.4257,50.6831],
[119.4399,50.6922],
[119.4917,50.7462],
[119.4994,50.7638],
[119.4869,50.7738],
[119.5028,50.7758],
[119.4968,50.786],
[119.5156,50.7888],
[119.5043,50.7968],
[119.5023,50.8188],
[119.4904,50.8274],
[119.4879,50.8436],
[119.5117,50.8423],
[119.5143,50.8492],
[119.5028,50.8577],
[119.5217,50.8631],
[119.5273,50.8827],
[119.5105,50.8975],
[119.563,50.9337],
[119.5685,50.9464],
[119.5897,50.9824],
[119.6088,50.9886],
[119.6145,50.9908],
[119.6239,50.9956],
[119.6244,51.009],
[119.6629,51.012],
[119.6875,51.0291],
[119.6907,51.0133],
[119.699,51.0179],
[119.6978,51.0275],
[119.6946,51.0388],
[119.7176,51.0481],
[119.7216,51.0649],
[119.7089,51.072],
[119.7359,51.0742],
[119.7354,51.086],
[119.7563,51.0906],
[119.7588,51.1024],
[119.7436,51.1147],
[119.7696,51.1327],
[119.7749,51.1547],
[119.7519,51.1635],
[119.7789,51.1624],
[119.7801,51.1744],
[119.7677,51.1802],
[119.7525,51.2127],
[119.7781,51.2245],
[119.8132,51.2129],
[119.8148,51.2291],
[119.7903,51.244],
[119.8206,51.2612],
[119.8039,51.2803],
[119.8414,51.2936],
[119.8746,51.2969],
[119.8783,51.3375],
[119.9162,51.3447],
[119.9396,51.3608],
[119.9079,51.3731],
[119.9023,51.389],
[119.9646,51.3996],
[119.9683,51.4352],
[119.9954,51.4536],
[119.9753,51.481],
[119.985,51.4961],
[119.9781,51.5043],
[120.007,51.5172],
[120.0224,51.5304],
[120.0264,51.5448],
[120.0444,51.5513],
[120.0428,51.5703],
[120.0276,51.5836],
[120.0437,51.6069],
[120.0569,51.6368],
[120.0953,51.649],
[120.0804,51.6783],
[120.1304,51.6721],
[120.1667,51.6781],
[120.2251,51.7257],
[120.2539,51.7324],
[120.2657,51.7495],
[120.2875,51.7498],
[120.3085,51.7835],
[120.3558,51.7874],
[120.3683,51.8063],
[120.3989,51.8136],
[120.394,51.832],
[120.4698,51.8515],
[120.4747,51.8614],
[120.4645,51.8767],
[120.4697,51.8825],
[120.5355,51.878],
[120.546,51.8868],
[120.541,51.9053],
[120.5505,51.9122],
[120.5811,51.9088],
[120.6476,51.9227],
[120.6553,51.9308],
[120.6542,51.9548],
[120.697,51.9811],
[120.7118,52.0072],
[120.6791,52.0362],
[120.7191,52.0774],
[120.7458,52.0782],
[120.7348,52.0925],
[120.7609,52.1085],
[120.7537,52.1357],
[120.7795,52.1585],
[120.7391,52.2045],
[120.7374,52.2255],
[120.756,52.2467],
[120.747,52.2575],
[120.7108,52.2589],
[120.6928,52.287],
[120.6496,52.2999],
[120.6214,52.3247],
[120.6151,52.3579],
[120.6431,52.3624],
[120.6427,52.3896],
[120.6836,52.4357],
[120.6766,52.4659],
[120.6998,52.4913],
[120.6804,52.5105],
[120.7226,52.5299],
[120.7223,52.544],
[120.7082,52.5504],
[120.6812,52.5466],
[120.6557,52.5662],
[120.6184,52.5706],
[120.5953,52.5905],
[120.554,52.5952],
[120.459,52.6435],
[120.4291,52.6383],
[120.4014,52.6187],
[120.282,52.6221],
[120.1846,52.577],
[120.074,52.584],
[120.0412,52.5977],
[120.0268,52.6355],
[120.0618,52.7072],
[120.0281,52.7587],
[120.0266,52.7763],
[120.0859,52.7838],
[120.1374,52.8127],
[120.1792,52.8081],
[120.217,52.8423],
[120.2874,52.8658],
[120.289,52.8922],
[120.339,52.8999],
[120.3529,52.9375],
[120.4059,52.9581],
[120.4124,52.9698],
[120.4369,53.0024],
[120.5199,53.0428],
[120.538,53.0705],
[120.6037,53.0986],
[120.636,53.1039],
[120.65,53.1337],
[120.6876,53.1453],
[120.6914,53.1586],
[120.6846,53.1751],
[120.8103,53.2398],
[120.8327,53.2387],
[120.8332,53.2476],
[120.8126,53.2664],
[120.8751,53.2821],
[120.875,53.2927],
[120.8987,53.2852],
[120.9255,53.2854],
[120.9485,53.2964],
[121.0355,53.2869],
[121.0641,53.3027],
[121.0875,53.3053],
[121.1097,53.2936],
[121.1218,53.2752],
[121.1476,53.283],
[121.2265,53.2792],
[121.2454,53.2903],
[121.276,53.2888],
[121.299,53.2988],
[121.3271,53.3232],
[121.3783,53.3187],
[121.4456,53.322],
[121.4819,53.3329],
[121.4929,53.334],
[121.5581,53.3451],
[121.6561,53.3739],
[121.6842,53.3901],
[121.7338,53.3859],
[121.871,53.4263],
[121.9079,53.4215],
[121.9922,53.4286],
[122.0689,53.4202],
[122.1118,53.4315],
[122.1592,53.4691],
[122.2436,53.4637],
[122.3272,53.5014],
[122.3497,53.5003],
[122.3756,53.4668],
[122.4297,53.4432],
[122.4537,53.4429],
[122.4803,53.4573],
[122.5309,53.4506],
[122.5961,53.4639],
[122.8261,53.4558],
[122.893,53.4615],
[122.9332,53.4805],
[123.06,53.5067],
[123.1373,53.4981],
[123.1714,53.5085],
[123.223,53.5496],
[123.2462,53.557],
[123.3044,53.5597],
[123.3287,53.5492],
[123.3755,53.5365],
[123.4484,53.5341],
[123.4711,53.5003],
[123.492,53.4963],
[123.5019,53.5094],
[123.4786,53.5281],
[123.4915,53.5489],
[123.5059,53.555],
[123.5335,53.5534],
[123.5504,53.5401],
[123.5502,53.5283],
[123.5229,53.5026],
[123.5392,53.495],
[123.563,53.504],
[123.583,53.5475],
[123.6218,53.5453],
[123.6483,53.5313],
[123.6855,53.4983],
[123.7089,53.4909],
[123.7456,53.4967],
[123.7965,53.486],
[123.8551,53.4874],
[123.9783,53.4298],
[124.0081,53.3976],
[124.0512,53.4011],
[124.0746,53.3885],
[124.0707,53.3689],
[124.0821,53.359],
[124.1204,53.3453],
[124.165,53.3672],
[124.2323,53.3778],
[124.2797,53.3461],
[124.3203,53.3292],
[124.3393,53.2941],
[124.3601,53.2737],
[124.3619,53.2592],
[124.4034,53.2478],
[124.4373,53.214],
[124.4798,53.2176],
[124.5097,53.2019],
[124.6369,53.2072],
[124.6968,53.1941],
[124.7198,53.1831],
[124.7066,53.1636],
[124.7117,53.1514],
[124.7508,53.1399],
[124.8239,53.1431],
[124.8349,53.1376],
[124.8486,53.1057],
[124.8824,53.0963],
[124.8935,53.1013],
[124.8996,53.1216],
[124.8779,53.1553],
[124.8805,53.1655],
[124.9755,53.1958],
[125.1578,53.2038],
[125.2502,53.1763],
[125.2774,53.1594],
[125.3023,53.1459],
[125.4087,53.1171],
[125.4811,53.1002],
[125.4981,53.0885],
[125.4968,53.0607],
[125.5076,53.0485],
[125.5836,53.0798],
[125.6143,53.078],
[125.6291,53.0649],
[125.6367,53.035],
[125.6727,53.0073],
[125.7427,52.984],
[125.7248,52.9697],
[125.7243,52.9388],
[125.6663,52.9224],
[125.6536,52.9051],
[125.6555,52.869],
[125.6655,52.8612],
[125.6958,52.8663],
[125.7182,52.8796],
[125.7444,52.8795],
[125.7667,52.8967],
[125.8464,52.8896],
[125.8445,52.8676],
[125.9092,52.8186],
[125.9287,52.7696],
[125.9676,52.7565],
[125.9924,52.7678],
[126.0083,52.7927],
[126.0436,52.7979],
[126.1091,52.7658],
[126.1078,52.7571],
[126.0377,52.7403],
[126.0656,52.6949],
[126.063,52.6814],
[125.9834,52.6732],
[125.9617,52.6504],
[125.9633,52.6225],
[125.9728,52.6086],
[126.012,52.5785],
[126.027,52.5739],
[126.0459,52.5804],
[126.0548,52.6016],
[126.0961,52.5927],
[126.1521,52.5635],
[126.2017,52.531],
[126.1851,52.4942],
[126.184,52.4696],
[126.1989,52.4642],
[126.2626,52.4736],
[126.34,52.3959],
[126.3469,52.3831],
[126.3405,52.3549],
[126.3109,52.337],
[126.3207,52.3221],
[126.3373,52.3021],
[126.3959,52.3015],
[126.4252,52.297],
[126.4326,52.2801],
[126.3969,52.2802],
[126.3462,52.2624],
[126.3114,52.24],
[126.2951,52.216],
[126.3132,52.1994],
[126.4018,52.183],
[126.4302,52.1684],
[126.4899,52.1597],
[126.5451,52.1367],
[126.5566,52.1201],
[126.5368,52.0988],
[126.5312,52.0681],
[126.5125,52.0532],
[126.5148,52.0372],
[126.4752,52.0406],
[126.4383,52.0255],
[126.4336,52.0142],
[126.4535,51.9917],
[126.4619,51.9779],
[126.4541,51.9615],
[126.4566,51.9441],
[126.5018,51.9221],
[126.5095,51.904],
[126.5378,51.885],
[126.5572,51.8597],
[126.5751,51.823],
[126.5983,51.8042],
[126.6177,51.7744],
[126.6574,51.7583],
[126.6591,51.7342],
[126.6709,51.7272],
[126.7156,51.7269],
[126.7279,51.7066],
[126.7128,51.6819],
[126.7317,51.6572],
[126.7336,51.6376],
[126.7217,51.6245],
[126.6802,51.6107],
[126.6695,51.5987],
[126.6726,51.5908],
[126.7087,51.5686],
[126.8331,51.5344],
[126.8386,51.5232],
[126.8064,51.4933],
[126.7758,51.4438],
[126.801,51.4207],
[126.8961,51.4082],
[126.9147,51.3902],
[126.9238,51.3628],
[126.9179,51.3499],
[126.893,51.3391],
[126.8275,51.3414],
[126.8077,51.3132],
[126.8115,51.2891],
[126.8436,51.2528],
[126.8608,51.2456],
[126.8999,51.2449],
[126.9157,51.2613],
[126.9032,51.2816],
[126.8767,51.2955],
[126.8676,51.3093],
[126.8809,51.321],
[126.96,51.3329],
[126.9773,51.3202],
[126.9742,51.3002],
[126.9175,51.2358],
[126.8942,51.2033],
[126.9111,51.1399],
[126.9177,51.057],
[126.9858,51.0211],
[127.0243,50.9789],
[127.0463,50.9606],
[127.1062,50.9369],
[127.1477,50.8933],
[127.2331,50.7739],
[127.2913,50.7547],
[127.3002,50.7453],
[127.3011,50.7355],
[127.281,50.7073],
[127.2874,50.6638],
[127.3297,50.6251],
[127.343,50.6106],
[127.3655,50.5833],
[127.3564,50.5456],
[127.3108,50.5239],
[127.304,50.4921],
[127.2862,50.4702],
[127.2922,50.4568],
[127.353,50.4435],
[127.3627,50.4344],
[127.3639,50.4038],
[127.3265,50.358],
[127.3253,50.3351],
[127.3523,50.3087],
[127.3807,50.2851],
[127.4082,50.2783],
[127.442,50.2708],
[127.6015,50.2375],
[127.6029,50.2114],
[127.6,50.2008],
[127.6033,50.1809],
[127.5853,50.1457],
[127.5575,50.1163],
[127.5222,50.0867],
[127.5016,50.0594],
[127.4889,50.0127],
[127.499,49.9719],
[127.5313,49.9476],
[127.534,49.9438],
[127.5417,49.917],
[127.5234,49.858],
[127.5254,49.8191],
[127.5409,49.801],
[127.5566,49.7904],
[127.6652,49.7704],
[127.6724,49.7502],
[127.673,49.695],
[127.6872,49.667],
[127.7276,49.6473],
[127.7564,49.6377],
[127.784,49.6158],
[127.7983,49.5934],
[127.8428,49.5745],
[127.9104,49.5743],
[127.959,49.5964],
[127.9828,49.5843],
[128.0107,49.5762],
[128.0345,49.5556],
[128.1043,49.5443],
[128.1298,49.5483],
[128.1695,49.5361],
[128.2059,49.5388],
[128.2234,49.55],
[128.2345,49.5613],
[128.2808,49.5642],
[128.3167,49.5435],
[128.3296,49.5402],
[128.3574,49.5517],
[128.3697,49.5853],
[128.4553,49.5894],
[128.4828,49.5915],
[128.5262,49.601],
[128.5841,49.5929],
[128.6201,49.5904],
[128.6584,49.57],
[128.7174,49.5623],
[128.7304,49.591],
[128.7528,49.5934],
[128.7884,49.5812],
[128.803,49.5649],
[128.7945,49.5426],
[128.7472,49.5131],
[128.739,49.4964],
[128.7432,49.4831],
[128.757,49.4758],
[128.7933,49.4718],
[128.8603,49.4896],
[128.8936,49.481],
[128.9289,49.4611],
[128.9837,49.4569],
[129.006,49.4451],
[129.0399,49.4079],
[129.0505,49.3746],
[129.0734,49.3536],
[129.1262,49.3505],
[129.1746,49.3885],
[129.226,49.3995],
[129.2611,49.3918],
[129.3088,49.357],
[129.3521,49.3517],
[129.3672,49.3566],
[129.3779,49.3757],
[129.3656,49.3892],
[129.3688,49.4182],
[129.393,49.4346],
[129.4303,49.4416],
[129.5007,49.4247],
[129.5366,49.398],
[129.5454,49.3537],
[129.5477,49.3232],
[129.5593,49.2895],
[129.5772,49.2781],
[129.6,49.2758],
[129.6906,49.2963],
[129.7105,49.2911],
[129.7444,49.2644],
[129.7442,49.2506],
[129.7513,49.2041],
[129.776,49.1798],
[129.8424,49.1771],
[129.8529,49.1705],
[129.86,49.151],
[129.8483,49.133],
[129.849,49.1151],
[129.8584,49.1083],
[129.8991,49.106],
[129.9223,49.0943],
[129.9277,49.0735],
[129.9092,49.0581],
[129.9138,49.0425],
[129.9278,49.0327],
[129.9979,49.02],
[130.0197,49.0093],
[130.0506,48.9721],
[130.1643,48.9174],
[130.2243,48.8652],
[130.2419,48.8604],
[130.2939,48.869],
[130.3596,48.8917],
[130.4211,48.9039],
[130.4647,48.9003],
[130.4843,48.8685],
[130.5186,48.8534],
[130.5594,48.8583],
[130.63,48.8819],
[130.6693,48.8771],
[130.6821,48.8653],
[130.6812,48.8524],
[130.6157,48.7884],
[130.589,48.7385],
[130.5256,48.6336],
[130.5228,48.6121],
[130.5852,48.5953],
[130.5994,48.585],
[130.6074,48.5659],
[130.6084,48.5019],
[130.6256,48.4885],
[130.6601,48.4903],
[130.7171,48.5124],
[130.7347,48.5124],
[130.7626,48.4882],
[130.7599,48.476],
[130.7338,48.4489],
[130.7321,48.4303],
[130.7663,48.3585],
[130.7768,48.3518],
[130.8109,48.3428],
[130.8356,48.3017],
[130.797,48.2585],
[130.7649,48.2474],
[130.7496,48.2143],
[130.7468,48.1812],
[130.6673,48.1317],
[130.6537,48.1077],
[130.6562,48.0953],
[130.676,48.0814],
[130.6817,48.0472],
[130.7238,48.0321],
[130.741,48.0056],
[130.864,47.9362],
[130.8805,47.9178],
[130.9498,47.8255],
[130.9575,47.7203],
[130.9937,47.6962],
[131.0895,47.6832],
[131.1751,47.6953],
[131.2073,47.7203],
[131.2546,47.7348],
[131.3075,47.7292],
[131.366,47.7267],
[131.4248,47.7434],
[131.5214,47.7365],
[131.5475,47.7266],
[131.5541,47.714],
[131.5522,47.6825],
[131.5823,47.6586],
[131.622,47.6569],
[131.6451,47.6683],
[131.6767,47.7014],
[131.7101,47.7085],
[131.736,47.7033],
[131.7648,47.682],
[131.8122,47.6672],
[131.8669,47.6734],
[131.9099,47.6889],
[131.9266,47.6659],
[131.9427,47.6614],
[131.9828,47.6698],
[131.9892,47.7008],
[131.9995,47.7112],
[132.0157,47.7145],
[132.0454,47.6999],
[132.1106,47.7037],
[132.1554,47.703],
[132.2067,47.7147],
[132.2528,47.7081],
[132.2776,47.7201],
[132.2829,47.742],
[132.2929,47.7507],
[132.3436,47.7578],
[132.3844,47.7507],
[132.428,47.7302],
[132.4606,47.7302],
[132.4848,47.7158],
[132.5095,47.7174],
[132.5487,47.7143],
[132.6037,47.7421],
[132.5901,47.7716],
[132.5987,47.8103],
[132.6805,47.8721],
[132.6823,47.8854],
[132.6521,47.9356],
[132.6662,47.9559],
[132.7192,47.9619],
[132.7805,47.9251],
[132.8158,47.935],
[132.8631,47.9917],
[133.0078,48.0405],
[133.03,48.0821],
[133.049,48.1025],
[133.0653,48.1072],
[133.1818,48.1087],
[133.266,48.0928],
[133.3098,48.0981],
[133.3915,48.1236],
[133.4645,48.1091],
[133.5566,48.1303],
[133.5655,48.1374],
[133.5802,48.1886],
[133.5934,48.1983],
[133.6136,48.1999],
[133.6776,48.1822],
[133.7032,48.1843],
[133.7167,48.1915],
[133.7464,48.2568],
[133.7978,48.26],
[133.8338,48.2757],
[133.9496,48.3043],
[133.9941,48.3022],
[134.0074,48.3088],
[134.0144,48.3312],
[134.034,48.3451],
[134.1232,48.3319],
[134.14,48.3382],
[134.1883,48.3837],
[134.2703,48.379],
[134.3976,48.3863],
[134.4845,48.3491],
[134.5397,48.3518],
[134.5669,48.3718],
[134.5807,48.363],
[134.584,48.3359],
[134.6305,48.2975],
[134.723,48.2746],
[134.6761,48.2573],
[134.667,48.2355],
[134.6751,48.1851],
[134.6662,48.175],
[134.6691,48.1551],
[134.6396,48.1288],
[134.6277,48.0968],
[134.5763,48.0621],
[134.5669,48.0412],
[134.5447,48.0324],
[134.552,48.0075],
[134.5439,47.985],
[134.5815,47.9548],
[134.6015,47.932],
[134.6013,47.9036],
[134.6475,47.8995],
[134.6698,47.8817],
[134.6609,47.8581],
[134.6671,47.8443],
[134.6626,47.8261],
[134.6936,47.8074],
[134.7661,47.7578],
[134.7752,47.74],
[134.7704,47.7151],
[134.7436,47.6837],
[134.6763,47.6295],
[134.6804,47.5981],
[134.6716,47.5869],
[134.6436,47.5713],
[134.6119,47.5363],
[134.5725,47.5185],
[134.5631,47.4784],
[134.5147,47.4649],
[134.4862,47.443],
[134.4501,47.4465],
[134.397,47.4345],
[134.3451,47.441],
[134.3076,47.4305],
[134.2609,47.3953],
[134.2538,47.3642],
[134.1944,47.3422],
[134.1693,47.3184],
[134.1501,47.253],
[134.1658,47.2325],
[134.2082,47.2035],
[134.2237,47.1662],
[134.2178,47.1077],
[134.1931,47.0974],
[134.1398,47.0925],
[134.1134,47.0617],
[134.1141,47.0425],
[134.0966,47.0088],
[134.0557,46.9751],
[134.0674,46.9556],
[134.0681,46.9329],
[134.0355,46.8855],
[134.0348,46.8449],
[134.0142,46.8237],
[134.0162,46.8108],
[134.0468,46.7742],
[134.0265,46.7546],
[134.0162,46.724],
[134.0238,46.6963],
[134.0099,46.649],
[134.0024,46.634],
[133.9131,46.5962],
[133.8865,46.5263],
[133.8639,46.5064],
[133.8415,46.4723],
[133.8434,46.4495],
[133.8543,46.4435],
[133.8908,46.4468],
[133.9274,46.4195],
[133.9415,46.3927],
[133.9374,46.3795],
[133.8652,46.3542],
[133.8627,46.3368],
[133.8928,46.3251],
[133.9168,46.331],
[133.8996,46.3012],
[133.9107,46.2635],
[133.8536,46.2486],
[133.8723,46.2305],
[133.8564,46.2244],
[133.8465,46.2031],
[133.8314,46.2006],
[133.8255,46.207],
[133.823,46.2236],
[133.8066,46.2292],
[133.778,46.184],
[133.7427,46.166],
[133.688,46.1556],
[133.6818,46.1377],
[133.7052,46.0995],
[133.735,46.0772],
[133.7356,46.0541],
[133.6756,45.9884],
[133.6737,45.9715],
[133.6767,45.961],
[133.6667,45.9397],
[133.6246,45.9443],
[133.5977,45.9327],
[133.612,45.9048],
[133.5884,45.8891],
[133.5911,45.8728],
[133.5847,45.8672],
[133.5595,45.876],
[133.5405,45.8957],
[133.5049,45.8887],
[133.505,45.8657],
[133.4867,45.8661],
[133.4782,45.8556],
[133.4897,45.8371],
[133.4617,45.8357],
[133.4627,45.8236],
[133.4649,45.7926],
[133.4889,45.7913],
[133.4977,45.7781],
[133.4912,45.7725],
[133.4758,45.7805],
[133.4624,45.7773],
[133.4651,45.7656],
[133.4573,45.7557],
[133.4799,45.7382],
[133.4474,45.7304],
[133.4209,45.6943],
[133.4293,45.6915],
[133.4397,45.7043],
[133.4539,45.6909],
[133.4744,45.6912],
[133.4828,45.6614],
[133.4401,45.6487],
[133.4403,45.6408],
[133.4665,45.6269],
[133.4663,45.6164],
[133.4311,45.6281],
[133.4214,45.6102],
[133.4046,45.6171],
[133.4104,45.6056],
[133.4037,45.5962],
[133.4153,45.5829],
[133.4157,45.5816],
[133.4052,45.569],
[133.3899,45.5698],
[133.3862,45.5779],
[133.3727,45.5701],
[133.3644,45.5755],
[133.3669,45.5675],
[133.3422,45.5662],
[133.3481,45.5617],
[133.3325,45.5508],
[133.3238,45.5595],
[133.318,45.5484],
[133.2846,45.5419],
[133.2854,45.5339],
[133.2729,45.5374],
[133.2739,45.5264],
[133.265,45.5316],
[133.2464,45.5162],
[133.2284,45.5214],
[133.2244,45.5108],
[133.1936,45.5143],
[133.2043,45.5056],
[133.184,45.4989],
[133.1894,45.493],
[133.178,45.4899],
[133.1858,45.4796],
[133.1615,45.4647],
[133.1727,45.4619],
[133.1599,45.4603],
[133.1691,45.4585],
[133.1614,45.4547],
[133.1656,45.4476],
[133.1527,45.4459],
[133.1643,45.4417],
[133.1406,45.4352],
[133.152,45.4272],
[133.1339,45.4273],
[133.1333,45.4134],
[133.1403,45.4058],
[133.1306,45.401],
[133.1425,45.3956],
[133.1392,45.3822],
[133.1311,45.38],
[133.1414,45.3755],
[133.1335,45.3635],
[133.1255,45.3717],
[133.1265,45.3605],
[133.112,45.3516],
[133.1239,45.3345],
[133.0989,45.3194],
[133.108,45.3174],
[133.0989,45.3107],
[133.1137,45.3094],
[133.0973,45.3032],
[133.1077,45.2989],
[133.0973,45.2922],
[133.0898,45.2889],
[133.0999,45.286],
[133.0886,45.2799],
[133.1031,45.2774],
[133.0897,45.2702],
[133.1021,45.2727],
[133.1051,45.2648],
[133.0901,45.2646],
[133.0894,45.2468],
[133.1021,45.2517],
[133.0994,45.243],
[133.0869,45.2439],
[133.1028,45.2399],
[133.0959,45.236],
[133.1056,45.2355],
[133.1005,45.2292],
[133.1072,45.2325],
[133.1073,45.2229],
[133.1189,45.2198],
[133.1124,45.212],
[133.1223,45.2094],
[133.1174,45.1956],
[133.1254,45.1985],
[133.1237,45.1912],
[133.1307,45.19],
[133.1252,45.1871],
[133.131,45.1746],
[133.1201,45.1712],
[133.1278,45.1725],
[133.1216,45.1599],
[133.1316,45.1583],
[133.1217,45.1522],
[133.1336,45.1491],
[133.1191,45.1345],
[133.1287,45.1422],
[133.1331,45.1381],
[133.1272,45.1375],
[133.1325,45.1253],
[133.1007,45.1233],
[133.1002,45.1121],
[133.0924,45.1129],
[133.0953,45.1024],
[133.0585,45.0888],
[133.0627,45.0836],
[133.0324,45.0681],
[133.0389,45.0676],
[133.0313,45.059],
[133.0375,45.0564],
[133.0035,45.0454],
[133.0046,45.0404],
[132.9815,45.0407],
[132.9846,45.0353],
[132.9729,45.0332],
[132.9837,45.0331],
[132.9805,45.0291],
[132.9684,45.0282],
[132.9728,45.0207],
[132.9636,45.0215],
[132.9619,45.0293],
[132.948,45.0216],
[132.9522,45.0152],
[132.9389,45.0194],
[132.9455,45.0229],
[132.9348,45.0247],
[132.9374,45.0309],
[132.909,45.0296],
[132.9108,45.0359],
[132.8838,45.0406],
[132.8632,45.0612],
[132.8541,45.0583],
[132.0034,45.252],
[131.9881,45.257],
[131.981,45.2702],
[131.9273,45.2803],
[131.9092,45.3372],
[131.868,45.3361],
[131.8226,45.3095],
[131.8267,45.2916],
[131.8066,45.2777],
[131.7776,45.2346],
[131.7861,45.2096],
[131.7518,45.2117],
[131.7141,45.2323],
[131.6947,45.2146],
[131.6761,45.214],
[131.6429,45.1572],
[131.6602,45.1481],
[131.6802,45.149],
[131.68,45.1354],
[131.6875,45.1299],
[131.68,45.116],
[131.6283,45.0852],
[131.6247,45.0725],
[131.5582,45.0433],
[131.5567,45.0333],
[131.5353,45.0172],
[131.4765,44.9937],
[131.4934,44.9758],
[131.4751,44.9637],
[131.4276,44.965],
[131.4212,44.9775],
[131.401,44.9835],
[131.3721,44.9755],
[131.3492,44.9878],
[131.3259,44.9683],
[131.3052,44.9635],
[131.3054,44.9476],
[131.286,44.9266],
[131.2657,44.9213],
[131.2508,44.9284],
[131.2395,44.9188],
[131.2106,44.9148],
[131.1979,44.9163],
[131.1918,44.9332],
[131.1789,44.9386],
[131.1648,44.9331],
[131.1428,44.945],
[131.1203,44.9302],
[131.0998,44.9356],
[131.0818,44.9222],
[131.0944,44.8943],
[131.0757,44.8888],
[131.0713,44.8793],
[131.0387,44.8689],
[131.0218,44.8781],
[131.0182,44.8693],
[130.9786,44.8662],
[130.9592,44.8525],
[130.9584,44.8267],
[130.9649,44.8187],
[130.9851,44.8231],
[131.0084,44.8115],
[131.0162,44.7946],
[131.009,44.7853],
[131.017,44.7801],
[131.0575,44.7836],
[131.0622,44.7567],
[131.0853,44.7427],
[131.083,44.715],
[131.0946,44.7029],
[131.1045,44.7075],
[131.1437,44.5771],
[131.1573,44.532],
[131.1712,44.4842],
[131.2073,44.3647],
[131.2275,44.2976],
[131.2418,44.2498],
[131.3032,44.0439],
[131.2896,44.0428],
[131.2716,44.03],
[131.2557,44.0305],
[131.243,44.0105],
[131.2505,43.991],
[131.236,43.9847],
[131.243,43.9759],
[131.2344,43.9667],
[131.2387,43.953],
[131.2582,43.9411],
[131.2487,43.8924],
[131.2334,43.8837],
[131.2282,43.8691],
[131.2256,43.8494],
[131.204,43.8232],
[131.214,43.8219],
[131.2171,43.8039],
[131.206,43.7984],
[131.2127,43.7897],
[131.2039,43.7811],
[131.2185,43.7662],
[131.2088,43.7594],
[131.2231,43.76],
[131.2152,43.7547],
[131.2242,43.739],
[131.2084,43.7277],
[131.2202,43.7141],
[131.2097,43.7109],
[131.217,43.7045],
[131.2095,43.6972],
[131.2116,43.6821],
[131.2276,43.6737],
[131.2334,43.6604],
[131.2249,43.6609],
[131.2268,43.6338],
[131.2134,43.63],
[131.2083,43.6087],
[131.2392,43.6002],
[131.2301,43.5946],
[131.2292,43.582],
[131.2121,43.5907],
[131.2136,43.5797],
[131.1967,43.5803],
[131.205,43.5611],
[131.1862,43.5594],
[131.1998,43.55],
[131.193,43.5297],
[131.2623,43.494],
[131.2952,43.501],
[131.3116,43.4952],
[131.3057,43.4734],
[131.3021,43.4535],
[131.2873,43.4395],
[131.2947,43.4199],
[131.3076,43.4134],
[131.3112,43.3949],
[131.2729,43.3754],
[131.2577,43.3288],
[131.2621,43.2948],
[131.2502,43.2868],
[131.2479,43.2623],
[131.2025,43.238],
[131.1983,43.2192],
[131.1945,43.1994],
[131.2124,43.1883],
[131.2137,43.1793],
[131.2009,43.165],
[131.2104,43.1438],
[131.1949,43.1208],
[131.1654,43.1081],
[131.1551,43.0946],
[131.1636,43.0671],
[131.1493,43.0724],
[131.1135,43.0663],
[131.1176,43.0493],
[131.0956,43.0211],
[131.1107,43.0046],
[131.105,42.9898],
[131.1105,42.9683],
[131.1436,42.9653],
[131.1347,42.9509],
[131.1375,42.934],
[131.1205,42.9281],
[131.1081,42.9128],
[131.0651,42.9231],
[131.0546,42.9158],
[131.0299,42.9266],
[131.0121,42.9148],
[131.0374,42.8623],
[130.9743,42.8545],
[130.9421,42.8745],
[130.9051,42.8684],
[130.9006,42.8568],
[130.8857,42.8502],
[130.8677,42.8623],
[130.8524,42.8596],
[130.8367,42.8788],
[130.8054,42.8795],
[130.777,42.8643],
[130.7822,42.8597],
[130.7728,42.8363],
[130.7323,42.841],
[130.72,42.8282],
[130.7017,42.8439],
[130.6601,42.8454],
[130.5795,42.8087],
[130.5716,42.8163],
[130.5563,42.8132],
[130.5259,42.7849],
[130.4786,42.7727],
[130.4593,42.77],
[130.4568,42.7596],
[130.4405,42.7548],
[130.4199,42.7426],
[130.4216,42.728],
[130.395,42.7242],
[130.4187,42.7041],
[130.4477,42.7011],
[130.4592,42.6852],
[130.5214,42.7014],
[130.5615,42.6862],
[130.5847,42.6699],
[130.5961,42.6401],
[130.6155,42.629],
[130.6256,42.5882],
[130.6033,42.5549],
[130.5635,42.5551],
[130.5629,42.5185],
[130.553,42.5197],
[130.5594,42.5034],
[130.5931,42.4838],
[130.5959,42.4688],
[130.5926,42.4459],
[130.6258,42.4327],
[130.637,42.4183],
[130.6723,42.373],
[130.6465,42.3497],
[130.6504,42.3302],
[130.6967,42.2933],
[130.7391,42.2607],
[130.7422,42.2583],
[130.7633,42.2681],
[130.798,42.317],
[130.824,42.3656],
[130.8353,42.4095],
[130.8511,42.4226],
[130.8817,42.4088],
[130.9297,42.4059],
[130.9721,42.42],
[130.9981,42.4416],
[131.0083,42.4718],
[131.0036,42.4923],
[130.9824,42.5154],
[130.9452,42.528],
[130.9415,42.5437],
[131.0263,42.5807],
[131.0478,42.5797],
[131.0714,42.5712],
[131.0893,42.5478],
[131.156,42.5095],
[131.2194,42.5027],
[131.2572,42.5135],
[131.2872,42.5376],
[131.3109,42.5798],
[131.3207,42.6255],
[131.3736,42.6165],
[131.4203,42.5926],
[131.4676,42.5877],
[131.4998,42.5956],
[131.524,42.6141],
[131.549,42.6675],
[131.5787,42.6854],
[131.5946,42.716],
[131.5906,42.7421],
[131.5743,42.7617],
[131.5202,42.7781],
[131.5279,42.7978],
[131.5834,42.7753],
[131.6388,42.7728],
[131.7309,42.8006],
[131.7521,42.8197],
[131.7612,42.841],
[131.8197,42.8296],
[131.8644,42.8405],
[131.8886,42.8652],
[131.8895,42.8972],
[131.9515,42.9194],
[131.997,42.9671],
[132.0351,43.0509],
[132.0964,43.0933],
[132.1203,43.1215],
[132.2033,43.1638],
[132.2504,43.1749],
[132.2534,43.143],
[132.2145,43.0777],
[132.2169,43.0572],
[132.2386,43.0251],
[132.237,43.0029],
[132.2172,42.962],
[132.2161,42.9201],
[132.2209,42.8598],
[132.2654,42.8074],
[132.2436,42.7835],
[132.2349,42.7554],
[132.2431,42.7297],
[132.2663,42.7077],
[132.318,42.6821],
[132.37,42.6803],
[132.4206,42.7041],
[132.4331,42.7273],
[132.4318,42.7478],
[132.4637,42.7419],
[132.4968,42.7475],
[132.5277,42.7652],
[132.546,42.7908],
[132.6054,42.7845],
[132.6602,42.8011],
[132.7124,42.7981],
[132.7307,42.7829],
[132.7305,42.7629],
[132.7444,42.7313],
[132.8051,42.6899],
[132.8379,42.6811],
[132.8791,42.6821],
[132.9279,42.7026],
[132.9989,42.6338],
[133.0576,42.6224],
[133.1855,42.6415],
[133.2401,42.6659],
[133.2768,42.7013],
[133.4531,42.7253],
[133.5508,42.7698],
[133.644,42.7924],
[133.6891,42.7593],
[133.7365,42.7536],
[133.7675,42.7637],
[133.8142,42.8052],
[133.8588,42.8243],
[133.9066,42.8187],
[133.9572,42.8248],
[134.0096,42.8543],
[134.0277,42.8877],
[134.0658,42.9137],
[134.17,42.9594],
[134.1908,42.9781],
[134.2397,42.9931],
[134.258,43.014],
[134.2615,43.0357],
[134.2871,43.0474],
[134.3407,43.0536],
[134.3925,43.0753],
[134.4927,43.1286],
[134.5262,43.1388],
[134.5961,43.1882],
[134.6488,43.2006],
[134.7174,43.2347],
[134.7402,43.2554],
[134.7863,43.2581],
[134.8238,43.2724],
[134.8443,43.2865],
[134.8998,43.3538],
[134.9607,43.3754],
[135.037,43.4208],
[135.1098,43.4475],
[135.1823,43.4625],
[135.2141,43.4916],
[135.2517,43.5869],
[135.2761,43.6002],
[135.2955,43.6263],
[135.3605,43.6633],
[135.3997,43.674],
[135.4376,43.7106],
[135.4868,43.7329],
[135.5095,43.767],
[135.5655,43.8217],
[135.5976,43.8938],
[135.5922,43.9349],
[135.6012,43.9671],
[135.6754,43.9945],
[135.7003,44.0131],
[135.7096,44.0328],
[135.7088,44.07],
[135.7351,44.1253],
[135.7329,44.1467],
[135.7707,44.2009],
[135.8215,44.2146],
[135.8488,44.2313],
[135.9344,44.3656],
[136.0712,44.4019],
[136.1742,44.4483],
[136.2288,44.4835],
[136.253,44.5081],
[136.266,44.5383],
[136.2909,44.5539],
[136.3055,44.5775],
[136.3082,44.603],
[136.2963,44.6281],
[136.3113,44.6521],
[136.3882,44.6848],
[136.4172,44.7239],
[136.4708,44.7226],
[136.5122,44.7429],
[136.5301,44.779],
[136.5267,44.8026],
[136.555,44.829],
[136.5663,44.8524],
[136.5942,44.8638],
[136.6207,44.8898],
[136.6489,44.9468],
[136.6947,44.9893],
[136.7391,45.0077],
[136.8233,45.0697],
[136.8402,45.096],
[136.8472,45.1409],
[136.8631,45.168],
[136.8936,45.1888],
[137.0027,45.2302],
[137.095,45.3082],
[137.1953,45.3416],
[137.2641,45.427],
[137.3109,45.4507],
[137.3582,45.4965],
[137.4147,45.5786],
[137.4795,45.6167],
[137.5635,45.6524],
[137.5958,45.6834],
[137.6212,45.6941],
[137.7258,45.7704],
[137.8382,45.9184],
[137.9814,46.0356],
[138.0591,46.1226],
[138.0823,46.135],
[138.1603,46.2052],
[138.1823,46.2446],
[138.1901,46.3228],
[138.2459,46.423],
[138.2916,46.459],
[138.3538,46.4833],
[138.401,46.516],
[138.4298,46.6],
[138.4127,46.6341],
[138.4473,46.7283],
[138.4702,46.748],
[138.4935,46.7891],
[138.5335,46.8193],
[138.5633,46.8579],
[138.5726,46.9105],
[138.6004,46.9688],
[138.6528,47.0392],
[138.7755,47.1149],
[138.9086,47.2493],
[138.9301,47.2606],
[139.0047,47.2654],
[139.0449,47.2806],
[139.0643,47.3033],
[139.0736,47.3424],
[139.1126,47.372],
[139.1338,47.3996],
[139.1386,47.4788],
[139.1722,47.511],
[139.2075,47.5731],
[139.2754,47.641],
[139.2836,47.6852],
[139.3391,47.7816],
[139.4296,47.8547],
[139.4588,47.8879],
[139.5886,47.9339],
[139.6158,47.9711],
[139.7145,48.0363],
[139.7889,48.1306],
[139.9599,48.2375],
[139.9936,48.2724],
[140.0552,48.2811],
[140.088,48.2947],
[140.1161,48.3198],
[140.1445,48.3652],
[140.2276,48.4092],
[140.247,48.4314],
[140.2612,48.4996],
[140.2564,48.5407],
[140.2763,48.5974],
[140.2569,48.6847],
[140.2802,48.7292],
[140.282,48.7567],
[140.3105,48.7977],
[140.3162,48.8209],
[140.3758,48.8521],
[140.4276,48.8921],
[140.4472,48.9394],
[140.4721,48.9685],
[140.4672,48.9985],
[140.4295,49.0321],
[140.4127,49.0629],
[140.4497,49.1514],
[140.4256,49.2149],
[140.497,49.277],
[140.5077,49.3141],
[140.4999,49.3361],
[140.5103,49.3562],
[140.5097,49.3957],
[140.5195,49.4189],
[140.5795,49.4653],
[140.5902,49.5091],
[140.6234,49.5661],
[140.62,49.611],
[140.5818,49.6946],
[140.6033,49.7355],
[140.6027,49.8049],
[140.5747,49.8321],
[140.5155,49.8434],
[140.5009,49.8591],
[140.5165,49.9019],
[140.5421,49.9271],
[140.5457,49.9642],
[140.6943,50.0105],
[140.7521,50.0627],
[140.7703,50.0948],
[140.7644,50.1193],
[140.7404,50.1396],
[140.7045,50.1517],
[140.6215,50.1595],
[140.5949,50.1676],
[140.5894,50.1785],
[140.5827,50.205],
[140.5899,50.2483],
[140.5804,50.2917],
[140.6067,50.3257],
[140.6095,50.3469],
[140.5835,50.3865],
[140.5545,50.4847],
[140.5077,50.5208],
[140.5016,50.5382],
[140.523,50.5684],
[140.5545,50.5908],
[140.5715,50.621],
[140.5679,50.642],
[140.5461,50.6689],
[140.5273,50.715],
[140.5666,50.7591],
[140.596,50.814],
[140.5965,50.8528],
[140.6152,50.8834],
[140.6812,50.9069],
[140.7162,50.9313],
[140.7338,50.9662],
[140.7285,50.9936],
[140.7617,51.0229],
[140.7683,51.0598],
[140.7585,51.1019],
[140.7419,51.1267],
[140.7536,51.1726],
[140.7441,51.2043],
[140.7818,51.2351],
[140.7771,51.2832],
[140.8401,51.2989],
[140.919,51.3351],
[140.9362,51.352],
[140.9484,51.3901],
[140.9663,51.4103],
[140.9691,51.431],
[140.9539,51.4635],
[140.9697,51.4827],
[140.981,51.5238],
[140.9685,51.5908],
[141.039,51.6305],
[141.1177,51.6293],
[141.1773,51.6525],
[141.1971,51.674],
[141.2035,51.7114],
[141.2608,51.7738],
[141.2586,51.8067],
[141.3742,51.865],
[141.4317,51.8749],
[141.4615,51.8924],
[141.4989,51.9349],
[141.5044,51.9789],
[141.4787,52.0107],
[141.4257,52.0272],
[141.4356,52.0803],
[141.4892,52.1105],
[141.5441,52.0963],
[141.5456,52.0652],
[141.5663,52.0344],
[141.591,51.9619],
[141.5872,51.9401],
[141.5625,51.9243],
[141.5459,51.8996],
[141.5479,51.8694],
[141.5895,51.8375],
[141.7099,51.7964],
[141.6616,51.8013],
[141.6113,51.7853],
[141.5866,51.7537],
[141.5931,51.7237],
[141.6354,51.6908],
[141.7336,51.6456],
[141.8591,51.5353],
[141.9941,51.4553],
[141.9881,51.4216],
[141.9993,51.3868],
[142.0549,51.3209],
[142.0924,51.2934],
[142.0833,51.2669],
[142.1,51.2207],
[142.1666,51.1401],
[142.1713,51.0611],
[142.1449,50.9958],
[142.1122,50.958],
[142.0497,50.9223],
[142.0305,50.8666],
[142.0061,50.8321],
[141.9995,50.7677],
[142.0045,50.729],
[141.975,50.6402],
[141.9633,50.5564],
[141.9718,50.4872],
[142.0164,50.406],
[142.0684,50.3513],
[142.0695,50.335],
[142.0498,50.3158],
[142.0444,50.2948],
[142.0728,50.2285],
[142.0863,50.1213],
[142.0847,50.063],
[142.0545,50.0283],
[142.0599,49.9999],
[142.0697,49.9893],
[142.0489,49.9528],
[142.0613,49.9051],
[142.0568,49.8723],
[142.084,49.7949],
[142.0724,49.7412],
[142.0767,49.6586],
[142.0623,49.598],
[142.0672,49.5648],
[142.0589,49.4998],
[142.0481,49.4678],
[142.0241,49.4394],
[141.9939,49.3394],
[141.9864,49.2811],
[142.0033,49.224],
[141.9856,49.1908],
[141.9523,49.1563],
[141.9462,49.1268],
[141.9563,49.0847],
[141.927,49.019],
[141.9185,48.9628],
[141.8846,48.9272],
[141.8897,48.8878],
[141.8338,48.8624],
[141.8084,48.8417],
[141.7772,48.8023],
[141.7684,48.7607],
[141.7913,48.6713],
[141.8319,48.6097],
[141.8439,48.5762],
[142.0169,48.3873],
[142.0695,48.3047],
[142.0715,48.2401],
[142.0886,48.2011],
[142.085,48.1338],
[142.097,48.0337],
[142.1201,47.978],
[142.0979,47.9481],
[142.0194,47.8839],
[142.0053,47.8573],
[141.9992,47.8223],
[141.9332,47.7242],
[141.9234,47.6878],
[141.8814,47.6274],
[141.8861,47.5967],
[141.8771,47.5253],
[141.8879,47.4795],
[141.8877,47.4386],
[141.9147,47.364],
[141.8906,47.3198],
[141.8877,47.285],
[141.8977,47.2649],
[141.9677,47.1931],
[141.9771,47.1542],
[141.9771,47.0886],
[141.953,47.0435],
[141.9502,47.0092],
[141.92,46.9377],
[141.8446,46.824],
[141.7846,46.7152],
[141.7691,46.6487],
[141.7383,46.6223],
[141.7301,46.5963],
[141.7341,46.5187],
[141.7531,46.4454],
[141.8105,46.3001],
[141.8119,46.2633],
[141.8519,46.095],
[141.8524,46.0795],
[141.8364,46.0527],
[141.8398,46.026],
[141.9068,45.972],
[141.9708,45.8924],
[142.0238,45.8541],
[142.0576,45.8411],
[142.1026,45.8419],
[142.1299,45.8525],
[142.152,45.8736],
[142.1663,45.9093],
[142.1649,45.9567],
[142.2251,45.9785],
[142.2546,46.0113],
[142.2686,46.0631],
[142.3115,46.1537],
[142.3261,46.2639],
[142.3689,46.3536],
[142.4257,46.4359],
[142.514,46.6144],
[142.5359,46.6369],
[142.5903,46.663],
[142.6645,46.6751],
[142.6735,46.6355],
[142.6953,46.592],
[142.7201,46.5686],
[142.7568,46.5536],
[142.8271,46.5532],
[142.8988,46.5705],
[142.9512,46.5543],
[143.0753,46.5412],
[143.1469,46.5475],
[143.1967,46.519],
[143.2612,46.452],
[143.2523,46.4223],
[143.2598,46.3829],
[143.3135,46.2808],
[143.3429,46.2039],
[143.329,46.1685],
[143.3299,46.1331],
[143.3139,46.0849],
[143.3399,45.9964],
[143.3847,45.9673],
[143.444,45.9684],
[143.483,45.9934],
[143.5459,46.1012],
[143.5374,46.1751],
[143.5649,46.1958],
[143.5904,46.2475],
[143.6258,46.2748],
[143.6409,46.3163],
[143.6777,46.3388],
[143.6955,46.3731],
[143.6906,46.4046],
[143.645,46.4361],
[143.6153,46.504],
[143.6052,46.5757],
[143.5912,46.6023],
[143.5964,46.63],
[143.5773,46.6761],
[143.587,46.7184],
[143.5672,46.7656],
[143.5563,46.8214],
[143.5399,46.8504],
[143.5049,46.8832],
[143.4658,46.9006],
[143.434,46.9046],
[143.3707,46.8879],
[143.3517,46.871],
[143.3436,46.849],
[143.3348,46.8492],
[143.2599,46.8732],
[143.2082,46.9164],
[143.1742,46.9329],
[143.1679,46.9768],
[143.1017,47.0885],
[143.1166,47.1303],
[143.0862,47.271],
[143.0321,47.3342],
[143.0099,47.3759],
[142.9852,47.398],
[142.8917,47.4528],
[142.8138,47.482],
[142.7375,47.5456],
[142.6561,47.6583],
[142.6152,47.7727],
[142.602,47.7915],
[142.5983,47.8297],
[142.6061,47.8695],
[142.5944,47.897],
[142.6078,47.9431],
[142.6065,47.9866],
[142.6282,48.0176],
[142.6355,48.095],
[142.6854,48.1967],
[142.7012,48.2608],
[142.7316,48.303],
[142.7814,48.4034],
[142.8123,48.5156],
[142.8646,48.6191],
[142.9149,48.7027],
[143.0375,48.859],
[143.0602,48.905],
[143.0585,48.9855],
[143.0296,49.0214],
[143.0233,49.049],
[143.0491,49.0989],
[143.1212,49.1567],
[143.1763,49.1891],
[143.3802,49.252],
[143.4461,49.2616],
[143.5866,49.2672],
[143.778,49.254],
[144.0467,49.1985],
[144.0804,49.1819],
[144.1747,49.1047],
[144.2161,49.0542],
[144.2826,49.0024],
[144.3758,48.9567],
[144.4773,48.8801],
[144.5153,48.8272],
[144.5799,48.7641],
[144.5771,48.7031],
[144.5977,48.6674],
[144.5934,48.6336],
[144.6113,48.611],
[144.6578,48.5939],
[144.7083,48.5974],
[144.7583,48.5905],
[144.8005,48.6027],
[144.8254,48.6282],
[144.8209,48.6691],
[144.7795,48.6968],
[144.7517,48.7342],
[144.7776,48.7596],
[144.7836,48.7799],
[144.7565,48.831],
[144.7648,48.8638],
[144.7586,48.8839],
[144.7128,48.9265],
[144.4762,49.0546],
[144.4654,49.0882],
[144.4304,49.1348],
[144.3963,49.2075],
[144.3671,49.2475],
[144.3191,49.3665],
[144.3197,49.3971],
[144.3005,49.434],
[144.3001,49.4695],
[144.3113,49.5044],
[144.3036,49.5305],
[144.2039,49.6412],
[144.1951,49.6786],
[144.1969,49.7577],
[144.0894,49.9359],
[144.0682,49.9824],
[144.0689,50],
[144.0667,50.0429],
[143.9775,50.1571],
[143.8825,50.3113],
[143.8027,50.5006],
[143.7722,50.6325],
[143.7777,50.6773],
[143.7531,50.7471],
[143.7529,50.8094],
[143.7108,50.9039],
[143.6691,51.0605],
[143.6099,51.2312],
[143.5629,51.3228],
[143.5146,51.5213],
[143.4315,51.7],
[143.3942,51.756],
[143.3748,51.7721],
[143.2997,51.9043],
[143.2398,52.035],
[143.2225,52.1551],
[143.2389,52.2659],
[143.2706,52.3252],
[143.3455,52.4052],
[143.3732,52.4691],
[143.4028,52.5804],
[143.4038,52.7279],
[143.417,52.8335],
[143.4041,52.9171],
[143.3633,53.0747],
[143.3612,53.1176],
[143.3234,53.2501],
[143.2725,53.3559],
[143.0894,53.6667],
[143.0572,53.6979],
[143.0117,53.771],
[142.9795,53.8511],
[142.9739,53.9429],
[142.9868,53.9681],
[143.0545,54.009],
[143.0734,54.0362],
[143.0856,54.08],
[143.0726,54.1319],
[143.0288,54.1862],
[142.8844,54.3148],
[142.8694,54.3507],
[142.8225,54.4029],
[142.8137,54.4347],
[142.7821,54.4599],
[142.7143,54.4796],
[142.6374,54.4681],
[142.5767,54.4273],
[142.5695,54.3941],
[142.5772,54.3736],
[142.4763,54.3411],
[142.3961,54.333],
[142.3126,54.3597],
[142.2561,54.3645],
[142.199,54.3504],
[142.1687,54.3206],
[142.1688,54.3002],
[142.1883,54.2721],
[142.2617,54.2329],
[142.307,54.1968],
[142.3322,54.1363],
[142.3634,54.1033],
[142.4158,54.072],
[142.5197,53.9847],
[142.6059,53.9242],
[142.5932,53.8575],
[142.4977,53.7288],
[142.4496,53.7147],
[142.4118,53.693],
[142.3955,53.6748],
[142.3933,53.6488],
[142.263,53.6171],
[142.2163,53.5881],
[142.1244,53.5707],
[141.8888,53.4987],
[141.8065,53.4766],
[141.6927,53.4608],
[141.646,53.4434],
[141.6092,53.4109],
[141.6073,53.3852],
[141.6224,53.3627],
[141.6555,53.3396],
[141.689,53.3295],
[141.7018,53.3108],
[141.6981,53.2855],
[141.7066,53.2441],
[141.7405,53.189],
[141.7499,53.1445],
[141.772,53.1102],
[141.8232,53.0568],
[141.8314,53.0256],
[141.8031,52.9837],
[141.7984,52.9392],
[141.7709,52.8947],
[141.7613,52.7848],
[141.7286,52.7194],
[141.7389,52.6892],
[141.7259,52.6629],
[141.7349,52.6344],
[141.7202,52.6028],
[141.7356,52.5656],
[141.6838,52.4859],
[141.6347,52.4496],
[141.5984,52.436],
[141.5691,52.4109],
[141.5361,52.3271],
[141.5399,52.306],
[141.5551,52.2875],
[141.491,52.2913],
[141.4369,52.2737],
[141.384,52.3226],
[141.3234,52.3449],
[141.3019,52.3652],
[141.3049,52.4033],
[141.3393,52.3884],
[141.3801,52.3824],
[141.4208,52.3885],
[141.4538,52.4065],
[141.477,52.44],
[141.472,52.5125],
[141.4342,52.5547],
[141.3473,52.5792],
[141.3472,52.6186],
[141.3703,52.6552],
[141.3707,52.6763],
[141.3381,52.7087],
[141.3318,52.7438],
[141.3176,52.768],
[141.2677,52.8039],
[141.3217,52.8448],
[141.3286,52.8647],
[141.3224,52.8854],
[141.2968,52.9091],
[141.2681,52.921],
[141.1784,52.9221],
[141.2164,52.9516],
[141.2629,52.9695],
[141.3341,53.0248],
[141.3843,53.0277],
[141.4282,53.0477],
[141.4507,53.0698],
[141.4524,53.0977],
[141.5132,53.1269],
[141.531,53.1676],
[141.5019,53.206],
[141.5132,53.224],
[141.5139,53.2481],
[141.5433,53.2618],
[141.5647,53.2845],
[141.5686,53.3045],
[141.5591,53.3245],
[141.4838,53.3781],
[141.4041,53.4031],
[141.3517,53.4361],
[141.2246,53.4875],
[140.8995,53.5742],
[140.6178,53.6804],
[140.6059,53.6906],
[140.6074,53.7224],
[140.584,53.749],
[140.4035,53.821],
[140.3667,53.852],
[140.3478,53.882],
[140.4047,53.9154],
[140.4225,53.9485],
[140.4195,53.9689],
[140.4035,53.9871],
[140.3048,54.0224],
[140.2873,54.067],
[140.2488,54.0959],
[139.9978,54.1778],
[139.9747,54.1921],
[139.9674,54.216],
[139.9484,54.2331],
[139.8724,54.2512],
[139.8675,54.3106],
[139.8888,54.3283],
[139.8955,54.3524],
[139.8812,54.3769],
[139.8415,54.4006],
[139.7776,54.4101],
[139.7158,54.4028],
[139.6889,54.3898],
[139.6693,54.3695],
[139.6655,54.336],
[139.5975,54.3093],
[139.5739,54.2914],
[139.4665,54.2699],
[139.4092,54.2478],
[139.2785,54.2292],
[139.1883,54.2367],
[139.053,54.2622],
[138.7533,54.3584],
[138.7174,54.3606],
[138.6639,54.3508],
[138.6017,54.3259],
[138.573,54.2932],
[138.5731,54.2728],
[138.5909,54.2481],
[138.6415,54.2235],
[138.6357,54.1952],
[138.6448,54.1662],
[138.5791,54.0829],
[138.5733,54.0596],
[138.578,54.0435],
[138.5051,54.0311],
[138.4235,53.9882],
[138.3414,53.9609],
[138.3063,53.941],
[138.2806,53.9149],
[138.2739,53.8786],
[138.2503,53.8468],
[138.2459,53.7913],
[138.2212,53.7694],
[138.1592,53.7434],
[138.1177,53.7142],
[137.9543,53.6654],
[137.8869,53.6263],
[137.6814,53.6077],
[137.3391,53.593],
[137.39,53.6185],
[137.4473,53.623],
[137.5104,53.6143],
[137.5642,53.6293],
[137.5838,53.6464],
[137.5906,53.6685],
[137.6401,53.7139],
[137.6518,53.7399],
[137.6777,53.7603],
[137.6883,53.8041],
[137.7666,53.8394],
[137.8607,53.8657],
[137.8914,53.8885],
[137.9404,53.9599],
[137.9286,53.9959],
[137.8844,54.0202],
[137.8323,54.0235],
[137.7671,54.0053],
[137.6703,54.0179],
[137.6084,54.015],
[137.5366,54.0557],
[137.5598,54.0811],
[137.5643,54.1005],
[137.6645,54.1661],
[137.707,54.2096],
[137.7947,54.263],
[137.816,54.2869],
[137.861,54.2955],
[137.8991,54.3173],
[137.9275,54.3564],
[137.9292,54.3834],
[137.9423,54.4022],
[138.0284,54.4099],
[138.0663,54.4269],
[138.0852,54.4494],
[138.0837,54.4791],
[138.0621,54.5008],
[138.0115,54.5159],
[137.9725,54.5409],
[137.91,54.55],
[137.7909,54.529],
[137.7548,54.5022],
[137.7367,54.4608],
[137.7458,54.4847],
[137.7435,54.5085],
[137.7143,54.5605],
[137.7775,54.5783],
[137.7971,54.595],
[137.8144,54.625],
[137.8399,54.6406],
[137.9077,54.6696],
[137.9491,54.7064],
[138.0039,54.7165],
[138.0782,54.7609],
[138.0967,54.7854],
[138.1019,54.816],
[138.0781,54.8764],
[138.0824,54.8935],
[138.1207,54.9102],
[138.1473,54.9431],
[138.2326,54.9526],
[138.2663,54.9704],
[138.3008,55],
[137.3086,55],
[137.3043,54.9943],
[137.202,54.9184],
[137.1837,54.8755],
[137.1736,54.8171],
[137.1475,54.7692],
[137.1544,54.7375],
[137.1246,54.7253],
[137.1042,54.7071],
[137.0945,54.6878],
[137.0984,54.6677],
[137.0205,54.656],
[136.9871,54.6363],
[136.9738,54.6177],
[136.9783,54.5854],
[137.0099,54.5574],
[137.0689,54.5431],
[137.1264,54.5515],
[137.1511,54.5658],
[137.1793,54.5962],
[137.1862,54.6153],
[137.1823,54.6312],
[137.2351,54.6397],
[137.2856,54.669],
[137.2963,54.6925],
[137.2862,54.7171],
[137.3492,54.7345],
[137.4506,54.7937],
[137.4622,54.762],
[137.5328,54.699],
[137.5615,54.6492],
[137.5986,54.6114],
[137.5449,54.5932],
[137.4702,54.5264],
[137.4665,54.4706],
[137.4768,54.447],
[137.4582,54.4293],
[137.4517,54.4093],
[137.4642,54.3801],
[137.485,54.3628],
[137.4217,54.3634],
[137.3425,54.3451],
[137.306,54.3214],
[137.2325,54.299],
[137.1889,54.2681],
[137.1393,54.2527],
[137.1063,54.2228],
[137.0458,54.198],
[137.0081,54.1635],
[136.9986,54.1421],
[137.0044,54.1108],
[137.0266,54.0896],
[137.0372,54.0627],
[137.0661,54.044],
[137.0775,54.0119],
[137.115,53.9903],
[137.1643,53.9828],
[137.122,53.928],
[137.1114,53.8883],
[136.9511,53.9051],
[136.8456,53.8831],
[136.795,53.8629],
[136.7797,53.8948],
[136.7802,53.9155],
[136.7694,53.9397],
[136.785,53.9945],
[136.8462,54.0302],
[136.8652,54.0749],
[136.9019,54.1232],
[136.9057,54.1602],
[136.8829,54.2053],
[136.8964,54.2402],
[136.8899,54.2771],
[136.9031,54.2922],
[136.9069,54.3118],
[136.899,54.339],
[136.8681,54.3707],
[136.8965,54.3942],
[136.9133,54.4205],
[136.9064,54.4596],
[136.9159,54.4818],
[136.9101,54.5093],
[136.9519,54.5343],
[136.9683,54.5645],
[136.9592,54.5938],
[136.9122,54.6274],
[136.9111,54.6565],
[136.8894,54.6781],
[136.8434,54.6926],
[136.7637,54.6937],
[136.7316,54.7225],
[136.6734,54.7368],
[136.6069,54.7251],
[136.5452,54.674],
[136.4879,54.699],
[136.4254,54.6987],
[136.4056,54.7235],
[136.3785,54.7388],
[136.4201,54.7508],
[136.4424,54.7663],
[136.4538,54.7914],
[136.4482,54.816],
[136.3624,54.8694],
[136.297,54.878],
[136.2368,54.8594],
[136.2167,54.8265],
[136.2275,54.8025],
[136.2978,54.7476],
[136.2431,54.7479],
[136.2005,54.7314],
[136.1667,54.698],
[136.1668,54.6778],
[136.1767,54.6626],
[136.0674,54.6474],
[135.9698,54.6178],
[135.7898,54.6173],
[135.7748,54.6702],
[135.741,54.6947],
[135.6637,54.7178],
[135.5841,54.716],
[135.3315,54.7737],
[135.2964,54.7977],
[135.2697,54.8307],
[135.3061,54.8753],
[135.4336,54.9618],
[135.5144,54.9944],
[135.5208,55],
[73,55],
[73,37.2978]
]
],
[
[
[120.9053,38.9632],
[120.9067,38.9428],
[120.9358,38.9067],
[120.9662,38.8918],
[120.9596,38.8668],
[120.9693,38.8419],
[120.998,38.8218],
[121.0408,38.818],
[121.0433,38.7621],
[121.0751,38.707],
[121.0981,38.6892],
[121.156,38.6728],
[121.1907,38.6747],
[121.2387,38.6896],
[121.2852,38.7382],
[121.3292,38.7457],
[121.3628,38.7644],
[121.4274,38.7606],
[121.539,38.777],
[121.572,38.7501],
[121.6225,38.7479],
[121.6545,38.7659],
[121.6679,38.7951],
[121.69,38.8133],
[121.735,38.8273],
[121.7591,38.8491],
[121.7766,38.8299],
[121.8079,38.8151],
[121.8649,38.8192],
[121.8981,38.8518],
[121.9041,38.8728],
[121.8996,38.9003],
[121.9464,38.9212],
[121.9729,38.9134],
[122.0043,38.9157],
[122.0398,38.9378],
[122.0491,38.9724],
[122.0405,38.9917],
[122.0185,39.0093],
[122.0229,39.0138],
[122.064,39.008],
[122.1079,39.0228],
[122.1316,39.0473],
[122.1309,39.0841],
[122.1368,39.0898],
[122.1958,39.102],
[122.2423,39.1306],
[122.2745,39.1053],
[122.349,39.0955],
[122.4663,39.1257],
[122.4872,39.1449],
[122.494,39.17],
[122.5351,39.1669],
[122.5947,39.1483],
[122.6417,39.1657],
[122.6923,39.1551],
[122.752,39.1662],
[122.8098,39.1662],
[122.8438,39.1817],
[122.8629,39.2076],
[122.8668,39.2277],
[122.8576,39.2518],
[122.8361,39.2723],
[122.7862,39.2992],
[122.7432,39.306],
[122.6496,39.3389],
[122.6137,39.3384],
[122.5767,39.3545],
[122.6084,39.3777],
[122.6399,39.4352],
[122.6057,39.455],
[122.5943,39.4809],
[122.5391,39.5152],
[122.5271,39.5387],
[122.5109,39.5472],
[122.3698,39.5236],
[122.2311,39.5228],
[122.1759,39.5099],
[122.147,39.517],
[122.0966,39.5056],
[122.03,39.5324],
[121.9953,39.5088],
[121.9421,39.4993],
[121.9386,39.4752],
[121.9294,39.4646],
[121.8844,39.4646],
[121.8658,39.4574],
[121.8679,39.429],
[121.9077,39.4211],
[121.9077,39.4068],
[121.8727,39.3993],
[121.8267,39.376],
[121.7484,39.3757],
[121.7059,39.3555],
[121.6204,39.3338],
[121.5572,39.3409],
[121.5047,39.3261],
[121.4885,39.3303],
[121.4793,39.3428],
[121.4858,39.377],
[121.4618,39.42],
[121.4563,39.4563],
[121.4202,39.485],
[121.3356,39.4974],
[121.2966,39.4797],
[121.1609,39.4764],
[121.1787,39.4316],
[121.1894,39.3689],
[121.2253,39.3354],
[121.2554,39.3259],
[121.3448,39.3252],
[121.4378,39.287],
[121.5142,39.272],
[121.5128,39.254],
[121.4391,39.2576],
[121.402,39.2474],
[121.379,39.2234],
[121.3771,39.1929],
[121.3969,39.1672],
[121.4498,39.1399],
[121.4816,39.135],
[121.5263,39.1437],
[121.5647,39.1212],
[121.527,39.1123],
[121.4521,39.0761],
[121.4012,39.1141],
[121.3409,39.1096],
[121.2937,39.0805],
[121.2194,39.0043],
[121.1263,39.0068],
[121.077,38.9918],
[121.0491,38.9702],
[121.0268,38.9969],
[120.992,39.0099],
[120.9492,39.0049],
[120.9176,38.9865],
[120.9053,38.9632]
]
],
[
[
[121.0816,39.1126],
[121.0854,39.0706],
[121.1064,39.0479],
[121.1288,39.0373],
[121.1811,39.0356],
[121.2648,39.0628],
[121.291,39.0847],
[121.2972,39.115],
[121.2811,39.1421],
[121.246,39.1604],
[121.1806,39.1645],
[121.1243,39.1493],
[121.0973,39.1354],
[121.0816,39.1126]
]
],
[
[
[121.5761,38.5542],
[121.605,38.5267],
[121.6488,38.5198],
[121.689,38.5364],
[121.7026,38.554],
[121.7059,38.5792],
[121.6973,38.5985],
[121.6745,38.6166],
[121.6436,38.6243],
[121.6168,38.6213],
[121.5898,38.6073],
[121.5762,38.5897],
[121.5761,38.5542]
]
],
[
[
[122.1007,38.6559],
[122.1296,38.6284],
[122.1734,38.6216],
[122.2136,38.6381],
[122.2272,38.6556],
[122.2306,38.6808],
[122.2219,38.7002],
[122.1992,38.7182],
[122.1683,38.7259],
[122.1414,38.7229],
[122.1144,38.7089],
[122.1008,38.6914],
[122.1007,38.6559]
]
],
[
[
[122.6303,39.0463],
[122.6365,39.0216],
[122.6592,38.9927],
[122.6969,38.9696],
[122.681,38.9504],
[122.677,38.9302],
[122.6839,38.9083],
[122.6994,38.8919],
[122.7351,38.8787],
[122.7789,38.8854],
[122.8051,38.9074],
[122.8112,38.9379],
[122.7948,38.9669],
[122.8226,38.9874],
[122.9023,39.0111],
[122.9342,39.0405],
[122.9404,39.0707],
[122.9192,39.102],
[122.8775,39.1192],
[122.8142,39.1288],
[122.7647,39.1267],
[122.6625,39.0883],
[122.6396,39.0704],
[122.6303,39.0463]
]
],
[
[
[136.4089,54.9637],
[136.4194,54.9349],
[136.47,54.9016],
[136.5192,54.8931],
[136.5863,54.8993],
[136.6002,54.879],
[136.6296,54.8608],
[136.7302,54.8346],
[136.7961,54.8383],
[136.8343,54.8523],
[136.8541,54.8692],
[136.9126,54.8521],
[136.9738,54.8614],
[137.0936,54.8718],
[137.1498,54.9],
[137.1736,54.9342],
[137.1706,54.9622],
[137.1597,54.9787],
[137.1904,54.9997],
[137.1905,55],
[136.6452,55],
[136.627,54.991],
[136.5959,55],
[136.4495,55],
[136.4343,54.9952],
[136.4089,54.9637]
]
],
[
[
[138.088,54.7203],
[138.0918,54.7003],
[138.1082,54.6809],
[138.1686,54.6557],
[138.2406,54.6534],
[138.3006,54.6724],
[138.3304,54.694],
[138.3359,54.7235],
[138.3069,54.756],
[138.2608,54.772],
[138.1995,54.7775],
[138.1487,54.7674],
[138.1077,54.7484],
[138.088,54.7203]
]
],
[
[
[138.3733,55],
[138.4234,54.9951],
[138.4396,55],
[138.3733,55]
]
],
[
[
[139.1204,54.5962],
[139.1225,54.5774],
[139.1359,54.5579],
[139.1872,54.5323],
[139.2605,54.5323],
[139.3242,54.5551],
[139.3487,54.5771],
[139.3645,54.6178],
[139.3432,54.6476],
[139.301,54.6645],
[139.2394,54.6629],
[139.1986,54.6429],
[139.1598,54.6346],
[139.1302,54.6156],
[139.1204,54.5962]
]
],
[
[
[141.1332,46.2833],
[141.1409,46.2057],
[141.1649,46.1847],
[141.2107,46.1717],
[141.2593,46.1734],
[141.3125,46.1939],
[141.3374,46.2206],
[141.3414,46.2545],
[141.3067,46.3182],
[141.2478,46.3453],
[141.2155,46.3448],
[141.1679,46.3298],
[141.143,46.3095],
[141.1332,46.2833]
]
]
]}
}
