{
"type": "Feature",
"properties": {"id":"ohm-r2957450","edge_precision":"unknown","ohm_relation":2957450,"ohm_version":33,"ohm_timestamp":"2026-09-27T05:50:21Z"},
"geometry": {"type": "MultiPolygon", "coordinates": [
[
[
[26.8135,53.0639],
[27.0318,52.781],
[27.1664,52.5889],
[27.6114,52.578],
[27.6183,52.4786],
[27.4603,52.29],
[27.4953,52.2686],
[27.5153,52.2665],
[27.551,52.2366],
[27.5592,52.2047],
[27.5249,52.1828],
[27.5407,52.1655],
[27.5245,52.138],
[27.5264,52.0699],
[27.5486,52.0589],
[27.575,52.0587],
[27.5669,52.047],
[27.5755,52.0428],
[27.5747,52.0336],
[27.6134,52.0321],
[27.6069,52.0282],
[27.6157,52.0225],
[27.6088,52.0182],
[27.6085,51.9983],
[27.5364,51.965],
[27.5142,51.9467],
[27.5347,51.9284],
[27.54,51.8963],
[27.5262,51.8729],
[27.5048,51.8635],
[27.502,51.851],
[27.5106,51.8537],
[27.564,51.8099],
[27.5427,51.7725],
[27.5599,51.7606],
[27.5592,51.7496],
[27.4995,51.7302],
[27.4936,51.6681],
[27.5263,51.641],
[27.517,51.6378],
[27.5439,51.6221],
[27.5498,51.6371],
[27.6189,51.6054],
[27.6528,51.6175],
[27.7278,51.6046],
[27.7346,51.5939],
[27.724,51.5621],
[27.6838,51.5414],
[27.6846,51.5207],
[27.6646,51.5178],
[27.7548,51.4734],
[27.7633,51.4746],
[27.7678,51.4938],
[27.8012,51.5333],
[27.8245,51.5346],
[27.8507,51.5438],
[27.8261,51.5774],
[27.8413,51.6083],
[27.8207,51.6176],
[27.8469,51.6289],
[27.914,51.6162],
[27.9237,51.6059],
[27.9212,51.5781],
[27.9459,51.5797],
[27.9587,51.5932],
[27.9761,51.5944],
[27.9406,51.5574],
[28.0448,51.5666],
[28.074,51.5804],
[28.0827,51.5745],
[28.1066,51.5796],
[28.1313,51.6077],
[28.1491,51.6054],
[28.1563,51.6116],
[28.1709,51.6267],
[28.1719,51.6444],
[28.2631,51.6822],
[28.2708,51.6713],
[28.256,51.6216],
[28.2812,51.6237],
[28.3436,51.5773],
[28.3556,51.5575],
[28.3534,51.5405],
[28.3925,51.5508],
[28.4704,51.5936],
[28.5555,51.5825],
[28.5556,51.5727],
[28.6537,51.5699],
[28.6594,51.5678],
[28.6308,51.5617],
[28.6497,51.5588],
[28.6418,51.5541],
[28.6845,51.4448],
[28.6986,51.4418],
[28.7374,51.4656],
[28.7354,51.4413],
[28.753,51.4155],
[28.7675,51.4279],
[28.772,51.4484],
[28.7812,51.4544],
[28.7626,51.4874],
[28.8207,51.5591],
[28.8382,51.5589],
[28.9061,51.5889],
[28.9678,51.5918],
[28.9748,51.5736],
[29.0006,51.574],
[29.0316,51.5909],
[29.064,51.6249],
[29.0927,51.6291],
[29.095,51.6434],
[29.1184,51.6569],
[29.1389,51.6495],
[29.1667,51.6538],
[29.1774,51.6483],
[29.159,51.6292],
[29.1869,51.6214],
[29.1787,51.6074],
[29.2071,51.5966],
[29.2032,51.5826],
[29.2158,51.5675],
[29.2534,51.5679],
[29.2604,51.53],
[29.2469,51.5005],
[29.2538,51.4824],
[29.2683,51.4767],
[29.2719,51.4586],
[29.3056,51.4548],
[29.3128,51.4216],
[29.3259,51.402],
[29.3172,51.3914],
[29.3218,51.3777],
[29.3592,51.3855],
[29.421,51.4152],
[29.4959,51.3973],
[29.5155,51.4238],
[29.5234,51.4234],
[29.5216,51.4523],
[29.5364,51.4619],
[29.5391,51.4827],
[29.5797,51.463],
[29.6085,51.4741],
[29.6085,51.4931],
[29.6246,51.4953],
[29.6342,51.5062],
[29.6452,51.4991],
[29.6552,51.5068],
[29.6675,51.5025],
[29.7194,51.531],
[29.7405,51.5307],
[29.7466,51.5153],
[29.7391,51.5119],
[29.7431,51.4936],
[29.7319,51.4924],
[29.7441,51.4581],
[29.7975,51.4419],
[29.7942,51.4583],
[29.8141,51.4603],
[29.8183,51.4499],
[29.8469,51.4582],
[29.8521,51.4506],
[29.8797,51.4461],
[29.8931,51.4852],
[29.9317,51.4923],
[29.9486,51.4841],
[29.951,51.4735],
[29.9653,51.471],
[29.9777,51.4864],
[29.9907,51.4825],
[30.0155,51.4905],
[30.0212,51.4969],
[30.0146,51.5052],
[30.1178,51.4874],
[30.1255,51.4909],
[30.1219,51.5053],
[30.134,51.5049],
[30.164,51.4892],
[30.1679,51.5097],
[30.1815,51.5126],
[30.2122,51.4932],
[30.246,51.486],
[30.2896,51.4628],
[30.3346,51.4259],
[30.3521,51.4227],
[30.3425,51.421],
[30.3568,51.3777],
[30.3238,51.3605],
[30.3968,51.3129],
[30.4641,51.3066],
[30.4536,51.2731],
[30.5051,51.2801],
[30.5398,51.2626],
[30.616,51.286],
[30.6223,51.3044],
[30.6041,51.3004],
[30.601,51.3048],
[30.6143,51.3071],
[30.5934,51.3119],
[30.6204,51.3324],
[30.6516,51.3353],
[30.6567,51.3443],
[30.634,51.363],
[30.6543,51.3701],
[30.6556,51.3782],
[30.6219,51.4288],
[30.5935,51.4229],
[30.5871,51.4283],
[30.5828,51.452],
[30.6228,51.4609],
[30.6233,51.4671],
[30.5908,51.4785],
[30.5876,51.496],
[30.5691,51.5112],
[30.5846,51.546],
[30.5715,51.5522],
[30.5466,51.5405],
[30.5281,51.5625],
[30.5289,51.5711],
[30.5552,51.577],
[30.5281,51.5886],
[30.5061,51.5998],
[30.532,51.603],
[30.5367,51.6065],
[30.5296,51.6187],
[30.5597,51.626],
[30.5471,51.6414],
[30.582,51.6494],
[30.5736,51.6614],
[30.5804,51.6764],
[30.5609,51.7042],
[30.6252,51.713],
[30.6254,51.7329],
[30.6517,51.7596],
[30.6409,51.7648],
[30.6158,51.7598],
[30.6161,51.7701],
[30.6397,51.7847],
[30.6646,51.7862],
[30.6714,51.7995],
[30.663,51.8193],
[30.6907,51.8253],
[30.7052,51.868],
[30.7214,51.8732],
[30.7494,51.9031],
[30.8043,51.8997],
[30.8254,51.921],
[30.8051,51.9469],
[30.8185,51.9558],
[30.8366,51.9528],
[30.8348,51.9614],
[30.8482,51.9617],
[30.8608,51.9729],
[30.8862,51.9674],
[30.8918,51.9722],
[30.886,51.9853],
[30.9104,51.9864],
[30.8922,51.9948],
[30.8965,52.0046],
[30.9414,52.0148],
[30.9454,52.0271],
[30.9339,52.0415],
[30.9495,52.0548],
[30.9327,52.0721],
[30.9519,52.0762],
[30.9492,52.0895],
[30.9571,52.091],
[30.9645,52.0902],
[30.9614,52.0816],
[30.9923,52.0777],
[31.0731,52.092],
[31.0985,52.0894],
[31.1401,52.1031],
[31.1586,52.0778],
[31.2149,52.0719],
[31.2187,52.0516],
[31.2516,52.0436],
[31.2963,52.0506],
[31.3203,52.0829],
[31.311,52.0863],
[31.3261,52.1069],
[31.3728,52.1145],
[31.3876,52.1217],
[31.378,52.1339],
[31.4041,52.1425],
[31.4539,52.1404],
[31.4635,52.1215],
[31.4885,52.1166],
[31.5187,52.1253],
[31.5977,52.1145],
[31.6592,52.1166],
[31.7151,52.1069],
[31.7206,52.0962],
[31.7817,52.112],
[31.8168,52.098],
[31.8467,52.1101],
[31.8712,52.1094],
[31.9163,52.0966],
[31.9408,52.0802],
[31.9538,52.0819],
[31.9578,52.0685],
[31.9429,52.0569],
[31.9231,52.0581],
[31.9171,52.0534],
[31.928,52.0462],
[31.9154,52.043],
[31.9721,52.052],
[32.0963,52.0336],
[32.1017,52.0452],
[32.134,52.0434],
[32.13,52.049],
[32.1471,52.0577],
[32.1473,52.0692],
[32.1995,52.0661],
[32.2021,52.0745],
[32.2228,52.082],
[32.2788,52.0977],
[32.2948,52.1097],
[32.2952,52.1207],
[32.318,52.1219],
[32.3203,52.1362],
[32.3298,52.1325],
[32.3349,52.1404],
[32.3601,52.1399],
[32.3684,52.1477],
[32.3652,52.1553],
[32.3239,52.1515],
[32.3348,52.1763],
[32.3469,52.1825],
[32.3245,52.2234],
[32.3467,52.2441],
[32.3609,52.2384],
[32.4015,52.246],
[32.3829,52.2697],
[32.3949,52.2782],
[32.3703,52.275],
[32.3519,52.3162],
[32.3552,52.3273],
[32.3768,52.3373],
[32.4011,52.338],
[32.4338,52.322],
[32.4599,52.3268],
[32.4897,52.3144],
[32.5017,52.3273],
[32.55,52.3269],
[32.5772,52.3002],
[32.6079,52.3047],
[32.6851,52.2663],
[32.7006,52.2479],
[32.7566,52.2668],
[32.7628,52.2555],
[32.7992,52.2654],
[32.8171,52.2589],
[32.833,52.2783],
[32.8844,52.2734],
[32.8791,52.2588],
[32.8876,52.2451],
[32.9068,52.246],
[32.9616,52.2732],
[32.9957,52.2719],
[32.997,52.2881],
[33.0448,52.3071],
[33.0446,52.3135],
[33.0589,52.3183],
[33.0599,52.3296],
[33.0738,52.3241],
[33.0742,52.3148],
[33.0606,52.3101],
[33.067,52.3026],
[33.134,52.345],
[33.1696,52.3408],
[33.1699,52.3728],
[33.1887,52.3731],
[33.1887,52.3791],
[33.3064,52.3501],
[33.3361,52.3527],
[33.3512,52.3531],
[33.3806,52.3716],
[33.407,52.3669],
[33.4027,52.36],
[33.4167,52.3606],
[33.4132,52.3495],
[33.4287,52.3457],
[33.4468,52.3427],
[33.4395,52.3529],
[33.4545,52.365],
[33.5096,52.3583],
[33.5186,52.3547],
[33.5205,52.3435],
[33.5122,52.3338],
[33.4899,52.3295],
[33.4825,52.3136],
[33.5605,52.3019],
[33.5638,52.3133],
[33.5439,52.3236],
[33.5817,52.3109],
[33.5769,52.318],
[33.6053,52.3335],
[33.6564,52.3393],
[33.6803,52.3479],
[33.6823,52.3572],
[33.709,52.3629],
[33.7271,52.3534],
[33.7774,52.3652],
[33.8233,52.3642],
[33.8365,52.3614],
[33.8397,52.346],
[33.8544,52.3341],
[33.8393,52.32],
[33.8756,52.3061],
[33.9221,52.3046],
[33.9244,52.2949],
[33.9444,52.2829],
[33.9368,52.2498],
[33.9611,52.2473],
[33.964,52.2343],
[34.0008,52.227],
[33.9988,52.211],
[34.0163,52.2019],
[34.0528,52.2014],
[34.0651,52.1831],
[34.054,52.1724],
[34.0593,52.1666],
[34.1163,52.1411],
[34.1108,52.1228],
[34.0872,52.1088],
[34.0997,52.0933],
[34.094,52.0852],
[34.0627,52.0731],
[34.0808,52.0707],
[34.0829,52.0577],
[34.1012,52.0408],
[34.0916,52.0305],
[34.0969,52.0043],
[34.1264,52.0064],
[34.1397,51.9997],
[34.1293,51.9846],
[34.1429,51.968],
[34.1896,51.9689],
[34.2034,51.941],
[34.2258,51.9282],
[34.2191,51.9204],
[34.2615,51.9093],
[34.2548,51.9053],
[34.2581,51.8886],
[34.2456,51.8816],
[34.3029,51.8872],
[34.3632,51.8587],
[34.3684,51.8456],
[34.3855,51.8431],
[34.4154,51.8253],
[34.4092,51.7823],
[34.4366,51.7641],
[34.4392,51.7385],
[34.4214,51.7221],
[34.365,51.7126],
[34.3094,51.7202],
[34.2902,51.705],
[34.2339,51.6968],
[34.2131,51.7029],
[34.205,51.6938],
[34.1911,51.6975],
[34.1591,51.686],
[34.1277,51.6891],
[34.0811,51.6652],
[34.1054,51.6668],
[34.1121,51.649],
[34.1303,51.6486],
[34.1302,51.643],
[34.1673,51.6457],
[34.1797,51.6244],
[34.1823,51.5968],
[34.211,51.6004],
[34.2163,51.5743],
[34.2375,51.5848],
[34.249,51.5763],
[34.2441,51.5703],
[34.2572,51.5596],
[34.2503,51.5546],
[34.2591,51.5483],
[34.2599,51.5333],
[34.2952,51.5328],
[34.2963,51.5236],
[34.3084,51.5192],
[34.2896,51.5096],
[34.2978,51.492],
[34.2911,51.4868],
[34.2815,51.4735],
[34.2447,51.4565],
[34.2553,51.4397],
[34.2454,51.4366],
[34.2462,51.4315],
[34.2224,51.4288],
[34.2281,51.3996],
[34.2494,51.4014],
[34.2721,51.3827],
[34.2925,51.388],
[34.2854,51.3747],
[34.3057,51.3791],
[34.3367,51.3656],
[34.3311,51.3618],
[34.339,51.3573],
[34.3161,51.3426],
[34.3168,51.3309],
[34.2812,51.3347],
[34.2888,51.3223],
[34.2825,51.3109],
[34.2728,51.3145],
[34.2666,51.2987],
[34.2587,51.3024],
[34.2377,51.2923],
[34.2552,51.2819],
[34.2518,51.2752],
[34.2318,51.273],
[34.2308,51.2651],
[34.3057,51.2382],
[34.3309,51.2399],
[34.3837,51.274],
[34.4312,51.2675],
[34.4883,51.2441],
[34.513,51.242],
[34.5233,51.2527],
[34.5408,51.2524],
[34.5802,51.2335],
[34.6038,51.2546],
[34.6617,51.2475],
[34.6678,51.1982],
[34.6883,51.1812],
[34.7063,51.1753],
[34.7227,51.1878],
[34.7725,51.1746],
[34.7846,51.1847],
[34.8173,51.1689],
[34.8356,51.1744],
[34.8346,51.1831],
[34.8625,51.1992],
[34.8762,51.191],
[34.897,51.1931],
[34.9078,51.2049],
[34.9347,51.2073],
[34.9513,51.2266],
[34.9794,51.2351],
[35.0105,51.2314],
[35.0379,51.2178],
[35.0398,51.2044],
[35.0758,51.2321],
[35.1505,51.2234],
[35.1395,51.2175],
[35.143,51.2032],
[35.1303,51.1945],
[35.1341,51.171],
[35.1234,51.1652],
[35.1404,51.1522],
[35.1348,51.1491],
[35.1414,51.1338],
[35.1747,51.1215],
[35.163,51.1094],
[35.1647,51.101],
[35.1769,51.0984],
[35.1737,51.0875],
[35.1564,51.0907],
[35.1482,51.0824],
[35.1633,51.0836],
[35.1898,51.0542],
[35.2119,51.0462],
[35.2496,51.0643],
[35.2761,51.0591],
[35.2753,51.0664],
[35.3011,51.0718],
[35.3145,51.087],
[35.3292,51.0809],
[35.3274,51.0706],
[35.3496,51.0622],
[35.3753,51.067],
[35.3869,51.0534],
[35.4062,51.0477],
[35.4098,51.039],
[35.4001,51.0316],
[35.4095,51.0266],
[35.3605,51.0058],
[35.323,51.0138],
[35.3386,50.9984],
[35.3311,50.9926],
[35.3521,50.9733],
[35.3257,50.9468],
[35.3332,50.9346],
[35.3726,50.9324],
[35.3668,50.9256],
[35.3928,50.9244],
[35.4006,50.9146],
[35.3967,50.9066],
[35.4033,50.9026],
[35.3799,50.8956],
[35.402,50.8795],
[35.3823,50.87],
[35.406,50.8627],
[35.4191,50.8438],
[35.4114,50.8026],
[35.4497,50.783],
[35.4746,50.7846],
[35.4887,50.7768],
[35.4697,50.7467],
[35.4736,50.7404],
[35.4639,50.735],
[35.4732,50.7255],
[35.4598,50.7047],
[35.4593,50.6891],
[35.4962,50.6788],
[35.4872,50.6707],
[35.4889,50.6586],
[35.4627,50.6663],
[35.3928,50.6498],
[35.392,50.642],
[35.4257,50.6032],
[35.3903,50.58],
[35.4279,50.5621],
[35.4386,50.5431],
[35.436,50.5301],
[35.4446,50.5293],
[35.4764,50.4885],
[35.5637,50.4511],
[35.5716,50.4562],
[35.5619,50.4564],
[35.5697,50.4644],
[35.5865,50.4481],
[35.5842,50.3927],
[35.594,50.393],
[35.6119,50.3746],
[35.6014,50.3673],
[35.6262,50.352],
[35.658,50.3512],
[35.7382,50.3545],
[35.802,50.3974],
[35.8069,50.4109],
[35.7943,50.4139],
[35.8317,50.4338],
[35.8353,50.4247],
[35.8556,50.4291],
[35.8724,50.4224],
[35.8898,50.4386],
[35.9361,50.4308],
[36.0679,50.4508],
[36.1606,50.4315],
[36.1776,50.4017],
[36.1933,50.4036],
[36.2334,50.3637],
[36.2837,50.3356],
[36.2734,50.3232],
[36.2799,50.3229],
[36.2762,50.3164],
[36.2856,50.2987],
[36.2987,50.299],
[36.2957,50.2916],
[36.363,50.2875],
[36.4334,50.3308],
[36.4399,50.3112],
[36.4878,50.3112],
[36.5357,50.2837],
[36.585,50.2858],
[36.5938,50.2754],
[36.5742,50.2745],
[36.5805,50.2623],
[36.5604,50.2506],
[36.6135,50.224],
[36.6636,50.2219],
[36.6799,50.2381],
[36.693,50.2691],
[36.7041,50.2645],
[36.7196,50.2774],
[36.7489,50.2801],
[36.7484,50.2879],
[36.7716,50.2894],
[36.764,50.2916],
[36.7678,50.3016],
[36.8329,50.3131],
[36.8703,50.3377],
[36.9376,50.3505],
[37.0445,50.345],
[37.1384,50.3611],
[37.153,50.3565],
[37.2925,50.4013],
[37.3093,50.4259],
[37.3273,50.4355],
[37.4127,50.4333],
[37.4769,50.4594],
[37.491,50.4575],
[37.4847,50.4347],
[37.4651,50.4309],
[37.4661,50.3804],
[37.485,50.3568],
[37.5352,50.3336],
[37.5557,50.3297],
[37.577,50.3066],
[37.5945,50.3162],
[37.6356,50.3114],
[37.6381,50.3028],
[37.6265,50.2933],
[37.6273,50.2408],
[37.6144,50.2201],
[37.6435,50.1909],
[37.6407,50.1759],
[37.6685,50.1528],
[37.7101,50.1337],
[37.7075,50.1279],
[37.7549,50.0784],
[37.7969,50.0841],
[37.9265,50.0338],
[37.9646,49.9789],
[37.9987,49.9636],
[38.0047,49.9674],
[38.0437,49.9329],
[38.0209,49.9258],
[38.0224,49.9095],
[38.0329,49.9004],
[38.0559,49.9232],
[38.1246,49.9424],
[38.1322,49.9246],
[38.171,49.9419],
[38.1622,49.9513],
[38.1977,49.9621],
[38.1955,49.9694],
[38.2218,49.9791],
[38.1862,50.0228],
[38.1782,50.08],
[38.2601,50.0728],
[38.3018,50.0871],
[38.3296,50.0854],
[38.333,50.0595],
[38.3512,50.0358],
[38.3505,50.0069],
[38.4163,49.9818],
[38.4341,50.0014],
[38.4693,49.9953],
[38.465,49.983],
[38.4786,49.9832],
[38.4887,49.9632],
[38.5273,49.9586],
[38.5826,49.9775],
[38.6115,49.9756],
[38.6475,49.9559],
[38.6798,49.9741],
[38.6779,49.9988],
[38.687,50.0077],
[38.7181,49.9835],
[38.686,49.9622],
[38.694,49.9349],
[38.7241,49.9271],
[38.7448,49.8974],
[38.7688,49.8961],
[38.791,49.8784],
[38.824,49.8784],
[38.8478,49.8644],
[38.9012,49.8693],
[38.9184,49.8586],
[38.9045,49.8492],
[38.9121,49.844],
[38.9141,49.8309],
[38.9067,49.8278],
[38.912,49.8182],
[38.9335,49.7993],
[38.9491,49.796],
[39.022,49.8216],
[39.0668,49.8156],
[39.1105,49.8379],
[39.1307,49.8616],
[39.1799,49.8888],
[39.2267,49.8398],
[39.2277,49.8074],
[39.2509,49.7765],
[39.2852,49.7554],
[39.3788,49.7385],
[39.4437,49.76],
[39.6105,49.7337],
[39.5913,49.7183],
[39.6138,49.6907],
[39.6388,49.6345],
[39.6579,49.6167],
[39.7503,49.5974],
[39.806,49.558],
[39.8397,49.5638],
[39.8912,49.5583],
[39.9346,49.5734],
[39.9521,49.5971],
[40.0576,49.6069],
[40.065,49.599],
[40.1354,49.6171],
[40.1394,49.5959],
[40.1696,49.5688],
[40.0392,49.5207],
[40.0419,49.4986],
[40.0293,49.4536],
[40.0586,49.4366],
[40.0783,49.4099],
[40.1144,49.3857],
[40.1583,49.3714],
[40.1689,49.3567],
[40.1946,49.3465],
[40.1859,49.2812],
[40.2276,49.2605],
[40.2213,49.2499],
[40.1878,49.2384],
[40.1373,49.2398],
[40.0774,49.187],
[40.0311,49.1798],
[39.9383,49.083],
[39.9381,49.0564],
[39.8802,49.0643],
[39.8112,49.0604],
[39.7664,49.0401],
[39.6932,49.0505],
[39.6724,49.0404],
[39.6851,49.0346],
[39.6728,49.0167],
[39.674,49.0056],
[39.6637,49.0009],
[39.6759,48.99],
[39.6991,49.0009],
[39.7265,48.9757],
[39.7529,48.9859],
[39.7493,48.9779],
[39.7784,48.9519],
[39.772,48.9433],
[39.7818,48.9347],
[39.7765,48.9207],
[39.8189,48.9079],
[39.827,48.8865],
[39.8394,48.9031],
[39.8524,48.8905],
[39.925,48.8958],
[39.9492,48.8763],
[39.9932,48.8682],
[40.004,48.9013],
[40.0351,48.9159],
[40.061,48.9089],
[40.0801,48.8701],
[39.9755,48.793],
[39.8279,48.8311],
[39.805,48.8436],
[39.7969,48.8403],
[39.7915,48.8292],
[39.7975,48.8244],
[39.7863,48.8248],
[39.7801,48.8121],
[39.7837,48.7917],
[39.7626,48.7724],
[39.7683,48.7658],
[39.7437,48.7702],
[39.7256,48.7524],
[39.7395,48.7437],
[39.7252,48.7405],
[39.7229,48.7253],
[39.7043,48.7205],
[39.7123,48.7155],
[39.7051,48.706],
[39.7184,48.7023],
[39.7233,48.6839],
[39.7018,48.6695],
[39.7114,48.6672],
[39.7109,48.6551],
[39.6937,48.6493],
[39.6938,48.6367],
[39.6606,48.6091],
[39.6713,48.6039],
[39.6693,48.5962],
[39.6796,48.5976],
[39.6764,48.591],
[39.691,48.5862],
[39.7474,48.5904],
[39.7524,48.582],
[39.7692,48.5873],
[39.7875,48.5934],
[39.824,48.5859],
[39.8209,48.5786],
[39.85,48.5678],
[39.8672,48.5095],
[39.8468,48.4994],
[39.8499,48.469],
[39.8835,48.4527],
[39.8976,48.4473],
[39.8905,48.4373],
[39.9116,48.4188],
[39.9056,48.4045],
[39.918,48.3966],
[39.9057,48.3904],
[39.9235,48.3744],
[39.9416,48.3857],
[39.9368,48.3675],
[39.9323,48.3646],
[39.9475,48.3547],
[39.9424,48.3462],
[39.8408,48.329],
[39.8412,48.3101],
[39.8876,48.3085],
[39.9104,48.2926],
[39.9112,48.2755],
[39.9252,48.2715],
[39.9518,48.3034],
[39.9699,48.2986],
[39.9631,48.3028],
[39.9722,48.3128],
[39.9934,48.3129],
[39.993,48.3007],
[40.0208,48.2539],
[40.0065,48.242],
[40.0096,48.2251],
[39.942,48.2286],
[39.937,48.181],
[39.9098,48.1798],
[39.9025,48.1403],
[39.8705,48.1166],
[39.8689,48.0792],
[39.834,48.067],
[39.8835,48.049],
[39.8834,48.0416],
[39.7765,48.0398],
[39.7916,48.0118],
[39.8165,48.0013],
[39.815,47.9857],
[39.8231,47.9812],
[39.8163,47.9684],
[39.8248,47.9553],
[39.8061,47.9505],
[39.8065,47.9348],
[39.7936,47.9194],
[39.7936,47.8693],
[39.7634,47.8707],
[39.7632,47.8463],
[39.7376,47.8277],
[39.6257,47.8391],
[39.5656,47.8365],
[39.5425,47.8251],
[39.535,47.8328],
[39.5209,47.8257],
[39.4778,47.8607],
[39.44,47.8548],
[39.4332,47.8444],
[39.4394,47.8402],
[39.4132,47.8297],
[39.3873,47.8712],
[39.2417,47.8671],
[39.2365,47.8536],
[39.181,47.8537],
[39.1719,47.8462],
[39.1499,47.8515],
[39.1496,47.8424],
[39.1095,47.8427],
[39.1095,47.8517],
[39.0831,47.8516],
[39.0831,47.8695],
[39.0743,47.8695],
[38.879,47.876],
[38.8776,47.8671],
[38.843,47.8652],
[38.8426,47.8514],
[38.8262,47.8457],
[38.8288,47.8159],
[38.7889,47.8159],
[38.7905,47.7964],
[38.7839,47.788],
[38.7965,47.7737],
[38.7891,47.7686],
[38.789,47.7375],
[38.7775,47.7357],
[38.7702,47.7211],
[38.7726,47.6855],
[38.7366,47.6801],
[38.7397,47.6851],
[38.7299,47.6912],
[38.7349,47.6996],
[38.6658,47.6987],
[38.666,47.6693],
[38.6293,47.6694],
[38.6297,47.6534],
[38.6164,47.6446],
[38.4565,47.644],
[38.4568,47.6171],
[38.357,47.6166],
[38.3505,47.6166],
[38.3507,47.5762],
[38.3108,47.5761],
[38.3073,47.5465],
[38.2847,47.5443],
[38.2849,47.509],
[38.2938,47.5022],
[38.286,47.4835],
[38.2884,47.4761],
[38.302,47.475],
[38.3024,47.3928],
[38.2865,47.3914],
[38.2865,47.3734],
[38.2509,47.3689],
[38.2462,47.3507],
[38.2315,47.344],
[38.2211,47.3271],
[38.2209,47.3054],
[38.336,47.3063],
[38.3228,47.2815],
[38.3335,47.2692],
[38.3245,47.257],
[38.288,47.2568],
[38.2882,47.2385],
[38.2329,47.229],
[38.2428,47.2178],
[38.234,47.2038],
[38.2362,47.1396],
[38.2299,47.1194],
[38.2652,47.0742],
[38.3291,47.0886],
[38.4093,47.0885],
[38.448,47.0975],
[38.5491,47.0704],
[38.5906,47.0702],
[38.6255,47.0838],
[38.6442,47.0998],
[38.7183,47.1058],
[38.81,47.1283],
[38.8735,47.1319],
[38.9286,47.1568],
[38.975,47.1617],
[39.0155,47.1862],
[39.0228,47.2174],
[39.063,47.2192],
[39.102,47.2391],
[39.1491,47.238],
[39.1364,47.2083],
[39.137,47.1834],
[39.1577,47.1531],
[39.1583,47.1306],
[39.1716,47.1036],
[39.169,47.0796],
[39.0814,47.0882],
[39.0169,47.0682],
[38.9318,47.0134],
[38.8598,47.0107],
[38.8257,46.9931],
[38.7971,46.9515],
[38.6756,46.9215],
[38.6035,46.9205],
[38.5602,46.909],
[38.5173,46.9289],
[38.4628,46.9254],
[38.378,46.8806],
[38.3451,46.8224],
[38.2966,46.8117],
[38.2022,46.7539],
[38.0934,46.7352],
[38.0274,46.696],
[37.9929,46.686],
[37.8934,46.6822],
[37.8274,46.6948],
[37.7455,46.7283],
[37.7048,46.7229],
[37.6753,46.703],
[37.667,46.6847],
[37.6716,46.6595],
[37.7231,46.5666],
[37.8142,46.4206],
[37.8645,46.368],
[37.9203,46.3327],
[37.9737,46.3164],
[38.0234,46.3186],
[38.0844,46.345],
[38.1955,46.2713],
[38.1703,46.2178],
[38.1689,46.1764],
[38.1243,46.1397],
[38.1135,46.11],
[38.0178,46.1012],
[37.9458,46.0828],
[37.9111,46.0644],
[37.8709,46.0263],
[37.8116,45.8543],
[37.7738,45.7944],
[37.7288,45.7828],
[37.6899,45.7509],
[37.6258,45.7422],
[37.5578,45.6964],
[37.5324,45.6332],
[37.5215,45.5259],
[37.5152,45.4497],
[37.4829,45.4215],
[37.4371,45.4011],
[37.3964,45.4026],
[37.3029,45.386],
[37.2262,45.3876],
[37.1049,45.4112],
[36.9317,45.4835],
[36.8556,45.4994],
[36.7832,45.4947],
[36.7428,45.4804],
[36.7043,45.4513],
[36.6937,45.429],
[36.6795,45.4455],
[36.6487,45.4736],
[36.6104,45.4887],
[36.5509,45.4858],
[36.4882,45.5066],
[36.4277,45.5029],
[36.3619,45.5315],
[36.2839,45.5353],
[36.2059,45.5215],
[36.1323,45.5192],
[36.0637,45.5016],
[36.0088,45.4638],
[35.9963,45.4262],
[35.9757,45.4247],
[35.9459,45.4326],
[35.9358,45.4433],
[35.9463,45.4744],
[35.9265,45.509],
[35.884,45.5272],
[35.8336,45.5264],
[35.7674,45.5003],
[35.7444,45.4591],
[35.6874,45.4233],
[35.6702,45.3873],
[35.5755,45.3657],
[35.5206,45.3417],
[35.3875,45.4171],
[35.3398,45.4578],
[35.2413,45.5653],
[35.1255,45.6626],
[35.0444,45.77],
[34.9751,45.762],
[34.9667,45.759],
[34.9598,45.7566],
[34.8762,45.7904],
[34.7991,45.8105],
[34.8002,45.8393],
[34.8022,45.9006],
[34.7545,45.9086],
[34.7063,45.9426],
[34.6285,45.9864],
[34.5612,45.9944],
[34.527,45.959],
[34.4985,45.9426],
[34.474,45.9448],
[34.4553,45.9536],
[34.4175,45.9847],
[34.4013,46.0122],
[34.32,46.0682],
[34.2531,46.0532],
[34.1844,46.0669],
[34.1219,46.1057],
[34.0685,46.1163],
[34.0526,46.1091],
[34.0368,46.1142],
[33.9717,46.1412],
[33.9406,46.1547],
[33.8487,46.1997],
[33.7969,46.203],
[33.7591,46.1922],
[33.7449,46.1863],
[33.692,46.2043],
[33.6468,46.2296],
[33.6327,46.2283],
[33.6152,46.2262],
[33.6136,46.2139],
[33.6413,46.1424],
[33.6147,46.1347],
[33.578,46.1166],
[33.5794,46.1025],
[33.6007,46.0754],
[33.5708,46.0458],
[33.5667,46.0307],
[33.5813,45.9788],
[33.568,45.9475],
[33.5862,45.9197],
[33.5627,45.9094],
[33.5134,45.9099],
[33.4781,45.8894],
[33.396,45.8633],
[33.3241,45.8136],
[33.2439,45.7872],
[33.2248,45.7915],
[33.2229,45.8212],
[33.2045,45.8358],
[33.1772,45.8413],
[33.147,45.8346],
[33.1238,45.8125],
[33.1068,45.7497],
[33.0736,45.7453],
[32.9383,45.6947],
[32.8006,45.6225],
[32.7729,45.5955],
[32.5449,45.503],
[32.4584,45.4418],
[32.4331,45.4137],
[32.4295,45.395],
[32.435,45.3755],
[32.4486,45.364],
[32.4471,45.3334],
[32.4635,45.3188],
[32.6167,45.2835],
[32.6818,45.2846],
[32.7701,45.3314],
[32.8925,45.328],
[32.9358,45.3098],
[33.0302,45.2502],
[33.1164,45.1766],
[33.1624,45.1524],
[33.1969,45.1451],
[33.2268,45.1207],
[33.2889,45.1122],
[33.3159,45.1211],
[33.3346,45.1375],
[33.4034,45.1562],
[33.4741,45.111],
[33.5241,45.0562],
[33.5523,44.9957],
[33.5479,44.9747],
[33.5622,44.9259],
[33.5602,44.8892],
[33.5573,44.8757],
[33.5251,44.868],
[33.5007,44.8393],
[33.5005,44.8219],
[33.4841,44.7913],
[33.4964,44.721],
[33.496,44.6752],
[33.4656,44.6467],
[33.3499,44.6129],
[33.3281,44.5837],
[33.3592,44.5391],
[33.4231,44.5021],
[33.4578,44.4683],
[33.5081,44.4653],
[33.5515,44.4529],
[33.5884,44.4553],
[33.5945,44.4284],
[33.6126,44.403],
[33.6501,44.3853],
[33.677,44.3824],
[33.7186,44.3544],
[33.7772,44.3511],
[33.8566,44.37],
[33.9673,44.3568],
[34.151,44.3969],
[34.1722,44.411],
[34.2051,44.4649],
[34.2683,44.4731],
[34.299,44.4891],
[34.3198,44.5138],
[34.3525,44.5133],
[34.3825,44.5232],
[34.3944,44.5352],
[34.399,44.5621],
[34.4203,44.5816],
[34.4303,44.6114],
[34.4612,44.6563],
[34.4931,44.685],
[34.5795,44.722],
[34.7402,44.7763],
[34.7822,44.784],
[34.9169,44.7815],
[34.9617,44.8028],
[34.9997,44.7967],
[35.0101,44.7789],
[35.0324,44.7683],
[35.0688,44.759],
[35.1015,44.7614],
[35.1665,44.8005],
[35.1954,44.8713],
[35.2653,44.8894],
[35.2996,44.9271],
[35.3207,44.9313],
[35.3792,44.9124],
[35.4168,44.9221],
[35.4394,44.9489],
[35.4296,44.975],
[35.4714,45.0008],
[35.4716,45.0266],
[35.4456,45.0488],
[35.4656,45.0629],
[35.5663,45.0947],
[35.6526,45.0804],
[35.7421,45.0415],
[35.7627,45.025],
[35.7642,45.0099],
[35.7911,44.9816],
[35.8326,44.963],
[35.9207,44.9825],
[35.9703,44.9786],
[36.0091,44.9927],
[36.0409,45.0153],
[36.232,44.9933],
[36.2832,45.0199],
[36.3884,45.0261],
[36.4812,45.0646],
[36.5003,45.0865],
[36.5023,45.1083],
[36.4735,45.1393],
[36.4544,45.1857],
[36.4527,45.2065],
[36.4636,45.22],
[36.4858,45.2628],
[36.5257,45.2276],
[36.5496,45.2173],
[36.5477,45.2154],
[36.5499,45.1781],
[36.5983,45.112],
[36.7193,45.0734],
[36.8082,45.0806],
[36.851,45.0762],
[37.1182,45.0006],
[37.2086,44.9578],
[37.2579,44.9204],
[37.2433,44.8974],
[37.2467,44.8776],
[37.2874,44.8366],
[37.2964,44.806],
[37.3285,44.7728],
[37.3275,44.7447],
[37.4568,44.6611],
[37.5276,44.6409],
[37.6031,44.6285],
[37.6474,44.6304],
[37.6734,44.6187],
[37.7299,44.6113],
[37.8181,44.6298],
[37.8468,44.6507],
[37.8556,44.6464],
[37.8522,44.6237],
[37.8768,44.5912],
[37.9484,44.5417],
[38.0103,44.5238],
[38.0484,44.5039],
[38.0812,44.4771],
[38.1051,44.4387],
[38.1378,44.4191],
[38.1687,44.3873],
[38.2156,44.373],
[38.2681,44.3732],
[38.3588,44.3326],
[38.4595,44.3298],
[38.5512,44.313],
[38.6043,44.2892],
[38.7568,44.2519],
[38.7768,44.2217],
[38.8387,44.1642],
[38.8612,44.1527],
[38.9641,44.1293],
[38.9786,44.1151],
[38.9835,44.0861],
[39.0007,44.0681],
[39.048,44.0575],
[39.1136,43.9936],
[39.2568,43.9153],
[39.2924,43.8744],
[39.3601,43.8293],
[39.4242,43.7613],
[39.5399,43.6792],
[39.569,43.6411],
[39.6491,43.6073],
[39.669,43.5635],
[39.6919,43.5428],
[39.8373,43.4745],
[39.8522,43.4325],
[39.8827,43.3913],
[39.9271,43.3644],
[39.98,43.3485],
[39.9814,43.3504],
[40.0085,43.3852],
[40.013,43.4299],
[40.0412,43.4525],
[40.0447,43.4745],
[40.0632,43.5049],
[40.0951,43.5296],
[40.0906,43.5546],
[40.1065,43.5696],
[40.1306,43.5657],
[40.157,43.575],
[40.2131,43.5748],
[40.2603,43.5864],
[40.2944,43.5715],
[40.3145,43.5786],
[40.3285,43.5666],
[40.3879,43.5548],
[40.4338,43.558],
[40.4625,43.5465],
[40.4777,43.5491],
[40.5045,43.5251],
[40.5645,43.5187],
[40.5938,43.531],
[40.6079,43.5467],
[40.6618,43.5631],
[40.6924,43.5479],
[40.6933,43.5349],
[40.7133,43.5325],
[40.8278,43.488],
[40.891,43.4895],
[40.8994,43.4695],
[40.8929,43.4584],
[40.9236,43.4483],
[40.9292,43.4287],
[40.9499,43.4197],
[41.0043,43.4322],
[41.0468,43.3953],
[41.0964,43.3852],
[41.1012,43.401],
[41.1275,43.397],
[41.1526,43.4033],
[41.1555,43.3892],
[41.168,43.3834],
[41.2211,43.3805],
[41.2432,43.3589],
[41.2748,43.3606],
[41.2799,43.3527],
[41.2749,43.3476],
[41.291,43.337],
[41.3408,43.3475],
[41.366,43.3701],
[41.3936,43.3662],
[41.4152,43.3517],
[41.4092,43.333],
[41.4199,43.3182],
[41.4381,43.3065],
[41.4616,43.3085],
[41.4827,43.2911],
[41.5056,43.2819],
[41.5445,43.2696],
[41.5618,43.2493],
[41.5764,43.2536],
[41.5835,43.2374],
[41.6142,43.221],
[41.6345,43.222],
[41.6581,43.2378],
[41.681,43.2172],
[41.6927,43.2185],
[41.7281,43.2415],
[41.7732,43.2183],
[41.7877,43.2192],
[41.8039,43.202],
[41.8307,43.2147],
[41.8484,43.2115],
[41.8658,43.2338],
[41.8629,43.2427],
[41.8851,43.2498],
[41.9034,43.2286],
[41.9418,43.2252],
[41.9588,43.2025],
[41.9717,43.2124],
[42.0191,43.2171],
[42.0404,43.1868],
[42.0807,43.2047],
[42.0954,43.214],
[42.1319,43.2103],
[42.1634,43.2224],
[42.1806,43.215],
[42.2162,43.231],
[42.2464,43.2281],
[42.2528,43.2123],
[42.2952,43.2109],
[42.3067,43.2233],
[42.3411,43.2204],
[42.3582,43.2468],
[42.3881,43.2438],
[42.4138,43.257],
[42.4421,43.2508],
[42.4521,43.2376],
[42.4442,43.2265],
[42.4572,43.2129],
[42.51,43.1991],
[42.5433,43.1766],
[42.6156,43.1646],
[42.6665,43.136],
[42.6753,43.1354],
[42.6716,43.1456],
[42.6816,43.1699],
[42.7766,43.1888],
[42.8116,43.1673],
[42.8603,43.1786],
[42.8775,43.1697],
[42.8811,43.1535],
[42.898,43.1588],
[42.9321,43.1484],
[42.9214,43.1357],
[42.9275,43.1241],
[42.9635,43.1251],
[42.9936,43.1167],
[43.0415,43.0904],
[43.0156,43.0711],
[43.0258,43.048],
[43.0387,43.0387],
[43.035,43.0299],
[43.0867,42.9997],
[43.1128,43.0003],
[43.1437,42.9693],
[43.1732,42.9628],
[43.1863,42.9376],
[43.2907,42.918],
[43.3004,42.9073],
[43.3175,42.9148],
[43.3348,42.8901],
[43.3985,42.8969],
[43.4778,42.8899],
[43.5076,42.8677],
[43.5602,42.8684],
[43.6105,42.8341],
[43.6073,42.8143],
[43.6374,42.8129],
[43.6438,42.7977],
[43.6528,42.795],
[43.6853,42.8018],
[43.6894,42.7871],
[43.706,42.778],
[43.7622,42.7656],
[43.8046,42.7431],
[43.8076,42.7206],
[43.7783,42.6774],
[43.7582,42.6538],
[43.7379,42.6495],
[43.7148,42.632],
[43.7543,42.6166],
[43.7522,42.6006],
[43.77,42.5887],
[43.7987,42.5991],
[43.8262,42.5931],
[43.8389,42.5984],
[43.8755,42.58],
[43.9436,42.5628],
[43.945,42.5498],
[43.9636,42.547],
[44.0221,42.5973],
[44.09,42.6051],
[44.1162,42.618],
[44.1498,42.6043],
[44.1632,42.6063],
[44.1939,42.6351],
[44.2324,42.6269],
[44.2309,42.6401],
[44.2495,42.6811],
[44.3005,42.7059],
[44.3128,42.7215],
[44.3498,42.7108],
[44.3816,42.7152],
[44.3932,42.7051],
[44.4109,42.7092],
[44.4171,42.7189],
[44.5173,42.6968],
[44.521,42.7041],
[44.5009,42.7345],
[44.5129,42.7539],
[44.5346,42.7534],
[44.5529,42.7665],
[44.58,42.7451],
[44.6502,42.7461],
[44.68,42.7559],
[44.7458,42.7212],
[44.7518,42.7139],
[44.7444,42.7059],
[44.7467,42.6892],
[44.7659,42.6443],
[44.803,42.6149],
[44.8295,42.6179],
[44.823,42.6413],
[44.8354,42.6731],
[44.8568,42.6769],
[44.8685,42.6914],
[44.8696,42.7258],
[44.8866,42.7469],
[44.9791,42.7455],
[45,42.7257],
[45,68.5965],
[44.5535,68.5965],
[44.0877,68.579],
[43.886,68.623],
[43.8105,68.6564],
[43.7209,68.6656],
[43.5076,68.7085],
[43.2738,68.7116],
[43.188,68.6945],
[43.1632,68.6791],
[43.151,68.6554],
[43.2116,68.5924],
[43.3135,68.5579],
[43.4636,68.4896],
[43.8862,68.3668],
[44.0906,68.2826],
[44.0972,68.2073],
[44.0735,68.146],
[44.068,68.0896],
[44.0302,68.046],
[44.0178,68.0093],
[44.0368,67.9574],
[44.0256,67.9232],
[43.982,67.8511],
[43.9846,67.8127],
[44.015,67.7844],
[44.011,67.7606],
[43.9777,67.7183],
[43.9464,67.6954],
[43.9401,67.6634],
[43.9209,67.6329],
[43.8246,67.5466],
[43.7162,67.41],
[43.6816,67.3632],
[43.6702,67.323],
[43.6445,67.2857],
[43.6414,67.2628],
[43.6539,67.1945],
[43.6964,67.1612],
[43.8618,67.1087],
[43.9203,67.1064],
[44.0022,67.1157],
[44.0607,67.1061],
[44.084,67.087],
[44.1768,67.044],
[44.2082,67.0081],
[44.2938,66.964],
[44.3645,66.9117],
[44.3451,66.8791],
[44.3604,66.8436],
[44.2709,66.8155],
[44.2402,66.7929],
[44.2334,66.7785],
[44.2377,66.7537],
[44.2715,66.7104],
[44.3369,66.6667],
[44.2994,66.6339],
[44.2592,66.5756],
[44.2541,66.5303],
[44.2083,66.5128],
[44.157,66.4778],
[44.1083,66.447],
[44.0795,66.3981],
[44.0145,66.3455],
[43.9479,66.224],
[43.8618,66.2419],
[43.8032,66.2448],
[43.757,66.2875],
[43.6883,66.3261],
[43.5867,66.3554],
[43.4579,66.3723],
[43.3975,66.424],
[43.3141,66.4551],
[43.1302,66.4649],
[42.8395,66.4446],
[42.7514,66.4474],
[42.6576,66.4877],
[42.5065,66.5124],
[42.3839,66.5486],
[42.3178,66.5599],
[42.2314,66.5642],
[42.1072,66.5483],
[41.9818,66.5012],
[41.8544,66.3869],
[41.7483,66.3498],
[41.7076,66.3058],
[41.6238,66.2511],
[41.4965,66.2034],
[41.4288,66.1562],
[41.2813,66.1106],
[41.0056,66.0589],
[40.7893,66.0432],
[40.6481,66.019],
[40.5383,65.9641],
[40.4439,65.8858],
[40.3145,65.814],
[40.153,65.7676],
[40.0474,65.7215],
[39.8012,65.6678],
[39.6825,65.6094],
[39.6351,65.5677],
[39.5958,65.5042],
[39.5781,65.4293],
[39.5939,65.3496],
[39.6136,65.3239],
[39.664,65.2878],
[39.726,65.2615],
[39.8226,65.1978],
[39.8497,65.169],
[39.9113,65.1303],
[39.938,65.0877],
[40.0325,65.0332],
[40.064,64.9654],
[40.0917,64.9353],
[40.0964,64.8977],
[40.1483,64.8408],
[39.9291,64.8119],
[39.8807,64.7993],
[39.8196,64.7516],
[39.7768,64.7398],
[39.7396,64.7173],
[39.7,64.6665],
[39.6806,64.6222],
[39.6589,64.6045],
[39.5899,64.6011],
[39.4449,64.6446],
[39.4043,64.6686],
[39.3451,64.6885],
[39.1635,64.7114],
[39.0865,64.7467],
[38.9385,64.785],
[38.7529,64.7984],
[38.603,64.8186],
[38.5538,64.8338],
[38.4586,64.8794],
[38.4034,64.8938],
[38.1528,64.8963],
[37.9749,64.9277],
[37.8788,64.9584],
[37.8241,64.9845],
[37.8298,65.0058],
[37.8162,65.0364],
[37.7475,65.0737],
[37.5977,65.0996],
[37.4426,65.1484],
[37.0753,65.2169],
[36.9596,65.2153],
[36.9258,65.2451],
[36.8648,65.2595],
[36.791,65.26],
[36.7401,65.2497],
[36.6863,65.227],
[36.6678,65.2046],
[36.6805,65.1743],
[36.7158,65.1548],
[36.7056,65.1417],
[36.7032,65.1197],
[36.7382,65.082],
[36.721,65.0359],
[36.6964,65.0172],
[36.6892,64.9909],
[36.6087,64.9717],
[36.503,64.9843],
[36.3989,64.974],
[36.3461,64.9553],
[36.3236,64.9295],
[36.3253,64.8933],
[36.3533,64.8417],
[36.3854,64.8177],
[36.397,64.7971],
[36.4004,64.7656],
[36.4212,64.7344],
[36.4172,64.7155],
[36.428,64.697],
[36.4919,64.6701],
[36.6117,64.6718],
[36.6283,64.6632],
[36.6836,64.6033],
[36.7628,64.5517],
[36.8115,64.5052],
[36.978,64.4062],
[37.0237,64.3676],
[37.0705,64.3483],
[37.2817,64.2967],
[37.3489,64.2897],
[37.496,64.3289],
[37.5644,64.3107],
[37.6239,64.3057],
[37.6787,64.3118],
[37.7175,64.3261],
[37.801,64.3054],
[37.8355,64.2742],
[37.789,64.2464],
[37.7772,64.2197],
[37.7804,64.1956],
[37.8276,64.1389],
[37.8894,64.1131],
[37.927,64.066],
[37.9175,64.0518],
[37.8637,64.0809],
[37.8016,64.0922],
[37.7545,64.0901],
[37.7028,64.0765],
[37.6739,64.0552],
[37.6715,64.0298],
[37.6929,64.0072],
[37.7632,63.9758],
[37.7764,63.9507],
[37.6982,63.9509],
[37.5946,63.9344],
[37.5602,63.9213],
[37.5262,63.8951],
[37.5176,63.8753],
[37.5256,63.856],
[37.5184,63.8515],
[37.4614,63.8394],
[37.4029,63.8423],
[37.3726,63.8477],
[37.4108,63.8771],
[37.4109,63.8972],
[37.3991,63.9117],
[37.361,63.9301],
[37.2979,63.939],
[37.2846,63.9693],
[37.2408,63.9896],
[37.2631,64.005],
[37.2723,64.0246],
[37.2476,64.0601],
[37.2956,64.0755],
[37.3198,64.0978],
[37.3265,64.1362],
[37.3073,64.1594],
[37.1965,64.1985],
[37.1284,64.2007],
[37.0775,64.1899],
[37.0369,64.1661],
[37.0288,64.1417],
[37.0422,64.1226],
[37.079,64.1048],
[37.1078,64.0786],
[37.0533,64.0606],
[37.0265,64.0877],
[36.9625,64.1054],
[36.9584,64.1208],
[36.9657,64.1382],
[36.9571,64.1578],
[36.9219,64.1832],
[36.8675,64.1969],
[36.8443,64.2285],
[36.7974,64.2601],
[36.7337,64.2714],
[36.6359,64.3037],
[36.6188,64.3157],
[36.6144,64.335],
[36.593,64.3525],
[36.493,64.3861],
[36.4056,64.39],
[36.3337,64.3739],
[36.3064,64.3835],
[36.3022,64.4041],
[36.2808,64.4216],
[36.2127,64.4393],
[36.0958,64.4424],
[36.0272,64.4292],
[35.9491,64.4468],
[35.8873,64.445],
[35.8146,64.4586],
[35.7104,64.4586],
[35.6775,64.4796],
[35.7301,64.5088],
[35.7362,64.5343],
[35.729,64.5527],
[35.8052,64.5745],
[35.8227,64.5926],
[35.8222,64.6137],
[35.7673,64.6572],
[35.6579,64.7188],
[35.6009,64.7378],
[35.5434,64.7415],
[35.4589,64.733],
[35.3937,64.7035],
[35.3695,64.6803],
[35.3729,64.6561],
[35.3949,64.6389],
[35.4305,64.6266],
[35.4959,64.6185],
[35.5138,64.6008],
[35.5599,64.5785],
[35.5205,64.562],
[35.5035,64.5438],
[35.5058,64.5082],
[35.5402,64.4851],
[35.4998,64.4678],
[35.428,64.4565],
[35.3969,64.4803],
[35.3403,64.4943],
[35.3529,64.5131],
[35.3486,64.5327],
[35.3272,64.5501],
[35.2858,64.5645],
[35.2057,64.5695],
[35.1341,64.5494],
[35.0545,64.5656],
[35.1901,64.6411],
[35.1988,64.6555],
[35.1966,64.6768],
[35.1656,64.7024],
[35.2164,64.7287],
[35.2245,64.7573],
[35.3109,64.7652],
[35.3432,64.779],
[35.3608,64.797],
[35.3591,64.822],
[35.335,64.8437],
[35.2778,64.86],
[35.2156,64.8608],
[35.2134,64.8671],
[35.3581,64.9036],
[35.4186,64.8939],
[35.473,64.8973],
[35.5113,64.908],
[35.542,64.9284],
[35.6204,64.9066],
[35.7892,64.9062],
[35.9648,64.9552],
[36.0707,64.9716],
[36.1087,64.9893],
[36.1355,65.0172],
[36.1328,65.0538],
[36.107,65.0776],
[36.2484,65.0942],
[36.3348,65.1153],
[36.3794,65.1386],
[36.3875,65.1687],
[36.3683,65.191],
[36.3165,65.209],
[36.2499,65.215],
[36.1762,65.2072],
[36.1221,65.2102],
[36.0729,65.2318],
[36.0144,65.2414],
[35.9356,65.238],
[35.8452,65.2157],
[35.7751,65.2255],
[35.6491,65.217],
[35.4575,65.1815],
[35.4036,65.1525],
[35.3831,65.1209],
[35.3885,65.0902],
[35.4538,65.0316],
[35.3783,65.0197],
[35.3379,64.9912],
[35.2432,65.0136],
[35.1811,65.0143],
[35.1575,65.0237],
[35.1591,65.0383],
[35.1372,65.0859],
[35.0925,65.1096],
[35.0304,65.1204],
[34.903,65.1157],
[34.9212,65.1424],
[34.905,65.1715],
[34.8692,65.1884],
[34.8094,65.2395],
[34.7446,65.2757],
[34.6794,65.2929],
[34.6939,65.3168],
[34.679,65.3411],
[34.7351,65.3596],
[34.8019,65.4045],
[34.8139,65.4315],
[34.8055,65.4544],
[34.8429,65.4911],
[34.8974,65.5184],
[34.9083,65.5389],
[34.9039,65.5579],
[34.9141,65.5662],
[34.9772,65.5682],
[35.0285,65.5819],
[35.0588,65.6046],
[35.0599,65.6292],
[35.1022,65.6441],
[35.1396,65.6699],
[35.1474,65.685],
[35.1464,65.7104],
[35.1675,65.7253],
[35.1765,65.7484],
[35.1732,65.7638],
[35.153,65.7836],
[35.1675,65.8083],
[35.1564,65.8328],
[35.117,65.8528],
[35.0692,65.8618],
[35.0371,65.8812],
[34.9744,65.8952],
[34.9626,65.9171],
[34.9337,65.9334],
[34.8422,65.947],
[34.8291,65.9887],
[34.8148,66.0029],
[34.7348,66.0353],
[34.7133,66.0609],
[34.6209,66.1075],
[34.4831,66.1508],
[34.3411,66.2102],
[34.2709,66.2282],
[34.1925,66.2661],
[34.115,66.2811],
[34.0933,66.3004],
[34.0523,66.315],
[34.0285,66.3393],
[33.9973,66.3514],
[33.9806,66.3848],
[34.0032,66.4068],
[34.0012,66.4265],
[33.9299,66.4684],
[33.8664,66.4838],
[33.755,66.4834],
[33.7204,66.505],
[33.67,66.5166],
[33.6353,66.5513],
[33.7193,66.5447],
[33.7933,66.5599],
[33.8145,66.5721],
[33.827,66.5909],
[33.8237,66.6056],
[33.804,66.624],
[33.9209,66.6255],
[34.0082,66.6357],
[34.0723,66.6226],
[34.1847,66.614],
[34.2031,66.5926],
[34.2632,66.5707],
[34.3572,66.5126],
[34.4435,66.4914],
[34.5877,66.4937],
[34.7185,66.5146],
[34.8011,66.5479],
[34.8422,66.5455],
[35.1007,66.4388],
[35.2167,66.4196],
[35.2398,66.4005],
[35.2949,66.3779],
[35.5258,66.3343],
[35.695,66.3223],
[35.7919,66.3058],
[35.908,66.3028],
[35.9693,66.2888],
[36.0788,66.2816],
[36.5058,66.2273],
[36.7551,66.2344],
[37.0551,66.1988],
[37.2953,66.1571],
[37.4516,66.116],
[37.5024,66.0932],
[37.7096,66.0547],
[37.9804,66.0311],
[38.1215,66.0283],
[38.2637,66.007],
[38.7354,66.0151],
[38.802,66.0227],
[38.9418,66.0574],
[39.1496,66.0559],
[39.2605,66.0879],
[39.4623,66.1183],
[39.5135,66.1353],
[39.7999,66.1654],
[39.9155,66.1916],
[40.0587,66.212],
[40.111,66.2277],
[40.2494,66.2963],
[40.3448,66.329],
[40.4619,66.3445],
[40.5847,66.3866],
[40.6772,66.4312],
[40.7668,66.4469],
[40.8203,66.4835],
[40.8242,66.4975],
[40.8153,66.5273],
[40.8282,66.5496],
[40.8806,66.5669],
[40.9802,66.6245],
[41.047,66.6458],
[41.1344,66.6952],
[41.2001,66.7171],
[41.2383,66.7508],
[41.2872,66.7739],
[41.35,66.8185],
[41.369,66.8465],
[41.3738,66.8778],
[41.417,66.9469],
[41.4617,66.9697],
[41.4929,67.0066],
[41.4989,67.0344],
[41.4738,67.0601],
[41.5178,67.0865],
[41.5302,67.1131],
[41.5127,67.1363],
[41.4641,67.1591],
[41.4828,67.1797],
[41.4855,67.1986],
[41.4754,67.2179],
[41.4447,67.2398],
[41.3537,67.2639],
[41.2891,67.2677],
[41.2271,67.2601],
[41.2138,67.2714],
[41.2407,67.3291],
[41.2464,67.4068],
[41.2196,67.4487],
[41.1731,67.4789],
[41.1336,67.4924],
[41.1358,67.5207],
[41.1186,67.5513],
[41.1655,67.6083],
[41.1683,67.6314],
[41.1458,67.6692],
[41.0915,67.7241],
[40.9818,67.7671],
[40.9123,67.778],
[40.853,67.7761],
[40.8127,67.7914],
[40.7955,67.8116],
[40.7553,67.8313],
[40.6657,67.8478],
[40.5998,67.8729],
[40.517,67.8826],
[40.4615,67.9173],
[40.3855,67.9466],
[40.2257,67.9816],
[40.1778,68.0128],
[40.1016,68.0357],
[40.0697,68.056],
[40.0543,68.086],
[40.0298,68.1098],
[39.9644,68.1508],
[39.8432,68.1927],
[39.7384,68.2055],
[39.6419,68.1888],
[39.6171,68.1731],
[39.6103,68.1595],
[39.6418,68.1114],
[39.4586,68.1454],
[39.3305,68.1945],
[39.2817,68.2234],
[39.2275,68.2383],
[39.1613,68.2448],
[39.1202,68.26],
[39.1058,68.2659],
[39.0903,68.2927],
[39.0616,68.3074],
[38.9452,68.3432],
[38.8438,68.3583],
[38.7302,68.4147],
[38.4538,68.4479],
[38.2833,68.509],
[38.2067,68.5274],
[38.1855,68.5482],
[38.1347,68.5678],
[38.0795,68.6076],
[37.952,68.6494],
[37.9111,68.6784],
[37.9136,68.7001],
[37.8863,68.7227],
[37.8039,68.7468],
[37.6881,68.7526],
[37.6696,68.761],
[37.662,68.7864],
[37.6219,68.807],
[37.4123,68.8601],
[37.2897,68.8726],
[37.1793,68.898],
[36.9265,68.9664],
[36.8276,69.0076],
[36.5504,69.0732],
[36.5309,69.091],
[36.4931,69.1052],
[36.3176,69.1483],
[36.0965,69.1849],
[36.0276,69.219],
[35.921,69.2451],
[35.8108,69.2576],
[35.702,69.2527],
[35.249,69.3042],
[35.0883,69.2979],
[35.0363,69.2815],
[35.0132,69.2614],
[34.9524,69.2701],
[34.9149,69.288],
[34.8671,69.2975],
[34.688,69.3141],
[34.5393,69.3099],
[34.5458,69.3299],
[34.5357,69.3474],
[34.4915,69.372],
[34.2714,69.4196],
[34.1216,69.4349],
[34.0434,69.4348],
[33.9636,69.4239],
[33.8654,69.3915],
[33.8276,69.3592],
[33.6148,69.3539],
[33.6096,69.3645],
[33.6289,69.3879],
[33.62,69.418],
[33.5158,69.4601],
[33.3217,69.4776],
[33.2494,69.4741],
[33.0203,69.512],
[32.8772,69.5216],
[33.0595,69.5523],
[33.1161,69.5878],
[33.1975,69.6158],
[33.2289,69.6422],
[33.2305,69.6607],
[33.2603,69.6983],
[33.2639,69.7248],
[33.2263,69.7553],
[33.1527,69.7868],
[33.0643,69.7956],
[33.0242,69.8104],
[32.9544,69.8218],
[32.8095,69.8292],
[32.6498,69.8496],
[32.6046,69.8711],
[32.5242,69.8851],
[32.4097,69.9215],
[32.333,69.9339],
[32.1328,69.9994],
[31.9195,70.0066],
[31.8604,70.002],
[31.8124,69.9903],
[31.7803,69.9726],
[31.7359,69.9183],
[31.7242,69.8874],
[31.5858,69.9035],
[31.4441,69.8873],
[31.407,69.8707],
[31.3919,69.8511],
[31.4114,69.789],
[31.0207,69.8369],
[30.8902,69.8417],
[30.8176,69.7948],
[30.8215,69.7901],
[30.8218,69.7889],
[30.8237,69.7866],
[30.8407,69.7791],
[30.8397,69.7726],
[30.8529,69.7693],
[30.8502,69.7613],
[30.8609,69.763],
[30.8674,69.7585],
[30.8614,69.7528],
[30.8773,69.7507],
[30.8679,69.7512],
[30.8726,69.7417],
[30.8906,69.7373],
[30.8851,69.7311],
[30.8934,69.7292],
[30.8908,69.7199],
[30.8736,69.7156],
[30.8993,69.7036],
[30.8924,69.7007],
[30.9088,69.7005],
[30.9165,69.6911],
[30.9444,69.6832],
[30.9466,69.6742],
[30.9234,69.6697],
[30.9339,69.6478],
[30.9527,69.6377],
[30.95,69.623],
[30.9492,69.6019],
[30.9385,69.5966],
[30.9473,69.591],
[30.9389,69.561],
[30.818,69.5289],
[30.7678,69.5324],
[30.7446,69.5329],
[30.6642,69.5407],
[30.516,69.5404],
[30.4177,69.5899],
[30.224,69.6531],
[30.1517,69.6694],
[30.0853,69.6581],
[30.0913,69.6428],
[30.1378,69.6435],
[30.1528,69.609],
[30.1802,69.5857],
[30.1883,69.5685],
[30.1755,69.5363],
[30.1478,69.5296],
[30.1433,69.5264],
[30.1197,69.5126],
[30.1119,69.4792],
[30.1163,69.4688],
[30.077,69.4535],
[30.0345,69.4247],
[29.9807,69.4097],
[29.9457,69.4051],
[29.9158,69.4186],
[29.8505,69.4228],
[29.7878,69.3977],
[29.7226,69.3891],
[29.6951,69.3635],
[29.5705,69.3179],
[29.5373,69.3173],
[29.5239,69.3292],
[29.4153,69.3184],
[29.3965,69.3237],
[29.2923,69.2979],
[29.2769,69.276],
[29.2769,69.2586],
[29.2781,69.2492],
[29.2899,69.2454],
[29.2944,69.2448],
[29.314,69.2313],
[29.3007,69.2164],
[29.3059,69.2101],
[29.2929,69.2059],
[29.2959,69.1968],
[29.2947,69.1869],
[29.2928,69.1835],
[29.2827,69.1752],
[29.2865,69.1692],
[29.2665,69.164],
[29.2487,69.1615],
[29.2577,69.1544],
[29.2393,69.1381],
[29.2442,69.1294],
[29.2323,69.1244],
[29.236,69.1198],
[29.2421,69.113],
[29.0414,69.0108],
[29.0199,69.0252],
[28.9293,69.0519],
[28.4958,68.9301],
[28.4158,68.9155],
[28.468,68.8854],
[28.6613,68.8864],
[28.8008,68.8693],
[28.7064,68.7322],
[28.4339,68.5397],
[28.6462,68.1963],
[29.3271,68.0745],
[29.6594,67.803],
[30.017,67.6736],
[30.2756,67.5883],
[30.4088,67.427],
[30.7507,67.1428],
[30.7342,67.0781],
[30.7233,66.9838],
[30.6354,66.8783],
[30.564,66.7573],
[30.4399,66.6564],
[30.3882,66.6225],
[30.2124,66.5483],
[30.1575,66.476],
[30.2618,66.3309],
[30.2618,66.2248],
[30.3003,66.0871],
[30.4047,65.9778],
[30.4541,65.8927],
[30.4596,65.823],
[30.3717,65.7667],
[30.1385,65.6687],
[30.0171,65.6965],
[29.7219,65.6371],
[29.754,65.6094],
[29.8639,65.5604],
[29.7547,65.4974],
[29.749,65.4826],
[29.733,65.4725],
[29.7274,65.4003],
[29.7314,65.374],
[29.7466,65.3474],
[29.6461,65.2891],
[29.6093,65.2758],
[29.6018,65.2599],
[29.634,65.2316],
[29.7641,65.2289],
[29.8857,65.2063],
[29.8936,65.193],
[29.8193,65.1443],
[29.8502,65.1285],
[29.8647,65.1317],
[29.8528,65.1272],
[29.8969,65.1051],
[29.8309,65.0919],
[29.7327,65.0913],
[29.627,65.0606],
[29.6144,65.0128],
[29.5993,64.9951],
[29.6192,64.9597],
[29.611,64.9273],
[29.6449,64.8665],
[29.6997,64.8372],
[29.6875,64.8188],
[29.7396,64.7898],
[30.0429,64.7929],
[30.0865,64.774],
[30.0911,64.765],
[30.0414,64.7412],
[30.0537,64.713],
[30.1358,64.649],
[30.1301,64.6347],
[30.119,64.6259],
[30.0543,64.6153],
[29.9894,64.5876],
[29.9974,64.5773],
[29.987,64.5339],
[30.0146,64.5043],
[30.0297,64.5006],
[30.0244,64.483],
[30.0459,64.4721],
[30.0583,64.4509],
[30.0501,64.4416],
[30.0572,64.4342],
[30.0449,64.402],
[30.1099,64.365],
[30.2102,64.3505],
[30.3669,64.2997],
[30.3608,64.2813],
[30.3883,64.2691],
[30.4824,64.2623],
[30.5096,64.2217],
[30.4664,64.2044],
[30.5159,64.155],
[30.5534,64.1322],
[30.5536,64.1017],
[31.6571,64.143],
[31.9153,63.9531],
[33.0029,63.7849],
[32.6019,63.5424],
[32.4399,63.3127],
[33.1073,63.0811],
[33.5193,62.9165],
[33.3188,62.6514],
[33.5275,62.4082],
[33.0908,62.2129],
[32.7063,62.3107],
[32.7036,62.3005],
[32.6816,62.2954],
[32.6747,62.2842],
[32.708,62.2494],
[32.7025,62.2427],
[32.6888,62.2473],
[32.6775,62.2388],
[32.6778,62.2244],
[32.6284,62.2014],
[32.6215,62.1898],
[32.6234,62.1782],
[32.6443,62.1721],
[32.6653,62.1493],
[32.6586,62.1408],
[32.6715,62.0914],
[32.6565,62.0918],
[32.6675,62.0894],
[32.6768,62.0676],
[32.7266,62.0783],
[32.7393,62.0888],
[32.7575,62.0856],
[32.7678,62.0967],
[32.82,62.0859],
[32.8139,62.0788],
[32.8224,62.069],
[32.8059,62.0632],
[32.8195,62.057],
[32.8196,62.0463],
[32.7987,62.0309],
[32.8189,61.939],
[32.8189,61.8639],
[32.8052,61.8186],
[32.7447,61.8147],
[32.6624,61.8328],
[32.5662,61.9273],
[32.5333,61.9712],
[32.4152,62.0151],
[32.2284,62.0151],
[32.1515,62.0009],
[31.9633,61.948],
[31.9373,61.9532],
[31.8686,61.9377],
[31.8246,61.8969],
[31.8178,61.8639],
[31.8439,61.8069],
[31.9098,61.7211],
[32.0196,61.6508],
[32.157,61.5855],
[32.2668,61.4604],
[32.2682,61.4197],
[32.3163,61.3507],
[32.3328,61.3085],
[32.308,61.2762],
[32.2416,61.2158],
[32.2559,61.0709],
[31.7222,60.8812],
[31.2456,60.7112],
[30.7224,60.5235],
[30.722,60.5235],
[30.7038,60.5181],
[30.6753,60.4849],
[30.618,60.4769],
[30.5442,60.4436],
[30.5211,60.4538],
[30.5282,60.4645],
[30.5214,60.4673],
[30.4917,60.4499],
[30.4928,60.4441],
[30.4776,60.4369],
[30.482,60.4318],
[30.4525,60.4238],
[30.4369,60.4373],
[30.4394,60.4446],
[30.3614,60.4416],
[30.348,60.45],
[30.3096,60.4527],
[30.2981,60.4567],
[30.2876,60.4638],
[30.2742,60.4739],
[30.2436,60.4772],
[30.2165,60.4579],
[30.1902,60.458],
[30.1607,60.4685],
[30.1446,60.4839],
[30.1177,60.4853],
[30.1167,60.4916],
[30.0795,60.4885],
[30.0584,60.4961],
[30.0442,60.481],
[30.0557,60.4743],
[30.0631,60.469],
[30.0594,60.4609],
[30.0928,60.4491],
[30.0845,60.4381],
[30.1022,60.4139],
[30.0958,60.4014],
[30.1071,60.3961],
[30.0686,60.3614],
[30.0476,60.3474],
[30.0062,60.3575],
[29.9969,60.3509],
[30.0446,60.3089],
[30.0371,60.301],
[30.0554,60.2812],
[30.0266,60.2844],
[29.9837,60.2672],
[29.9491,60.2681],
[29.9434,60.2626],
[29.9484,60.2553],
[29.9296,60.2412],
[29.8633,60.2568],
[29.8494,60.2491],
[29.8495,60.2409],
[29.8595,60.2397],
[29.8614,60.2227],
[29.8499,60.2147],
[29.8659,60.1956],
[29.9124,60.1985],
[29.9198,60.1857],
[29.9514,60.177],
[30.0015,60.1619],
[30.0138,60.1532],
[29.9841,60.1231],
[29.9798,60.1116],
[29.988,60.1047],
[29.9897,60.072],
[29.9635,60.0579],
[29.8347,60.0549],
[29.6876,60.1121],
[29.6203,60.0817],
[29.5533,60.0622],
[29.5335,60.0397],
[29.5328,60.0118],
[29.4738,60.0091],
[29.3925,60.0247],
[29.2246,60.0412],
[29.0828,60.0325],
[29.0514,60.0213],
[29.0203,59.9961],
[28.979,59.9823],
[28.9546,59.9574],
[28.905,59.9303],
[28.8995,59.9123],
[28.9067,59.8921],
[28.9527,59.8548],
[28.8728,59.8548],
[28.7459,59.8381],
[28.6354,59.869],
[28.5948,59.8879],
[28.551,59.896],
[28.506,59.894],
[28.437,59.8727],
[28.3867,59.8467],
[28.3265,59.7562],
[28.2514,59.81],
[28.1292,59.8613],
[28.0662,59.8649],
[28.0065,59.8456],
[27.9829,59.8181],
[27.9824,59.7926],
[27.9396,59.7664],
[27.9309,59.7382],
[27.9033,59.7099],
[27.9004,59.6959],
[27.9084,59.6781],
[27.8963,59.6564],
[27.9015,59.6387],
[27.9204,59.6227],
[27.9991,59.5933],
[27.9966,59.5471],
[28.0894,59.5475],
[28.147,59.5378],
[28.3447,59.3738],
[28.2949,59.295],
[28.2513,59.2252],
[28.0591,59.1252],
[27.9055,59.0186],
[27.7383,58.9778],
[27.3567,58.788],
[27.5551,58.3686],
[27.4864,58.3066],
[27.4905,58.2192],
[27.6025,58.1175],
[27.6354,58.1004],
[27.7858,58.108],
[27.8306,58.0773],
[27.9149,58.0194],
[27.9739,57.9611],
[28.0193,57.9054],
[28.0421,57.862],
[28.0428,57.7773],
[27.9338,57.6735],
[27.7295,57.591],
[28.0124,57.3917],
[28.0948,57.0273],
[28.0144,56.9101],
[27.9649,56.8378],
[27.9713,56.8322],
[27.966,56.8269],
[27.9763,56.8249],
[27.9698,56.8206],
[27.9766,56.8117],
[27.9441,56.8027],
[27.9447,56.7768],
[27.9152,56.7733],
[27.9006,56.7599],
[27.9024,56.7465],
[27.914,56.7504],
[27.9178,56.7335],
[27.9626,56.7068],
[27.9805,56.7071],
[27.9786,56.6886],
[27.9948,56.6888],
[28.0125,56.6725],
[28.0114,56.6367],
[28.0388,56.6082],
[28.0431,56.5904],
[28.1274,56.5821],
[28.1435,56.5718],
[28.1372,56.5644],
[28.1411,56.5517],
[28.1055,56.5431],
[28.0924,56.5297],
[28.0947,56.5111],
[28.1259,56.516],
[28.1375,56.5082],
[28.1253,56.4975],
[28.1294,56.4907],
[28.1755,56.4541],
[28.1926,56.4488],
[28.1948,56.4412],
[28.1825,56.428],
[28.1946,56.4053],
[28.1632,56.3795],
[28.194,56.3579],
[28.2062,56.3227],
[28.2415,56.2787],
[28.218,56.2484],
[28.1854,56.2303],
[28.1876,56.2194],
[28.204,56.2146],
[28.1748,56.2048],
[28.1866,56.2002],
[28.1783,56.1791],
[28.1513,56.1702],
[28.1135,56.1625],
[28.0951,56.1503],
[28.0932,56.1365],
[28.0684,56.1403],
[28.045,56.1289],
[28.0446,56.1188],
[28.0088,56.1267],
[27.9719,56.1204],
[27.9697,56.1102],
[27.9411,56.0935],
[27.9356,56.0734],
[27.9049,56.0487],
[27.8738,56.0529],
[27.8388,56.038],
[27.8065,56.0354],
[27.8334,56.0238],
[27.817,56.008],
[27.8056,56.0078],
[27.8114,55.9918],
[27.8015,55.9819],
[27.7845,55.9758],
[27.7497,55.9789],
[27.653,55.9295],
[27.6532,55.9132],
[27.6247,55.8923],
[27.6397,55.8482],
[27.6155,55.7871],
[27.7699,55.8007],
[27.8264,55.82],
[27.8503,55.8171],
[27.884,55.8269],
[27.8857,55.8262],
[27.9228,55.8099],
[27.931,55.7876],
[27.9185,55.7622],
[27.9274,55.736],
[27.9238,55.714],
[27.9681,55.7009],
[27.993,55.6778],
[28.0843,55.66],
[28.1104,55.6329],
[28.1219,55.6025],
[28.1411,55.5866],
[28.3262,55.5389],
[28.2555,55.4637],
[28.2809,55.4559],
[28.2953,55.3932],
[28.2644,55.3889],
[28.2527,55.3701],
[28.3633,55.3498],
[28.3155,55.2554],
[28.2592,55.2235],
[28.2998,55.2139],
[28.3159,55.1798],
[28.2805,55.172],
[28.2774,55.1442],
[28.2177,55.1226],
[28.2469,55.0805],
[28.1755,54.9967],
[28.1214,54.9826],
[28.0838,54.9509],
[27.9561,54.9219],
[27.9161,54.9199],
[27.9168,54.8671],
[27.8133,54.8183],
[27.8043,54.7918],
[27.7745,54.7898],
[27.7116,54.7621],
[27.6972,54.746],
[27.7001,54.681],
[27.6758,54.6868],
[27.6291,54.6644],
[27.6193,54.648],
[27.5922,54.6326],
[27.6013,54.6116],
[27.563,54.6097],
[27.5427,54.5958],
[27.5139,54.5957],
[27.4576,54.5725],
[27.4463,54.5746],
[27.4476,54.5414],
[27.4281,54.5356],
[27.4298,54.5285],
[27.496,54.5135],
[27.4751,54.4379],
[27.4349,54.4217],
[27.5029,54.3864],
[27.4741,54.3067],
[27.3855,54.2456],
[27.3161,54.2432],
[27.2832,54.1415],
[27.2136,54.1385],
[27.2155,54.0899],
[27.1651,54.085],
[27.1685,54.0761],
[27.1881,54.0745],
[27.1726,54.0646],
[27.1894,54.0285],
[27.1802,54.0045],
[27.1246,54.012],
[27.0693,53.952],
[27.0312,53.9417],
[27.0277,53.9108],
[27.0185,53.8843],
[26.9491,53.8584],
[26.9352,53.8009],
[26.8743,53.7268],
[26.9083,53.6987],
[26.8894,53.68],
[26.9007,53.5929],
[26.9508,53.5338],
[26.9576,53.4534],
[26.9327,53.4341],
[26.9137,53.4406],
[26.8708,53.397],
[26.9052,53.3774],
[26.8135,53.0639]
]
],
[
[
[35.4548,64.83],
[35.4657,64.8023],
[35.5128,64.7783],
[35.5922,64.7692],
[35.6625,64.7754],
[35.7071,64.7927],
[35.7282,64.8218],
[35.7133,64.8474],
[35.6727,64.8664],
[35.592,64.8781],
[35.5307,64.8743],
[35.4744,64.8543],
[35.4548,64.83]
]
],
[
[
[42.3012,66.7645],
[42.3032,66.7294],
[42.3366,66.7043],
[42.4456,66.6541],
[42.5436,66.6304],
[42.6322,66.6122],
[42.7331,66.6194],
[42.7906,66.6464],
[42.812,66.6785],
[42.8123,66.6942],
[42.7874,66.7442],
[42.7331,66.785],
[42.5666,66.8279],
[42.4636,66.8305],
[42.392,66.8187],
[42.3322,66.7929],
[42.3012,66.7645]
]
],
[
[
[73,37.2978],
[73.0384,37.3051],
[73.0942,37.3248],
[73.1075,37.3407],
[73.1019,37.3443],
[73.1069,37.3627],
[73.1319,37.371],
[73.1496,37.4043],
[73.2177,37.4071],
[73.3016,37.4623],
[73.3643,37.462],
[73.3653,37.4468],
[73.372,37.444],
[73.4281,37.4689],
[73.5125,37.4745],
[73.5683,37.4525],
[73.6404,37.4335],
[73.7196,37.447],
[73.7759,37.4401],
[73.7746,37.3392],
[73.7051,37.3068],
[73.6542,37.3131],
[73.651,37.2843],
[73.6171,37.2705],
[73.6539,37.2367],
[73.6873,37.2539],
[73.7585,37.2218],
[73.7813,37.239],
[73.8288,37.2267],
[73.852,37.2576],
[73.9073,37.2826],
[73.9531,37.2749],
[73.9645,37.2986],
[74.015,37.2909],
[74.0259,37.3065],
[74.0623,37.3103],
[74.0668,37.3262],
[74.1,37.3179],
[74.1541,37.3412],
[74.1973,37.3352],
[74.2518,37.374],
[74.2296,37.3947],
[74.2423,37.415],
[74.3164,37.3987],
[74.3751,37.424],
[74.3902,37.3967],
[74.4179,37.3886],
[74.4396,37.4162],
[74.4676,37.4066],
[74.4658,37.4264],
[74.4944,37.396],
[74.5282,37.4088],
[74.554,37.3993],
[74.5661,37.3723],
[74.6376,37.3758],
[74.6892,37.4058],
[74.7061,37.384],
[74.8039,37.355],
[74.8768,37.2749],
[74.8899,37.2341],
[74.9154,37.2373],
[74.9189,37.2603],
[74.9105,37.275],
[74.9268,37.2841],
[74.952,37.2921],
[74.9838,37.2861],
[75.0774,37.3158],
[75.1251,37.3157],
[75.1217,37.3408],
[75.094,37.3714],
[75.154,37.4096],
[75.1416,37.4355],
[75.1254,37.4481],
[75.1253,37.466],
[75.0889,37.4844],
[75.0619,37.5255],
[75.0313,37.501],
[75.0116,37.525],
[74.9638,37.5383],
[74.9552,37.5545],
[74.944,37.5541],
[74.9321,37.5685],
[74.9308,37.5869],
[74.9394,37.6032],
[74.9259,37.6129],
[74.9249,37.627],
[74.9109,37.6348],
[74.897,37.6618],
[74.9018,37.6774],
[74.9333,37.6917],
[74.9227,37.7038],
[74.9265,37.7077],
[74.9595,37.7281],
[74.9671,37.7522],
[74.9841,37.7519],
[75.0099,37.7701],
[74.9869,37.8085],
[74.952,37.8088],
[74.9444,37.8242],
[74.9244,37.8291],
[74.913,37.8565],
[74.9375,37.8805],
[74.9376,37.8965],
[74.9129,37.9071],
[74.9214,37.9366],
[74.9079,37.9705],
[74.9175,37.9804],
[74.9165,38.0246],
[74.8926,38.0362],
[74.8833,38.0229],
[74.8683,38.0257],
[74.8684,38.0355],
[74.8528,38.0489],
[74.8542,38.0691],
[74.8337,38.0728],
[74.8203,38.0853],
[74.8185,38.1281],
[74.796,38.156],
[74.805,38.1723],
[74.7999,38.2025],
[74.771,38.1969],
[74.7582,38.2149],
[74.7067,38.2133],
[74.699,38.2284],
[74.6955,38.2645],
[74.704,38.2944],
[74.675,38.3514],
[74.676,38.3703],
[74.665,38.3818],
[74.6773,38.4032],
[74.6896,38.4081],
[74.6925,38.428],
[74.6559,38.4391],
[74.6445,38.4522],
[74.6227,38.4463],
[74.5063,38.4714],
[74.277,38.599],
[74.2575,38.6009],
[74.2378,38.6148],
[74.121,38.6412],
[74.1154,38.6104],
[74.0764,38.6105],
[74.0751,38.5878],
[74.0621,38.5784],
[74.0774,38.5525],
[74.0881,38.5488],
[74.0785,38.5325],
[74.0281,38.5427],
[73.9982,38.5219],
[73.9766,38.5366],
[73.9236,38.5426],
[73.8936,38.584],
[73.8605,38.5785],
[73.8015,38.6138],
[73.8093,38.637],
[73.8007,38.6488],
[73.8052,38.6639],
[73.78,38.6802],
[73.7747,38.7015],
[73.7659,38.7051],
[73.7698,38.7172],
[73.7439,38.7318],
[73.7558,38.7694],
[73.7676,38.7707],
[73.7678,38.7782],
[73.7297,38.8299],
[73.7298,38.8438],
[73.6946,38.8529],
[73.7042,38.861],
[73.6992,38.8778],
[73.712,38.8885],
[73.7108,38.9003],
[73.734,38.9106],
[73.7555,38.9419],
[73.7804,38.9421],
[73.7949,38.9289],
[73.8095,38.9331],
[73.8254,38.9172],
[73.8354,38.9215],
[73.854,38.9524],
[73.8442,38.9996],
[73.8209,39.0226],
[73.8124,39.0428],
[73.7905,39.0419],
[73.7849,39.0295],
[73.7653,39.0319],
[73.7548,39.0254],
[73.7368,39.0365],
[73.7322,39.0673],
[73.7105,39.0759],
[73.7207,39.1119],
[73.7066,39.1216],
[73.7065,39.1367],
[73.6781,39.1466],
[73.6891,39.16],
[73.684,39.164],
[73.6618,39.165],
[73.6607,39.1926],
[73.6409,39.2036],
[73.6346,39.2283],
[73.6135,39.2476],
[73.5847,39.2392],
[73.5593,39.2494],
[73.563,39.2713],
[73.5379,39.2778],
[73.5561,39.2967],
[73.5275,39.3109],
[73.5358,39.3162],
[73.5348,39.3231],
[73.5506,39.3345],
[73.5539,39.3434],
[73.5661,39.3459],
[73.5626,39.3517],
[73.4997,39.3817],
[73.5583,39.3937],
[73.5922,39.4114],
[73.5967,39.4256],
[73.5904,39.4346],
[73.6003,39.4597],
[73.6429,39.4744],
[73.675,39.4631],
[73.7256,39.4609],
[73.8246,39.4697],
[73.8744,39.4832],
[73.873,39.5131],
[73.892,39.5337],
[73.8781,39.543],
[73.916,39.5692],
[73.9111,39.5908],
[73.9474,39.5974],
[73.949,39.6219],
[73.9405,39.6426],
[73.9386,39.6622],
[73.9246,39.6855],
[73.9273,39.7048],
[73.9106,39.722],
[73.9198,39.7264],
[73.9041,39.7443],
[73.8701,39.7464],
[73.8668,39.7534],
[73.8379,39.7552],
[73.8322,39.7816],
[73.8429,39.8149],
[73.8586,39.8455],
[73.8788,39.8518],
[73.8828,39.8625],
[73.9071,39.8653],
[73.9215,39.9054],
[73.9067,39.9126],
[73.9072,39.9206],
[73.977,40.0048],
[73.9697,40.0149],
[73.9337,40.0234],
[73.9363,40.0318],
[73.983,40.0486],
[73.9972,40.045],
[74.0025,40.0633],
[74.0182,40.0708],
[74.0118,40.0797],
[74.0413,40.0995],
[74.0686,40.0775],
[74.092,40.0889],
[74.1064,40.0864],
[74.1231,40.1112],
[74.146,40.1051],
[74.1587,40.1157],
[74.2162,40.127],
[74.229,40.1211],
[74.2572,40.1336],
[74.2786,40.1043],
[74.3038,40.1148],
[74.3446,40.0935],
[74.3695,40.1036],
[74.3761,40.1162],
[74.3887,40.1178],
[74.4054,40.1354],
[74.4536,40.157],
[74.4983,40.2044],
[74.5255,40.209],
[74.5905,40.2822],
[74.6304,40.2838],
[74.6414,40.2722],
[74.6605,40.2729],
[74.6847,40.2894],
[74.6797,40.2998],
[74.7008,40.3251],
[74.6917,40.3499],
[74.7394,40.3483],
[74.8108,40.3499],
[74.8618,40.3238],
[74.8689,40.3336],
[74.9106,40.3453],
[74.8747,40.3666],
[74.8385,40.408],
[74.8018,40.4293],
[74.7876,40.4522],
[74.8083,40.4556],
[74.8194,40.4895],
[74.8164,40.5053],
[74.8378,40.5219],
[74.912,40.4975],
[74.928,40.4784],
[74.9871,40.4518],
[75.018,40.4666],
[75.0521,40.4444],
[75.0846,40.4427],
[75.0923,40.4349],
[75.1238,40.458],
[75.1409,40.4614],
[75.2068,40.4449],
[75.2386,40.4484],
[75.2386,40.4609],
[75.2602,40.4715],
[75.2565,40.4804],
[75.2857,40.4807],
[75.3025,40.4915],
[75.2998,40.5013],
[75.3074,40.5104],
[75.3296,40.5206],
[75.327,40.5314],
[75.3747,40.5483],
[75.4147,40.5554],
[75.4483,40.5797],
[75.4622,40.603],
[75.4738,40.6061],
[75.5169,40.6344],
[75.5778,40.6584],
[75.6028,40.6633],
[75.5956,40.6455],
[75.6121,40.6448],
[75.6114,40.6341],
[75.6319,40.6194],
[75.621,40.5971],
[75.6229,40.5467],
[75.6408,40.528],
[75.6464,40.5056],
[75.6674,40.4964],
[75.6873,40.4993],
[75.6924,40.4849],
[75.7236,40.4728],
[75.7064,40.4526],
[75.7101,40.4436],
[75.6801,40.4213],
[75.6612,40.3642],
[75.6634,40.3549],
[75.6816,40.3442],
[75.6852,40.323],
[75.7003,40.304],
[75.6902,40.2944],
[75.7003,40.2798],
[75.7182,40.2868],
[75.7342,40.3062],
[75.742,40.2948],
[75.7542,40.3028],
[75.7779,40.3006],
[75.8047,40.3132],
[75.8113,40.3244],
[75.8269,40.3271],
[75.8393,40.3125],
[75.8788,40.312],
[75.9075,40.3027],
[75.9115,40.2911],
[75.9298,40.3021],
[75.9252,40.3262],
[75.926,40.3344],
[75.9433,40.3414],
[75.959,40.3609],
[75.9547,40.3752],
[75.9906,40.3815],
[76.0091,40.3638],
[76.0175,40.3534],
[76.0459,40.3551],
[76.0376,40.3809],
[76.0688,40.3952],
[76.0951,40.3889],
[76.1314,40.3972],
[76.1841,40.3794],
[76.2278,40.4035],
[76.232,40.4142],
[76.2496,40.4177],
[76.2726,40.4389],
[76.2861,40.4292],
[76.2789,40.4125],
[76.2913,40.4081],
[76.3123,40.4061],
[76.3151,40.3941],
[76.327,40.3877],
[76.316,40.365],
[76.3377,40.3389],
[76.3656,40.3867],
[76.3802,40.3888],
[76.3839,40.3757],
[76.4398,40.3891],
[76.4565,40.4133],
[76.4943,40.4271],
[76.5049,40.4268],
[76.506,40.4451],
[76.5378,40.465],
[76.5401,40.5042],
[76.532,40.5088],
[76.5512,40.5324],
[76.5568,40.5524],
[76.6039,40.5902],
[76.6116,40.6108],
[76.6542,40.6218],
[76.6476,40.6484],
[76.6582,40.6635],
[76.6545,40.68],
[76.6728,40.6941],
[76.6611,40.7105],
[76.6493,40.7179],
[76.6396,40.7496],
[76.64,40.7618],
[76.6616,40.7716],
[76.6681,40.7827],
[76.6854,40.7767],
[76.7021,40.7873],
[76.7106,40.8135],
[76.7284,40.818],
[76.7175,40.8317],
[76.7187,40.8423],
[76.7319,40.8443],
[76.7243,40.854],
[76.7394,40.8757],
[76.7388,40.8925],
[76.7301,40.901],
[76.754,40.935],
[76.7534,40.9533],
[76.7915,40.96],
[76.8162,40.9768],
[76.853,40.9767],
[76.8476,40.9964],
[76.8746,41.0256],
[76.8931,41.0174],
[76.9269,41.0248],
[76.953,41.0402],
[76.9636,41.0584],
[76.9925,41.0719],
[77.0169,41.0577],
[77.0853,41.063],
[77.1068,41.0484],
[77.0999,41.0378],
[77.167,41.0107],
[77.1835,41.0102],
[77.1858,41.0233],
[77.2289,41.0306],
[77.245,41.0245],
[77.242,41.0144],
[77.2633,41.0139],
[77.2618,41.0046],
[77.285,41.0026],
[77.309,41.0091],
[77.3107,41.0181],
[77.3552,41.0407],
[77.3745,41.0398],
[77.3805,41.0282],
[77.4086,41.0387],
[77.4133,41.0267],
[77.4277,41.0209],
[77.4698,41.0214],
[77.4655,41.0015],
[77.4777,40.9958],
[77.551,41.0046],
[77.5833,40.9934],
[77.5865,41.0041],
[77.6108,41.0094],
[77.6249,41.0024],
[77.6469,41.0145],
[77.6608,41.0024],
[77.7003,41.0058],
[77.729,41.0214],
[77.7312,41.0301],
[77.7652,41.0148],
[77.7789,41.0218],
[77.7958,41.0487],
[77.8125,41.0431],
[77.8244,41.0585],
[77.805,41.0801],
[77.8047,41.1227],
[77.8315,41.1503],
[77.905,41.1838],
[77.9595,41.1902],
[77.9805,41.1831],
[77.9965,41.1925],
[78.0217,41.1932],
[78.055,41.214],
[78.1229,41.2284],
[78.1336,41.2457],
[78.1372,41.3123],
[78.1575,41.3403],
[78.1458,41.3667],
[78.1564,41.3819],
[78.2274,41.4008],
[78.278,41.3884],
[78.3086,41.3898],
[78.3209,41.3809],
[78.3361,41.395],
[78.3819,41.3916],
[78.3913,41.4016],
[78.3942,41.4124],
[78.4498,41.4132],
[78.5281,41.4395],
[78.5563,41.476],
[78.5797,41.4806],
[78.5847,41.469],
[78.62,41.4768],
[78.6451,41.4685],
[78.6628,41.4992],
[78.7035,41.5211],
[78.6896,41.5302],
[78.7019,41.5458],
[78.7246,41.555],
[78.7391,41.552],
[78.791,41.5639],
[78.8151,41.5586],
[78.8239,41.5716],
[78.8518,41.5796],
[78.8561,41.5949],
[78.8844,41.5956],
[78.8907,41.6102],
[78.922,41.6232],
[78.9185,41.6289],
[78.9294,41.6331],
[78.9281,41.6416],
[78.9733,41.6553],
[78.9877,41.6616],
[79.0175,41.6569],
[79.0293,41.6793],
[79.0833,41.6899],
[79.1113,41.7025],
[79.1246,41.7228],
[79.2172,41.7266],
[79.2289,41.7417],
[79.2491,41.7456],
[79.2483,41.7573],
[79.2739,41.7663],
[79.271,41.774],
[79.3228,41.8108],
[79.3522,41.7934],
[79.4094,41.8408],
[79.4653,41.8533],
[79.4875,41.8438],
[79.485,41.8373],
[79.5466,41.8389],
[79.6075,41.8568],
[79.6378,41.8935],
[79.74,41.9025],
[79.7687,41.8918],
[79.8026,41.9203],
[79.8023,41.937],
[79.8183,41.9504],
[79.8169,41.9651],
[79.8522,41.9857],
[79.846,42.0141],
[79.88,42.0344],
[79.9536,42.0453],
[80.0169,42.0418],
[80.0263,42.0491],
[80.0756,42.0462],
[80.1388,42.0303],
[80.2094,42.0423],
[80.2296,42.0606],
[80.2271,42.0659],
[80.1686,42.0979],
[80.1493,42.119],
[80.1519,42.1331],
[80.1383,42.1481],
[80.1408,42.1542],
[80.1638,42.1556],
[80.165,42.1922],
[80.1744,42.2108],
[80.1992,42.229],
[80.2433,42.2181],
[80.2825,42.2343],
[80.2804,42.2476],
[80.2892,42.2617],
[80.2796,42.2813],
[80.2595,42.2929],
[80.2602,42.3045],
[80.2839,42.3184],
[80.2828,42.3211],
[80.2377,42.3403],
[80.2266,42.3585],
[80.2379,42.3807],
[80.2275,42.3978],
[80.2334,42.4039],
[80.2145,42.4131],
[80.2152,42.4238],
[80.2045,42.4285],
[80.2127,42.4518],
[80.2076,42.469],
[80.2719,42.5112],
[80.2514,42.5136],
[80.2489,42.5239],
[80.2206,42.5329],
[80.1824,42.581],
[80.162,42.6305],
[80.1767,42.6714],
[80.2288,42.6961],
[80.223,42.713],
[80.2548,42.784],
[80.2612,42.824],
[80.2773,42.838],
[80.2929,42.8296],
[80.306,42.838],
[80.3166,42.8326],
[80.3282,42.8381],
[80.3345,42.8359],
[80.3257,42.8289],
[80.331,42.8246],
[80.336,42.8308],
[80.3541,42.8271],
[80.3624,42.8359],
[80.3645,42.8282],
[80.3769,42.8281],
[80.3914,42.8393],
[80.406,42.8296],
[80.4244,42.8414],
[80.4188,42.8433],
[80.4253,42.856],
[80.439,42.8526],
[80.4459,42.8613],
[80.4605,42.8554],
[80.461,42.8636],
[80.4716,42.8622],
[80.4743,42.8691],
[80.4992,42.8704],
[80.5014,42.8805],
[80.51,42.8729],
[80.5436,42.8866],
[80.5503,42.8787],
[80.5538,42.8869],
[80.5764,42.8878],
[80.5712,42.895],
[80.6017,42.8957],
[80.5857,42.9151],
[80.5533,42.932],
[80.4837,42.9467],
[80.396,42.9946],
[80.3808,43.0224],
[80.3764,43.0314],
[80.3842,43.0459],
[80.4116,43.0576],
[80.4584,43.0757],
[80.4834,43.0698],
[80.5368,43.0993],
[80.5489,43.0977],
[80.591,43.1386],
[80.6025,43.1352],
[80.6084,43.1421],
[80.6575,43.1499],
[80.6751,43.1433],
[80.7042,43.1458],
[80.7181,43.134],
[80.7435,43.147],
[80.7883,43.1418],
[80.7952,43.1713],
[80.8073,43.1773],
[80.7861,43.2019],
[80.7826,43.2259],
[80.7898,43.2385],
[80.7651,43.267],
[80.7749,43.2966],
[80.7785,43.3114],
[80.7665,43.3163],
[80.698,43.3162],
[80.6832,43.3287],
[80.7049,43.3529],
[80.7049,43.3645],
[80.7351,43.3932],
[80.7353,43.4338],
[80.7564,43.4481],
[80.7139,43.533],
[80.6313,43.6625],
[80.5877,43.7243],
[80.5226,43.8227],
[80.5215,43.8572],
[80.5044,43.8747],
[80.5118,43.8842],
[80.5087,43.9068],
[80.4907,43.9146],
[80.4884,43.9262],
[80.4717,43.9368],
[80.4836,43.9553],
[80.4563,43.9748],
[80.4617,43.9774],
[80.4526,43.9844],
[80.4475,44.0092],
[80.455,44.0192],
[80.4516,44.0284],
[80.4582,44.03],
[80.4487,44.0337],
[80.4553,44.0453],
[80.4359,44.0816],
[80.3962,44.1101],
[80.4025,44.1558],
[80.3956,44.1943],
[80.4007,44.2134],
[80.4035,44.268],
[80.3771,44.4113],
[80.3669,44.4412],
[80.3494,44.4605],
[80.3469,44.4827],
[80.3682,44.5041],
[80.3705,44.5319],
[80.3936,44.5673],
[80.3913,44.5915],
[80.4107,44.6098],
[80.3686,44.654],
[80.3506,44.6657],
[80.3379,44.689],
[80.3134,44.7033],
[80.2374,44.721],
[80.1928,44.7497],
[80.1967,44.7619],
[80.1732,44.7936],
[80.1834,44.8235],
[80.1671,44.8275],
[80.1651,44.8405],
[80.1568,44.8416],
[80.1462,44.8267],
[80.1278,44.8231],
[80.1142,44.8098],
[80.0781,44.8127],
[80.0495,44.8011],
[80.0301,44.8034],
[80.0063,44.7902],
[79.9933,44.7949],
[79.9952,44.8236],
[79.9558,44.8503],
[79.9447,44.85],
[79.9461,44.8663],
[79.9638,44.882],
[79.9322,44.8875],
[79.9143,44.9011],
[79.8859,44.8936],
[79.882,44.9107],
[79.9047,44.9287],
[79.9438,44.9378],
[79.9452,44.9522],
[80.047,45.0021],
[80.0618,45.036],
[80.087,45.0333],
[80.0901,45.0469],
[80.1122,45.0484],
[80.1283,45.0393],
[80.1395,45.0574],
[80.1679,45.0388],
[80.1823,45.0417],
[80.1948,45.0272],
[80.2135,45.0233],
[80.2325,45.0332],
[80.2403,45.0277],
[80.2607,45.054],
[80.317,45.07],
[80.3276,45.068],
[80.3452,45.041],
[80.3818,45.0399],
[80.4033,45.0476],
[80.4073,45.0577],
[80.4398,45.0774],
[80.4374,45.0972],
[80.4796,45.1152],
[80.4889,45.1265],
[80.5117,45.106],
[80.5615,45.1128],
[80.6001,45.1044],
[80.6245,45.118],
[80.6345,45.1148],
[80.6967,45.1329],
[80.7048,45.1434],
[80.7264,45.154],
[80.7111,45.1702],
[80.728,45.1712],
[80.7733,45.1436],
[80.7949,45.1503],
[80.8335,45.1405],
[80.8543,45.1261],
[80.8771,45.131],
[80.8966,45.1247],
[80.929,45.1576],
[80.9517,45.1604],
[80.9569,45.1676],
[80.9966,45.1583],
[81.0554,45.1778],
[81.07,45.1724],
[81.0832,45.1944],
[81.1091,45.2011],
[81.1007,45.2152],
[81.1066,45.2219],
[81.1617,45.2056],
[81.1698,45.2128],
[81.1665,45.2243],
[81.2184,45.2362],
[81.2285,45.2482],
[81.2692,45.2367],
[81.3065,45.2468],
[81.3071,45.2541],
[81.3517,45.261],
[81.3767,45.2529],
[81.3884,45.271],
[81.421,45.2836],
[81.4518,45.2622],
[81.4768,45.2756],
[81.4945,45.2754],
[81.5215,45.2825],
[81.5347,45.3059],
[81.5734,45.3074],
[81.5688,45.3253],
[81.5921,45.3405],
[81.6127,45.3419],
[81.6324,45.3566],
[81.6677,45.3515],
[81.6949,45.3691],
[81.7137,45.3589],
[81.7337,45.3657],
[81.7316,45.3747],
[81.7586,45.3722],
[81.7718,45.386],
[81.785,45.3798],
[81.8271,45.3337],
[81.8316,45.3158],
[81.8849,45.2786],
[81.923,45.2287],
[81.9418,45.2362],
[82.0092,45.2336],
[82.0443,45.2542],
[82.0905,45.2455],
[82.081,45.2352],
[82.0818,45.2229],
[82.1001,45.2023],
[82.1138,45.202],
[82.1512,45.2218],
[82.2802,45.2399],
[82.3061,45.2346],
[82.3364,45.2077],
[82.4554,45.1874],
[82.4749,45.177],
[82.5601,45.2035],
[82.5802,45.2185],
[82.5877,45.3447],
[82.5585,45.3944],
[82.5428,45.421],
[82.4377,45.4597],
[82.28,45.5351],
[82.2708,45.5505],
[82.2604,45.6182],
[82.2827,45.6494],
[82.2881,45.7088],
[82.3451,45.7957],
[82.3454,45.839],
[82.33,45.8869],
[82.3407,45.9081],
[82.3357,45.9392],
[82.3757,45.9641],
[82.4561,45.9772],
[82.5119,46.1546],
[82.612,46.305],
[82.7254,46.493],
[82.7682,46.6038],
[82.7821,46.6689],
[82.786,46.6809],
[82.8295,46.7774],
[82.8685,46.7991],
[82.8687,46.823],
[82.9222,46.9403],
[82.9381,47.016],
[82.952,47.0204],
[82.9658,47.0347],
[82.9686,47.0487],
[82.9918,47.0625],
[82.9922,47.0632],
[83.0104,47.1144],
[83.0031,47.1208],
[83.0196,47.1329],
[83.0123,47.1472],
[83.0281,47.162],
[83.0282,47.2175],
[83.0323,47.2237],
[83.0422,47.215],
[83.0632,47.2277],
[83.0941,47.2238],
[83.1509,47.2347],
[83.1737,47.2204],
[83.1979,47.2174],
[83.2078,47.2111],
[83.2149,47.1907],
[83.2365,47.1891],
[83.2422,47.1784],
[83.2801,47.1752],
[83.2931,47.182],
[83.3355,47.17],
[83.3649,47.1778],
[83.3653,47.163],
[83.3863,47.1502],
[83.4135,47.116],
[83.4293,47.1148],
[83.4299,47.1232],
[83.4515,47.1317],
[83.4708,47.128],
[83.4631,47.1213],
[83.4812,47.1175],
[83.4823,47.1093],
[83.5059,47.1095],
[83.525,47.0852],
[83.566,47.0781],
[83.5597,47.0611],
[83.5651,47.0564],
[83.5902,47.0589],
[83.6067,47.0468],
[83.6219,47.0485],
[83.6387,47.0436],
[83.6956,47.0358],
[83.698,47.0178],
[83.7074,47.0177],
[83.7473,47.0328],
[83.758,47.0242],
[83.8291,47.0104],
[83.8373,47.0034],
[83.835,46.9947],
[83.8464,46.9954],
[83.8697,46.9954],
[83.8708,46.987],
[83.8794,46.9866],
[83.892,46.9884],
[83.9048,46.9808],
[83.9021,46.9751],
[83.9164,46.9728],
[83.9262,46.9847],
[83.9515,46.9912],
[83.9607,46.9824],
[83.9865,46.9957],
[84.046,46.9703],
[84.0833,46.9692],
[84.1268,46.9676],
[84.1583,46.9809],
[84.1657,46.9943],
[84.2011,47.0023],
[84.2383,47.0004],
[84.2808,47.0002],
[84.3792,46.996],
[84.4009,47.0056],
[84.458,47.0087],
[84.4603,46.9933],
[84.4843,46.9926],
[84.5102,46.975],
[84.5794,46.9996],
[84.6305,46.9947],
[84.6861,47.0047],
[84.752,47.0049],
[84.7757,46.9918],
[84.7823,46.9737],
[84.8138,46.9573],
[84.8401,46.9571],
[84.8594,46.9457],
[84.8585,46.9279],
[84.9057,46.8985],
[84.9155,46.88],
[84.9389,46.8663],
[84.9442,46.8629],
[84.979,46.873],
[84.9733,46.887],
[84.9829,46.9151],
[85.0005,46.9209],
[85.0781,46.931],
[85.0852,46.9496],
[85.0788,46.9579],
[85.1191,46.9699],
[85.1455,46.9893],
[85.1668,46.9866],
[85.1779,46.9942],
[85.1762,47.004],
[85.1941,47.0126],
[85.2148,47.0514],
[85.2615,47.0499],
[85.2748,47.0564],
[85.2764,47.0688],
[85.2994,47.065],
[85.307,47.0509],
[85.3235,47.0429],
[85.3457,47.0548],
[85.3842,47.0463],
[85.4124,47.0598],
[85.4615,47.064],
[85.4811,47.0531],
[85.5347,47.0491],
[85.5332,47.0698],
[85.5444,47.0796],
[85.5481,47.1061],
[85.5743,47.1258],
[85.5796,47.1416],
[85.6406,47.1846],
[85.6499,47.2056],
[85.6823,47.2228],
[85.6889,47.2404],
[85.68,47.2509],
[85.6987,47.2887],
[85.685,47.3075],
[85.6727,47.3179],
[85.6856,47.33],
[85.6879,47.3652],
[85.6981,47.367],
[85.7021,47.3821],
[85.6851,47.3974],
[85.6834,47.4299],
[85.6659,47.4481],
[85.6499,47.4532],
[85.6373,47.4721],
[85.6243,47.486],
[85.6107,47.5021],
[85.6102,47.5151],
[85.6091,47.5329],
[85.6143,47.5405],
[85.6081,47.5815],
[85.5519,47.9518],
[85.5474,47.9822],
[85.5373,47.992],
[85.5399,48.0201],
[85.5268,48.0239],
[85.5327,48.0306],
[85.5292,48.0433],
[85.5419,48.0535],
[85.5345,48.0708],
[85.5483,48.0793],
[85.5449,48.1052],
[85.5546,48.1065],
[85.5468,48.1147],
[85.5505,48.1291],
[85.5584,48.1257],
[85.564,48.1328],
[85.5536,48.1394],
[85.5743,48.1575],
[85.5886,48.1966],
[85.6235,48.2027],
[85.6327,48.2335],
[85.6507,48.2465],
[85.6594,48.2418],
[85.6755,48.2641],
[85.6823,48.2919],
[85.6945,48.3007],
[85.691,48.329],
[85.7142,48.3494],
[85.7171,48.365],
[85.7527,48.3896],
[85.7559,48.403],
[85.7995,48.4161],
[85.9117,48.4362],
[86.2323,48.4322],
[86.251,48.4526],
[86.2677,48.4516],
[86.2827,48.4723],
[86.2969,48.477],
[86.3007,48.4905],
[86.3595,48.4907],
[86.375,48.5014],
[86.407,48.4787],
[86.5359,48.5235],
[86.5817,48.5395],
[86.5966,48.5555],
[86.5939,48.575],
[86.6119,48.5971],
[86.6291,48.605],
[86.635,48.6265],
[86.689,48.64],
[86.7005,48.6689],
[86.773,48.7204],
[86.7778,48.7358],
[86.7512,48.7779],
[86.7533,48.7877],
[86.7616,48.8047],
[86.8192,48.8331],
[86.8163,48.8566],
[86.7839,48.8749],
[86.7752,48.8895],
[86.7514,48.8961],
[86.7405,48.9153],
[86.7267,48.9512],
[86.7288,48.9941],
[86.7663,49.0256],
[86.8318,49.0521],
[86.8475,49.0653],
[86.8435,49.1006],
[86.8963,49.1348],
[86.9437,49.13],
[86.9993,49.1427],
[87.0498,49.1301],
[87.065,49.1342],
[87.0825,49.1311],
[87.101,49.1404],
[87.1041,49.1511],
[87.1418,49.1524],
[87.1687,49.1389],
[87.2,49.1429],
[87.215,49.1303],
[87.2135,49.1228],
[87.2303,49.1144],
[87.2858,49.1159],
[87.3175,49.1025],
[87.3763,49.0934],
[87.4266,49.0695],
[87.4684,49.0908],
[87.4852,49.0857],
[87.5041,49.0916],
[87.5082,49.1054],
[87.4918,49.1262],
[87.4917,49.1383],
[87.5232,49.1444],
[87.5641,49.135],
[87.6074,49.1568],
[87.6333,49.1482],
[87.662,49.1517],
[87.695,49.1757],
[87.7215,49.1793],
[87.7499,49.1694],
[87.7832,49.1799],
[87.8145,49.1702],
[87.8232,49.1778],
[87.875,49.1714],
[87.9244,49.1737],
[87.9566,49.1855],
[87.9884,49.183],
[88.018,49.2263],
[88.0572,49.242],
[88.0526,49.2568],
[88.0816,49.2607],
[88.0849,49.2552],
[88.1067,49.2566],
[88.1263,49.2786],
[88.1701,49.2936],
[88.1581,49.3165],
[88.17,49.3255],
[88.1544,49.3372],
[88.1656,49.3404],
[88.1605,49.3628],
[88.1241,49.3729],
[88.1171,49.3794],
[88.1191,49.3913],
[88.1844,49.4159],
[88.1782,49.4354],
[88.1656,49.4455],
[88.2218,49.4797],
[88.2374,49.4746],
[88.2632,49.4824],
[88.2977,49.4709],
[88.3179,49.4751],
[88.3258,49.4849],
[88.3312,49.4935],
[88.368,49.4838],
[88.4059,49.4946],
[88.445,49.4726],
[88.4756,49.4713],
[88.5561,49.4909],
[88.5909,49.5012],
[88.6323,49.4954],
[88.6836,49.4622],
[88.7328,49.4515],
[88.7496,49.4603],
[88.8022,49.4604],
[88.8429,49.4416],
[88.8628,49.4595],
[88.8534,49.4667],
[88.8686,49.4674],
[88.8801,49.4781],
[88.8571,49.4918],
[88.8749,49.5014],
[88.8797,49.5138],
[88.8777,49.5409],
[88.8696,49.5467],
[88.9001,49.559],
[88.9295,49.5429],
[88.9326,49.5168],
[88.9595,49.5],
[88.96,49.4776],
[88.9708,49.4657],
[88.9845,49.4637],
[89.0136,49.4696],
[89.035,49.4861],
[89.0846,49.4861],
[89.1476,49.5021],
[89.1621,49.5174],
[89.2009,49.5228],
[89.2327,49.5537],
[89.1915,49.586],
[89.1996,49.6043],
[89.1824,49.6229],
[89.1888,49.6325],
[89.2188,49.642],
[89.2506,49.6423],
[89.345,49.5918],
[89.3475,49.5826],
[89.391,49.5953],
[89.3846,49.6062],
[89.4075,49.6222],
[89.4274,49.6194],
[89.4589,49.665],
[89.4774,49.6618],
[89.5033,49.6698],
[89.5467,49.6845],
[89.5892,49.6819],
[89.6608,49.6999],
[89.6778,49.7143],
[89.7192,49.7283],
[89.7136,49.7412],
[89.7208,49.7523],
[89.7124,49.7618],
[89.7191,49.7719],
[89.7119,49.7901],
[89.6735,49.7835],
[89.6245,49.8064],
[89.625,49.818],
[89.651,49.8264],
[89.6398,49.8355],
[89.6432,49.8434],
[89.6304,49.8452],
[89.6117,49.8635],
[89.6149,49.8778],
[89.6308,49.8853],
[89.6309,49.8993],
[89.5936,49.9123],
[89.706,49.9439],
[89.8614,49.9594],
[89.8828,49.953],
[89.9748,49.9713],
[90.0173,49.9905],
[90.022,50.0012],
[90.0316,49.9986],
[90.0307,50.0078],
[90.0051,50.0318],
[90.0023,50.0542],
[90.0077,50.0579],
[90.0669,50.0831],
[90.1652,50.1082],
[90.2088,50.1027],
[90.2852,50.1109],
[90.329,50.1522],
[90.3587,50.1634],
[90.3889,50.1926],
[90.4121,50.1991],
[90.4389,50.195],
[90.4815,50.2103],
[90.4834,50.2282],
[90.5443,50.2432],
[90.5807,50.2439],
[90.6182,50.224],
[90.6489,50.2255],
[90.6733,50.2143],
[90.7308,50.2434],
[90.7064,50.3129],
[90.7165,50.3153],
[90.7726,50.3377],
[90.7956,50.3264],
[90.8293,50.3569],
[90.8481,50.3454],
[90.8785,50.3569],
[90.9056,50.3482],
[90.9119,50.3645],
[90.9023,50.3922],
[90.9069,50.4139],
[90.9989,50.4296],
[91.0932,50.436],
[91.16,50.4201],
[91.2933,50.4696],
[91.32,50.4709],
[91.4094,50.4506],
[91.4005,50.4765],
[91.4396,50.4906],
[91.459,50.5084],
[91.4549,50.5485],
[91.5247,50.562],
[91.5225,50.5708],
[91.534,50.5726],
[91.5343,50.5814],
[91.6374,50.5836],
[91.6499,50.5862],
[91.6503,50.593],
[91.6611,50.6401],
[91.7233,50.6975],
[91.7503,50.699],
[91.8551,50.7338],
[92.0143,50.7071],
[92.0723,50.6964],
[92.2029,50.7147],
[92.2667,50.7287],
[92.2902,50.7475],
[92.3159,50.754],
[92.3181,50.7828],
[92.303,50.8099],
[92.3291,50.8276],
[92.3129,50.8767],
[92.3608,50.8843],
[92.402,50.86],
[92.4085,50.8516],
[92.4049,50.8292],
[92.421,50.8111],
[92.4697,50.7889],
[92.4899,50.7857],
[92.5615,50.7993],
[92.6002,50.7851],
[92.6183,50.7678],
[92.6025,50.7201],
[92.6278,50.7034],
[92.7067,50.7082],
[92.7339,50.7193],
[92.7611,50.7336],
[92.7566,50.7759],
[92.7877,50.8056],
[92.8539,50.8098],
[92.9403,50.7875],
[92.9588,50.7944],
[93.0034,50.7919],
[93.0319,50.768],
[93.0229,50.7162],
[92.9776,50.679],
[92.9752,50.6696],
[92.9783,50.6664],
[93.0078,50.6377],
[93.0498,50.6011],
[93.0766,50.6007],
[93.1107,50.5863],
[93.1401,50.5983],
[93.1911,50.5989],
[93.225,50.5898],
[93.249,50.5941],
[93.2533,50.605],
[93.2717,50.6102],
[93.3226,50.6148],
[93.3877,50.6314],
[93.4653,50.6271],
[93.5051,50.6164],
[93.5178,50.6126],
[93.5204,50.6036],
[93.5324,50.6086],
[93.5366,50.6006],
[93.5531,50.6033],
[93.5582,50.6122],
[93.5627,50.6029],
[93.5737,50.6097],
[93.5817,50.605],
[93.636,50.6071],
[93.667,50.5905],
[93.7034,50.5862],
[93.8562,50.6011],
[93.941,50.5899],
[93.9944,50.6048],
[94.031,50.5967],
[94.2404,50.5878],
[94.2837,50.5719],
[94.3047,50.5259],
[94.3415,50.5012],
[94.3631,50.3786],
[94.3891,50.2151],
[94.4208,50.1919],
[94.4432,50.1898],
[94.4542,50.1929],
[94.4808,50.1909],
[94.5203,50.1743],
[94.5309,50.1515],
[94.5222,50.141],
[94.5301,50.1359],
[94.5498,50.1154],
[94.6013,50.0702],
[94.6145,50.0356],
[94.6223,50.0355],
[94.675,50.0372],
[94.7607,50.0549],
[94.9992,50.0443],
[94.9973,50.0146],
[95.0165,49.9805],
[95.0816,49.9629],
[95.4259,49.9576],
[95.497,49.9109],
[95.5054,49.9073],
[95.532,49.8972],
[95.5537,49.9108],
[95.5723,49.9443],
[95.653,49.9561],
[95.6661,49.9643],
[95.707,49.959],
[95.7326,49.9597],
[95.7415,49.9675],
[95.7956,49.9641],
[95.7888,49.984],
[95.7636,49.9975],
[95.7602,50.0077],
[95.7907,50.0354],
[95.796,50.0307],
[95.8609,50.0436],
[95.8927,50.0315],
[95.9161,50.021],
[95.9065,50.0086],
[95.9101,49.9968],
[95.9352,49.9968],
[95.9676,49.9711],
[95.9964,49.9758],
[96.0175,50.0034],
[96.0662,50.0127],
[96.0829,50.0099],
[96.1069,49.9891],
[96.1974,49.9883],
[96.2215,49.9771],
[96.2607,49.9766],
[96.2807,49.9555],
[96.2998,49.9542],
[96.3,49.9449],
[96.3251,49.9487],
[96.3366,49.9428],
[96.3376,49.9316],
[96.3473,49.926],
[96.3398,49.9151],
[96.3483,49.9053],
[96.4245,49.8758],
[96.4615,49.8952],
[96.4591,49.9078],
[96.4738,49.9178],
[96.5003,49.9255],
[96.5119,49.9413],
[96.5254,49.9442],
[96.5552,49.94],
[96.5881,49.8851],
[96.6031,49.8737],
[96.7092,49.9287],
[96.7409,49.9076],
[96.8193,49.9111],
[96.8516,49.8957],
[96.995,49.893],
[96.9973,49.8575],
[97.0101,49.8334],
[97.1197,49.8196],
[97.1311,49.8116],
[97.1194,49.7925],
[97.1305,49.7911],
[97.1791,49.7775],
[97.2311,49.7429],
[97.2555,49.7505],
[97.3179,49.7518],
[97.3352,49.7578],
[97.3368,49.7687],
[97.361,49.7822],
[97.3842,49.7772],
[97.3992,49.7865],
[97.4216,49.7807],
[97.466,49.8029],
[97.4967,49.8064],
[97.5104,49.8147],
[97.5199,49.8341],
[97.5423,49.8449],
[97.5577,49.8436],
[97.561,49.8546],
[97.5806,49.8584],
[97.5865,49.883],
[97.5673,49.905],
[97.5783,49.9139],
[97.5548,49.9226],
[97.5716,49.9408],
[97.6157,49.9375],
[97.6781,49.9618],
[97.7004,49.9611],
[97.7098,49.9747],
[97.739,49.9788],
[97.7621,50.0005],
[97.7804,49.9936],
[97.7809,49.9755],
[97.7925,49.9587],
[97.815,49.9507],
[97.8296,49.923],
[97.8701,49.918],
[97.8949,49.929],
[97.8678,49.9539],
[97.8715,49.9755],
[97.8978,49.984],
[97.9342,49.9781],
[97.9783,50.0018],
[97.989,50.0226],
[98.0306,50.0346],
[98.0699,50.0359],
[98.0637,50.07],
[98.1027,50.0775],
[98.1204,50.1002],
[98.1127,50.1387],
[98.1491,50.1343],
[98.1823,50.1581],
[98.1849,50.1725],
[98.1697,50.1968],
[98.172,50.2051],
[98.2293,50.2387],
[98.2335,50.2612],
[98.2482,50.2728],
[98.2521,50.2933],
[98.266,50.3067],
[98.3081,50.3233],
[98.3046,50.3378],
[98.2942,50.3389],
[98.2852,50.3432],
[98.2991,50.35],
[98.2997,50.3614],
[98.2706,50.3985],
[98.2831,50.4045],
[98.2739,50.4093],
[98.2999,50.4409],
[98.2983,50.4522],
[98.3217,50.4682],
[98.3281,50.4763],
[98.3226,50.4911],
[98.3233,50.4952],
[98.2995,50.4978],
[98.288,50.5249],
[98.2728,50.5389],
[98.1872,50.5575],
[98.1243,50.5932],
[98.096,50.599],
[98.0252,50.6551],
[98.0236,50.6639],
[98.008,50.6692],
[98.0245,50.6919],
[97.9974,50.6989],
[97.991,50.733],
[97.9708,50.7499],
[97.9786,50.7841],
[97.9497,50.8081],
[97.9849,50.8212],
[97.9889,50.8327],
[98.0087,50.8365],
[98.0333,50.8647],
[98.0158,50.8745],
[97.9987,50.8757],
[97.9851,50.8905],
[97.9645,50.8894],
[97.9598,50.9006],
[97.9474,50.9011],
[97.9507,50.9076],
[97.9423,50.915],
[97.9354,50.9113],
[97.8867,50.9304],
[97.8793,50.9461],
[97.8565,50.9617],
[97.8619,50.975],
[97.8525,50.9936],
[97.8246,51.0098],
[97.8321,51.0256],
[97.8712,51.0514],
[97.8674,51.0648],
[97.8775,51.0683],
[97.8788,51.0773],
[97.8715,51.0802],
[97.8816,51.0966],
[97.894,51.1053],
[97.9011,51.1174],
[97.8966,51.1214],
[97.8991,51.1494],
[97.9175,51.155],
[97.9186,51.1702],
[97.9393,51.202],
[97.9347,51.2179],
[97.9458,51.2324],
[97.9408,51.2632],
[97.962,51.2758],
[97.9535,51.3342],
[97.9772,51.3649],
[97.9873,51.365],
[98.0211,51.3941],
[98.049,51.4365],
[98.0501,51.4502],
[98.126,51.4713],
[98.1809,51.4546],
[98.1866,51.4618],
[98.2241,51.4567],
[98.2269,51.4621],
[98.2563,51.5117],
[98.2574,51.5296],
[98.2341,51.5476],
[98.245,51.58],
[98.2204,51.587],
[98.2232,51.5951],
[98.2477,51.5971],
[98.2748,51.6161],
[98.3284,51.6973],
[98.3559,51.7011],
[98.354,51.7315],
[98.3785,51.7398],
[98.4523,51.7366],
[98.5156,51.7739],
[98.5328,51.7981],
[98.5546,51.7902],
[98.6038,51.7937],
[98.6124,51.8063],
[98.6645,51.8258],
[98.6805,51.8203],
[98.7643,51.8699],
[98.7799,51.9418],
[98.809,51.9581],
[98.8071,52],
[98.8196,52.0147],
[98.8065,52.0255],
[98.8413,52.0588],
[98.8397,52.0983],
[98.8572,52.1136],
[98.8542,52.129],
[98.9111,52.1496],
[98.9692,52.1426],
[98.9812,52.1272],
[98.9796,52.1154],
[99.0006,52.0996],
[98.9974,52.0865],
[99.0101,52.0797],
[99.0046,52.0747],
[99.0255,52.0657],
[99.0717,52.0695],
[99.083,52.0637],
[99.0854,52.0503],
[99.1038,52.0494],
[99.1281,52.0246],
[99.1736,52.0356],
[99.2179,52.0276],
[99.2366,52.0126],
[99.2761,52.0186],
[99.2805,52.0127],
[99.2686,51.9973],
[99.2826,51.9869],
[99.2631,51.9765],
[99.3055,51.9575],
[99.3364,51.9568],
[99.3649,51.94],
[99.3679,51.9538],
[99.3885,51.955],
[99.3895,51.9639],
[99.401,51.9659],
[99.4114,51.9531],
[99.4374,51.9561],
[99.4626,51.949],
[99.48,51.9555],
[99.4983,51.9514],
[99.5199,51.9685],
[99.5467,51.9601],
[99.54,51.9523],
[99.5689,51.9334],
[99.601,51.9242],
[99.5998,51.9043],
[99.6138,51.8791],
[99.6257,51.8927],
[99.665,51.9044],
[99.6827,51.8877],
[99.6954,51.9],
[99.8046,51.9137],
[99.828,51.8832],
[99.8279,51.8573],
[99.8195,51.8478],
[99.8476,51.835],
[99.8454,51.8207],
[99.8308,51.8068],
[99.8644,51.8055],
[99.8692,51.7775],
[99.8837,51.7615],
[99.8982,51.7596],
[99.9165,51.7376],
[99.9275,51.748],
[99.9645,51.7418],
[99.9798,51.7547],
[100.0087,51.7399],
[100.0614,51.7327],
[100.1034,51.7546],
[100.1387,51.7593],
[100.201,51.743],
[100.262,51.7504],
[100.2806,51.7375],
[100.2961,51.7428],
[100.3125,51.7368],
[100.3871,51.7383],
[100.4144,51.7479],
[100.4103,51.73],
[100.4438,51.7264],
[100.4529,51.7384],
[100.5289,51.7501],
[100.5355,51.7361],
[100.5865,51.7405],
[100.5974,51.7186],
[100.6231,51.7255],
[100.6562,51.7268],
[100.6573,51.7143],
[100.6685,51.7067],
[100.6929,51.7102],
[100.7345,51.6797],
[100.8102,51.6621],
[100.8228,51.6485],
[100.8507,51.648],
[100.8627,51.6417],
[100.8569,51.6337],
[100.9298,51.6068],
[100.9579,51.6159],
[100.9902,51.6128],
[101.0223,51.5872],
[101.0146,51.5804],
[101.0174,51.5703],
[101.0598,51.5712],
[101.0787,51.5598],
[101.1044,51.5912],
[101.1024,51.5792],
[101.1304,51.5481],
[101.1325,51.5242],
[101.1433,51.5201],
[101.1935,51.5224],
[101.2382,51.5466],
[101.2601,51.5426],
[101.2842,51.5081],
[101.3414,51.4895],
[101.3661,51.4716],
[101.3578,51.4677],
[101.3701,51.4558],
[101.4389,51.4557],
[101.4588,51.4707],
[101.4596,51.4912],
[101.4998,51.5033],
[101.5563,51.4928],
[101.5677,51.4699],
[101.5848,51.4812],
[101.6223,51.4692],
[101.615,51.4543],
[101.619,51.44],
[101.7491,51.4553],
[101.8041,51.4382],
[101.8285,51.4152],
[101.8637,51.417],
[101.8665,51.4086],
[101.8847,51.4085],
[101.8888,51.4008],
[101.9123,51.4144],
[101.9519,51.4137],
[101.9715,51.3927],
[101.9878,51.3951],
[102.002,51.3867],
[102.0221,51.3958],
[102.1243,51.3616],
[102.125,51.3488],
[102.1447,51.3418],
[102.184,51.295],
[102.1501,51.2795],
[102.1156,51.2878],
[102.1173,51.2559],
[102.1045,51.2465],
[102.143,51.2204],
[102.1278,51.21],
[102.1657,51.1814],
[102.1351,51.1742],
[102.1356,51.1592],
[102.1233,51.1391],
[102.135,51.1313],
[102.1328,51.1105],
[102.1402,51.0994],
[102.1699,51.0962],
[102.1641,51.0844],
[102.1492,51.0795],
[102.1511,51.0573],
[102.2036,51.0395],
[102.2302,50.9766],
[102.243,50.9749],
[102.2138,50.9538],
[102.225,50.9376],
[102.2177,50.93],
[102.2411,50.9175],
[102.2454,50.902],
[102.212,50.8758],
[102.221,50.8518],
[102.2096,50.8417],
[102.2205,50.8281],
[102.2097,50.817],
[102.2419,50.7975],
[102.2738,50.7931],
[102.3233,50.7516],
[102.3403,50.7325],
[102.3323,50.7186],
[102.3059,50.7021],
[102.3023,50.6819],
[102.3479,50.6629],
[102.3767,50.6667],
[102.3999,50.6416],
[102.4459,50.6457],
[102.4469,50.6195],
[102.4696,50.601],
[102.5362,50.5885],
[102.5539,50.556],
[102.541,50.5316],
[102.6106,50.5064],
[102.6205,50.4682],
[102.6161,50.4537],
[102.6428,50.4104],
[102.6477,50.4022],
[102.6882,50.3934],
[102.7318,50.4085],
[102.7505,50.4002],
[102.7615,50.377],
[102.8282,50.3553],
[102.837,50.3438],
[102.8477,50.332],
[102.8988,50.3291],
[102.9231,50.3104],
[102.9681,50.3045],
[103.0229,50.3059],
[103.0746,50.319],
[103.1045,50.3188],
[103.1472,50.306],
[103.1537,50.3151],
[103.1723,50.3165],
[103.1754,50.3314],
[103.2064,50.3314],
[103.2209,50.3191],
[103.2381,50.3219],
[103.2487,50.3027],
[103.2645,50.3005],
[103.2657,50.2905],
[103.2764,50.2849],
[103.2686,50.2642],
[103.2493,50.2558],
[103.276,50.2262],
[103.2563,50.21],
[103.2563,50.1929],
[103.2941,50.1859],
[103.3534,50.203],
[103.3687,50.2003],
[103.3791,50.2087],
[103.4248,50.2117],
[103.4904,50.1969],
[103.5142,50.1991],
[103.5572,50.1627],
[103.6023,50.1662],
[103.6085,50.1441],
[103.6353,50.1498],
[103.6501,50.1423],
[103.6842,50.1429],
[103.7102,50.1245],
[103.7254,50.1279],
[103.7378,50.1588],
[103.7784,50.1648],
[103.8006,50.1519],
[103.8371,50.1843],
[103.8361,50.1943],
[103.8797,50.1902],
[103.8903,50.1761],
[103.9051,50.1837],
[103.9312,50.1773],
[103.939,50.1831],
[103.9527,50.1667],
[103.9727,50.1651],
[103.9766,50.1562],
[103.9986,50.1503],
[104.0566,50.1511],
[104.0859,50.1417],
[104.1392,50.1394],
[104.1962,50.1755],
[104.2783,50.2012],
[104.2735,50.2213],
[104.2932,50.2418],
[104.3369,50.2433],
[104.3633,50.2632],
[104.3816,50.2965],
[104.3919,50.3116],
[104.4356,50.3072],
[104.4472,50.3058],
[104.4558,50.3144],
[104.49,50.3076],
[104.5069,50.3142],
[104.5337,50.3146],
[104.5612,50.3011],
[104.6088,50.3204],
[104.6227,50.3165],
[104.6502,50.3241],
[104.6684,50.3435],
[104.6731,50.3592],
[104.6992,50.3672],
[104.7097,50.3539],
[104.7234,50.3575],
[104.7633,50.3388],
[104.7695,50.3451],
[104.8117,50.341],
[104.8323,50.36],
[104.8499,50.3593],
[104.8519,50.3671],
[104.8734,50.3709],
[104.8739,50.3877],
[104.8898,50.4078],
[104.9652,50.4039],
[104.977,50.3943],
[105.0081,50.3869],
[105.088,50.3879],
[105.1045,50.3979],
[105.1202,50.3899],
[105.1563,50.4029],
[105.1632,50.4125],
[105.1981,50.4115],
[105.2586,50.4407],
[105.2696,50.448],
[105.2636,50.4599],
[105.2682,50.4654],
[105.3272,50.4731],
[105.3587,50.4769],
[105.4266,50.4442],
[105.4787,50.4444],
[105.5251,50.458],
[105.6288,50.4274],
[105.6446,50.4355],
[105.7051,50.4264],
[105.8197,50.4402],
[105.8442,50.4404],
[105.8991,50.4126],
[105.9888,50.416],
[106.0574,50.4045],
[106.0747,50.3896],
[106.0728,50.3821],
[106.0671,50.3515],
[106.0806,50.3354],
[106.1649,50.3388],
[106.183,50.3397],
[106.2097,50.3192],
[106.2612,50.2981],
[106.3179,50.3011],
[106.387,50.3194],
[106.4687,50.3181],
[106.4972,50.3242],
[106.5125,50.3429],
[106.5446,50.3432],
[106.5683,50.3346],
[106.5916,50.3385],
[106.7532,50.3126],
[106.8157,50.2982],
[106.8412,50.2832],
[106.9233,50.2383],
[107.0125,50.1991],
[107.0136,50.191],
[106.9968,50.1835],
[107.0134,50.1669],
[107,50.1572],
[107.0394,50.1291],
[107.057,50.0878],
[107.0753,50.0895],
[107.0664,50.0789],
[107.0719,50.0683],
[107.0799,50.0619],
[107.0912,50.0652],
[107.0994,50.05],
[107.152,50.0433],
[107.1461,50.0288],
[107.1643,50.0218],
[107.169,50.0134],
[107.1887,50.0148],
[107.193,50.0066],
[107.2045,50.0079],
[107.213,49.9989],
[107.2209,50.0052],
[107.2572,49.9882],
[107.2711,49.9901],
[107.2794,50.0005],
[107.3194,50.0038],
[107.3489,49.9997],
[107.383,49.9776],
[107.411,49.9793],
[107.4283,49.9717],
[107.4247,49.9788],
[107.4349,49.9835],
[107.5285,49.9756],
[107.5448,49.9857],
[107.585,49.971],
[107.6143,49.9718],
[107.6422,49.9777],
[107.6811,49.9721],
[107.6833,49.9849],
[107.7021,49.9881],
[107.7543,49.9706],
[107.7942,49.9332],
[107.8102,49.9372],
[107.8225,49.9569],
[107.8359,49.9612],
[107.8497,49.9522],
[107.8532,49.9365],
[107.9257,49.9364],
[107.9512,49.9439],
[107.9745,49.937],
[107.9704,49.9155],
[107.9192,49.8754],
[107.9233,49.8655],
[107.9444,49.8549],
[107.9319,49.8319],
[107.9367,49.8192],
[107.9806,49.8091],
[107.9726,49.7922],
[107.9485,49.7848],
[107.9698,49.7474],
[107.9677,49.735],
[107.9343,49.7114],
[107.9471,49.6706],
[107.9683,49.6548],
[108.023,49.6734],
[108.0242,49.6535],
[108.0349,49.6379],
[108.0275,49.6223],
[108.1308,49.5835],
[108.1243,49.5771],
[108.1611,49.5618],
[108.1959,49.559],
[108.2343,49.5402],
[108.2978,49.5399],
[108.3065,49.5077],
[108.3306,49.4975],
[108.3502,49.4656],
[108.3564,49.4279],
[108.4258,49.4135],
[108.4381,49.3938],
[108.431,49.3721],
[108.4662,49.3567],
[108.4701,49.3612],
[108.5175,49.3227],
[108.5714,49.3311],
[108.6081,49.3273],
[108.6525,49.3473],
[108.7178,49.3349],
[108.7464,49.3416],
[108.7962,49.3346],
[108.8206,49.3432],
[108.8488,49.3266],
[108.8621,49.3377],
[108.8912,49.3337],
[108.9086,49.345],
[108.9416,49.3462],
[109.0388,49.3246],
[109.1946,49.3523],
[109.3455,49.3249],
[109.39,49.3003],
[109.4222,49.2944],
[109.4325,49.2729],
[109.4753,49.2674],
[109.487,49.2432],
[109.4996,49.2362],
[109.5591,49.2208],
[109.6838,49.226],
[109.7939,49.2163],
[109.8533,49.2016],
[109.9026,49.2057],
[110.0306,49.1851],
[110.0924,49.1831],
[110.1199,49.178],
[110.1352,49.1664],
[110.1998,49.1542],
[110.2654,49.1717],
[110.3281,49.1991],
[110.3905,49.2515],
[110.4043,49.2489],
[110.4142,49.2283],
[110.4252,49.223],
[110.5244,49.1901],
[110.5518,49.1938],
[110.7083,49.1701],
[110.8193,49.182],
[111.0786,49.262],
[111.2768,49.3104],
[111.3748,49.3577],
[111.5231,49.3232],
[111.689,49.3842],
[111.7551,49.3865],
[111.8018,49.3788],
[111.8483,49.3746],
[111.9412,49.3797],
[111.9961,49.3919],
[112.128,49.4311],
[112.1946,49.4466],
[112.2783,49.4844],
[112.3555,49.4993],
[112.4865,49.5241],
[112.6021,49.51],
[112.6436,49.5139],
[112.6889,49.5041],
[112.7226,49.52],
[112.7442,49.5079],
[112.7858,49.5151],
[112.8108,49.5159],
[112.9151,49.5691],
[112.9475,49.5847],
[113.0143,49.5935],
[113.0439,49.6082],
[113.0686,49.6348],
[113.0736,49.6563],
[113.1144,49.7014],
[113.1283,49.7335],
[113.1597,49.7536],
[113.1623,49.7805],
[113.2061,49.8283],
[113.2628,49.8558],
[113.4739,49.9354],
[113.4888,49.9736],
[113.534,49.9792],
[113.5919,49.9848],
[113.6404,49.9927],
[113.7103,50.0442],
[113.7341,50.0706],
[113.7752,50.0814],
[113.8958,50.1116],
[114,50.1637],
[114.0621,50.1836],
[114.1055,50.2112],
[114.1784,50.243],
[114.3388,50.2827],
[114.4677,50.2335],
[114.5501,50.2345],
[114.6171,50.2456],
[114.7029,50.2423],
[114.7523,50.2338],
[114.8312,50.2237],
[114.9647,50.1821],
[115.0075,50.1639],
[115.039,50.1366],
[115.0685,50.1091],
[115.0677,50.0939],
[115.0793,50.0833],
[115.1292,50.0572],
[115.2239,49.9884],
[115.3687,49.9387],
[115.4712,49.9195],
[115.5067,49.9071],
[115.6099,49.9003],
[115.6548,49.8891],
[115.7454,49.8872],
[115.9829,49.9707],
[116.0727,50.0137],
[116.1857,50.0307],
[116.233,50.0359],
[116.3982,49.9809],
[116.531,49.9454],
[116.6216,49.9311],
[116.6495,49.9023],
[116.7059,49.8527],
[116.7137,49.8457],
[117.0614,49.6856],
[117.1325,49.6668],
[117.2145,49.6459],
[117.2733,49.6308],
[117.3092,49.6304],
[117.4542,49.6268],
[117.4716,49.6264],
[117.5908,49.5811],
[117.5968,49.5788],
[117.7929,49.5202],
[117.7934,49.52],
[117.832,49.5423],
[117.8376,49.5408],
[117.8337,49.5294],
[117.845,49.5296],
[117.8576,49.5105],
[117.8803,49.513],
[117.8772,49.5335],
[117.8692,49.5375],
[117.8847,49.5435],
[117.8909,49.5936],
[117.9278,49.5985],
[117.9434,49.5937],
[117.9542,49.6055],
[117.9451,49.6029],
[117.9467,49.6082],
[117.9667,49.6097],
[117.9809,49.6215],
[118.0107,49.6127],
[118.074,49.6138],
[118.0871,49.6306],
[118.0819,49.6324],
[118.0994,49.6355],
[118.0955,49.645],
[118.1113,49.646],
[118.1039,49.6546],
[118.1123,49.6546],
[118.1085,49.663],
[118.1157,49.6672],
[118.1059,49.6703],
[118.1366,49.6615],
[118.1498,49.658],
[118.1549,49.6671],
[118.1655,49.659],
[118.1604,49.6657],
[118.1735,49.6746],
[118.1706,49.6821],
[118.1983,49.6827],
[118.2129,49.7022],
[118.2031,49.7102],
[118.2246,49.7146],
[118.2347,49.7309],
[118.2271,49.7363],
[118.2841,49.7443],
[118.2926,49.7507],
[118.2864,49.7539],
[118.3035,49.7593],
[118.3058,49.773],
[118.3228,49.7677],
[118.3275,49.7641],
[118.3457,49.7782],
[118.3791,49.7774],
[118.3811,49.7839],
[118.3717,49.7872],
[118.3819,49.7917],
[118.3772,49.7985],
[118.3958,49.8047],
[118.3776,49.8256],
[118.4178,49.8227],
[118.4324,49.834],
[118.4546,49.8356],
[118.4656,49.823],
[118.4769,49.8293],
[118.4672,49.83],
[118.4754,49.8369],
[118.4677,49.8388],
[118.4914,49.8388],
[118.4792,49.8484],
[118.479,49.8555],
[118.4909,49.8582],
[118.4774,49.8649],
[118.4859,49.8673],
[118.48,49.8711],
[118.5177,49.8806],
[118.5243,49.8875],
[118.5189,49.8964],
[118.5267,49.901],
[118.5577,49.9003],
[118.543,49.9072],
[118.5618,49.9111],
[118.5533,49.9191],
[118.5669,49.93],
[118.5738,49.9248],
[118.5903,49.9318],
[118.5985,49.9252],
[118.6002,49.9334],
[118.6092,49.9243],
[118.6041,49.9341],
[118.6198,49.9369],
[118.61,49.9427],
[118.6151,49.948],
[118.6379,49.9357],
[118.6494,49.9381],
[118.643,49.9491],
[118.659,49.9475],
[118.6538,49.9535],
[118.69,49.9476],
[118.6895,49.9556],
[118.7059,49.9474],
[118.7407,49.9494],
[118.7471,49.9469],
[118.7572,49.9587],
[118.7828,49.9525],
[118.7874,49.9564],
[118.78,49.9597],
[118.7966,49.9677],
[118.8277,49.9589],
[118.8396,49.966],
[118.8439,49.9683],
[118.8713,49.9696],
[118.87,49.9795],
[118.8817,49.9726],
[118.9037,49.9765],
[118.9336,49.9924],
[118.9704,49.9862],
[118.9631,49.9829],
[118.9758,49.9767],
[119.0341,49.9883],
[119.0485,49.9786],
[119.067,49.9919],
[119.0828,49.984],
[119.103,49.9988],
[119.1002,50.0043],
[119.1109,50.0002],
[119.1164,50.0173],
[119.147,50.0253],
[119.1365,50.0287],
[119.1466,50.0305],
[119.1558,50.0213],
[119.1572,50.0344],
[119.1751,50.0412],
[119.1684,50.0452],
[119.1731,50.0482],
[119.1809,50.0562],
[119.1722,50.0608],
[119.1868,50.0681],
[119.1786,50.0726],
[119.1851,50.0743],
[119.1818,50.0875],
[119.1981,50.0776],
[119.2353,50.0755],
[119.233,50.086],
[119.2533,50.0933],
[119.2497,50.099],
[119.2861,50.1094],
[119.292,50.1178],
[119.2819,50.1211],
[119.2892,50.1363],
[119.3006,50.132],
[119.2972,50.1549],
[119.3192,50.1628],
[119.3312,50.1757],
[119.3287,50.1878],
[119.3527,50.1945],
[119.3098,50.2164],
[119.3165,50.2349],
[119.3263,50.2355],
[119.319,50.2389],
[119.3324,50.243],
[119.3287,50.2562],
[119.3401,50.2547],
[119.3241,50.2618],
[119.3331,50.2755],
[119.316,50.2809],
[119.3439,50.2843],
[119.3433,50.3028],
[119.3791,50.3204],
[119.3501,50.3261],
[119.3648,50.3316],
[119.3629,50.3414],
[119.3511,50.345],
[119.3616,50.3492],
[119.3508,50.3576],
[119.3214,50.3605],
[119.3128,50.35],
[119.2979,50.3551],
[119.3003,50.3461],
[119.2944,50.3442],
[119.2902,50.355],
[119.269,50.3647],
[119.2468,50.3417],
[119.2283,50.3456],
[119.2241,50.364],
[119.2049,50.3625],
[119.1754,50.3467],
[119.1716,50.353],
[119.1881,50.3615],
[119.1514,50.3581],
[119.1494,50.366],
[119.1693,50.3771],
[119.1477,50.3793],
[119.1427,50.3902],
[119.1526,50.3901],
[119.1505,50.4001],
[119.1675,50.397],
[119.1556,50.4045],
[119.1631,50.4043],
[119.1687,50.4126],
[119.1628,50.4165],
[119.176,50.422],
[119.2059,50.4092],
[119.2042,50.4229],
[119.2174,50.4285],
[119.2155,50.4403],
[119.2358,50.4412],
[119.2438,50.4482],
[119.2329,50.4606],
[119.2568,50.4686],
[119.2551,50.488],
[119.2255,50.5009],
[119.2556,50.5099],
[119.2569,50.5381],
[119.2712,50.5428],
[119.275,50.5522],
[119.2578,50.5616],
[119.2632,50.5696],
[119.2885,50.5737],
[119.2914,50.5826],
[119.2742,50.6034],
[119.2883,50.6149],
[119.3265,50.6236],
[119.3282,50.6407],
[119.3441,50.6281],
[119.3601,50.6378],
[119.3696,50.6549],
[119.3865,50.6622],
[119.3724,50.6716],
[119.3736,50.68],
[119.4137,50.6853],
[119.4257,50.6831],
[119.4399,50.6922],
[119.4917,50.7462],
[119.4994,50.7638],
[119.4869,50.7738],
[119.5028,50.7758],
[119.4968,50.786],
[119.5156,50.7888],
[119.5043,50.7968],
[119.5023,50.8188],
[119.4904,50.8274],
[119.4879,50.8436],
[119.5117,50.8423],
[119.5143,50.8492],
[119.5028,50.8577],
[119.5217,50.8631],
[119.5273,50.8827],
[119.5105,50.8975],
[119.563,50.9337],
[119.5685,50.9464],
[119.5897,50.9824],
[119.6088,50.9886],
[119.6145,50.9908],
[119.6239,50.9956],
[119.6244,51.009],
[119.6629,51.012],
[119.6875,51.0291],
[119.6907,51.0133],
[119.699,51.0179],
[119.6978,51.0275],
[119.6946,51.0388],
[119.7176,51.0481],
[119.7216,51.0649],
[119.7089,51.072],
[119.7359,51.0742],
[119.7354,51.086],
[119.7563,51.0906],
[119.7588,51.1024],
[119.7436,51.1147],
[119.7696,51.1327],
[119.7749,51.1547],
[119.7519,51.1635],
[119.7789,51.1624],
[119.7801,51.1744],
[119.7677,51.1802],
[119.7525,51.2127],
[119.7781,51.2245],
[119.8132,51.2129],
[119.8148,51.2291],
[119.7903,51.244],
[119.8206,51.2612],
[119.8039,51.2803],
[119.8414,51.2936],
[119.8746,51.2969],
[119.8783,51.3375],
[119.9162,51.3447],
[119.9396,51.3608],
[119.9079,51.3731],
[119.9023,51.389],
[119.9646,51.3996],
[119.9683,51.4352],
[119.9954,51.4536],
[119.9753,51.481],
[119.985,51.4961],
[119.9781,51.5043],
[120.007,51.5172],
[120.0224,51.5304],
[120.0264,51.5448],
[120.0444,51.5513],
[120.0428,51.5703],
[120.0276,51.5836],
[120.0437,51.6069],
[120.0569,51.6368],
[120.0953,51.649],
[120.0804,51.6783],
[120.1304,51.6721],
[120.1667,51.6781],
[120.2251,51.7257],
[120.2539,51.7324],
[120.2657,51.7495],
[120.2875,51.7498],
[120.3085,51.7835],
[120.3558,51.7874],
[120.3683,51.8063],
[120.3989,51.8136],
[120.394,51.832],
[120.4698,51.8515],
[120.4747,51.8614],
[120.4645,51.8767],
[120.4697,51.8825],
[120.5355,51.878],
[120.546,51.8868],
[120.541,51.9053],
[120.5505,51.9122],
[120.5811,51.9088],
[120.6476,51.9227],
[120.6553,51.9308],
[120.6542,51.9548],
[120.697,51.9811],
[120.7118,52.0072],
[120.6791,52.0362],
[120.7191,52.0774],
[120.7458,52.0782],
[120.7348,52.0925],
[120.7609,52.1085],
[120.7537,52.1357],
[120.7795,52.1585],
[120.7391,52.2045],
[120.7374,52.2255],
[120.756,52.2467],
[120.747,52.2575],
[120.7108,52.2589],
[120.6928,52.287],
[120.6496,52.2999],
[120.6214,52.3247],
[120.6151,52.3579],
[120.6431,52.3624],
[120.6427,52.3896],
[120.6836,52.4357],
[120.6766,52.4659],
[120.6998,52.4913],
[120.6804,52.5105],
[120.7226,52.5299],
[120.7223,52.544],
[120.7082,52.5504],
[120.6812,52.5466],
[120.6557,52.5662],
[120.6184,52.5706],
[120.5953,52.5905],
[120.554,52.5952],
[120.459,52.6435],
[120.4291,52.6383],
[120.4014,52.6187],
[120.282,52.6221],
[120.1846,52.577],
[120.074,52.584],
[120.0412,52.5977],
[120.0268,52.6355],
[120.0618,52.7072],
[120.0281,52.7587],
[120.0266,52.7763],
[120.0859,52.7838],
[120.1374,52.8127],
[120.1792,52.8081],
[120.217,52.8423],
[120.2874,52.8658],
[120.289,52.8922],
[120.339,52.8999],
[120.3529,52.9375],
[120.4059,52.9581],
[120.4124,52.9698],
[120.4369,53.0024],
[120.5199,53.0428],
[120.538,53.0705],
[120.6037,53.0986],
[120.636,53.1039],
[120.65,53.1337],
[120.6876,53.1453],
[120.6914,53.1586],
[120.6846,53.1751],
[120.8103,53.2398],
[120.8327,53.2387],
[120.8332,53.2476],
[120.8126,53.2664],
[120.8751,53.2821],
[120.875,53.2927],
[120.8987,53.2852],
[120.9255,53.2854],
[120.9485,53.2964],
[121.0355,53.2869],
[121.0641,53.3027],
[121.0875,53.3053],
[121.1097,53.2936],
[121.1218,53.2752],
[121.1476,53.283],
[121.2265,53.2792],
[121.2454,53.2903],
[121.276,53.2888],
[121.299,53.2988],
[121.3271,53.3232],
[121.3783,53.3187],
[121.4456,53.322],
[121.4819,53.3329],
[121.4929,53.334],
[121.5581,53.3451],
[121.6561,53.3739],
[121.6842,53.3901],
[121.7338,53.3859],
[121.871,53.4263],
[121.9079,53.4215],
[121.9922,53.4286],
[122.0689,53.4202],
[122.1118,53.4315],
[122.1592,53.4691],
[122.2436,53.4637],
[122.3272,53.5014],
[122.3497,53.5003],
[122.3756,53.4668],
[122.4297,53.4432],
[122.4537,53.4429],
[122.4803,53.4573],
[122.5309,53.4506],
[122.5961,53.4639],
[122.8261,53.4558],
[122.893,53.4615],
[122.9332,53.4805],
[123.06,53.5067],
[123.1373,53.4981],
[123.1714,53.5085],
[123.223,53.5496],
[123.2462,53.557],
[123.3044,53.5597],
[123.3287,53.5492],
[123.3755,53.5365],
[123.4484,53.5341],
[123.4711,53.5003],
[123.492,53.4963],
[123.5019,53.5094],
[123.4786,53.5281],
[123.4915,53.5489],
[123.5059,53.555],
[123.5335,53.5534],
[123.5504,53.5401],
[123.5502,53.5283],
[123.5229,53.5026],
[123.5392,53.495],
[123.563,53.504],
[123.583,53.5475],
[123.6218,53.5453],
[123.6483,53.5313],
[123.6855,53.4983],
[123.7089,53.4909],
[123.7456,53.4967],
[123.7965,53.486],
[123.8551,53.4874],
[123.9783,53.4298],
[124.0081,53.3976],
[124.0512,53.4011],
[124.0746,53.3885],
[124.0707,53.3689],
[124.0821,53.359],
[124.1204,53.3453],
[124.165,53.3672],
[124.2323,53.3778],
[124.2797,53.3461],
[124.3203,53.3292],
[124.3393,53.2941],
[124.3601,53.2737],
[124.3619,53.2592],
[124.4034,53.2478],
[124.4373,53.214],
[124.4798,53.2176],
[124.5097,53.2019],
[124.6369,53.2072],
[124.6968,53.1941],
[124.7198,53.1831],
[124.7066,53.1636],
[124.7117,53.1514],
[124.7508,53.1399],
[124.8239,53.1431],
[124.8349,53.1376],
[124.8486,53.1057],
[124.8824,53.0963],
[124.8935,53.1013],
[124.8996,53.1216],
[124.8779,53.1553],
[124.8805,53.1655],
[124.9755,53.1958],
[125.1578,53.2038],
[125.2502,53.1763],
[125.2774,53.1594],
[125.3023,53.1459],
[125.4087,53.1171],
[125.4811,53.1002],
[125.4981,53.0885],
[125.4968,53.0607],
[125.5076,53.0485],
[125.5836,53.0798],
[125.6143,53.078],
[125.6291,53.0649],
[125.6367,53.035],
[125.6727,53.0073],
[125.7427,52.984],
[125.7248,52.9697],
[125.7243,52.9388],
[125.6663,52.9224],
[125.6536,52.9051],
[125.6555,52.869],
[125.6655,52.8612],
[125.6958,52.8663],
[125.7182,52.8796],
[125.7444,52.8795],
[125.7667,52.8967],
[125.8464,52.8896],
[125.8445,52.8676],
[125.9092,52.8186],
[125.9287,52.7696],
[125.9676,52.7565],
[125.9924,52.7678],
[126.0083,52.7927],
[126.0436,52.7979],
[126.1091,52.7658],
[126.1078,52.7571],
[126.0377,52.7403],
[126.0656,52.6949],
[126.063,52.6814],
[125.9834,52.6732],
[125.9617,52.6504],
[125.9633,52.6225],
[125.9728,52.6086],
[126.012,52.5785],
[126.027,52.5739],
[126.0459,52.5804],
[126.0548,52.6016],
[126.0961,52.5927],
[126.1521,52.5635],
[126.2017,52.531],
[126.1851,52.4942],
[126.184,52.4696],
[126.1989,52.4642],
[126.2626,52.4736],
[126.34,52.3959],
[126.3469,52.3831],
[126.3405,52.3549],
[126.3109,52.337],
[126.3207,52.3221],
[126.3373,52.3021],
[126.3959,52.3015],
[126.4252,52.297],
[126.4326,52.2801],
[126.3969,52.2802],
[126.3462,52.2624],
[126.3114,52.24],
[126.2951,52.216],
[126.3132,52.1994],
[126.4018,52.183],
[126.4302,52.1684],
[126.4899,52.1597],
[126.5451,52.1367],
[126.5566,52.1201],
[126.5368,52.0988],
[126.5312,52.0681],
[126.5125,52.0532],
[126.5148,52.0372],
[126.4752,52.0406],
[126.4383,52.0255],
[126.4336,52.0142],
[126.4535,51.9917],
[126.4619,51.9779],
[126.4541,51.9615],
[126.4566,51.9441],
[126.5018,51.9221],
[126.5095,51.904],
[126.5378,51.885],
[126.5572,51.8597],
[126.5751,51.823],
[126.5983,51.8042],
[126.6177,51.7744],
[126.6574,51.7583],
[126.6591,51.7342],
[126.6709,51.7272],
[126.7156,51.7269],
[126.7279,51.7066],
[126.7128,51.6819],
[126.7317,51.6572],
[126.7336,51.6376],
[126.7217,51.6245],
[126.6802,51.6107],
[126.6695,51.5987],
[126.6726,51.5908],
[126.7087,51.5686],
[126.8331,51.5344],
[126.8386,51.5232],
[126.8064,51.4933],
[126.7758,51.4438],
[126.801,51.4207],
[126.8961,51.4082],
[126.9147,51.3902],
[126.9238,51.3628],
[126.9179,51.3499],
[126.893,51.3391],
[126.8275,51.3414],
[126.8077,51.3132],
[126.8115,51.2891],
[126.8436,51.2528],
[126.8608,51.2456],
[126.8999,51.2449],
[126.9157,51.2613],
[126.9032,51.2816],
[126.8767,51.2955],
[126.8676,51.3093],
[126.8809,51.321],
[126.96,51.3329],
[126.9773,51.3202],
[126.9742,51.3002],
[126.9175,51.2358],
[126.8942,51.2033],
[126.9111,51.1399],
[126.9177,51.057],
[126.9858,51.0211],
[127.0243,50.9789],
[127.0463,50.9606],
[127.1062,50.9369],
[127.1477,50.8933],
[127.2331,50.7739],
[127.2913,50.7547],
[127.3002,50.7453],
[127.3011,50.7355],
[127.281,50.7073],
[127.2874,50.6638],
[127.3297,50.6251],
[127.343,50.6106],
[127.3655,50.5833],
[127.3564,50.5456],
[127.3108,50.5239],
[127.304,50.4921],
[127.2862,50.4702],
[127.2922,50.4568],
[127.353,50.4435],
[127.3627,50.4344],
[127.3639,50.4038],
[127.3265,50.358],
[127.3253,50.3351],
[127.3523,50.3087],
[127.3807,50.2851],
[127.4082,50.2783],
[127.442,50.2708],
[127.6015,50.2375],
[127.6029,50.2114],
[127.6,50.2008],
[127.6033,50.1809],
[127.5853,50.1457],
[127.5575,50.1163],
[127.5222,50.0867],
[127.5016,50.0594],
[127.4889,50.0127],
[127.499,49.9719],
[127.5313,49.9476],
[127.534,49.9438],
[127.5417,49.917],
[127.5234,49.858],
[127.5254,49.8191],
[127.5409,49.801],
[127.5566,49.7904],
[127.6652,49.7704],
[127.6724,49.7502],
[127.673,49.695],
[127.6872,49.667],
[127.7276,49.6473],
[127.7564,49.6377],
[127.784,49.6158],
[127.7983,49.5934],
[127.8428,49.5745],
[127.9104,49.5743],
[127.959,49.5964],
[127.9828,49.5843],
[128.0107,49.5762],
[128.0345,49.5556],
[128.1043,49.5443],
[128.1298,49.5483],
[128.1695,49.5361],
[128.2059,49.5388],
[128.2234,49.55],
[128.2345,49.5613],
[128.2808,49.5642],
[128.3167,49.5435],
[128.3296,49.5402],
[128.3574,49.5517],
[128.3697,49.5853],
[128.4553,49.5894],
[128.4828,49.5915],
[128.5262,49.601],
[128.5841,49.5929],
[128.6201,49.5904],
[128.6584,49.57],
[128.7174,49.5623],
[128.7304,49.591],
[128.7528,49.5934],
[128.7884,49.5812],
[128.803,49.5649],
[128.7945,49.5426],
[128.7472,49.5131],
[128.739,49.4964],
[128.7432,49.4831],
[128.757,49.4758],
[128.7933,49.4718],
[128.8603,49.4896],
[128.8936,49.481],
[128.9289,49.4611],
[128.9837,49.4569],
[129.006,49.4451],
[129.0399,49.4079],
[129.0505,49.3746],
[129.0734,49.3536],
[129.1262,49.3505],
[129.1746,49.3885],
[129.226,49.3995],
[129.2611,49.3918],
[129.3088,49.357],
[129.3521,49.3517],
[129.3672,49.3566],
[129.3779,49.3757],
[129.3656,49.3892],
[129.3688,49.4182],
[129.393,49.4346],
[129.4303,49.4416],
[129.5007,49.4247],
[129.5366,49.398],
[129.5454,49.3537],
[129.5477,49.3232],
[129.5593,49.2895],
[129.5772,49.2781],
[129.6,49.2758],
[129.6906,49.2963],
[129.7105,49.2911],
[129.7444,49.2644],
[129.7442,49.2506],
[129.7513,49.2041],
[129.776,49.1798],
[129.8424,49.1771],
[129.8529,49.1705],
[129.86,49.151],
[129.8483,49.133],
[129.849,49.1151],
[129.8584,49.1083],
[129.8991,49.106],
[129.9223,49.0943],
[129.9277,49.0735],
[129.9092,49.0581],
[129.9138,49.0425],
[129.9278,49.0327],
[129.9979,49.02],
[130.0197,49.0093],
[130.0506,48.9721],
[130.1643,48.9174],
[130.2243,48.8652],
[130.2419,48.8604],
[130.2939,48.869],
[130.3596,48.8917],
[130.4211,48.9039],
[130.4647,48.9003],
[130.4843,48.8685],
[130.5186,48.8534],
[130.5594,48.8583],
[130.63,48.8819],
[130.6693,48.8771],
[130.6821,48.8653],
[130.6812,48.8524],
[130.6157,48.7884],
[130.589,48.7385],
[130.5256,48.6336],
[130.5228,48.6121],
[130.5852,48.5953],
[130.5994,48.585],
[130.6074,48.5659],
[130.6084,48.5019],
[130.6256,48.4885],
[130.6601,48.4903],
[130.7171,48.5124],
[130.7347,48.5124],
[130.7626,48.4882],
[130.7599,48.476],
[130.7338,48.4489],
[130.7321,48.4303],
[130.7663,48.3585],
[130.7768,48.3518],
[130.8109,48.3428],
[130.8356,48.3017],
[130.797,48.2585],
[130.7649,48.2474],
[130.7496,48.2143],
[130.7468,48.1812],
[130.6673,48.1317],
[130.6537,48.1077],
[130.6562,48.0953],
[130.676,48.0814],
[130.6817,48.0472],
[130.7238,48.0321],
[130.741,48.0056],
[130.864,47.9362],
[130.8805,47.9178],
[130.9498,47.8255],
[130.9575,47.7203],
[130.9937,47.6962],
[131.0895,47.6832],
[131.1751,47.6953],
[131.2073,47.7203],
[131.2546,47.7348],
[131.3075,47.7292],
[131.366,47.7267],
[131.4248,47.7434],
[131.5214,47.7365],
[131.5475,47.7266],
[131.5541,47.714],
[131.5522,47.6825],
[131.5823,47.6586],
[131.622,47.6569],
[131.6451,47.6683],
[131.6767,47.7014],
[131.7101,47.7085],
[131.736,47.7033],
[131.7648,47.682],
[131.8122,47.6672],
[131.8669,47.6734],
[131.9099,47.6889],
[131.9266,47.6659],
[131.9427,47.6614],
[131.9828,47.6698],
[131.9892,47.7008],
[131.9995,47.7112],
[132.0157,47.7145],
[132.0454,47.6999],
[132.1106,47.7037],
[132.1554,47.703],
[132.2067,47.7147],
[132.2528,47.7081],
[132.2776,47.7201],
[132.2829,47.742],
[132.2929,47.7507],
[132.3436,47.7578],
[132.3844,47.7507],
[132.428,47.7302],
[132.4606,47.7302],
[132.4848,47.7158],
[132.5095,47.7174],
[132.5487,47.7143],
[132.6037,47.7421],
[132.5901,47.7716],
[132.5987,47.8103],
[132.6805,47.8721],
[132.6823,47.8854],
[132.6521,47.9356],
[132.6662,47.9559],
[132.7192,47.9619],
[132.7805,47.9251],
[132.8158,47.935],
[132.8631,47.9917],
[133.0078,48.0405],
[133.03,48.0821],
[133.049,48.1025],
[133.0653,48.1072],
[133.1818,48.1087],
[133.266,48.0928],
[133.3098,48.0981],
[133.3915,48.1236],
[133.4645,48.1091],
[133.5566,48.1303],
[133.5655,48.1374],
[133.5802,48.1886],
[133.5934,48.1983],
[133.6136,48.1999],
[133.6776,48.1822],
[133.7032,48.1843],
[133.7167,48.1915],
[133.7464,48.2568],
[133.7978,48.26],
[133.8338,48.2757],
[133.9496,48.3043],
[133.9941,48.3022],
[134.0074,48.3088],
[134.0144,48.3312],
[134.034,48.3451],
[134.1232,48.3319],
[134.14,48.3382],
[134.1883,48.3837],
[134.2703,48.379],
[134.3976,48.3863],
[134.4344,48.398],
[134.4707,48.4219],
[134.5013,48.4253],
[134.5807,48.4072],
[134.6639,48.4117],
[134.7126,48.3987],
[134.7662,48.364],
[134.7656,48.3604],
[134.7608,48.3466],
[134.7601,48.3456],
[134.7506,48.3311],
[134.7493,48.3291],
[134.717,48.28],
[134.7205,48.2779],
[134.723,48.2746],
[134.6761,48.2573],
[134.667,48.2355],
[134.6751,48.1851],
[134.6662,48.175],
[134.6691,48.1551],
[134.6396,48.1288],
[134.6277,48.0968],
[134.5763,48.0621],
[134.5669,48.0412],
[134.5447,48.0324],
[134.552,48.0075],
[134.5439,47.985],
[134.5815,47.9548],
[134.6015,47.932],
[134.6013,47.9036],
[134.6475,47.8995],
[134.6698,47.8817],
[134.6609,47.8581],
[134.6671,47.8443],
[134.6626,47.8261],
[134.6936,47.8074],
[134.7661,47.7578],
[134.7752,47.74],
[134.7704,47.7151],
[134.7436,47.6837],
[134.6763,47.6295],
[134.6804,47.5981],
[134.6716,47.5869],
[134.6436,47.5713],
[134.6119,47.5363],
[134.5725,47.5185],
[134.5631,47.4784],
[134.5147,47.4649],
[134.4862,47.443],
[134.4501,47.4465],
[134.397,47.4345],
[134.3451,47.441],
[134.3076,47.4305],
[134.2609,47.3953],
[134.2538,47.3642],
[134.1944,47.3422],
[134.1693,47.3184],
[134.1501,47.253],
[134.1658,47.2325],
[134.2082,47.2035],
[134.2237,47.1662],
[134.2178,47.1077],
[134.1931,47.0974],
[134.1398,47.0925],
[134.1134,47.0617],
[134.1141,47.0425],
[134.0966,47.0088],
[134.0557,46.9751],
[134.0674,46.9556],
[134.0681,46.9329],
[134.0355,46.8855],
[134.0348,46.8449],
[134.0142,46.8237],
[134.0162,46.8108],
[134.0468,46.7742],
[134.0265,46.7546],
[134.0162,46.724],
[134.0238,46.6963],
[134.0099,46.649],
[134.0024,46.634],
[133.9131,46.5962],
[133.8865,46.5263],
[133.8639,46.5064],
[133.8415,46.4723],
[133.8434,46.4495],
[133.8543,46.4435],
[133.8908,46.4468],
[133.9274,46.4195],
[133.9415,46.3927],
[133.9374,46.3795],
[133.8652,46.3542],
[133.8627,46.3368],
[133.8928,46.3251],
[133.9168,46.331],
[133.8996,46.3012],
[133.9107,46.2635],
[133.8536,46.2486],
[133.8723,46.2305],
[133.8564,46.2244],
[133.8465,46.2031],
[133.8314,46.2006],
[133.8255,46.207],
[133.823,46.2236],
[133.8066,46.2292],
[133.778,46.184],
[133.7427,46.166],
[133.688,46.1556],
[133.6818,46.1377],
[133.7052,46.0995],
[133.735,46.0772],
[133.7356,46.0541],
[133.6756,45.9884],
[133.6737,45.9715],
[133.6767,45.961],
[133.6667,45.9397],
[133.6246,45.9443],
[133.5977,45.9327],
[133.612,45.9048],
[133.5884,45.8891],
[133.5911,45.8728],
[133.5847,45.8672],
[133.5595,45.876],
[133.5405,45.8957],
[133.5049,45.8887],
[133.505,45.8657],
[133.4867,45.8661],
[133.4782,45.8556],
[133.4897,45.8371],
[133.4617,45.8357],
[133.4627,45.8236],
[133.4649,45.7926],
[133.4889,45.7913],
[133.4977,45.7781],
[133.4912,45.7725],
[133.4758,45.7805],
[133.4624,45.7773],
[133.4651,45.7656],
[133.4573,45.7557],
[133.4799,45.7382],
[133.4474,45.7304],
[133.4209,45.6943],
[133.4293,45.6915],
[133.4397,45.7043],
[133.4539,45.6909],
[133.4744,45.6912],
[133.4828,45.6614],
[133.4401,45.6487],
[133.4403,45.6408],
[133.4665,45.6269],
[133.4663,45.6164],
[133.4311,45.6281],
[133.4214,45.6102],
[133.4046,45.6171],
[133.4104,45.6056],
[133.4037,45.5962],
[133.4153,45.5829],
[133.4157,45.5816],
[133.4052,45.569],
[133.3899,45.5698],
[133.3862,45.5779],
[133.3727,45.5701],
[133.3644,45.5755],
[133.3669,45.5675],
[133.3422,45.5662],
[133.3481,45.5617],
[133.3325,45.5508],
[133.3238,45.5595],
[133.318,45.5484],
[133.2846,45.5419],
[133.2854,45.5339],
[133.2729,45.5374],
[133.2739,45.5264],
[133.265,45.5316],
[133.2464,45.5162],
[133.2284,45.5214],
[133.2244,45.5108],
[133.1936,45.5143],
[133.2043,45.5056],
[133.184,45.4989],
[133.1894,45.493],
[133.178,45.4899],
[133.1858,45.4796],
[133.1615,45.4647],
[133.1727,45.4619],
[133.1599,45.4603],
[133.1691,45.4585],
[133.1614,45.4547],
[133.1656,45.4476],
[133.1527,45.4459],
[133.1643,45.4417],
[133.1406,45.4352],
[133.152,45.4272],
[133.1339,45.4273],
[133.1333,45.4134],
[133.1403,45.4058],
[133.1306,45.401],
[133.1425,45.3956],
[133.1392,45.3822],
[133.1311,45.38],
[133.1414,45.3755],
[133.1335,45.3635],
[133.1255,45.3717],
[133.1265,45.3605],
[133.112,45.3516],
[133.1239,45.3345],
[133.0989,45.3194],
[133.108,45.3174],
[133.0989,45.3107],
[133.1137,45.3094],
[133.0973,45.3032],
[133.1077,45.2989],
[133.0973,45.2922],
[133.0898,45.2889],
[133.0999,45.286],
[133.0886,45.2799],
[133.1031,45.2774],
[133.0897,45.2702],
[133.1021,45.2727],
[133.1051,45.2648],
[133.0901,45.2646],
[133.0894,45.2468],
[133.1021,45.2517],
[133.0994,45.243],
[133.0869,45.2439],
[133.1028,45.2399],
[133.0959,45.236],
[133.1056,45.2355],
[133.1005,45.2292],
[133.1072,45.2325],
[133.1073,45.2229],
[133.1189,45.2198],
[133.1124,45.212],
[133.1223,45.2094],
[133.1174,45.1956],
[133.1254,45.1985],
[133.1237,45.1912],
[133.1307,45.19],
[133.1252,45.1871],
[133.131,45.1746],
[133.1201,45.1712],
[133.1278,45.1725],
[133.1216,45.1599],
[133.1316,45.1583],
[133.1217,45.1522],
[133.1336,45.1491],
[133.1191,45.1345],
[133.1287,45.1422],
[133.1331,45.1381],
[133.1272,45.1375],
[133.1325,45.1253],
[133.1007,45.1233],
[133.1002,45.1121],
[133.0924,45.1129],
[133.0953,45.1024],
[133.0585,45.0888],
[133.0627,45.0836],
[133.0324,45.0681],
[133.0389,45.0676],
[133.0313,45.059],
[133.0375,45.0564],
[133.0035,45.0454],
[133.0046,45.0404],
[132.9815,45.0407],
[132.9846,45.0353],
[132.9729,45.0332],
[132.9837,45.0331],
[132.9805,45.0291],
[132.9684,45.0282],
[132.9728,45.0207],
[132.9636,45.0215],
[132.9619,45.0293],
[132.948,45.0216],
[132.9522,45.0152],
[132.9389,45.0194],
[132.9455,45.0229],
[132.9348,45.0247],
[132.9374,45.0309],
[132.909,45.0296],
[132.9108,45.0359],
[132.8838,45.0406],
[132.8632,45.0612],
[132.8541,45.0583],
[132.0034,45.252],
[131.9881,45.257],
[131.981,45.2702],
[131.9273,45.2803],
[131.9092,45.3372],
[131.868,45.3361],
[131.8226,45.3095],
[131.8267,45.2916],
[131.8066,45.2777],
[131.7776,45.2346],
[131.7861,45.2096],
[131.7518,45.2117],
[131.7141,45.2323],
[131.6947,45.2146],
[131.6761,45.214],
[131.6429,45.1572],
[131.6602,45.1481],
[131.6802,45.149],
[131.68,45.1354],
[131.6875,45.1299],
[131.68,45.116],
[131.6283,45.0852],
[131.6247,45.0725],
[131.5582,45.0433],
[131.5567,45.0333],
[131.5353,45.0172],
[131.4765,44.9937],
[131.4934,44.9758],
[131.4751,44.9637],
[131.4276,44.965],
[131.4212,44.9775],
[131.401,44.9835],
[131.3721,44.9755],
[131.3492,44.9878],
[131.3259,44.9683],
[131.3052,44.9635],
[131.3054,44.9476],
[131.286,44.9266],
[131.2657,44.9213],
[131.2508,44.9284],
[131.2395,44.9188],
[131.2106,44.9148],
[131.1979,44.9163],
[131.1918,44.9332],
[131.1789,44.9386],
[131.1648,44.9331],
[131.1428,44.945],
[131.1203,44.9302],
[131.0998,44.9356],
[131.0818,44.9222],
[131.0944,44.8943],
[131.0757,44.8888],
[131.0713,44.8793],
[131.0387,44.8689],
[131.0218,44.8781],
[131.0182,44.8693],
[130.9786,44.8662],
[130.9592,44.8525],
[130.9584,44.8267],
[130.9649,44.8187],
[130.9851,44.8231],
[131.0084,44.8115],
[131.0162,44.7946],
[131.009,44.7853],
[131.017,44.7801],
[131.0575,44.7836],
[131.0622,44.7567],
[131.0853,44.7427],
[131.083,44.715],
[131.0946,44.7029],
[131.1045,44.7075],
[131.1437,44.5771],
[131.1573,44.532],
[131.1712,44.4842],
[131.2073,44.3647],
[131.2275,44.2976],
[131.2418,44.2498],
[131.3032,44.0439],
[131.2896,44.0428],
[131.2716,44.03],
[131.2557,44.0305],
[131.243,44.0105],
[131.2505,43.991],
[131.236,43.9847],
[131.243,43.9759],
[131.2344,43.9667],
[131.2387,43.953],
[131.2582,43.9411],
[131.2487,43.8924],
[131.2334,43.8837],
[131.2282,43.8691],
[131.2256,43.8494],
[131.204,43.8232],
[131.214,43.8219],
[131.2171,43.8039],
[131.206,43.7984],
[131.2127,43.7897],
[131.2039,43.7811],
[131.2185,43.7662],
[131.2088,43.7594],
[131.2231,43.76],
[131.2152,43.7547],
[131.2242,43.739],
[131.2084,43.7277],
[131.2202,43.7141],
[131.2097,43.7109],
[131.217,43.7045],
[131.2095,43.6972],
[131.2116,43.6821],
[131.2276,43.6737],
[131.2334,43.6604],
[131.2249,43.6609],
[131.2268,43.6338],
[131.2134,43.63],
[131.2083,43.6087],
[131.2392,43.6002],
[131.2301,43.5946],
[131.2292,43.582],
[131.2121,43.5907],
[131.2136,43.5797],
[131.1967,43.5803],
[131.205,43.5611],
[131.1862,43.5594],
[131.1998,43.55],
[131.193,43.5297],
[131.2623,43.494],
[131.2952,43.501],
[131.3116,43.4952],
[131.3057,43.4734],
[131.3021,43.4535],
[131.2873,43.4395],
[131.2947,43.4199],
[131.3076,43.4134],
[131.3112,43.3949],
[131.2729,43.3754],
[131.2577,43.3288],
[131.2621,43.2948],
[131.2502,43.2868],
[131.2479,43.2623],
[131.2025,43.238],
[131.1983,43.2192],
[131.1945,43.1994],
[131.2124,43.1883],
[131.2137,43.1793],
[131.2009,43.165],
[131.2104,43.1438],
[131.1949,43.1208],
[131.1654,43.1081],
[131.1551,43.0946],
[131.1636,43.0671],
[131.1493,43.0724],
[131.1135,43.0663],
[131.1176,43.0493],
[131.0956,43.0211],
[131.1107,43.0046],
[131.105,42.9898],
[131.1105,42.9683],
[131.1436,42.9653],
[131.1347,42.9509],
[131.1375,42.934],
[131.1205,42.9281],
[131.1081,42.9128],
[131.0651,42.9231],
[131.0546,42.9158],
[131.0299,42.9266],
[131.0121,42.9148],
[131.0374,42.8623],
[130.9743,42.8545],
[130.9421,42.8745],
[130.9051,42.8684],
[130.9006,42.8568],
[130.8857,42.8502],
[130.8677,42.8623],
[130.8524,42.8596],
[130.8367,42.8788],
[130.8054,42.8795],
[130.777,42.8643],
[130.7822,42.8597],
[130.7728,42.8363],
[130.7323,42.841],
[130.72,42.8282],
[130.7017,42.8439],
[130.6601,42.8454],
[130.5795,42.8087],
[130.5716,42.8163],
[130.5563,42.8132],
[130.5259,42.7849],
[130.4786,42.7727],
[130.4593,42.77],
[130.4568,42.7596],
[130.4405,42.7548],
[130.4199,42.7426],
[130.4216,42.728],
[130.395,42.7242],
[130.4187,42.7041],
[130.4477,42.7011],
[130.4592,42.6852],
[130.5214,42.7014],
[130.5615,42.6862],
[130.5847,42.6699],
[130.5961,42.6401],
[130.6155,42.629],
[130.6256,42.5882],
[130.6033,42.5549],
[130.5635,42.5551],
[130.5629,42.5185],
[130.553,42.5197],
[130.5594,42.5034],
[130.5931,42.4838],
[130.5959,42.4688],
[130.5926,42.4459],
[130.6258,42.4327],
[130.637,42.4183],
[130.6723,42.373],
[130.6465,42.3497],
[130.6504,42.3302],
[130.6967,42.2933],
[130.7391,42.2607],
[130.7422,42.2583],
[130.7633,42.2681],
[130.798,42.317],
[130.824,42.3656],
[130.8353,42.4095],
[130.8511,42.4226],
[130.8817,42.4088],
[130.9297,42.4059],
[130.9721,42.42],
[130.9981,42.4416],
[131.0083,42.4718],
[131.0036,42.4923],
[130.9824,42.5154],
[130.9452,42.528],
[130.9415,42.5437],
[131.0263,42.5807],
[131.0478,42.5797],
[131.0714,42.5712],
[131.0893,42.5478],
[131.156,42.5095],
[131.2194,42.5027],
[131.2572,42.5135],
[131.2872,42.5376],
[131.3109,42.5798],
[131.3207,42.6255],
[131.3736,42.6165],
[131.4203,42.5926],
[131.4676,42.5877],
[131.4998,42.5956],
[131.524,42.6141],
[131.549,42.6675],
[131.5787,42.6854],
[131.5946,42.716],
[131.5906,42.7421],
[131.5743,42.7617],
[131.5202,42.7781],
[131.5279,42.7978],
[131.5834,42.7753],
[131.6388,42.7728],
[131.7309,42.8006],
[131.7521,42.8197],
[131.7612,42.841],
[131.8197,42.8296],
[131.8644,42.8405],
[131.8886,42.8652],
[131.8895,42.8972],
[131.9515,42.9194],
[131.997,42.9671],
[132.0351,43.0509],
[132.0964,43.0933],
[132.1203,43.1215],
[132.2033,43.1638],
[132.2504,43.1749],
[132.2534,43.143],
[132.2145,43.0777],
[132.2169,43.0572],
[132.2386,43.0251],
[132.237,43.0029],
[132.2172,42.962],
[132.2161,42.9201],
[132.2209,42.8598],
[132.2654,42.8074],
[132.2436,42.7835],
[132.2349,42.7554],
[132.2431,42.7297],
[132.2663,42.7077],
[132.318,42.6821],
[132.37,42.6803],
[132.4206,42.7041],
[132.4331,42.7273],
[132.4318,42.7478],
[132.4637,42.7419],
[132.4968,42.7475],
[132.5277,42.7652],
[132.546,42.7908],
[132.6054,42.7845],
[132.6602,42.8011],
[132.7124,42.7981],
[132.7307,42.7829],
[132.7305,42.7629],
[132.7444,42.7313],
[132.8051,42.6899],
[132.8379,42.6811],
[132.8791,42.6821],
[132.9279,42.7026],
[132.9989,42.6338],
[133.0576,42.6224],
[133.1855,42.6415],
[133.2401,42.6659],
[133.2768,42.7013],
[133.4531,42.7253],
[133.5508,42.7698],
[133.644,42.7924],
[133.6891,42.7593],
[133.7365,42.7536],
[133.7675,42.7637],
[133.8142,42.8052],
[133.8588,42.8243],
[133.9066,42.8187],
[133.9572,42.8248],
[134.0096,42.8543],
[134.0277,42.8877],
[134.0658,42.9137],
[134.17,42.9594],
[134.1908,42.9781],
[134.2397,42.9931],
[134.258,43.014],
[134.2615,43.0357],
[134.2871,43.0474],
[134.3407,43.0536],
[134.3925,43.0753],
[134.4927,43.1286],
[134.5262,43.1388],
[134.5961,43.1882],
[134.6488,43.2006],
[134.7174,43.2347],
[134.7402,43.2554],
[134.7863,43.2581],
[134.8238,43.2724],
[134.8443,43.2865],
[134.8998,43.3538],
[134.9607,43.3754],
[135.037,43.4208],
[135.1098,43.4475],
[135.1823,43.4625],
[135.2141,43.4916],
[135.2517,43.5869],
[135.2761,43.6002],
[135.2955,43.6263],
[135.3605,43.6633],
[135.3997,43.674],
[135.4376,43.7106],
[135.4868,43.7329],
[135.5095,43.767],
[135.5655,43.8217],
[135.5976,43.8938],
[135.5922,43.9349],
[135.6012,43.9671],
[135.6754,43.9945],
[135.7003,44.0131],
[135.7096,44.0328],
[135.7088,44.07],
[135.7351,44.1253],
[135.7329,44.1467],
[135.7707,44.2009],
[135.8215,44.2146],
[135.8488,44.2313],
[135.9344,44.3656],
[136.0712,44.4019],
[136.1742,44.4483],
[136.2288,44.4835],
[136.253,44.5081],
[136.266,44.5383],
[136.2909,44.5539],
[136.3055,44.5775],
[136.3082,44.603],
[136.2963,44.6281],
[136.3113,44.6521],
[136.3882,44.6848],
[136.4172,44.7239],
[136.4708,44.7226],
[136.5122,44.7429],
[136.5301,44.779],
[136.5267,44.8026],
[136.555,44.829],
[136.5663,44.8524],
[136.5942,44.8638],
[136.6207,44.8898],
[136.6489,44.9468],
[136.6947,44.9893],
[136.7391,45.0077],
[136.8233,45.0697],
[136.8402,45.096],
[136.8472,45.1409],
[136.8631,45.168],
[136.8936,45.1888],
[137.0027,45.2302],
[137.095,45.3082],
[137.1953,45.3416],
[137.2641,45.427],
[137.3109,45.4507],
[137.3582,45.4965],
[137.4147,45.5786],
[137.4795,45.6167],
[137.5635,45.6524],
[137.5958,45.6834],
[137.6212,45.6941],
[137.7258,45.7704],
[137.8382,45.9184],
[137.9814,46.0356],
[138.0591,46.1226],
[138.0823,46.135],
[138.1603,46.2052],
[138.1823,46.2446],
[138.1901,46.3228],
[138.2459,46.423],
[138.2916,46.459],
[138.3538,46.4833],
[138.401,46.516],
[138.4298,46.6],
[138.4127,46.6341],
[138.4473,46.7283],
[138.4702,46.748],
[138.4935,46.7891],
[138.5335,46.8193],
[138.5633,46.8579],
[138.5726,46.9105],
[138.6004,46.9688],
[138.6528,47.0392],
[138.7755,47.1149],
[138.9086,47.2493],
[138.9301,47.2606],
[139.0047,47.2654],
[139.0449,47.2806],
[139.0643,47.3033],
[139.0736,47.3424],
[139.1126,47.372],
[139.1338,47.3996],
[139.1386,47.4788],
[139.1722,47.511],
[139.2075,47.5731],
[139.2754,47.641],
[139.2836,47.6852],
[139.3391,47.7816],
[139.4296,47.8547],
[139.4588,47.8879],
[139.5886,47.9339],
[139.6158,47.9711],
[139.7145,48.0363],
[139.7889,48.1306],
[139.9599,48.2375],
[139.9936,48.2724],
[140.0552,48.2811],
[140.088,48.2947],
[140.1161,48.3198],
[140.1445,48.3652],
[140.2276,48.4092],
[140.247,48.4314],
[140.2612,48.4996],
[140.2564,48.5407],
[140.2763,48.5974],
[140.2569,48.6847],
[140.2802,48.7292],
[140.282,48.7567],
[140.3105,48.7977],
[140.3162,48.8209],
[140.3758,48.8521],
[140.4276,48.8921],
[140.4472,48.9394],
[140.4721,48.9685],
[140.4672,48.9985],
[140.4295,49.0321],
[140.4127,49.0629],
[140.4497,49.1514],
[140.4256,49.2149],
[140.497,49.277],
[140.5077,49.3141],
[140.4999,49.3361],
[140.5103,49.3562],
[140.5097,49.3957],
[140.5195,49.4189],
[140.5795,49.4653],
[140.5902,49.5091],
[140.6234,49.5661],
[140.62,49.611],
[140.5818,49.6946],
[140.6033,49.7355],
[140.6027,49.8049],
[140.5747,49.8321],
[140.5155,49.8434],
[140.5009,49.8591],
[140.5165,49.9019],
[140.5421,49.9271],
[140.5457,49.9642],
[140.6943,50.0105],
[140.7521,50.0627],
[140.7703,50.0948],
[140.7644,50.1193],
[140.7404,50.1396],
[140.7045,50.1517],
[140.6215,50.1595],
[140.5949,50.1676],
[140.5894,50.1785],
[140.5827,50.205],
[140.5899,50.2483],
[140.5804,50.2917],
[140.6067,50.3257],
[140.6095,50.3469],
[140.5835,50.3865],
[140.5545,50.4847],
[140.5077,50.5208],
[140.5016,50.5382],
[140.523,50.5684],
[140.5545,50.5908],
[140.5715,50.621],
[140.5679,50.642],
[140.5461,50.6689],
[140.5273,50.715],
[140.5666,50.7591],
[140.596,50.814],
[140.5965,50.8528],
[140.6152,50.8834],
[140.6812,50.9069],
[140.7162,50.9313],
[140.7338,50.9662],
[140.7285,50.9936],
[140.7617,51.0229],
[140.7683,51.0598],
[140.7585,51.1019],
[140.7419,51.1267],
[140.7536,51.1726],
[140.7441,51.2043],
[140.7818,51.2351],
[140.7771,51.2832],
[140.8401,51.2989],
[140.919,51.3351],
[140.9362,51.352],
[140.9484,51.3901],
[140.9663,51.4103],
[140.9691,51.431],
[140.9539,51.4635],
[140.9697,51.4827],
[140.981,51.5238],
[140.9685,51.5908],
[141.039,51.6305],
[141.1177,51.6293],
[141.1773,51.6525],
[141.1971,51.674],
[141.2035,51.7114],
[141.2608,51.7738],
[141.2586,51.8067],
[141.3742,51.865],
[141.4317,51.8749],
[141.4615,51.8924],
[141.4989,51.9349],
[141.5044,51.9789],
[141.4787,52.0107],
[141.4257,52.0272],
[141.4356,52.0803],
[141.4892,52.1105],
[141.5441,52.0963],
[141.5456,52.0652],
[141.5663,52.0344],
[141.591,51.9619],
[141.5872,51.9401],
[141.5625,51.9243],
[141.5459,51.8996],
[141.5479,51.8694],
[141.5895,51.8375],
[141.7099,51.7964],
[141.6616,51.8013],
[141.6113,51.7853],
[141.5866,51.7537],
[141.5931,51.7237],
[141.6354,51.6908],
[141.7336,51.6456],
[141.8591,51.5353],
[141.9941,51.4553],
[141.9881,51.4216],
[141.9993,51.3868],
[142.0549,51.3209],
[142.0924,51.2934],
[142.0833,51.2669],
[142.1,51.2207],
[142.1666,51.1401],
[142.1713,51.0611],
[142.1449,50.9958],
[142.1122,50.958],
[142.0497,50.9223],
[142.0305,50.8666],
[142.0061,50.8321],
[141.9995,50.7677],
[142.0045,50.729],
[141.975,50.6402],
[141.9633,50.5564],
[141.9718,50.4872],
[142.0164,50.406],
[142.0684,50.3513],
[142.0695,50.335],
[142.0498,50.3158],
[142.0444,50.2948],
[142.0728,50.2285],
[142.0863,50.1213],
[142.0847,50.063],
[142.0545,50.0283],
[142.0599,49.9999],
[142.0655,50],
[144.0635,50],
[144.0689,50],
[144.0667,50.0429],
[143.9775,50.1571],
[143.8825,50.3113],
[143.8027,50.5006],
[143.7722,50.6325],
[143.7777,50.6773],
[143.7531,50.7471],
[143.7529,50.8094],
[143.7108,50.9039],
[143.6691,51.0605],
[143.6099,51.2312],
[143.5629,51.3228],
[143.5146,51.5213],
[143.4315,51.7],
[143.3942,51.756],
[143.3748,51.7721],
[143.2997,51.9043],
[143.2398,52.035],
[143.2225,52.1551],
[143.2389,52.2659],
[143.2706,52.3252],
[143.3455,52.4052],
[143.3732,52.4691],
[143.4028,52.5804],
[143.4038,52.7279],
[143.417,52.8335],
[143.4041,52.9171],
[143.3633,53.0747],
[143.3612,53.1176],
[143.3234,53.2501],
[143.2725,53.3559],
[143.0894,53.6667],
[143.0572,53.6979],
[143.0117,53.771],
[142.9795,53.8511],
[142.9739,53.9429],
[142.9868,53.9681],
[143.0545,54.009],
[143.0734,54.0362],
[143.0856,54.08],
[143.0726,54.1319],
[143.0288,54.1862],
[142.8844,54.3148],
[142.8694,54.3507],
[142.8225,54.4029],
[142.8137,54.4347],
[142.7821,54.4599],
[142.7143,54.4796],
[142.6374,54.4681],
[142.5767,54.4273],
[142.5695,54.3941],
[142.5772,54.3736],
[142.4763,54.3411],
[142.3961,54.333],
[142.3126,54.3597],
[142.2561,54.3645],
[142.199,54.3504],
[142.1687,54.3206],
[142.1688,54.3002],
[142.1883,54.2721],
[142.2617,54.2329],
[142.307,54.1968],
[142.3322,54.1363],
[142.3634,54.1033],
[142.4158,54.072],
[142.5197,53.9847],
[142.6059,53.9242],
[142.5932,53.8575],
[142.4977,53.7288],
[142.4496,53.7147],
[142.4118,53.693],
[142.3955,53.6748],
[142.3933,53.6488],
[142.263,53.6171],
[142.2163,53.5881],
[142.1244,53.5707],
[141.8888,53.4987],
[141.8065,53.4766],
[141.6927,53.4608],
[141.646,53.4434],
[141.6092,53.4109],
[141.6073,53.3852],
[141.6224,53.3627],
[141.6555,53.3396],
[141.689,53.3295],
[141.7018,53.3108],
[141.6981,53.2855],
[141.7066,53.2441],
[141.7405,53.189],
[141.7499,53.1445],
[141.772,53.1102],
[141.8232,53.0568],
[141.8314,53.0256],
[141.8031,52.9837],
[141.7984,52.9392],
[141.7709,52.8947],
[141.7613,52.7848],
[141.7286,52.7194],
[141.7389,52.6892],
[141.7259,52.6629],
[141.7349,52.6344],
[141.7202,52.6028],
[141.7356,52.5656],
[141.6838,52.4859],
[141.6347,52.4496],
[141.5984,52.436],
[141.5691,52.4109],
[141.5361,52.3271],
[141.5399,52.306],
[141.5551,52.2875],
[141.491,52.2913],
[141.4369,52.2737],
[141.384,52.3226],
[141.3234,52.3449],
[141.3019,52.3652],
[141.3049,52.4033],
[141.3393,52.3884],
[141.3801,52.3824],
[141.4208,52.3885],
[141.4538,52.4065],
[141.477,52.44],
[141.472,52.5125],
[141.4342,52.5547],
[141.3473,52.5792],
[141.3472,52.6186],
[141.3703,52.6552],
[141.3707,52.6763],
[141.3381,52.7087],
[141.3318,52.7438],
[141.3176,52.768],
[141.2677,52.8039],
[141.3217,52.8448],
[141.3286,52.8647],
[141.3224,52.8854],
[141.2968,52.9091],
[141.2681,52.921],
[141.1784,52.9221],
[141.2164,52.9516],
[141.2629,52.9695],
[141.3341,53.0248],
[141.3843,53.0277],
[141.4282,53.0477],
[141.4507,53.0698],
[141.4524,53.0977],
[141.5132,53.1269],
[141.531,53.1676],
[141.5019,53.206],
[141.5132,53.224],
[141.5139,53.2481],
[141.5433,53.2618],
[141.5647,53.2845],
[141.5686,53.3045],
[141.5591,53.3245],
[141.4838,53.3781],
[141.4041,53.4031],
[141.3517,53.4361],
[141.2246,53.4875],
[140.8995,53.5742],
[140.6178,53.6804],
[140.6059,53.6906],
[140.6074,53.7224],
[140.584,53.749],
[140.4035,53.821],
[140.3667,53.852],
[140.3478,53.882],
[140.4047,53.9154],
[140.4225,53.9485],
[140.4195,53.9689],
[140.4035,53.9871],
[140.3048,54.0224],
[140.2873,54.067],
[140.2488,54.0959],
[139.9978,54.1778],
[139.9747,54.1921],
[139.9674,54.216],
[139.9484,54.2331],
[139.8724,54.2512],
[139.8675,54.3106],
[139.8888,54.3283],
[139.8955,54.3524],
[139.8812,54.3769],
[139.8415,54.4006],
[139.7776,54.4101],
[139.7158,54.4028],
[139.6889,54.3898],
[139.6693,54.3695],
[139.6655,54.336],
[139.5975,54.3093],
[139.5739,54.2914],
[139.4665,54.2699],
[139.4092,54.2478],
[139.2785,54.2292],
[139.1883,54.2367],
[139.053,54.2622],
[138.7533,54.3584],
[138.7174,54.3606],
[138.6639,54.3508],
[138.6017,54.3259],
[138.573,54.2932],
[138.5731,54.2728],
[138.5909,54.2481],
[138.6415,54.2235],
[138.6357,54.1952],
[138.6448,54.1662],
[138.5791,54.0829],
[138.5733,54.0596],
[138.578,54.0435],
[138.5051,54.0311],
[138.4235,53.9882],
[138.3414,53.9609],
[138.3063,53.941],
[138.2806,53.9149],
[138.2739,53.8786],
[138.2503,53.8468],
[138.2459,53.7913],
[138.2212,53.7694],
[138.1592,53.7434],
[138.1177,53.7142],
[137.9543,53.6654],
[137.8869,53.6263],
[137.6814,53.6077],
[137.3391,53.593],
[137.39,53.6185],
[137.4473,53.623],
[137.5104,53.6143],
[137.5642,53.6293],
[137.5838,53.6464],
[137.5906,53.6685],
[137.6401,53.7139],
[137.6518,53.7399],
[137.6777,53.7603],
[137.6883,53.8041],
[137.7666,53.8394],
[137.8607,53.8657],
[137.8914,53.8885],
[137.9404,53.9599],
[137.9286,53.9959],
[137.8844,54.0202],
[137.8323,54.0235],
[137.7671,54.0053],
[137.6703,54.0179],
[137.6084,54.015],
[137.5366,54.0557],
[137.5598,54.0811],
[137.5643,54.1005],
[137.6645,54.1661],
[137.707,54.2096],
[137.7947,54.263],
[137.816,54.2869],
[137.861,54.2955],
[137.8991,54.3173],
[137.9275,54.3564],
[137.9292,54.3834],
[137.9423,54.4022],
[138.0284,54.4099],
[138.0663,54.4269],
[138.0852,54.4494],
[138.0837,54.4791],
[138.0621,54.5008],
[138.0115,54.5159],
[137.9725,54.5409],
[137.91,54.55],
[137.7909,54.529],
[137.7548,54.5022],
[137.7367,54.4608],
[137.7458,54.4847],
[137.7435,54.5085],
[137.7143,54.5605],
[137.7775,54.5783],
[137.7971,54.595],
[137.8144,54.625],
[137.8399,54.6406],
[137.9077,54.6696],
[137.9491,54.7064],
[138.0039,54.7165],
[138.0782,54.7609],
[138.0967,54.7854],
[138.1019,54.816],
[138.0781,54.8764],
[138.0824,54.8935],
[138.1207,54.9102],
[138.1473,54.9431],
[138.2326,54.9526],
[138.2663,54.9704],
[138.3008,55],
[137.3086,55],
[137.3043,54.9943],
[137.202,54.9184],
[137.1837,54.8755],
[137.1736,54.8171],
[137.1475,54.7692],
[137.1544,54.7375],
[137.1246,54.7253],
[137.1042,54.7071],
[137.0945,54.6878],
[137.0984,54.6677],
[137.0205,54.656],
[136.9871,54.6363],
[136.9738,54.6177],
[136.9783,54.5854],
[137.0099,54.5574],
[137.0689,54.5431],
[137.1264,54.5515],
[137.1511,54.5658],
[137.1793,54.5962],
[137.1862,54.6153],
[137.1823,54.6312],
[137.2351,54.6397],
[137.2856,54.669],
[137.2963,54.6925],
[137.2862,54.7171],
[137.3492,54.7345],
[137.4506,54.7937],
[137.4622,54.762],
[137.5328,54.699],
[137.5615,54.6492],
[137.5986,54.6114],
[137.5449,54.5932],
[137.4702,54.5264],
[137.4665,54.4706],
[137.4768,54.447],
[137.4582,54.4293],
[137.4517,54.4093],
[137.4642,54.3801],
[137.485,54.3628],
[137.4217,54.3634],
[137.3425,54.3451],
[137.306,54.3214],
[137.2325,54.299],
[137.1889,54.2681],
[137.1393,54.2527],
[137.1063,54.2228],
[137.0458,54.198],
[137.0081,54.1635],
[136.9986,54.1421],
[137.0044,54.1108],
[137.0266,54.0896],
[137.0372,54.0627],
[137.0661,54.044],
[137.0775,54.0119],
[137.115,53.9903],
[137.1643,53.9828],
[137.122,53.928],
[137.1114,53.8883],
[136.9511,53.9051],
[136.8456,53.8831],
[136.795,53.8629],
[136.7797,53.8948],
[136.7802,53.9155],
[136.7694,53.9397],
[136.785,53.9945],
[136.8462,54.0302],
[136.8652,54.0749],
[136.9019,54.1232],
[136.9057,54.1602],
[136.8829,54.2053],
[136.8964,54.2402],
[136.8899,54.2771],
[136.9031,54.2922],
[136.9069,54.3118],
[136.899,54.339],
[136.8681,54.3707],
[136.8965,54.3942],
[136.9133,54.4205],
[136.9064,54.4596],
[136.9159,54.4818],
[136.9101,54.5093],
[136.9519,54.5343],
[136.9683,54.5645],
[136.9592,54.5938],
[136.9122,54.6274],
[136.9111,54.6565],
[136.8894,54.6781],
[136.8434,54.6926],
[136.7637,54.6937],
[136.7316,54.7225],
[136.6734,54.7368],
[136.6069,54.7251],
[136.5452,54.674],
[136.4879,54.699],
[136.4254,54.6987],
[136.4056,54.7235],
[136.3785,54.7388],
[136.4201,54.7508],
[136.4424,54.7663],
[136.4538,54.7914],
[136.4482,54.816],
[136.3624,54.8694],
[136.297,54.878],
[136.2368,54.8594],
[136.2167,54.8265],
[136.2275,54.8025],
[136.2978,54.7476],
[136.2431,54.7479],
[136.2005,54.7314],
[136.1667,54.698],
[136.1668,54.6778],
[136.1767,54.6626],
[136.0674,54.6474],
[135.9698,54.6178],
[135.7898,54.6173],
[135.7748,54.6702],
[135.741,54.6947],
[135.6637,54.7178],
[135.5841,54.716],
[135.3315,54.7737],
[135.2964,54.7977],
[135.2697,54.8307],
[135.3061,54.8753],
[135.4336,54.9618],
[135.5144,54.9944],
[135.5208,55],
[73,55],
[73,37.2978]
]
],
[
[
[136.4089,54.9637],
[136.4194,54.9349],
[136.47,54.9016],
[136.5192,54.8931],
[136.5863,54.8993],
[136.6002,54.879],
[136.6296,54.8608],
[136.7302,54.8346],
[136.7961,54.8383],
[136.8343,54.8523],
[136.8541,54.8692],
[136.9126,54.8521],
[136.9738,54.8614],
[137.0936,54.8718],
[137.1498,54.9],
[137.1736,54.9342],
[137.1706,54.9622],
[137.1597,54.9787],
[137.1904,54.9997],
[137.1905,55],
[136.6452,55],
[136.627,54.991],
[136.5959,55],
[136.4495,55],
[136.4343,54.9952],
[136.4089,54.9637]
]
],
[
[
[138.088,54.7203],
[138.0918,54.7003],
[138.1082,54.6809],
[138.1686,54.6557],
[138.2406,54.6534],
[138.3006,54.6724],
[138.3304,54.694],
[138.3359,54.7235],
[138.3069,54.756],
[138.2608,54.772],
[138.1995,54.7775],
[138.1487,54.7674],
[138.1077,54.7484],
[138.088,54.7203]
]
],
[
[
[138.3733,55],
[138.4234,54.9951],
[138.4396,55],
[138.3733,55]
]
],
[
[
[139.1204,54.5962],
[139.1225,54.5774],
[139.1359,54.5579],
[139.1872,54.5323],
[139.2605,54.5323],
[139.3242,54.5551],
[139.3487,54.5771],
[139.3645,54.6178],
[139.3432,54.6476],
[139.301,54.6645],
[139.2394,54.6629],
[139.1986,54.6429],
[139.1598,54.6346],
[139.1302,54.6156],
[139.1204,54.5962]
]
]
]}
}
