{
"type": "Feature",
"properties": {"id":"ohm-r2922317","edge_precision":"unknown","ohm_relation":2922317,"ohm_version":11,"ohm_timestamp":"2026-05-29T02:22:38Z"},
"geometry": {"type": "MultiPolygon", "coordinates": [
[
[
[73,17.8986],
[73.0276,17.8586],
[73.0445,17.7982],
[73.0756,17.7297],
[73.0626,17.6881],
[73.091,17.5879],
[73.0876,17.5467],
[73.1374,17.4701],
[73.1188,17.3889],
[73.1311,17.3586],
[73.1569,17.3378],
[73.141,17.3128],
[73.1404,17.2882],
[73.1569,17.2463],
[73.1768,17.2264],
[73.1825,17.1895],
[73.2086,17.1454],
[73.2263,17.0857],
[73.2081,17.0626],
[73.2033,17.0311],
[73.2308,16.9519],
[73.2287,16.8945],
[73.2384,16.8275],
[73.2537,16.7824],
[73.2582,16.7147],
[73.2758,16.6682],
[73.2611,16.5375],
[73.311,16.4078],
[73.3174,16.3549],
[73.367,16.2395],
[73.3762,16.1858],
[73.3924,16.1609],
[73.3977,16.1284],
[73.391,16.0966],
[73.4037,16.0674],
[73.4094,16.0136],
[73.404,15.9834],
[73.4166,15.9546],
[73.405,15.8734],
[73.4284,15.8442],
[73.4668,15.8361],
[73.4984,15.8495],
[73.5205,15.8841],
[73.5505,15.8634],
[73.5822,15.8088],
[73.6062,15.7706],
[73.6053,15.738],
[73.6266,15.697],
[73.6754,15.727],
[73.7283,15.7198],
[73.7425,15.7356],
[73.7849,15.7254],
[73.809,15.7425],
[73.8231,15.7399],
[73.8298,15.7645],
[73.8433,15.7811],
[73.8517,15.7808],
[73.8468,15.7864],
[73.8565,15.8008],
[73.8673,15.7965],
[73.8658,15.7847],
[73.8796,15.7741],
[73.8753,15.7507],
[73.9387,15.7427],
[73.9518,15.7163],
[73.9437,15.6985],
[73.9593,15.6992],
[73.9639,15.691],
[73.9678,15.66],
[73.9614,15.6415],
[73.9908,15.6115],
[74.0212,15.6061],
[74.031,15.6227],
[74.0787,15.6308],
[74.1184,15.652],
[74.1645,15.6535],
[74.1672,15.6718],
[74.182,15.6822],
[74.1909,15.679],
[74.1869,15.6675],
[74.2041,15.6637],
[74.2052,15.6511],
[74.222,15.6555],
[74.215,15.6626],
[74.2239,15.669],
[74.2505,15.6573],
[74.2442,15.6261],
[74.2538,15.6268],
[74.2644,15.6155],
[74.2453,15.5666],
[74.2618,15.5649],
[74.278,15.5461],
[74.2782,15.5229],
[74.251,15.4918],
[74.2755,15.4492],
[74.2689,15.4191],
[74.2831,15.383],
[74.3233,15.3677],
[74.3163,15.3628],
[74.3219,15.3436],
[74.3171,15.3292],
[74.3365,15.295],
[74.3262,15.2834],
[74.2943,15.2888],
[74.2762,15.2832],
[74.2609,15.2599],
[74.2514,15.2586],
[74.2596,15.2411],
[74.2916,15.2339],
[74.3017,15.2244],
[74.317,15.1863],
[74.2955,15.1509],
[74.2852,15.1487],
[74.285,15.114],
[74.2727,15.0975],
[74.2955,15.0451],
[74.2679,15.0017],
[74.2536,14.9979],
[74.2644,14.9786],
[74.2525,14.9588],
[74.2366,14.9665],
[74.2297,14.9502],
[74.2136,14.9473],
[74.2014,14.9254],
[74.1793,14.9567],
[74.1635,14.9582],
[74.1542,14.9433],
[74.166,14.9186],
[74.162,14.9118],
[74.1241,14.925],
[74.0857,14.9006],
[74.0358,14.8635],
[74.0053,14.8321],
[74.0105,14.7899],
[74.0291,14.7727],
[74.0565,14.7661],
[74.0613,14.735],
[74.0885,14.7081],
[74.1338,14.6863],
[74.2252,14.659],
[74.2262,14.6129],
[74.2375,14.5841],
[74.2616,14.5404],
[74.2756,14.4887],
[74.2941,14.4715],
[74.3187,14.4651],
[74.3238,14.4552],
[74.3344,14.403],
[74.3523,14.3781],
[74.3757,14.2658],
[74.4199,14.1682],
[74.4278,14.1264],
[74.4191,14.0805],
[74.4388,14.0442],
[74.4296,14.0084],
[74.435,13.9847],
[74.5366,13.8996],
[74.5594,13.8431],
[74.5941,13.6735],
[74.6173,13.6233],
[74.6217,13.5667],
[74.6375,13.5022],
[74.6423,13.4186],
[74.626,13.3987],
[74.6223,13.3701],
[74.6446,13.3067],
[74.6715,13.2857],
[74.6764,13.2488],
[74.6476,13.2429],
[74.6292,13.2267],
[74.6208,13.204],
[74.6243,13.1801],
[74.656,13.1475],
[74.7023,13.1496],
[74.7777,12.821],
[74.8168,12.7491],
[74.9531,12.422],
[75.019,12.312],
[75.0745,12.18],
[75.132,12.0278],
[75.1649,11.9704],
[75.1907,11.9559],
[75.2232,11.956],
[75.3317,11.8091],
[75.3727,11.7935],
[75.4162,11.7345],
[75.481,11.6738],
[75.4946,11.6555],
[75.5264,11.5931],
[75.5768,11.4507],
[75.607,11.4197],
[75.64,11.4114],
[75.6596,11.3869],
[75.7745,11.1176],
[75.8208,10.9686],
[75.8606,10.7762],
[76.0423,10.3797],
[76.0796,10.2831],
[76.1144,10.1578],
[76.1646,10],
[79.2921,10],
[79.3109,10.0196],
[79.3138,10.0533],
[79.2832,10.1076],
[79.2924,10.1547],
[79.3237,10.1898],
[79.3304,10.221],
[79.3829,10.2432],
[79.4121,10.2673],
[79.428,10.2676],
[79.6042,10.2463],
[79.6887,10.2278],
[79.8463,10.227],
[79.9015,10.2493],
[79.9337,10.2933],
[79.9371,10.3321],
[79.9135,10.4415],
[79.9021,10.6879],
[79.9097,11.1347],
[79.883,11.371],
[79.8096,11.5577],
[79.8187,11.6612],
[79.8474,11.7971],
[79.8712,11.8679],
[79.8912,11.9525],
[79.9251,12.034],
[80.0969,12.3051],
[80.1443,12.3582],
[80.2004,12.446],
[80.2107,12.4985],
[80.3021,12.7578],
[80.299,12.845],
[80.3179,12.9779],
[80.3324,13.043],
[80.3494,13.0783],
[80.3536,13.1388],
[80.3906,13.2458],
[80.3985,13.2936],
[80.3732,13.4488],
[80.2897,13.6352],
[80.2854,13.6884],
[80.3027,13.7735],
[80.2991,13.8071],
[80.2794,13.8738],
[80.2013,14.046],
[80.183,14.1149],
[80.1765,14.1858],
[80.1936,14.2799],
[80.2203,14.3497],
[80.2258,14.4632],
[80.2444,14.5893],
[80.2353,14.6182],
[80.2108,14.6543],
[80.185,14.7421],
[80.1561,14.7759],
[80.1461,14.8001],
[80.102,15.0602],
[80.1042,15.1221],
[80.1322,15.1782],
[80.1394,15.2096],
[80.1355,15.2714],
[80.1667,15.3422],
[80.2449,15.4366],
[80.269,15.4955],
[80.2866,15.5875],
[80.3241,15.6577],
[80.3627,15.6996],
[80.483,15.7757],
[80.6096,15.8187],
[80.6791,15.83],
[80.7195,15.8253],
[80.721,15.7938],
[80.7438,15.731],
[80.7895,15.6811],
[80.8186,15.6692],
[80.8705,15.6631],
[80.9508,15.6734],
[81.0363,15.7223],
[81.0656,15.7579],
[81.0653,15.8256],
[81.1703,15.9346],
[81.1868,15.9686],
[81.1898,16.0044],
[81.2531,16.1188],
[81.2675,16.1911],
[81.3083,16.2463],
[81.3334,16.2653],
[81.4639,16.3047],
[81.6172,16.2922],
[81.6463,16.2892],
[81.6807,16.2724],
[81.7346,16.2659],
[81.8882,16.3342],
[81.9594,16.3482],
[82.1244,16.4333],
[82.3055,16.515],
[82.3442,16.541],
[82.3706,16.5888],
[82.3669,16.637],
[82.4072,16.6922],
[82.4219,16.7398],
[82.4147,16.7723],
[82.3976,16.7917],
[82.4143,16.9021],
[82.4134,16.9591],
[82.3973,17.0035],
[82.3665,17.0346],
[82.4844,17.1456],
[82.5946,17.2244],
[82.7763,17.3265],
[83.0208,17.434],
[83.0572,17.4696],
[83.1833,17.5199],
[83.2428,17.5522],
[83.4229,17.7427],
[83.4578,17.7912],
[83.4689,17.8312],
[83.5005,17.8725],
[83.5843,17.931],
[83.6162,17.9797],
[83.6425,18.004],
[83.7765,18.088],
[84.0753,18.2234],
[84.158,18.2743],
[84.1784,18.2982],
[84.2019,18.3563],
[84.3122,18.4611],
[84.3929,18.5219],
[84.4136,18.5698],
[84.4749,18.627],
[84.5326,18.709],
[84.5868,18.7542],
[84.6435,18.855],
[84.7602,18.9803],
[84.8594,19.1362],
[84.9512,19.2291],
[85.1177,19.3388],
[85.1417,19.3762],
[85.2042,19.4255],
[85.3631,19.534],
[85.5929,19.6455],
[85.698,19.6946],
[85.8243,19.7401],
[86.2067,19.8355],
[86.2807,19.8714],
[86.4059,19.914],
[86.4577,19.9511],
[86.48,20.0283],
[86.5256,20.0789],
[86.557,20.132],
[86.6153,20.1789],
[86.7043,20.2155],
[86.766,20.2556],
[86.8446,20.3254],
[86.8626,20.3568],
[86.8727,20.4062],
[86.8662,20.448],
[86.849,20.4783],
[86.8559,20.5218],
[87.0904,20.6728],
[87.1461,20.7415],
[87.1426,20.7751],
[87.1266,20.8017],
[87.101,20.8179],
[87.0726,20.819],
[87.0527,20.8508],
[87.0235,20.868],
[86.9881,20.9132],
[86.9376,21.0413],
[86.8893,21.1074],
[86.8759,21.1442],
[86.8799,21.1779],
[86.9431,21.2913],
[87.0219,21.3772],
[87.0649,21.4039],
[87.0969,21.4194],
[87.1342,21.4546],
[87.2113,21.4917],
[87.2879,21.5016],
[87.4237,21.4965],
[87.4577,21.5155],
[87.4734,21.5454],
[87.4947,21.5586],
[87.5824,21.5856],
[87.707,21.6102],
[87.772,21.6471],
[87.8139,21.6551],
[87.8934,21.7201],
[87.9217,21.7559],
[87.9803,21.7976],
[88.0445,21.8839],
[88.0706,21.9475],
[88.069,21.9172],
[88.0801,21.8851],
[87.9961,21.7109],
[87.9964,21.6381],
[88.0166,21.6093],
[87.9819,21.5961],
[87.9641,21.5655],
[87.9717,21.525],
[87.9992,21.5025],
[88.0276,21.502],
[88.0581,21.5269],
[88.0651,21.558],
[88.0535,21.5901],
[88.1182,21.5787],
[88.1429,21.5164],
[88.187,21.4946],
[88.2137,21.4974],
[88.2382,21.5144],
[88.2819,21.5103],
[88.3128,21.5205],
[88.3561,21.5683],
[88.3779,21.5474],
[88.3949,21.5434],
[88.4374,21.5534],
[88.4494,21.5211],
[88.4745,21.4985],
[88.5166,21.4813],
[88.5436,21.4819],
[88.5883,21.5138],
[88.5936,21.5449],
[88.5824,21.5685],
[88.6264,21.5724],
[88.664,21.6137],
[88.6673,21.5635],
[88.6957,21.5299],
[88.7353,21.5161],
[88.792,21.5265],
[88.8397,21.4933],
[88.8894,21.4882],
[88.929,21.5064],
[88.9491,21.5302],
[88.9524,21.549],
[88.9788,21.5613],
[89.0337,21.5574],
[89.1138,21.5873],
[89.1451,21.6289],
[89.1494,21.6751],
[89.1078,21.6982],
[89.0403,21.7683],
[89.0287,21.791],
[89.0441,21.8612],
[89.0233,21.8886],
[89.0237,21.9068],
[89.0327,21.9235],
[89.0732,21.9288],
[89.0822,22.003],
[89.0499,22.0535],
[89.0394,22.0991],
[89.0527,22.1207],
[89.098,22.1551],
[89.0895,22.1596],
[89.0714,22.1486],
[89.063,22.1697],
[89.0707,22.1969],
[89.0396,22.2282],
[89.0332,22.2585],
[89.0151,22.2538],
[89.0187,22.2699],
[88.996,22.2857],
[88.9988,22.2966],
[89.0244,22.2958],
[89.0002,22.3238],
[88.9848,22.3262],
[88.9895,22.3644],
[88.9833,22.3747],
[88.9904,22.3921],
[88.9723,22.4113],
[89.0001,22.4296],
[88.9898,22.4449],
[88.9962,22.4694],
[88.9764,22.4943],
[88.9606,22.5503],
[88.9376,22.5601],
[88.939,22.5908],
[88.9603,22.6161],
[88.9345,22.6181],
[88.9261,22.6521],
[88.945,22.6623],
[88.9623,22.6945],
[88.9278,22.7182],
[88.9163,22.7367],
[88.9205,22.7531],
[88.9115,22.7573],
[88.9374,22.793],
[88.9588,22.7973],
[88.9566,22.8122],
[88.9685,22.845],
[88.9453,22.8808],
[88.9293,22.8721],
[88.9233,22.8806],
[88.9094,22.8799],
[88.8954,22.9138],
[88.9082,22.9197],
[88.8871,22.9336],
[88.894,22.9524],
[88.8793,22.9543],
[88.8595,22.9427],
[88.8559,22.9657],
[88.8711,22.9789],
[88.8653,23.0009],
[88.845,23.0101],
[88.88,23.0069],
[88.8722,23.0169],
[88.8841,23.0403],
[88.8749,23.0445],
[88.8741,23.0659],
[88.861,23.0774],
[88.8745,23.09],
[88.8687,23.101],
[88.8835,23.1046],
[88.8827,23.1112],
[88.8997,23.1114],
[88.9233,23.1454],
[88.9307,23.1431],
[88.9276,23.1627],
[88.9342,23.1618],
[88.9389,23.1774],
[88.9665,23.1938],
[88.9801,23.1826],
[88.9877,23.2028],
[88.9799,23.2124],
[88.9957,23.2105],
[88.9847,23.2215],
[88.9795,23.216],
[88.9763,23.2246],
[88.9785,23.2151],
[88.9708,23.2227],
[88.9466,23.2065],
[88.9184,23.2197],
[88.9163,23.2125],
[88.9149,23.2289],
[88.9064,23.2357],
[88.8862,23.2261],
[88.8733,23.2345],
[88.8445,23.2307],
[88.8366,23.2438],
[88.8241,23.2339],
[88.8291,23.2448],
[88.8115,23.2562],
[88.8059,23.2379],
[88.8107,23.2208],
[88.7789,23.2208],
[88.7695,23.2449],
[88.7521,23.24],
[88.7191,23.2549],
[88.7242,23.2721],
[88.7115,23.278],
[88.7094,23.2896],
[88.6974,23.292],
[88.6964,23.3025],
[88.7092,23.3129],
[88.7067,23.3039],
[88.7265,23.2994],
[88.7269,23.319],
[88.7344,23.3063],
[88.7455,23.3078],
[88.7497,23.3214],
[88.733,23.3277],
[88.739,23.3432],
[88.7321,23.3522],
[88.746,23.349],
[88.7477,23.3622],
[88.7574,23.3598],
[88.7654,23.3674],
[88.7586,23.3739],
[88.7629,23.3873],
[88.7527,23.3893],
[88.7495,23.4009],
[88.7607,23.4092],
[88.7544,23.4165],
[88.7639,23.448],
[88.773,23.4488],
[88.7803,23.4377],
[88.7854,23.4449],
[88.7954,23.4431],
[88.7875,23.4699],
[88.8002,23.4823],
[88.7946,23.4858],
[88.7994,23.4987],
[88.7852,23.498],
[88.7865,23.5072],
[88.7703,23.4976],
[88.7746,23.4802],
[88.7615,23.4908],
[88.7559,23.4871],
[88.7608,23.4787],
[88.7414,23.4797],
[88.7245,23.5122],
[88.7137,23.5086],
[88.6956,23.5173],
[88.6829,23.5418],
[88.6538,23.5564],
[88.6506,23.5853],
[88.6387,23.5908],
[88.6461,23.6092],
[88.6057,23.6002],
[88.6063,23.6105],
[88.5972,23.602],
[88.5804,23.6028],
[88.5853,23.6165],
[88.5942,23.617],
[88.5938,23.6409],
[88.5624,23.6371],
[88.5583,23.6492],
[88.5739,23.6672],
[88.5647,23.7121],
[88.5763,23.7333],
[88.5701,23.7482],
[88.5805,23.7578],
[88.5795,23.7748],
[88.5561,23.7846],
[88.573,23.7837],
[88.5813,23.7973],
[88.5887,23.7968],
[88.596,23.8066],
[88.5851,23.8138],
[88.5946,23.8089],
[88.602,23.8183],
[88.5864,23.8311],
[88.5911,23.8526],
[88.5784,23.8507],
[88.5755,23.8618],
[88.5877,23.8718],
[88.6083,23.863],
[88.6088,23.8731],
[88.6176,23.8769],
[88.6271,23.8651],
[88.6373,23.8716],
[88.6676,23.8696],
[88.6643,23.8825],
[88.6829,23.8887],
[88.6884,23.9016],
[88.7053,23.9002],
[88.6993,23.9102],
[88.7063,23.9164],
[88.7334,23.9111],
[88.7349,23.933],
[88.7433,23.9298],
[88.7425,23.9511],
[88.7324,23.9613],
[88.7378,23.9832],
[88.7694,23.9821],
[88.7579,24.007],
[88.729,23.9942],
[88.7408,24.0359],
[88.7238,24.0474],
[88.7418,24.0484],
[88.7425,24.0554],
[88.7245,24.0683],
[88.6987,24.1207],
[88.7071,24.1193],
[88.7461,24.147],
[88.7313,24.1733],
[88.7378,24.2713],
[88.7104,24.3101],
[88.6649,24.3154],
[88.6524,24.3052],
[88.6487,24.3115],
[88.6296,24.306],
[88.6235,24.3155],
[88.6008,24.3107],
[88.5877,24.3146],
[88.5871,24.3254],
[88.5683,24.3272],
[88.5551,24.2934],
[88.5265,24.3448],
[88.5091,24.3433],
[88.445,24.3789],
[88.4257,24.3832],
[88.3886,24.3715],
[88.3339,24.3815],
[88.2721,24.4406],
[88.2035,24.46],
[88.1733,24.4933],
[88.1416,24.5107],
[88.0954,24.5585],
[88.0362,24.6458],
[88.0086,24.6678],
[88.0621,24.7209],
[88.0724,24.7437],
[88.0657,24.7508],
[88.0745,24.7609],
[88.0683,24.7692],
[88.0778,24.7691],
[88.089,24.783],
[88.1061,24.7797],
[88.1055,24.8011],
[88.1235,24.8232],
[88.1306,24.8048],
[88.1364,24.8053],
[88.1322,24.8361],
[88.141,24.8344],
[88.1453,24.8514],
[88.1602,24.8485],
[88.162,24.8582],
[88.175,24.8602],
[88.1526,24.8844],
[88.1689,24.893],
[88.14,24.914],
[88.1379,24.9363],
[88.1574,24.9335],
[88.1702,24.9504],
[88.1752,24.9463],
[88.2228,24.9621],
[88.261,24.9177],
[88.2572,24.878],
[88.2671,24.8783],
[88.2761,24.8979],
[88.278,24.8882],
[88.3019,24.886],
[88.3019,24.8719],
[88.3126,24.8808],
[88.321,24.8837],
[88.3217,24.8753],
[88.3331,24.8709],
[88.3471,24.8925],
[88.3436,24.8998],
[88.3324,24.8974],
[88.3242,24.9162],
[88.3366,24.9188],
[88.3409,24.9408],
[88.3544,24.9419],
[88.3637,24.9534],
[88.3806,24.9393],
[88.399,24.9452],
[88.3952,24.9692],
[88.4051,24.9798],
[88.4174,24.9745],
[88.4119,24.9987],
[88.4206,24.9994],
[88.4252,25.0163],
[88.4272,25.0078],
[88.4364,25.0065],
[88.4385,25.0223],
[88.4525,25.0367],
[88.4357,25.048],
[88.4424,25.0639],
[88.4527,25.0792],
[88.446,25.083],
[88.4413,25.1274],
[88.4593,25.1353],
[88.4621,25.1497],
[88.4577,25.1646],
[88.4418,25.1736],
[88.4404,25.1983],
[88.4636,25.1949],
[88.472,25.1976],
[88.4754,25.2134],
[88.4993,25.2102],
[88.4999,25.2035],
[88.5379,25.1979],
[88.5339,25.1878],
[88.5575,25.1928],
[88.5559,25.1792],
[88.5638,25.1753],
[88.5869,25.1822],
[88.5903,25.1948],
[88.5991,25.1923],
[88.6199,25.2053],
[88.6693,25.1982],
[88.68,25.2091],
[88.7113,25.2077],
[88.7329,25.1988],
[88.7344,25.1847],
[88.7509,25.1832],
[88.7491,25.1767],
[88.7693,25.1899],
[88.7739,25.1797],
[88.8058,25.1706],
[88.8411,25.2137],
[88.8535,25.2007],
[88.8649,25.2008],
[88.8648,25.19],
[88.8748,25.1962],
[88.8751,25.1792],
[88.8898,25.1785],
[88.8901,25.1848],
[88.9108,25.1802],
[88.9117,25.1683],
[88.923,25.1651],
[88.9334,25.1818],
[88.9431,25.1733],
[88.9475,25.1946],
[88.9335,25.1998],
[88.9379,25.2118],
[88.9613,25.2085],
[88.9516,25.2326],
[88.955,25.2536],
[88.9824,25.2652],
[88.9867,25.2745],
[89.0084,25.2644],
[89.0089,25.3031],
[89.0004,25.2951],
[88.9851,25.2987],
[88.9852,25.306],
[88.9392,25.3012],
[88.9294,25.3042],
[88.9283,25.3168],
[88.9146,25.3151],
[88.9062,25.3378],
[88.8876,25.3372],
[88.8843,25.3258],
[88.8665,25.343],
[88.8688,25.3523],
[88.8409,25.3639],
[88.8408,25.3973],
[88.8126,25.4105],
[88.8182,25.4182],
[88.8299,25.4171],
[88.8343,25.4318],
[88.8262,25.4446],
[88.8393,25.4582],
[88.8296,25.4904],
[88.8132,25.4892],
[88.8108,25.523],
[88.7823,25.5152],
[88.7598,25.5256],
[88.7575,25.5092],
[88.7705,25.5021],
[88.7442,25.4883],
[88.7422,25.5051],
[88.7348,25.5043],
[88.7138,25.4957],
[88.7075,25.5],
[88.7103,25.4808],
[88.6987,25.4713],
[88.6629,25.4738],
[88.6601,25.4819],
[88.6469,25.4779],
[88.6427,25.4928],
[88.6485,25.4969],
[88.6224,25.497],
[88.6067,25.5085],
[88.609,25.5164],
[88.5955,25.5061],
[88.5561,25.514],
[88.5521,25.5208],
[88.5399,25.5084],
[88.5332,25.5421],
[88.5235,25.5352],
[88.519,25.5452],
[88.5089,25.5443],
[88.4935,25.5589],
[88.5,25.584],
[88.4687,25.5835],
[88.4605,25.5952],
[88.4441,25.597],
[88.4497,25.6046],
[88.445,25.6155],
[88.4562,25.6286],
[88.4538,25.665],
[88.4019,25.6726],
[88.4041,25.6856],
[88.3901,25.6841],
[88.3914,25.6936],
[88.3713,25.6966],
[88.3744,25.7169],
[88.3375,25.7377],
[88.3207,25.7375],
[88.3142,25.7551],
[88.2664,25.7826],
[88.2694,25.8083],
[88.2595,25.814],
[88.2485,25.8135],
[88.2468,25.8061],
[88.2366,25.8101],
[88.232,25.7974],
[88.2152,25.801],
[88.2099,25.7886],
[88.1837,25.802],
[88.1733,25.7866],
[88.1598,25.7876],
[88.1503,25.7757],
[88.1411,25.7806],
[88.1444,25.794],
[88.1145,25.7983],
[88.12,25.8126],
[88.1069,25.8151],
[88.1115,25.8217],
[88.1011,25.829],
[88.1088,25.8377],
[88.1003,25.8434],
[88.1135,25.8524],
[88.1121,25.8652],
[88.1078,25.8697],
[88.1009,25.8623],
[88.1016,25.872],
[88.0933,25.8738],
[88.1029,25.8889],
[88.0892,25.8963],
[88.0936,25.9112],
[88.0855,25.9147],
[88.0955,25.9323],
[88.1114,25.9333],
[88.1126,25.9435],
[88.1223,25.9481],
[88.1151,25.9625],
[88.1242,25.9664],
[88.1192,25.9716],
[88.1295,25.9802],
[88.1296,25.997],
[88.1438,26.0008],
[88.1396,26.0131],
[88.1835,26.0252],
[88.1705,26.033],
[88.1691,26.0459],
[88.1786,26.0466],
[88.1756,26.0586],
[88.1855,26.0623],
[88.1841,26.0725],
[88.1683,26.083],
[88.1575,26.0795],
[88.1655,26.0874],
[88.1579,26.097],
[88.179,26.1253],
[88.1729,26.1273],
[88.177,26.148],
[88.1956,26.1521],
[88.196,26.1638],
[88.2048,26.1586],
[88.2163,26.1628],
[88.2146,26.1701],
[88.2273,26.168],
[88.2384,26.1781],
[88.2333,26.1847],
[88.2476,26.1908],
[88.2693,26.1864],
[88.2854,26.2007],
[88.3009,26.1966],
[88.3259,26.2048],
[88.3302,26.2172],
[88.3502,26.2203],
[88.3598,26.2426],
[88.3485,26.2501],
[88.3491,26.2724],
[88.3495,26.2823],
[88.3703,26.305],
[88.3891,26.3151],
[88.4148,26.3152],
[88.4156,26.3244],
[88.4033,26.329],
[88.4127,26.3375],
[88.4342,26.3352],
[88.4576,26.3766],
[88.4587,26.3623],
[88.4802,26.3507],
[88.4922,26.3511],
[88.4882,26.3604],
[88.5077,26.3626],
[88.5044,26.3487],
[88.5242,26.3594],
[88.5148,26.3647],
[88.525,26.3755],
[88.5179,26.3703],
[88.5126,26.377],
[88.52,26.3902],
[88.5125,26.3877],
[88.5044,26.3987],
[88.5098,26.4082],
[88.503,26.403],
[88.4958,26.409],
[88.5035,26.4177],
[88.4941,26.4187],
[88.4987,26.4263],
[88.4893,26.4311],
[88.497,26.4365],
[88.4785,26.4525],
[88.4851,26.4604],
[88.4352,26.4667],
[88.424,26.473],
[88.4195,26.4659],
[88.4047,26.486],
[88.3884,26.4783],
[88.3633,26.4868],
[88.3657,26.4711],
[88.3531,26.4477],
[88.347,26.4684],
[88.3316,26.482],
[88.3321,26.495],
[88.3522,26.5134],
[88.3768,26.5935],
[88.3974,26.6014],
[88.3869,26.6108],
[88.4105,26.6339],
[88.4179,26.6216],
[88.4213,26.5706],
[88.4322,26.5485],
[88.4481,26.5354],
[88.4564,26.537],
[88.4588,26.5472],
[88.4846,26.5413],
[88.4894,26.5102],
[88.5071,26.5165],
[88.5214,26.5106],
[88.5265,26.4807],
[88.5568,26.4853],
[88.5521,26.4769],
[88.5606,26.4735],
[88.5633,26.4593],
[88.5577,26.4593],
[88.5927,26.45],
[88.5943,26.4709],
[88.6229,26.471],
[88.6238,26.4351],
[88.6497,26.4297],
[88.6444,26.419],
[88.6678,26.4073],
[88.6859,26.413],
[88.6873,26.4011],
[88.6696,26.3972],
[88.6891,26.3958],
[88.6874,26.3868],
[88.7022,26.3886],
[88.6809,26.3798],
[88.6962,26.362],
[88.6942,26.3463],
[88.704,26.3417],
[88.7026,26.3345],
[88.7091,26.3334],
[88.7126,26.3437],
[88.726,26.3414],
[88.7358,26.3481],
[88.7331,26.3539],
[88.7454,26.3479],
[88.7341,26.3287],
[88.7487,26.3317],
[88.7464,26.3224],
[88.6971,26.3122],
[88.6903,26.3226],
[88.6956,26.3288],
[88.675,26.3202],
[88.6843,26.2946],
[88.7087,26.2887],
[88.7021,26.2853],
[88.6827,26.283],
[88.6843,26.2922],
[88.6679,26.2973],
[88.6721,26.2688],
[88.6662,26.2628],
[88.6831,26.261],
[88.6922,26.2693],
[88.6854,26.2797],
[88.7188,26.2821],
[88.7197,26.2931],
[88.7446,26.2893],
[88.7453,26.3088],
[88.7564,26.3109],
[88.7631,26.299],
[88.7934,26.3101],
[88.819,26.2946],
[88.8099,26.277],
[88.8131,26.2555],
[88.8292,26.2501],
[88.8275,26.2397],
[88.8415,26.2309],
[88.8778,26.2336],
[88.8777,26.2423],
[88.8614,26.252],
[88.8617,26.2735],
[88.8757,26.2866],
[88.9229,26.2859],
[88.953,26.2422],
[88.9653,26.2389],
[89.0274,26.2478],
[89.046,26.2408],
[89.0519,26.2561],
[89.0622,26.256],
[89.0627,26.271],
[89.0542,26.2774],
[89.0628,26.2783],
[89.0593,26.2939],
[89.0457,26.2956],
[89.045,26.2753],
[89.0379,26.2775],
[89.0405,26.2859],
[89.0274,26.2826],
[89.0191,26.2893],
[89.0268,26.3055],
[89.0215,26.3092],
[89.0147,26.3004],
[89.0183,26.2898],
[89.0067,26.3048],
[88.9959,26.2901],
[88.9975,26.2998],
[88.9848,26.3007],
[88.9826,26.31],
[88.9846,26.3178],
[88.997,26.3139],
[88.9914,26.3223],
[89.0009,26.3299],
[88.9855,26.3329],
[88.9872,26.3484],
[88.9613,26.3524],
[88.9634,26.3385],
[88.9559,26.3301],
[88.9521,26.3424],
[88.959,26.3436],
[88.9462,26.3464],
[88.9583,26.3618],
[88.9504,26.3663],
[88.9476,26.3558],
[88.9416,26.3579],
[88.912,26.3662],
[88.9213,26.3774],
[88.909,26.3802],
[88.9181,26.4005],
[88.9047,26.4086],
[88.9264,26.4071],
[88.9232,26.4236],
[88.9327,26.4269],
[88.9261,26.4322],
[88.9447,26.4257],
[88.9512,26.4351],
[88.9461,26.448],
[88.9652,26.4513],
[88.9565,26.4597],
[88.9832,26.4466],
[88.9807,26.4254],
[88.9937,26.4129],
[88.9935,26.4231],
[89.0053,26.4217],
[89.0071,26.4128],
[89.0224,26.4136],
[89.0193,26.4043],
[89.0301,26.407],
[89.0335,26.3956],
[89.0631,26.4008],
[89.0738,26.3913],
[89.0839,26.3983],
[89.0801,26.39],
[89.0957,26.3917],
[89.0883,26.3658],
[89.0795,26.363],
[89.0978,26.3591],
[89.0978,26.3399],
[89.0845,26.3221],
[89.0918,26.3202],
[89.0971,26.3293],
[89.1127,26.3186],
[89.1362,26.3202],
[89.1225,26.2865],
[89.1047,26.3159],
[89.0994,26.3038],
[89.1071,26.291],
[89.1,26.2796],
[89.1252,26.2636],
[89.1198,26.2528],
[89.1409,26.2359],
[89.1421,26.2146],
[89.1493,26.2088],
[89.1345,26.1812],
[89.1409,26.1694],
[89.1572,26.1632],
[89.1489,26.1571],
[89.1599,26.1357],
[89.1924,26.1242],
[89.2031,26.1294],
[89.2297,26.1239],
[89.2291,26.1166],
[89.2516,26.1015],
[89.2512,26.0914],
[89.2665,26.0939],
[89.254,26.064],
[89.2698,26.0608],
[89.2806,26.0656],
[89.2756,26.0491],
[89.3003,26.0504],
[89.3368,26.0268],
[89.3402,26.0151],
[89.3594,26.0073],
[89.3738,26.012],
[89.3932,26.0065],
[89.3908,26.023],
[89.4067,26.0308],
[89.407,26.0415],
[89.4236,26.0475],
[89.4338,26.0321],
[89.4269,26.0139],
[89.4408,26.0088],
[89.4806,25.9969],
[89.4912,26.0062],
[89.5408,26.006],
[89.5481,26.0002],
[89.535,25.9891],
[89.5401,25.9702],
[89.5576,25.9654],
[89.566,25.9804],
[89.5688,25.9678],
[89.5774,25.9691],
[89.5738,25.9801],
[89.5866,25.9808],
[89.5786,26.0263],
[89.5853,26.0264],
[89.5868,26.0384],
[89.5972,26.0379],
[89.5922,26.0449],
[89.6127,26.0527],
[89.6051,26.0636],
[89.6206,26.0535],
[89.6305,26.0629],
[89.6501,26.0628],
[89.6337,26.0808],
[89.6396,26.0902],
[89.6298,26.1073],
[89.614,26.1041],
[89.6169,26.0952],
[89.6098,26.096],
[89.6089,26.0887],
[89.5963,26.0986],
[89.5979,26.1129],
[89.6158,26.1067],
[89.6301,26.118],
[89.6263,26.1287],
[89.6203,26.1199],
[89.6119,26.1279],
[89.605,26.1169],
[89.6047,26.1239],
[89.5964,26.135],
[89.5974,26.1545],
[89.5908,26.1573],
[89.6104,26.1547],
[89.6192,26.1683],
[89.6112,26.1687],
[89.6151,26.176],
[89.6076,26.1794],
[89.6237,26.1792],
[89.6247,26.1713],
[89.637,26.1789],
[89.6319,26.1724],
[89.6462,26.1645],
[89.6586,26.1765],
[89.6277,26.1841],
[89.6301,26.1959],
[89.6436,26.1851],
[89.6495,26.1903],
[89.6326,26.21],
[89.6344,26.2294],
[89.6719,26.2199],
[89.6791,26.2384],
[89.6894,26.2214],
[89.6788,26.2236],
[89.6798,26.214],
[89.6845,26.2084],
[89.6734,26.2017],
[89.6864,26.1983],
[89.6875,26.1816],
[89.7013,26.1735],
[89.6815,26.1637],
[89.7019,26.1519],
[89.7127,26.1682],
[89.7193,26.1664],
[89.7204,26.1564],
[89.7476,26.1574],
[89.7661,26.1308],
[89.7563,26.1091],
[89.7842,26.1052],
[89.7812,26.0835],
[89.7946,26.088],
[89.7904,26.0753],
[89.7965,26.0764],
[89.7986,26.0593],
[89.7852,26.0568],
[89.7884,26.0486],
[89.7735,26.0377],
[89.7881,26.0403],
[89.7904,26.0339],
[89.7935,26.0424],
[89.8017,26.0403],
[89.7882,26.019],
[89.8078,26.0439],
[89.8192,26.026],
[89.8195,25.9881],
[89.8359,25.9824],
[89.8354,26.0107],
[89.8508,25.9896],
[89.8711,25.9811],
[89.8716,25.9741],
[89.8386,25.9682],
[89.849,25.9491],
[89.8303,25.9553],
[89.8253,25.9455],
[89.8426,25.9402],
[89.8869,25.9453],
[89.8782,25.9244],
[89.8324,25.8707],
[89.8345,25.8404],
[89.8165,25.8155],
[89.8259,25.8106],
[89.841,25.7612],
[89.8272,25.7409],
[89.8289,25.7279],
[89.8358,25.7156],
[89.8507,25.7123],
[89.8464,25.6958],
[89.871,25.6626],
[89.8816,25.6267],
[89.8659,25.5465],
[89.8512,25.5387],
[89.8601,25.5173],
[89.8491,25.4925],
[89.8522,25.4664],
[89.8255,25.4138],
[89.8197,25.3799],
[89.8285,25.3417],
[89.8413,25.3149],
[89.8311,25.2962],
[89.8567,25.2867],
[89.882,25.2867],
[89.9086,25.3082],
[89.9389,25.2991],
[89.9437,25.3046],
[89.9491,25.2928],
[89.9665,25.3038],
[89.9772,25.2963],
[89.9805,25.2809],
[90.0046,25.2804],
[90.0336,25.2628],
[90.055,25.2605],
[90.1188,25.2233],
[90.172,25.2225],
[90.2251,25.2008],
[90.3103,25.1889],
[90.3301,25.1938],
[90.3704,25.163],
[90.4041,25.1602],
[90.4409,25.1446],
[90.4991,25.172],
[90.5096,25.1704],
[90.5088,25.1767],
[90.6411,25.1749],
[90.6402,25.1837],
[90.6502,25.1821],
[90.649,25.1937],
[90.6564,25.1852],
[90.6633,25.1975],
[90.6659,25.166],
[90.6736,25.1764],
[90.6858,25.1749],
[90.6824,25.1648],
[90.6979,25.1571],
[90.7101,25.1689],
[90.7336,25.1552],
[90.7415,25.1608],
[90.7329,25.1652],
[90.7414,25.1703],
[90.7475,25.164],
[90.7691,25.1825],
[90.7904,25.1811],
[90.8056,25.1737],
[90.8058,25.166],
[90.8495,25.1579],
[90.8841,25.1666],
[90.9255,25.1621],
[90.9649,25.1719],
[90.9668,25.1725],
[91.0748,25.1977],
[91.2504,25.1963],
[91.2679,25.2073],
[91.2921,25.1932],
[91.2862,25.1856],
[91.3536,25.1714],
[91.3627,25.1784],
[91.3751,25.1684],
[91.4104,25.1633],
[91.4145,25.1713],
[91.4403,25.1501],
[91.4685,25.152],
[91.464,25.1351],
[91.4704,25.1339],
[91.4998,25.1357],
[91.5093,25.1476],
[91.557,25.1499],
[91.5629,25.1608],
[91.576,25.1604],
[91.5706,25.1649],
[91.5772,25.1728],
[91.6125,25.1763],
[91.6152,25.1702],
[91.5989,25.1596],
[91.6006,25.1457],
[91.6036,25.1403],
[91.6213,25.1436],
[91.623,25.128],
[91.6344,25.1238],
[91.6626,25.1287],
[91.6696,25.138],
[91.6918,25.1373],
[91.7031,25.1593],
[91.7469,25.1405],
[91.7447,25.1696],
[91.7521,25.1761],
[91.7758,25.1633],
[91.8274,25.1775],
[91.8805,25.173],
[91.9193,25.1824],
[91.9645,25.1771],
[91.9762,25.1683],
[92.0161,25.1864],
[92.0254,25.1793],
[92.0617,25.1878],
[92.1036,25.1752],
[92.1405,25.1547],
[92.1342,25.1426],
[92.1641,25.136],
[92.159,25.1322],
[92.1646,25.1263],
[92.1785,25.1264],
[92.1819,25.1192],
[92.1885,25.1359],
[92.1935,25.1264],
[92.2273,25.1175],
[92.2093,25.1186],
[92.2072,25.1114],
[92.2274,25.0932],
[92.3108,25.0694],
[92.3348,25.0787],
[92.3475,25.0736],
[92.3392,25.0506],
[92.369,25.0441],
[92.4254,25.0303],
[92.4162,24.9913],
[92.4227,24.9898],
[92.419,24.9665],
[92.4479,24.9648],
[92.4569,24.9715],
[92.4691,24.9641],
[92.4655,24.9554],
[92.4512,24.9517],
[92.4494,24.9399],
[92.4887,24.9485],
[92.4843,24.9289],
[92.4947,24.9184],
[92.4919,24.8783],
[92.4979,24.8763],
[92.4762,24.868],
[92.4426,24.8709],
[92.4386,24.8564],
[92.4063,24.8593],
[92.3998,24.8487],
[92.3845,24.8527],
[92.375,24.8737],
[92.3632,24.8723],
[92.3468,24.8939],
[92.3395,24.8783],
[92.2994,24.916],
[92.2808,24.9058],
[92.2441,24.9082],
[92.2318,24.9003],
[92.2481,24.8861],
[92.2463,24.8676],
[92.2351,24.8618],
[92.2414,24.8422],
[92.2547,24.8386],
[92.2499,24.8303],
[92.273,24.8276],
[92.273,24.7995],
[92.2869,24.7889],
[92.2856,24.767],
[92.2926,24.7567],
[92.2791,24.7457],
[92.2964,24.7367],
[92.2544,24.6781],
[92.2354,24.5975],
[92.2311,24.5313],
[92.2127,24.5038],
[92.1693,24.5319],
[92.1615,24.5277],
[92.1545,24.5232],
[92.1522,24.5086],
[92.1588,24.5079],
[92.1515,24.4901],
[92.1693,24.4279],
[92.1635,24.4184],
[92.1366,24.4251],
[92.1349,24.4068],
[92.1224,24.396],
[92.1219,24.3824],
[92.1018,24.3828],
[92.0973,24.3725],
[92.0439,24.3749],
[92.0174,24.3847],
[92.0071,24.3816],
[91.9964,24.3938],
[91.9877,24.3911],
[91.9856,24.3759],
[91.9721,24.3855],
[91.9669,24.3807],
[91.9972,24.3369],
[91.9958,24.3222],
[91.9816,24.3232],
[91.9573,24.3566],
[91.9402,24.343],
[91.9199,24.3371],
[91.9405,24.2684],
[91.9058,24.1388],
[91.8849,24.1387],
[91.874,24.174],
[91.8453,24.1914],
[91.8419,24.2005],
[91.8531,24.2151],
[91.8425,24.2268],
[91.8165,24.2101],
[91.8065,24.221],
[91.7892,24.2214],
[91.7448,24.2474],
[91.7626,24.1418],
[91.7285,24.1434],
[91.7214,24.1531],
[91.7059,24.1543],
[91.7044,24.1618],
[91.6841,24.1666],
[91.6659,24.2335],
[91.6477,24.2188],
[91.6601,24.1898],
[91.6555,24.1762],
[91.6466,24.1793],
[91.6466,24.1567],
[91.6345,24.1384],
[91.6382,24.1042],
[91.6045,24.0942],
[91.5909,24.0924],
[91.5996,24.0858],
[91.5861,24.0727],
[91.5745,24.0801],
[91.5454,24.0744],
[91.4754,24.1001],
[91.4318,24.0996],
[91.4127,24.1158],
[91.4002,24.1076],
[91.3745,24.1075],
[91.3771,24.08],
[91.3965,24.0498],
[91.3914,24.0267],
[91.3732,24.0029],
[91.3794,23.9758],
[91.3616,23.9863],
[91.3376,23.9845],
[91.3039,23.9983],
[91.2998,23.9723],
[91.2874,23.9681],
[91.2848,23.9827],
[91.2642,23.9444],
[91.2762,23.9227],
[91.2328,23.9272],
[91.2463,23.9137],
[91.2285,23.8986],
[91.2297,23.8811],
[91.2541,23.8372],
[91.233,23.8111],
[91.2263,23.7908],
[91.2307,23.765],
[91.219,23.7366],
[91.2103,23.7492],
[91.1673,23.7498],
[91.1571,23.7422],
[91.1501,23.7155],
[91.1534,23.6888],
[91.1955,23.6923],
[91.2084,23.6865],
[91.1996,23.6465],
[91.1563,23.6709],
[91.1625,23.5951],
[91.1771,23.5933],
[91.1947,23.552],
[91.2054,23.5455],
[91.2129,23.5505],
[91.2007,23.5202],
[91.2078,23.5123],
[91.2236,23.5142],
[91.2181,23.4995],
[91.2355,23.5019],
[91.2363,23.4891],
[91.2493,23.4903],
[91.2515,23.4529],
[91.2706,23.4299],
[91.2634,23.4238],
[91.2764,23.4148],
[91.2797,23.3766],
[91.2945,23.3756],
[91.2843,23.3711],
[91.2948,23.3614],
[91.2911,23.3507],
[91.3201,23.3602],
[91.3108,23.3426],
[91.2961,23.3408],
[91.2899,23.3186],
[91.3131,23.3065],
[91.315,23.2968],
[91.3071,23.3],
[91.3002,23.2926],
[91.317,23.282],
[91.3098,23.2765],
[91.318,23.2531],
[91.3265,23.2525],
[91.3187,23.2456],
[91.3234,23.1582],
[91.3331,23.153],
[91.347,23.1024],
[91.3697,23.0705],
[91.3958,23.0562],
[91.4173,23.0648],
[91.4108,23.0663],
[91.4172,23.0826],
[91.4081,23.0835],
[91.406,23.097],
[91.4002,23.0965],
[91.4034,23.1139],
[91.3799,23.1846],
[91.3877,23.208],
[91.3807,23.2086],
[91.3921,23.2202],
[91.3864,23.2277],
[91.4008,23.2292],
[91.3924,23.2459],
[91.4087,23.2477],
[91.3975,23.2652],
[91.4113,23.2557],
[91.4088,23.2851],
[91.4195,23.2734],
[91.4183,23.2556],
[91.4211,23.262],
[91.4542,23.2604],
[91.4479,23.2439],
[91.4579,23.2462],
[91.4703,23.2278],
[91.4505,23.2193],
[91.4584,23.2133],
[91.4754,23.2205],
[91.4844,23.2093],
[91.4824,23.1985],
[91.4708,23.1965],
[91.4849,23.1883],
[91.5032,23.1922],
[91.5067,23.1801],
[91.4917,23.1777],
[91.4982,23.1718],
[91.4909,23.1578],
[91.5073,23.1535],
[91.4949,23.147],
[91.5075,23.1398],
[91.5153,23.1449],
[91.5031,23.1306],
[91.5175,23.1256],
[91.5203,23.1146],
[91.5123,23.1133],
[91.5113,23.1044],
[91.5223,23.1041],
[91.5189,23.0943],
[91.5297,23.0918],
[91.5251,23.0829],
[91.5353,23.0635],
[91.525,23.0554],
[91.5362,23.0546],
[91.5302,23.0384],
[91.5503,23.0385],
[91.5383,23.0193],
[91.5482,23.0193],
[91.5425,22.9997],
[91.557,22.9967],
[91.5573,22.9786],
[91.5766,22.9652],
[91.5904,22.977],
[91.6059,22.9718],
[91.6136,22.9584],
[91.6049,22.9623],
[91.6001,22.9548],
[91.6156,22.9517],
[91.6183,22.9373],
[91.6256,22.9443],
[91.6246,22.962],
[91.6354,22.9611],
[91.6453,22.9848],
[91.6516,22.9765],
[91.6757,22.9827],
[91.679,22.9761],
[91.6941,22.9883],
[91.7084,22.9818],
[91.7099,22.9882],
[91.7207,22.9876],
[91.7244,22.9979],
[91.7716,23.0331],
[91.7741,23.0273],
[91.7801,23.029],
[91.784,23.04],
[91.7743,23.0695],
[91.7894,23.0718],
[91.794,23.0625],
[91.8063,23.0634],
[91.8276,23.0888],
[91.8357,23.0936],
[91.8132,23.0986],
[91.818,23.1121],
[91.8111,23.1216],
[91.8146,23.1338],
[91.8083,23.1354],
[91.8141,23.1461],
[91.8062,23.1573],
[91.806,23.1799],
[91.7948,23.1867],
[91.7912,23.2269],
[91.7833,23.2432],
[91.7761,23.2433],
[91.777,23.2693],
[91.7666,23.2715],
[91.7627,23.2815],
[91.7649,23.3102],
[91.7917,23.3264],
[91.794,23.3358],
[91.8027,23.3345],
[91.8126,23.3538],
[91.8249,23.3539],
[91.8257,23.3635],
[91.8377,23.3712],
[91.8451,23.4063],
[91.8726,23.414],
[91.8996,23.4408],
[91.9433,23.4354],
[91.9372,23.4666],
[91.9471,23.4661],
[91.9584,23.4795],
[91.9703,23.4783],
[91.9709,23.5034],
[91.9559,23.5271],
[91.9644,23.5356],
[91.934,23.6847],
[91.9416,23.6937],
[91.958,23.6946],
[91.9482,23.7142],
[91.957,23.7341],
[91.9781,23.7332],
[92.0009,23.6707],
[92.0471,23.6458],
[92.0793,23.6487],
[92.0765,23.6682],
[92.0834,23.68],
[92.1002,23.6767],
[92.1071,23.6893],
[92.1233,23.6956],
[92.1407,23.7237],
[92.1467,23.7348],
[92.1721,23.7385],
[92.1697,23.7234],
[92.178,23.7077],
[92.1862,23.711],
[92.2071,23.7006],
[92.2138,23.6852],
[92.207,23.6608],
[92.2164,23.652],
[92.2332,23.6675],
[92.2412,23.7204],
[92.2651,23.7247],
[92.28,23.7194],
[92.2784,23.71],
[92.2895,23.702],
[92.2913,23.6814],
[92.2729,23.6424],
[92.2821,23.6385],
[92.2786,23.6249],
[92.2831,23.6304],
[92.2962,23.6214],
[92.2875,23.6169],
[92.2877,23.5954],
[92.2967,23.5881],
[92.3014,23.5929],
[92.3082,23.578],
[92.3134,23.5559],
[92.3062,23.535],
[92.3177,23.5264],
[92.3134,23.5161],
[92.3219,23.4909],
[92.3159,23.4868],
[92.3261,23.4788],
[92.3169,23.4716],
[92.3317,23.4664],
[92.327,23.4486],
[92.3341,23.4282],
[92.3463,23.4332],
[92.3483,23.4126],
[92.358,23.4069],
[92.3527,23.3809],
[92.365,23.3799],
[92.3565,23.372],
[92.364,23.3661],
[92.3707,23.3736],
[92.379,23.3619],
[92.3806,23.3514],
[92.3643,23.323],
[92.3858,23.3061],
[92.381,23.2852],
[92.4042,23.2408],
[92.3465,23.2365],
[92.3535,23.2134],
[92.3538,23.1846],
[92.3614,23.1824],
[92.3544,23.179],
[92.3647,23.1567],
[92.3568,23.1343],
[92.3681,23.1273],
[92.3582,23.1032],
[92.3768,23.0869],
[92.3924,23.0564],
[92.3822,23.0332],
[92.385,22.9862],
[92.3743,22.9712],
[92.3781,22.9531],
[92.3714,22.9362],
[92.3764,22.9293],
[92.3968,22.9303],
[92.4006,22.9119],
[92.4203,22.9189],
[92.4342,22.8854],
[92.4479,22.8964],
[92.4478,22.877],
[92.4603,22.8709],
[92.4521,22.8628],
[92.4615,22.8614],
[92.4636,22.8528],
[92.4565,22.8513],
[92.4637,22.842],
[92.4528,22.8428],
[92.462,22.8308],
[92.4544,22.819],
[92.472,22.7964],
[92.4691,22.7827],
[92.4792,22.7529],
[92.4744,22.7463],
[92.513,22.7332],
[92.5375,22.5803],
[92.5218,22.5603],
[92.5399,22.541],
[92.5438,22.5134],
[92.5514,22.5134],
[92.5428,22.499],
[92.5502,22.4971],
[92.5432,22.4907],
[92.5567,22.4245],
[92.5506,22.424],
[92.5522,22.4152],
[92.5813,22.3221],
[92.5775,22.3111],
[92.5865,22.2802],
[92.5812,22.269],
[92.5896,22.2467],
[92.5948,22.1746],
[92.6076,22.172],
[92.611,22.1358],
[92.6001,22.1229],
[92.5895,22.1307],
[92.592,22.1392],
[92.579,22.1431],
[92.5622,22.1278],
[92.575,22.1157],
[92.5923,22.065],
[92.6025,22.062],
[92.5926,22.0379],
[92.6002,22.0286],
[92.598,22.0088],
[92.6127,21.9915],
[92.6024,21.9794],
[92.6066,21.9746],
[92.6347,21.9835],
[92.6518,22.0163],
[92.6797,22.0115],
[92.6854,22.0417],
[92.6816,22.1035],
[92.6878,22.1038],
[92.6903,22.0723],
[92.6916,22.1341],
[92.6993,22.1551],
[92.727,22.1491],
[92.7351,22.1342],
[92.76,22.1258],
[92.771,22.1095],
[92.7901,22.1054],
[92.7978,22.0939],
[92.81,22.0963],
[92.8184,22.0752],
[92.8365,22.0722],
[92.8409,22.0595],
[92.852,22.0667],
[92.8626,22.0629],
[92.8645,22.0242],
[92.8797,22.0223],
[92.8782,22.0153],
[92.8938,22.0043],
[92.9038,21.9412],
[92.9202,21.9854],
[92.935,22.0061],
[92.927,22.016],
[92.9398,22.0141],
[92.9537,22.0301],
[92.978,21.9982],
[92.9809,21.9812],
[93.0034,21.9825],
[93.0044,22.0171],
[92.9941,22.0422],
[93.0119,22.0889],
[93.0046,22.1047],
[93.0592,22.1012],
[93.0567,22.122],
[93.0367,22.1448],
[93.0489,22.1694],
[93.0378,22.1954],
[93.0627,22.2078],
[93.0885,22.1968],
[93.1109,22.2043],
[93.1237,22.174],
[93.1507,22.1763],
[93.1612,22.1965],
[93.1483,22.2118],
[93.1418,22.2457],
[93.1771,22.246],
[93.2021,22.2641],
[93.1937,22.2882],
[93.1993,22.2941],
[93.1898,22.3005],
[93.1958,22.3144],
[93.1891,22.3231],
[93.1966,22.329],
[93.1857,22.3399],
[93.1852,22.4277],
[93.1632,22.4512],
[93.1389,22.4542],
[93.1312,22.4679],
[93.1349,22.4921],
[93.1238,22.5085],
[93.1284,22.5236],
[93.1064,22.5269],
[93.1119,22.5578],
[93.1402,22.5893],
[93.1283,22.624],
[93.1071,22.638],
[93.1096,22.6558],
[93.0957,22.6716],
[93.0945,22.6806],
[93.102,22.6831],
[93.0909,22.7042],
[93.1072,22.7509],
[93.0942,22.8062],
[93.1101,22.8182],
[93.1031,22.8241],
[93.1175,22.8437],
[93.1171,22.8638],
[93.1339,22.8922],
[93.131,22.907],
[93.1397,22.9142],
[93.1642,22.9104],
[93.1477,22.9257],
[93.1378,22.951],
[93.1404,22.9897],
[93.1198,23.0024],
[93.1345,23.0599],
[93.1513,23.054],
[93.1552,23.0435],
[93.1831,23.0597],
[93.1894,23.0518],
[93.2013,23.0547],
[93.2164,23.0358],
[93.2148,23.0269],
[93.2414,23.0067],
[93.2936,23.0067],
[93.3053,23.0207],
[93.3132,23.0191],
[93.3341,23.0595],
[93.343,23.0588],
[93.34,23.0676],
[93.3514,23.0705],
[93.3386,23.0742],
[93.3442,23.0926],
[93.3535,23.0967],
[93.3553,23.1166],
[93.3851,23.134],
[93.3856,23.1445],
[93.3676,23.1442],
[93.3681,23.1754],
[93.3804,23.1869],
[93.3748,23.2045],
[93.388,23.2165],
[93.3621,23.2799],
[93.3697,23.2871],
[93.3647,23.3059],
[93.3714,23.3094],
[93.3633,23.3129],
[93.3712,23.3136],
[93.3664,23.3215],
[93.3725,23.3294],
[93.3554,23.3522],
[93.3877,23.3595],
[93.3864,23.3744],
[93.4015,23.3842],
[93.3881,23.4205],
[93.3877,23.4455],
[93.3946,23.4479],
[93.3991,23.472],
[93.3925,23.4787],
[93.3948,23.5038],
[93.4183,23.5401],
[93.4097,23.5643],
[93.4217,23.5711],
[93.428,23.5882],
[93.4159,23.647],
[93.4362,23.6843],
[93.408,23.7082],
[93.4109,23.7293],
[93.3916,23.7571],
[93.4038,23.8064],
[93.3903,23.8177],
[93.3849,23.8482],
[93.3952,23.9239],
[93.3811,23.9346],
[93.3694,23.9299],
[93.3612,23.9447],
[93.351,23.9419],
[93.3513,23.9614],
[93.3287,23.985],
[93.3373,23.9897],
[93.3298,24.0207],
[93.3389,24.0219],
[93.326,24.0297],
[93.3379,24.0404],
[93.3262,24.0485],
[93.3384,24.0618],
[93.3309,24.0855],
[93.354,24.0907],
[93.3429,24.0974],
[93.3487,24.105],
[93.358,24.0913],
[93.3988,24.0853],
[93.4166,24.0719],
[93.4332,24.0243],
[93.4525,24.0141],
[93.4527,23.9996],
[93.4634,23.994],
[93.4617,23.9761],
[93.5002,23.9447],
[93.5149,23.9428],
[93.525,23.9561],
[93.55,23.9593],
[93.5575,23.9815],
[93.571,23.9776],
[93.5853,23.9602],
[93.5992,23.9726],
[93.6085,23.9719],
[93.612,23.9972],
[93.6238,24.0114],
[93.6524,24.0097],
[93.6564,24.002],
[93.6905,24.0091],
[93.7233,23.9975],
[93.7543,24.0055],
[93.772,23.969],
[93.7979,23.9473],
[93.8071,23.9271],
[93.8592,23.9321],
[93.8937,23.953],
[93.9441,23.9463],
[93.9584,23.9295],
[93.9753,23.9247],
[94.0165,23.927],
[94.0405,23.9107],
[94.049,23.8872],
[94.0682,23.89],
[94.0817,23.8821],
[94.0961,23.8892],
[94.1131,23.863],
[94.1135,23.8433],
[94.1329,23.8329],
[94.1439,23.8358],
[94.1448,23.8498],
[94.1567,23.8482],
[94.1697,23.9284],
[94.1899,23.9336],
[94.1884,23.9597],
[94.2373,24.0354],
[94.2322,24.0579],
[94.2393,24.0529],
[94.2545,24.0825],
[94.2516,24.1264],
[94.2597,24.1653],
[94.2765,24.1734],
[94.2915,24.233],
[94.3066,24.2414],
[94.3217,24.2763],
[94.3217,24.3289],
[94.3505,24.3351],
[94.3785,24.3797],
[94.361,24.3945],
[94.3948,24.4095],
[94.4083,24.4399],
[94.3969,24.4546],
[94.3984,24.4823],
[94.426,24.4817],
[94.4546,24.566],
[94.4966,24.5904],
[94.5257,24.6263],
[94.5449,24.6688],
[94.5452,24.7105],
[94.5708,24.7059],
[94.5677,24.7159],
[94.5759,24.7252],
[94.5852,24.7047],
[94.605,24.7159],
[94.629,24.7582],
[94.6179,24.7806],
[94.6296,24.8054],
[94.6319,24.8396],
[94.6569,24.8713],
[94.6877,24.8893],
[94.7018,24.9296],
[94.7136,24.935],
[94.6964,24.9683],
[94.7071,24.9871],
[94.727,25],
[94.7441,25.037],
[94.7446,25.0601],
[94.7377,25.0656],
[94.7447,25.0801],
[94.7363,25.1101],
[94.741,25.1266],
[94.7365,25.1351],
[94.7024,25.1455],
[94.6975,25.1549],
[94.6895,25.1576],
[94.6802,25.1489],
[94.6642,25.1628],
[94.6401,25.1661],
[94.62,25.1868],
[94.606,25.1814],
[94.5757,25.2139],
[94.5858,25.2291],
[94.5851,25.2668],
[94.6224,25.3458],
[94.6344,25.3557],
[94.6348,25.3952],
[94.6604,25.4057],
[94.6732,25.4244],
[94.6754,25.4456],
[94.6834,25.4662],
[94.7181,25.4692],
[94.7442,25.4812],
[94.7518,25.4938],
[94.762,25.4821],
[94.781,25.4804],
[94.8055,25.4918],
[94.8249,25.5238],
[94.8253,25.5424],
[94.8469,25.5622],
[94.8983,25.5656],
[94.8819,25.5908],
[94.9149,25.6075],
[94.9226,25.6454],
[94.9355,25.6668],
[94.9703,25.6886],
[95.0034,25.7286],
[95.0405,25.7417],
[95.0487,25.7598],
[95.044,25.7737],
[95.0498,25.8009],
[95.0329,25.8143],
[95.0294,25.8403],
[95.0089,25.8669],
[95.019,25.881],
[95.0116,25.898],
[95.0285,25.914],
[95.031,25.9313],
[95.0438,25.9269],
[95.0583,25.9406],
[95.0893,25.9506],
[95.1589,26.0248],
[95.164,26.0488],
[95.1857,26.0737],
[95.1647,26.0925],
[95.1506,26.0866],
[95.1386,26.0945],
[95.1181,26.1006],
[95.1156,26.1125],
[95.1264,26.1292],
[95.1171,26.1587],
[95.1266,26.1781],
[95.1219,26.1849],
[95.1426,26.2116],
[95.1145,26.2327],
[95.1273,26.2537],
[95.1194,26.2649],
[95.1283,26.2932],
[95.1223,26.3072],
[95.1283,26.3396],
[95.1211,26.3496],
[95.1322,26.3777],
[95.1253,26.388],
[95.0998,26.394],
[95.104,26.4206],
[95.0845,26.4473],
[95.0661,26.4416],
[95.0618,26.4499],
[95.1141,26.5184],
[95.1072,26.5415],
[95.1253,26.5577],
[95.1393,26.5561],
[95.1543,26.5828],
[95.1467,26.5932],
[95.1491,26.616],
[95.1635,26.6215],
[95.1666,26.6341],
[95.1811,26.643],
[95.2085,26.6478],
[95.2339,26.6825],
[95.2493,26.6839],
[95.2574,26.6761],
[95.2596,26.6554],
[95.3027,26.6508],
[95.3352,26.6736],
[95.3602,26.6709],
[95.3828,26.6842],
[95.4306,26.7],
[95.4323,26.7152],
[95.4593,26.7429],
[95.4824,26.7465],
[95.5065,26.8081],
[95.5224,26.8135],
[95.5432,26.8354],
[95.5566,26.8326],
[95.5696,26.8163],
[95.603,26.8114],
[95.6266,26.8428],
[95.6316,26.8737],
[95.644,26.8761],
[95.6668,26.9027],
[95.7166,26.8789],
[95.745,26.8963],
[95.748,26.9261],
[95.7598,26.9367],
[95.7553,26.954],
[95.7684,26.977],
[95.7812,26.9777],
[95.8023,27.0151],
[95.831,27.0075],
[95.8426,27.0142],
[95.8702,27.0131],
[95.904,27.0391],
[95.9458,27.0514],
[95.9674,27.0985],
[96.0102,27.1423],
[96.0223,27.1797],
[96.0772,27.2082],
[96.0899,27.2232],
[96.1551,27.2484],
[96.1853,27.2492],
[96.1939,27.2615],
[96.2095,27.2614],
[96.2286,27.2788],
[96.2715,27.2714],
[96.2742,27.2834],
[96.3062,27.2941],
[96.3402,27.2849],
[96.3523,27.2949],
[96.3863,27.2847],
[96.4026,27.2932],
[96.4077,27.2878],
[96.4214,27.3014],
[96.4577,27.3066],
[96.4882,27.2962],
[96.4902,27.3025],
[96.5076,27.299],
[96.5236,27.2863],
[96.5509,27.3183],
[96.5962,27.3336],
[96.5912,27.348],
[96.6057,27.3658],
[96.6977,27.3577],
[96.7037,27.3723],
[96.7595,27.3538],
[96.7668,27.3574],
[96.7968,27.3458],
[96.8222,27.3091],
[96.8481,27.2904],
[96.8469,27.2716],
[96.8629,27.2597],
[96.885,27.2593],
[96.8856,27.2269],
[96.8547,27.2108],
[96.8599,27.1898],
[96.9014,27.1686],
[96.9842,27.1544],
[96.9929,27.1402],
[97.0306,27.1314],
[97.0339,27.1185],
[97.0635,27.0918],
[97.0709,27.0898],
[97.0766,27.0992],
[97.0968,27.0968],
[97.1004,27.109],
[97.1416,27.0954],
[97.1496,27.1176],
[97.1616,27.1232],
[97.1636,27.1422],
[97.151,27.1493],
[97.147,27.1653],
[97.1246,27.1747],
[97.1219,27.1904],
[97.0905,27.2136],
[97.0882,27.2388],
[97.0549,27.2654],
[97.0547,27.2752],
[97.0406,27.2822],
[97.0281,27.3085],
[96.9984,27.3188],
[96.9903,27.3441],
[96.981,27.3458],
[96.9621,27.3729],
[96.9676,27.3812],
[96.9624,27.4016],
[96.9348,27.4153],
[96.9324,27.4314],
[96.9031,27.4536],
[96.9105,27.4867],
[96.926,27.508],
[96.9354,27.5083],
[96.9196,27.5367],
[96.9067,27.5443],
[96.9084,27.5794],
[96.8902,27.5794],
[96.8929,27.6159],
[96.9101,27.6203],
[96.9351,27.6617],
[96.983,27.6665],
[96.9854,27.6859],
[97.0316,27.7495],
[97.0476,27.7393],
[97.0614,27.7491],
[97.0745,27.7519],
[97.1026,27.7391],
[97.1127,27.7697],
[97.1058,27.7847],
[97.1318,27.7889],
[97.1507,27.8098],
[97.1731,27.8154],
[97.1819,27.8313],
[97.1988,27.8365],
[97.2551,27.8938],
[97.293,27.9135],
[97.3082,27.9127],
[97.3191,27.8886],
[97.3425,27.8855],
[97.3602,27.8732],
[97.3662,27.8772],
[97.3791,27.8921],
[97.3669,27.9365],
[97.3771,27.9498],
[97.3631,27.9653],
[97.3761,27.9831],
[97.3956,28.0123],
[97.3549,28.0666],
[97.3123,28.0607],
[97.3067,28.0699],
[97.311,28.0896],
[97.3444,28.1169],
[97.325,28.1348],
[97.3412,28.1494],
[97.3531,28.152],
[97.361,28.1656],
[97.354,28.1758],
[97.363,28.1985],
[97.3464,28.2066],
[97.3459,28.2147],
[97.2845,28.2336],
[97.2841,28.2456],
[97.2716,28.245],
[97.2652,28.2625],
[97.2459,28.2652],
[97.2355,28.2833],
[97.2381,28.2941],
[97.2184,28.3086],
[97.2085,28.3019],
[97.1785,28.334],
[97.1569,28.3355],
[97.146,28.353],
[97.1258,28.3612],
[97.0783,28.3714],
[97.0508,28.3563],
[97.0263,28.3308],
[97.0025,28.3248],
[96.9769,28.3296],
[96.9574,28.3428],
[96.9235,28.353],
[96.9217,28.364],
[96.8947,28.3831],
[96.8831,28.4001],
[96.8929,28.4186],
[96.8656,28.4483],
[96.8612,28.4853],
[96.7822,28.5137],
[96.7668,28.5148],
[96.75,28.5432],
[96.759,28.5589],
[96.7454,28.5713],
[96.6921,28.5875],
[96.6549,28.609],
[96.6135,28.6136],
[96.5525,28.5829],
[96.5248,28.553],
[96.5141,28.5298],
[96.5109,28.459],
[96.496,28.4299],
[96.4833,28.4474],
[96.4783,28.4903],
[96.446,28.4896],
[96.4338,28.5057],
[96.4095,28.5076],
[96.4118,28.5169],
[96.4581,28.5337],
[96.4814,28.555],
[96.4801,28.5666],
[96.4481,28.5872],
[96.4608,28.6004],
[96.4951,28.6095],
[96.4958,28.6261],
[96.5123,28.626],
[96.5368,28.6544],
[96.5359,28.6812],
[96.6031,28.6996],
[96.6214,28.7353],
[96.6028,28.7583],
[96.6007,28.7786],
[96.5729,28.7826],
[96.5893,28.8178],
[96.5666,28.8241],
[96.5473,28.8495],
[96.5367,28.8482],
[96.5214,28.8609],
[96.5157,28.905],
[96.5248,28.9163],
[96.5184,28.9359],
[96.5082,28.9465],
[96.4818,28.9479],
[96.4727,28.9279],
[96.4542,28.9363],
[96.4288,28.9846],
[96.4345,29.0063],
[96.3659,29.039],
[96.362,29.0691],
[96.3524,29.0747],
[96.3674,29.1093],
[96.3481,29.101],
[96.2693,29.0967],
[96.2431,29.0738],
[96.2134,29.0277],
[96.1985,29.0234],
[96.1829,29.0432],
[96.1845,29.0592],
[96.1977,29.075],
[96.1829,29.111],
[96.2348,29.1297],
[96.2454,29.151],
[96.2598,29.1578],
[96.2978,29.159],
[96.2995,29.1908],
[96.2831,29.2021],
[96.284,29.2096],
[96.2532,29.2138],
[96.2628,29.2212],
[96.2608,29.2446],
[96.2191,29.2624],
[96.1959,29.2636],
[96.1667,29.2943],
[96.1496,29.2949],
[96.1363,29.3456],
[96.0536,29.3824],
[96.0278,29.3689],
[95.981,29.362],
[95.9657,29.3758],
[95.9415,29.3658],
[95.9388,29.3489],
[95.8926,29.3312],
[95.8775,29.3146],
[95.8411,29.3212],
[95.8389,29.3531],
[95.8123,29.3475],
[95.7768,29.323],
[95.7574,29.3226],
[95.7407,29.3026],
[95.7371,29.298],
[95.7524,29.2762],
[95.736,29.2554],
[95.7305,29.2352],
[95.7407,29.2209],
[95.7088,29.204],
[95.6983,29.2247],
[95.6642,29.2236],
[95.648,29.2104],
[95.6056,29.236],
[95.5963,29.2238],
[95.5946,29.2067],
[95.6035,29.1958],
[95.5957,29.188],
[95.5742,29.1794],
[95.5489,29.197],
[95.5291,29.1892],
[95.5062,29.1949],
[95.5004,29.1817],
[95.515,29.1534],
[95.5095,29.1264],
[95.4805,29.1411],
[95.4579,29.1368],
[95.4488,29.1608],
[95.4539,29.1764],
[95.4339,29.1927],
[95.419,29.1807],
[95.4094,29.1443],
[95.4127,29.1259],
[95.3973,29.1249],
[95.3789,29.1368],
[95.2993,29.1365],
[95.2775,29.1161],
[95.283,29.1099],
[95.2719,29.1032],
[95.2714,29.0732],
[95.2626,29.0683],
[95.2588,29.0803],
[95.2365,29.0858],
[95.2304,29.1036],
[95.2115,29.1076],
[95.136,29.0885],
[95.1302,29.0981],
[95.1153,29.0977],
[95.1021,29.097],
[95.1194,29.1124],
[95.101,29.1283],
[95.0972,29.142],
[95.0548,29.1534],
[95.0421,29.1507],
[95.0184,29.1262],
[94.9648,29.1588],
[94.9176,29.1575],
[94.8842,29.1791],
[94.8475,29.1826],
[94.8041,29.1666],
[94.7974,29.1861],
[94.8037,29.2084],
[94.7943,29.2177],
[94.7708,29.2183],
[94.7517,29.2297],
[94.7349,29.287],
[94.7155,29.2915],
[94.6936,29.3179],
[94.6265,29.2958],
[94.6191,29.2839],
[94.5715,29.2562],
[94.5684,29.2412],
[94.541,29.2197],
[94.5106,29.2312],
[94.492,29.2078],
[94.4569,29.2131],
[94.4481,29.1834],
[94.3905,29.1842],
[94.3789,29.1541],
[94.2932,29.1523],
[94.2952,29.1345],
[94.276,29.1127],
[94.2769,29.0939],
[94.3156,29.0759],
[94.3133,29.0662],
[94.3276,29.0405],
[94.3604,29.0343],
[94.3664,29.0259],
[94.3419,29.0019],
[94.3095,28.994],
[94.274,28.9679],
[94.2747,28.9525],
[94.2577,28.9302],
[94.1786,28.9359],
[94.1664,28.9238],
[94.1748,28.9118],
[94.1359,28.8905],
[94.0592,28.875],
[94.0582,28.8587],
[94.0334,28.8563],
[94.0233,28.845],
[94.0197,28.7935],
[93.9955,28.7906],
[93.9749,28.8215],
[93.9122,28.7732],
[93.9179,28.7422],
[93.91,28.7402],
[93.8966,28.7575],
[93.8599,28.7423],
[93.8411,28.7487],
[93.7898,28.737],
[93.7843,28.7133],
[93.7547,28.6986],
[93.7122,28.6647],
[93.6885,28.6783],
[93.6373,28.6545],
[93.623,28.6884],
[93.5495,28.6749],
[93.5221,28.6742],
[93.5095,28.6675],
[93.5035,28.6296],
[93.4598,28.6169],
[93.4443,28.5893],
[93.4184,28.5848],
[93.3946,28.5563],
[93.3895,28.5326],
[93.3634,28.5357],
[93.3291,28.5215],
[93.306,28.5278],
[93.2992,28.5416],
[93.2793,28.5497],
[93.2814,28.5572],
[93.2602,28.5508],
[93.1818,28.4776],
[93.1675,28.4537],
[93.1702,28.4309],
[93.1634,28.4003],
[93.1458,28.3792],
[93.1486,28.3666],
[93.0789,28.3265],
[93.0627,28.3056],
[93.0507,28.312],
[93.006,28.2972],
[92.9919,28.2712],
[92.945,28.2595],
[92.9288,28.2354],
[92.9359,28.217],
[92.93,28.2067],
[92.9216,28.2007],
[92.8829,28.2016],
[92.8263,28.1752],
[92.7844,28.1867],
[92.7719,28.1802],
[92.7726,28.1682],
[92.7628,28.1613],
[92.7465,28.1617],
[92.739,28.154],
[92.7158,28.1679],
[92.7021,28.1542],
[92.6777,28.1512],
[92.6614,28.0951],
[92.6569,28.077],
[92.6644,28.0703],
[92.7148,28.0664],
[92.7319,28.0546],
[92.7377,28.0379],
[92.7213,28.001],
[92.7315,27.9825],
[92.6672,27.9426],
[92.647,27.9124],
[92.5993,27.9146],
[92.581,27.8808],
[92.5689,27.8839],
[92.5611,27.8739],
[92.5535,27.8772],
[92.5316,27.8665],
[92.526,27.8536],
[92.5114,27.847],
[92.5005,27.8521],
[92.4776,27.8365],
[92.456,27.7929],
[92.4264,27.803],
[92.4218,27.8357],
[92.4057,27.8209],
[92.3643,27.8044],
[92.3247,27.7975],
[92.3117,27.8243],
[92.2978,27.8337],
[92.303,27.8536],
[92.294,27.8723],
[92.2657,27.8873],
[92.2546,27.8764],
[92.2386,27.8867],
[92.2131,27.8732],
[92.212,27.8631],
[92.1772,27.8473],
[92.1646,27.8314],
[92.1429,27.835],
[92.1081,27.8028],
[92.0641,27.7884],
[92.0573,27.7799],
[92.0178,27.7765],
[92.003,27.7835],
[91.9828,27.7777],
[91.9654,27.739],
[91.925,27.7165],
[91.9031,27.729],
[91.8727,27.7202],
[91.861,27.7345],
[91.8482,27.761],
[91.8363,27.7669],
[91.8381,27.7749],
[91.8297,27.7905],
[91.806,27.788],
[91.8073,27.7747],
[91.7915,27.7691],
[91.7833,27.7788],
[91.7789,27.7709],
[91.7728,27.7747],
[91.7709,27.7897],
[91.7446,27.8],
[91.7258,27.7801],
[91.6607,27.8289],
[91.6125,27.8388],
[91.5658,27.8267],
[91.5693,27.8174],
[91.5767,27.8114],
[91.6147,27.8215],
[91.6343,27.8041],
[91.6431,27.7609],
[91.6353,27.7465],
[91.638,27.731],
[91.6272,27.7157],
[91.6288,27.6993],
[91.5728,27.6608],
[91.5631,27.6379],
[91.565,27.6258],
[91.5845,27.6084],
[91.566,27.5841],
[91.5832,27.5657],
[91.582,27.557],
[91.5943,27.5422],
[91.6125,27.5437],
[91.6137,27.5342],
[91.6238,27.5139],
[91.647,27.5004],
[91.6515,27.4841],
[91.6737,27.493],
[91.6931,27.5055],
[91.7059,27.4989],
[91.7171,27.4983],
[91.7134,27.4755],
[91.7278,27.4703],
[91.74,27.4702],
[91.7579,27.4753],
[91.7789,27.4658],
[91.8063,27.4756],
[91.8284,27.4682],
[91.8427,27.4768],
[91.8441,27.4785],
[91.8492,27.4864],
[91.8624,27.4848],
[91.8722,27.4703],
[91.9233,27.4741],
[91.9435,27.4598],
[91.9749,27.4655],
[91.9889,27.4673],
[91.9945,27.4783],
[92.011,27.4793],
[92.0193,27.4774],
[92.0268,27.4403],
[92.0424,27.4354],
[92.0371,27.4183],
[92.0561,27.3999],
[92.0477,27.3623],
[92.0649,27.3273],
[92.1252,27.2818],
[92.1123,27.2695],
[92.087,27.2694],
[92.0747,27.2786],
[92.0467,27.2693],
[92.0386,27.2549],
[92.0593,27.2521],
[92.0712,27.2285],
[92.0569,27.1883],
[92.0364,27.1804],
[92.0284,27.1708],
[92.0348,27.135],
[92.0231,27.1102],
[92.0415,27.0582],
[92.0499,27.0506],
[92.0703,27.0431],
[92.082,27.0398],
[92.078,27.018],
[92.0973,27.0085],
[92.1047,26.9872],
[92.12,26.9716],
[92.1148,26.9333],
[92.1191,26.908],
[92.115,26.8945],
[92.1017,26.8814],
[92.1024,26.8673],
[92.0748,26.8544],
[92.0562,26.8467],
[92.0166,26.8504],
[91.9836,26.8579],
[91.9644,26.8821],
[91.8924,26.9188],
[91.8594,26.9132],
[91.8242,26.8639],
[91.7208,26.8119],
[91.6901,26.8068],
[91.626,26.821],
[91.593,26.8052],
[91.4952,26.7912],
[91.4643,26.8024],
[91.408,26.8389],
[91.3762,26.7954],
[91.3373,26.7806],
[91.2968,26.7872],
[91.2368,26.812],
[91.1463,26.8111],
[91.0976,26.8221],
[91.0541,26.7808],
[90.9917,26.7908],
[90.9572,26.7817],
[90.9563,26.7878],
[90.7144,26.7685],
[90.6931,26.7708],
[90.6758,26.7844],
[90.6464,26.7768],
[90.6342,26.7941],
[90.5464,26.8168],
[90.4181,26.9044],
[90.3567,26.901],
[90.3479,26.8753],
[90.3006,26.8485],
[90.2482,26.8595],
[90.2308,26.8588],
[90.2135,26.8452],
[90.1877,26.8071],
[90.1947,26.7737],
[90.0492,26.7304],
[89.8977,26.7243],
[89.8624,26.737],
[89.8653,26.7047],
[89.8519,26.6972],
[89.7993,26.7083],
[89.7638,26.6988],
[89.7485,26.714],
[89.7435,26.7325],
[89.7151,26.7202],
[89.6909,26.7338],
[89.6658,26.7368],
[89.6498,26.7156],
[89.6279,26.7225],
[89.6201,26.7157],
[89.6087,26.7275],
[89.6364,26.7506],
[89.64,26.7773],
[89.6106,26.7778],
[89.5579,26.7975],
[89.5477,26.8131],
[89.4545,26.7979],
[89.4287,26.8353],
[89.4137,26.8304],
[89.3823,26.8364],
[89.3697,26.8573],
[89.3249,26.8374],
[89.3158,26.8436],
[89.2702,26.8225],
[89.2561,26.8078],
[89.2251,26.8136],
[89.1874,26.8069],
[89.169,26.8148],
[89.1267,26.8073],
[89.0939,26.8394],
[89.0981,26.8581],
[89.0851,26.8688],
[89.0894,26.8893],
[89.0441,26.9017],
[89.0419,26.9165],
[89.022,26.9227],
[89.0164,26.9375],
[88.9754,26.9128],
[88.9412,26.9309],
[88.9512,26.9538],
[88.9483,26.967],
[88.9173,26.9981],
[88.8705,26.9446],
[88.867,26.9958],
[88.8768,27.0374],
[88.8661,27.1092],
[88.8299,27.1155],
[88.7994,27.1389],
[88.7782,27.1345],
[88.7461,27.1426],
[88.7615,27.1527],
[88.7578,27.1648],
[88.7666,27.1783],
[88.7913,27.1858],
[88.8039,27.2186],
[88.8033,27.248],
[88.8319,27.2625],
[88.8791,27.2612],
[88.9056,27.2741],
[88.9137,27.2907],
[88.9079,27.3016],
[88.9214,27.3273],
[88.8951,27.333],
[88.8834,27.3444],
[88.8814,27.3605],
[88.863,27.3701],
[88.8611,27.3863],
[88.8379,27.3796],
[88.8216,27.3938],
[88.8211,27.4047],
[88.8068,27.4054],
[88.8047,27.4151],
[88.8082,27.4231],
[88.7962,27.4273],
[88.7935,27.4472],
[88.7768,27.4693],
[88.7873,27.5111],
[88.7936,27.5269],
[88.7771,27.5326],
[88.7633,27.5664],
[88.7918,27.5742],
[88.7882,27.5859],
[88.8088,27.6031],
[88.8112,27.6194],
[88.8043,27.6243],
[88.8163,27.6484],
[88.8233,27.6439],
[88.8361,27.6518],
[88.8483,27.6764],
[88.8424,27.6826],
[88.848,27.6961],
[88.8389,27.7068],
[88.8567,27.7172],
[88.859,27.7381],
[88.8669,27.7429],
[88.8542,27.7646],
[88.8571,27.8155],
[88.8804,27.8305],
[88.8881,27.8564],
[88.8781,27.8749],
[88.8814,27.8915],
[88.8596,27.9278],
[88.8341,27.9306],
[88.8433,27.9545],
[88.8375,28.0031],
[88.8361,28.0153],
[88.8043,28.03],
[88.7547,28.0803],
[88.7304,28.0726],
[88.6896,28.0793],
[88.6706,28.0741],
[88.6334,28.1226],
[88.6108,28.1093],
[88.6024,28.0896],
[88.5833,28.0842],
[88.5682,28.0909],
[88.5544,28.0823],
[88.5536,28.0394],
[88.546,28.034],
[88.5246,28.0353],
[88.4949,28.0551],
[88.4755,28.0363],
[88.4682,28.0169],
[88.4174,28],
[88.4136,27.9811],
[88.3898,27.9765],
[88.3731,27.9898],
[88.3349,27.9842],
[88.3319,27.9759],
[88.3199,27.9796],
[88.3042,27.9655],
[88.2842,27.9652],
[88.2793,27.9548],
[88.2647,27.9565],
[88.2513,27.9417],
[88.2376,27.9695],
[88.2088,27.9624],
[88.207,27.9407],
[88.1874,27.9427],
[88.1626,27.9587],
[88.1425,27.9653],
[88.1301,27.9502],
[88.1367,27.9373],
[88.118,27.9181],
[88.1313,27.8982],
[88.135,27.8816],
[88.1963,27.854],
[88.2027,27.8365],
[88.1732,27.8203],
[88.198,27.7904],
[88.1818,27.7757],
[88.1782,27.7465],
[88.1564,27.7363],
[88.1474,27.7027],
[88.1536,27.6891],
[88.1433,27.6626],
[88.1195,27.6439],
[88.1137,27.6097],
[88.0775,27.5789],
[88.0798,27.5642],
[88.0592,27.5363],
[88.0661,27.5285],
[88.058,27.5199],
[88.0609,27.5118],
[88.0443,27.4965],
[88.0463,27.4763],
[88.0673,27.4576],
[88.0753,27.4327],
[88.0478,27.4053],
[88.0423,27.371],
[88.0684,27.3351],
[88.053,27.324],
[88.0413,27.3033],
[88.0448,27.293],
[88.0328,27.2853],
[88.0316,27.2504],
[88.0148,27.2117],
[88.0194,27.1702],
[88.0089,27.141],
[87.9936,27.13],
[87.9917,27.1083],
[88.0218,27.0869],
[88.0176,27.0745],
[88.0399,27.0354],
[88.0799,27.0343],
[88.0911,27.0062],
[88.1331,26.9823],
[88.121,26.9505],
[88.1439,26.9212],
[88.1385,26.8975],
[88.1715,26.8667],
[88.1662,26.8487],
[88.1871,26.7714],
[88.1814,26.7199],
[88.1669,26.6994],
[88.1602,26.6368],
[88.1418,26.6246],
[88.1386,26.6056],
[88.1302,26.6008],
[88.1302,26.5733],
[88.1128,26.5723],
[88.1138,26.5588],
[88.1056,26.5604],
[88.1054,26.5511],
[88.0981,26.5475],
[88.1076,26.5337],
[88.0986,26.5131],
[88.1096,26.5025],
[88.1074,26.4786],
[88.0909,26.4687],
[88.0992,26.4561],
[88.0685,26.415],
[88.0344,26.3929],
[88.0262,26.3663],
[87.9974,26.365],
[87.9918,26.3927],
[87.9659,26.3975],
[87.9261,26.4187],
[87.9256,26.4286],
[87.9152,26.4322],
[87.9241,26.4468],
[87.8985,26.4492],
[87.909,26.4598],
[87.8884,26.4868],
[87.8859,26.4768],
[87.8586,26.4638],
[87.8628,26.4527],
[87.8481,26.4369],
[87.8284,26.4401],
[87.8291,26.4504],
[87.7921,26.469],
[87.7742,26.45],
[87.779,26.4362],
[87.7667,26.4109],
[87.7533,26.4085],
[87.7493,26.4179],
[87.7392,26.4175],
[87.7338,26.4077],
[87.7129,26.4274],
[87.6771,26.4356],
[87.6775,26.4157],
[87.6495,26.4059],
[87.6514,26.3934],
[87.6121,26.3902],
[87.6053,26.3809],
[87.5883,26.3817],
[87.5843,26.3934],
[87.5526,26.4055],
[87.5471,26.4182],
[87.4637,26.4402],
[87.4272,26.4221],
[87.388,26.4192],
[87.368,26.4081],
[87.3557,26.3887],
[87.3574,26.3613],
[87.3403,26.3477],
[87.3117,26.3718],
[87.3008,26.3662],
[87.2888,26.3739],
[87.2655,26.3736],
[87.2652,26.406],
[87.2588,26.4099],
[87.2354,26.4152],
[87.2184,26.4046],
[87.2113,26.4138],
[87.1843,26.4144],
[87.1882,26.406],
[87.1622,26.4045],
[87.0912,26.4508],
[87.0718,26.5407],
[87.0708,26.5865],
[87.0425,26.5875],
[87.0376,26.5612],
[87.0165,26.5318],
[86.9335,26.5154],
[86.9294,26.4898],
[86.8931,26.488],
[86.8935,26.4615],
[86.861,26.4576],
[86.8335,26.4393],
[86.7665,26.4588],
[86.7443,26.4353],
[86.7466,26.4286],
[86.7302,26.4225],
[86.72,26.4349],
[86.6999,26.4378],
[86.6925,26.4513],
[86.6318,26.4647],
[86.6135,26.4879],
[86.5704,26.4966],
[86.542,26.5383],
[86.4972,26.5427],
[86.456,26.5678],
[86.3952,26.5855],
[86.3969,26.5939],
[86.3409,26.6062],
[86.3431,26.6173],
[86.2505,26.6151],
[86.2343,26.5904],
[86.2182,26.5886],
[86.196,26.5938],
[86.191,26.6149],
[86.1361,26.6065],
[86.1378,26.6293],
[86.1183,26.6304],
[86.0694,26.6575],
[86.0273,26.6663],
[86.0091,26.6555],
[85.979,26.658],
[85.9593,26.6512],
[85.9472,26.6133],
[85.9282,26.6162],
[85.8917,26.5941],
[85.8876,26.5838],
[85.8499,26.5685],
[85.8578,26.5897],
[85.8508,26.6085],
[85.8309,26.6115],
[85.8303,26.6015],
[85.8175,26.6024],
[85.8016,26.6243],
[85.7697,26.6296],
[85.7324,26.6536],
[85.7367,26.6642],
[85.7257,26.6704],
[85.7232,26.6826],
[85.7341,26.7374],
[85.7293,26.8087],
[85.7045,26.8322],
[85.6427,26.8534],
[85.6352,26.8724],
[85.6241,26.8737],
[85.5857,26.8469],
[85.5846,26.8583],
[85.5757,26.8609],
[85.566,26.8409],
[85.5436,26.8381],
[85.522,26.8165],
[85.4977,26.8129],
[85.4953,26.7972],
[85.4794,26.8024],
[85.4778,26.7933],
[85.4542,26.7822],
[85.4077,26.7917],
[85.3749,26.7615],
[85.3548,26.7603],
[85.3344,26.7417],
[85.3079,26.7521],
[85.206,26.7613],
[85.1767,26.8097],
[85.1914,26.8315],
[85.1905,26.8702],
[85.099,26.8712],
[85.0868,26.8624],
[85.0835,26.8535],
[85.0767,26.8586],
[85.0636,26.8497],
[85.0628,26.858],
[85.0577,26.8494],
[85.0231,26.8552],
[85.0304,26.8753],
[85.0609,26.8869],
[85.0045,26.8951],
[84.9999,26.9118],
[84.9687,26.9157],
[84.9778,26.9377],
[84.9622,26.9606],
[84.8916,26.9699],
[84.8868,26.9779],
[84.8558,26.9864],
[84.8574,26.9979],
[84.8495,26.997],
[84.8555,27.0083],
[84.8291,27.0197],
[84.8119,27.0209],
[84.7935,26.9963],
[84.7865,26.9987],
[84.7886,27.0094],
[84.7747,27.0174],
[84.7571,27.0028],
[84.6428,27.0469],
[84.6461,27.0758],
[84.674,27.0959],
[84.6753,27.1085],
[84.6697,27.1095],
[84.6797,27.1139],
[84.677,27.1338],
[84.6877,27.1587],
[84.6729,27.171],
[84.6876,27.1798],
[84.6808,27.2004],
[84.6914,27.2149],
[84.6202,27.3393],
[84.6052,27.3359],
[84.4854,27.36],
[84.4702,27.3548],
[84.4396,27.3688],
[84.3761,27.3751],
[84.354,27.3716],
[84.3055,27.3883],
[84.2942,27.3824],
[84.2794,27.3947],
[84.2812,27.414],
[84.2585,27.451],
[84.2325,27.4557],
[84.2137,27.4414],
[84.2084,27.4687],
[84.1491,27.4862],
[84.1516,27.517],
[84.1261,27.5117],
[84.108,27.5216],
[84.0978,27.5167],
[84.0929,27.4904],
[84.067,27.482],
[84.0532,27.4625],
[84.0575,27.4558],
[84.0163,27.4372],
[83.998,27.4463],
[83.9496,27.4412],
[83.9342,27.4499],
[83.9159,27.4403],
[83.8698,27.4374],
[83.8481,27.4488],
[83.831,27.4273],
[83.8837,27.3738],
[83.8638,27.3442],
[83.8308,27.3699],
[83.6149,27.4693],
[83.3882,27.4794],
[83.3893,27.471],
[83.4025,27.4663],
[83.4025,27.4568],
[83.385,27.4361],
[83.4097,27.4126],
[83.3856,27.3902],
[83.3881,27.3757],
[83.3719,27.3694],
[83.3744,27.359],
[83.3594,27.3524],
[83.3601,27.3437],
[83.3382,27.3336],
[83.3183,27.3378],
[83.3179,27.3305],
[83.295,27.3341],
[83.273,27.3531],
[83.2659,27.366],
[83.2723,27.3834],
[83.2177,27.4175],
[83.1884,27.4539],
[83.0365,27.449],
[82.9543,27.4682],
[82.9292,27.5011],
[82.8021,27.4964],
[82.7354,27.5028],
[82.7363,27.5184],
[82.7493,27.5227],
[82.7372,27.5473],
[82.7466,27.5554],
[82.7538,27.5865],
[82.7354,27.6095],
[82.7378,27.6427],
[82.7295,27.6428],
[82.7306,27.6532],
[82.7126,27.6635],
[82.7188,27.6857],
[82.7064,27.704],
[82.7085,27.723],
[82.7056,27.7164],
[82.6995,27.722],
[82.681,27.7136],
[82.6662,27.7158],
[82.6645,27.7225],
[82.6189,27.7022],
[82.605,27.7058],
[82.5408,27.6858],
[82.5167,27.6913],
[82.4736,27.6773],
[82.4493,27.6797],
[82.3952,27.7096],
[82.3678,27.7434],
[82.3037,27.7737],
[82.2074,27.8435],
[82.1533,27.8668],
[82.1491,27.8582],
[82.1216,27.8655],
[82.07,27.9233],
[81.9679,27.9288],
[81.9259,27.8764],
[81.9254,27.8599],
[81.8847,27.8569],
[81.8332,27.8977],
[81.8046,27.903],
[81.6988,27.9877],
[81.6437,27.9932],
[81.4781,28.0826],
[81.4839,28.1186],
[81.45,28.1406],
[81.4451,28.1613],
[81.4256,28.1712],
[81.3752,28.1785],
[81.3836,28.1671],
[81.37,28.1531],
[81.3857,28.1527],
[81.384,28.1471],
[81.3165,28.1344],
[81.3181,28.145],
[81.328,28.148],
[81.3202,28.1601],
[81.312,28.1557],
[81.3016,28.1665],
[81.3212,28.1686],
[81.3207,28.1972],
[81.2328,28.2889],
[81.2339,28.326],
[81.2107,28.3607],
[81.0891,28.3858],
[81.058,28.4139],
[81.0508,28.407],
[81.0362,28.4132],
[81.0348,28.3992],
[81.0167,28.4158],
[81.0347,28.4276],
[81.03,28.4386],
[81.0197,28.4309],
[81.013,28.4372],
[81.0173,28.4507],
[80.9979,28.4521],
[80.9888,28.4413],
[80.9774,28.4424],
[80.9786,28.434],
[80.9645,28.4376],
[80.9643,28.4446],
[80.9802,28.455],
[80.9667,28.4571],
[80.9638,28.4493],
[80.9514,28.4473],
[80.9512,28.4556],
[80.9318,28.4586],
[80.9423,28.4688],
[80.9303,28.4575],
[80.9172,28.4599],
[80.9139,28.4683],
[80.9153,28.4576],
[80.9023,28.4784],
[80.9084,28.4979],
[80.8964,28.5071],
[80.8752,28.5109],
[80.8615,28.5045],
[80.8659,28.4894],
[80.8445,28.4957],
[80.8155,28.5207],
[80.7886,28.5243],
[80.7894,28.5434],
[80.7694,28.5501],
[80.7687,28.5659],
[80.7384,28.5751],
[80.7386,28.5658],
[80.7243,28.5754],
[80.7144,28.5686],
[80.6903,28.588],
[80.6958,28.6039],
[80.6771,28.6043],
[80.6795,28.6211],
[80.6674,28.6424],
[80.6517,28.6343],
[80.6413,28.6436],
[80.6111,28.6387],
[80.6063,28.652],
[80.5948,28.6486],
[80.5896,28.6471],
[80.5976,28.6561],
[80.58,28.6606],
[80.5905,28.6799],
[80.5692,28.6881],
[80.5397,28.6902],
[80.5065,28.671],
[80.5216,28.5762],
[80.5306,28.5721],
[80.5181,28.5522],
[80.4989,28.57],
[80.4795,28.5875],
[80.4693,28.5827],
[80.4623,28.6217],
[80.4351,28.6368],
[80.4154,28.6394],
[80.3777,28.6287],
[80.3581,28.6405],
[80.3256,28.6664],
[80.3169,28.7003],
[80.294,28.7127],
[80.2776,28.7109],
[80.2567,28.729],
[80.2657,28.7428],
[80.2544,28.7551],
[80.2161,28.7546],
[80.1714,28.782],
[80.1193,28.8276],
[80.0755,28.8237],
[80.0652,28.8368],
[80.0589,28.9158],
[80.1009,28.9868],
[80.1181,28.9814],
[80.1269,29.0055],
[80.1359,29.0074],
[80.1248,29.0115],
[80.1314,29.0297],
[80.1259,29.0312],
[80.1447,29.1026],
[80.1835,29.1364],
[80.2098,29.1207],
[80.2333,29.1193],
[80.2713,29.1404],
[80.2581,29.1659],
[80.2585,29.1878],
[80.2411,29.2021],
[80.2518,29.2215],
[80.2607,29.2058],
[80.2761,29.2071],
[80.2865,29.1946],
[80.2952,29.2008],
[80.2909,29.2332],
[80.2999,29.242],
[80.3052,29.2871],
[80.3184,29.3014],
[80.317,29.3142],
[80.2937,29.3274],
[80.2717,29.3629],
[80.2791,29.3781],
[80.2751,29.3914],
[80.243,29.411],
[80.2474,29.4341],
[80.2421,29.4427],
[80.2722,29.4486],
[80.2678,29.4543],
[80.2752,29.4571],
[80.2789,29.4499],
[80.3004,29.4505],
[80.2855,29.4753],
[80.2972,29.4882],
[80.3126,29.4829],
[80.3152,29.5002],
[80.342,29.5108],
[80.3578,29.5315],
[80.3417,29.5412],
[80.3449,29.5522],
[80.3644,29.5638],
[80.3794,29.5612],
[80.3808,29.5715],
[80.3904,29.5732],
[80.4093,29.5975],
[80.406,29.6127],
[80.42,29.6286],
[80.4198,29.6403],
[80.4085,29.661],
[80.3921,29.6654],
[80.3855,29.676],
[80.3764,29.7197],
[80.3681,29.7237],
[80.368,29.7486],
[80.398,29.7592],
[80.4076,29.7945],
[80.4132,29.7912],
[80.4354,29.8049],
[80.4726,29.7976],
[80.4934,29.7946],
[80.5071,29.8224],
[80.5535,29.8493],
[80.5719,29.8913],
[80.5726,29.9175],
[80.602,29.957],
[80.6294,29.9639],
[80.6514,29.9547],
[80.6768,29.958],
[80.7188,30.0006],
[80.7457,30.0061],
[80.757,30.025],
[80.7582,30.0458],
[80.7795,30.0571],
[80.8054,30.0899],
[80.8206,30.0999],
[80.8368,30.0982],
[80.8455,30.1044],
[80.8429,30.1153],
[80.876,30.1276],
[80.8716,30.1603],
[80.8624,30.1696],
[80.88,30.1826],
[80.9074,30.2227],
[80.9197,30.2157],
[80.9162,30.1879],
[80.9285,30.1748],
[80.9744,30.1925],
[80.9946,30.1864],
[81.0348,30.1975],
[81.0448,30.2105],
[81.0298,30.2195],
[81.0284,30.2328],
[81.0292,30.2344],
[81.0304,30.2476],
[81.0021,30.2648],
[80.9528,30.2702],
[80.9356,30.2635],
[80.9071,30.3037],
[80.8736,30.3012],
[80.8609,30.3143],
[80.8333,30.3132],
[80.8016,30.323],
[80.7855,30.3535],
[80.7341,30.4006],
[80.708,30.4172],
[80.6931,30.413],
[80.6858,30.4206],
[80.6239,30.4629],
[80.6136,30.4593],
[80.6066,30.4715],
[80.5978,30.4696],
[80.5652,30.4638],
[80.5589,30.4538],
[80.5409,30.449],
[80.4992,30.4879],
[80.4885,30.4846],
[80.4524,30.4965],
[80.4161,30.5173],
[80.4172,30.5239],
[80.3856,30.5172],
[80.3646,30.5275],
[80.3455,30.5203],
[80.3191,30.5454],
[80.3154,30.5645],
[80.2568,30.5656],
[80.2079,30.5883],
[80.2194,30.6428],
[80.1926,30.666],
[80.1978,30.6862],
[80.233,30.6905],
[80.2331,30.7088],
[80.2488,30.7204],
[80.2386,30.7623],
[80.2125,30.7527],
[80.1972,30.7657],
[80.2005,30.7759],
[80.1728,30.809],
[80.1582,30.8069],
[80.1543,30.7896],
[80.1428,30.7921],
[80.1263,30.7798],
[80.1124,30.7797],
[80.0879,30.7957],
[80.0515,30.8405],
[80.0319,30.8408],
[80.0082,30.8662],
[79.9966,30.8659],
[79.9615,30.8885],
[79.931,30.8805],
[79.9084,30.9147],
[79.8888,30.9177],
[79.8886,30.9374],
[79.875,30.9669],
[79.8557,30.9759],
[79.8166,30.9717],
[79.7921,30.9862],
[79.7756,30.9865],
[79.7523,31.0058],
[79.736,30.98],
[79.7007,30.9707],
[79.6656,30.9829],
[79.6632,30.9645],
[79.6009,30.9388],
[79.5685,30.9502],
[79.516,30.9975],
[79.5195,31.0055],
[79.5091,31.0151],
[79.5069,31.0324],
[79.4714,31.0348],
[79.4275,31.0229],
[79.4124,31.0723],
[79.4139,31.1066],
[79.39,31.1174],
[79.3767,31.1135],
[79.365,31.1238],
[79.3521,31.1225],
[79.3124,31.1483],
[79.3009,31.219],
[79.2827,31.2389],
[79.2606,31.2398],
[79.2263,31.2606],
[79.2492,31.2847],
[79.2501,31.2936],
[79.2202,31.3165],
[79.2365,31.335],
[79.2134,31.354],
[79.1706,31.3631],
[79.1687,31.3744],
[79.1773,31.3855],
[79.1423,31.4321],
[79.0752,31.459],
[79.0608,31.4296],
[79.0497,31.4256],
[79.0371,31.4332],
[79.0189,31.4267],
[79.018,31.391],
[79.0101,31.3822],
[79.0187,31.349],
[79.0005,31.3418],
[78.9877,31.348],
[78.9892,31.3562],
[78.9794,31.3639],
[78.9697,31.357],
[78.9683,31.3571],
[78.9439,31.3657],
[78.9171,31.3149],
[78.8975,31.3026],
[78.8995,31.2897],
[78.8834,31.2862],
[78.8616,31.3153],
[78.8514,31.3089],
[78.8534,31.2944],
[78.7808,31.3102],
[78.7684,31.3263],
[78.7738,31.3333],
[78.7633,31.3411],
[78.7695,31.349],
[78.7498,31.3687],
[78.7571,31.3728],
[78.753,31.3849],
[78.7615,31.4007],
[78.7967,31.4441],
[78.7753,31.4542],
[78.7575,31.4829],
[78.725,31.4848],
[78.7203,31.5081],
[78.7309,31.5326],
[78.7616,31.5486],
[78.7752,31.5436],
[78.7801,31.5559],
[78.8034,31.5656],
[78.8065,31.5772],
[78.8224,31.5786],
[78.8466,31.6092],
[78.8397,31.6229],
[78.8019,31.6476],
[78.7979,31.6822],
[78.761,31.6749],
[78.7495,31.6832],
[78.7536,31.6953],
[78.73,31.7332],
[78.7255,31.7581],
[78.7082,31.7721],
[78.7051,31.7811],
[78.7022,31.8071],
[78.7354,31.8326],
[78.749,31.8734],
[78.7317,31.884],
[78.7468,31.8919],
[78.7427,31.9022],
[78.7694,31.9286],
[78.7634,31.9477],
[78.7665,31.9611],
[78.7791,31.9666],
[78.7733,31.974],
[78.7789,31.9936],
[78.7669,32.0036],
[78.7344,32.005],
[78.7057,32.0644],
[78.6826,32.0801],
[78.6873,32.086],
[78.6927,32.0965],
[78.6828,32.1136],
[78.6307,32.1256],
[78.6268,32.1379],
[78.5968,32.1581],
[78.5947,32.199],
[78.5599,32.2022],
[78.5202,32.262],
[78.4913,32.2739],
[78.5104,32.3031],
[78.4974,32.3246],
[78.4788,32.3251],
[78.4852,32.3589],
[78.481,32.3665],
[78.4694,32.3649],
[78.4543,32.3865],
[78.4709,32.3971],
[78.4724,32.4434],
[78.4502,32.461],
[78.455,32.4713],
[78.4404,32.4798],
[78.4289,32.5037],
[78.3951,32.5305],
[78.3928,32.5392],
[78.4161,32.5675],
[78.4487,32.574],
[78.4538,32.5813],
[78.4791,32.5763],
[78.5009,32.5836],
[78.5171,32.6029],
[78.5164,32.6146],
[78.525,32.6179],
[78.5272,32.6115],
[78.542,32.6126],
[78.5587,32.6233],
[78.5689,32.6159],
[78.571,32.6239],
[78.5798,32.6209],
[78.5783,32.6359],
[78.5852,32.6421],
[78.6207,32.6319],
[78.6313,32.6356],
[78.6333,32.6431],
[78.6575,32.656],
[78.7105,32.6677],
[78.7395,32.6957],
[78.7499,32.6866],
[78.7421,32.6553],
[78.7814,32.6163],
[78.7744,32.5854],
[78.7619,32.5794],
[78.7575,32.5672],
[78.7701,32.5248],
[78.7808,32.5157],
[78.7794,32.479],
[78.7957,32.4749],
[78.8087,32.4383],
[78.8322,32.4279],
[78.8386,32.4127],
[78.8686,32.4135],
[78.882,32.3982],
[78.8923,32.4005],
[78.9055,32.3893],
[78.9075,32.3725],
[78.9683,32.3357],
[78.9902,32.3708],
[79.0136,32.3812],
[79.0604,32.3871],
[79.0868,32.3724],
[79.1029,32.3726],
[79.1003,32.3971],
[79.1143,32.4183],
[79.1264,32.4217],
[79.1173,32.4379],
[79.1196,32.4589],
[79.1277,32.4614],
[79.1315,32.481],
[79.1492,32.4769],
[79.1556,32.4945],
[79.1654,32.4943],
[79.184,32.4978],
[79.1883,32.5159],
[79.2209,32.5096],
[79.2234,32.5247],
[79.2482,32.5167],
[79.276,32.556],
[79.2935,32.5396],
[79.3111,32.5601],
[79.3312,32.5654],
[79.34,32.5541],
[79.3344,32.5418],
[79.356,32.5266],
[79.3673,32.5324],
[79.4068,32.5192],
[79.4132,32.5234],
[79.4148,32.5423],
[79.4122,32.5608],
[79.3989,32.5674],
[79.4004,32.6103],
[79.4333,32.6795],
[79.4608,32.71],
[79.4398,32.7278],
[79.4152,32.7357],
[79.4238,32.7434],
[79.4085,32.7826],
[79.3888,32.794],
[79.3658,32.8335],
[79.3226,32.8699],
[79.3192,32.8845],
[79.3024,32.8869],
[79.3138,32.9002],
[79.3022,32.9116],
[79.3075,32.9269],
[79.2856,32.9361],
[79.2838,32.9527],
[79.2614,32.9665],
[79.2436,32.962],
[79.2373,32.9748],
[79.2219,32.9636],
[79.2025,32.9672],
[79.2023,32.9792],
[79.189,32.9871],
[79.1763,32.9844],
[79.1613,33.0135],
[79.1401,33.1058],
[79.1467,33.1468],
[79.1626,33.1673],
[79.152,33.1819],
[79.1297,33.2002],
[79.1074,33.1998],
[79.0717,33.2242],
[79.0669,33.2367],
[79.0799,33.2449],
[79.0352,33.2727],
[79.0368,33.3076],
[79.0291,33.3078],
[79.0203,33.3248],
[78.9818,33.3267],
[78.9625,33.3395],
[78.9504,33.3643],
[78.9541,33.3715],
[78.9366,33.3871],
[78.9022,33.4105],
[78.8371,33.4255],
[78.8335,33.435],
[78.8394,33.4395],
[78.8118,33.4704],
[78.815,33.4833],
[78.7682,33.5277],
[78.7334,33.5671],
[78.7417,33.5779],
[78.741,33.6008],
[78.7581,33.6234],
[78.7169,33.624],
[78.6963,33.6454],
[78.7122,33.6629],
[78.7436,33.6778],
[78.7551,33.7025],
[78.7648,33.7246],
[78.7766,33.7445],
[78.7542,33.7843],
[78.7647,33.8316],
[78.7513,33.8848],
[78.7615,33.8895],
[78.7634,33.9123],
[78.7281,33.9233],
[78.7423,34],
[78.7267,34.0162],
[78.7064,34.0177],
[78.7015,34.0279],
[78.686,34.0234],
[78.6565,34.0318],
[78.6528,34.0553],
[78.67,34.0607],
[78.6574,34.0754],
[78.6697,34.0919],
[78.6823,34.0796],
[78.7019,34.0943],
[78.7449,34.09],
[78.7852,34.1202],
[78.7947,34.1378],
[78.8337,34.1275],
[78.8416,34.1423],
[78.8587,34.1453],
[78.8621,34.1656],
[78.9061,34.1411],
[78.9089,34.1498],
[78.9257,34.1544],
[78.9237,34.1725],
[78.9411,34.2191],
[78.9616,34.2367],
[78.9696,34.2804],
[78.9853,34.2987],
[78.9798,34.3151],
[79.0287,34.3167],
[79.0454,34.3252],
[79.0367,34.3348],
[78.9719,34.3618],
[78.9636,34.3716],
[78.9652,34.3867],
[78.9472,34.3893],
[78.9317,34.38],
[78.916,34.3883],
[78.9021,34.3809],
[78.8787,34.3909],
[78.8457,34.418],
[78.8246,34.4179],
[78.8051,34.4361],
[78.783,34.4427],
[78.764,34.4398],
[78.7387,34.4593],
[78.757,34.4659],
[78.762,34.4812],
[78.7179,34.5007],
[78.7044,34.5277],
[78.6854,34.5268],
[78.6342,34.5441],
[78.5915,34.5282],
[78.5884,34.5071],
[78.5605,34.5109],
[78.5608,34.556],
[78.5519,34.5715],
[78.5317,34.5775],
[78.517,34.5731],
[78.4982,34.5841],
[78.4835,34.5801],
[78.475,34.5682],
[78.4576,34.5678],
[78.446,34.5434],
[78.4355,34.5419],
[78.4264,34.5607],
[78.4292,34.5906],
[78.3848,34.6069],
[78.3421,34.6026],
[78.3279,34.6119],
[78.2901,34.6151],
[78.2699,34.6343],
[78.262,34.6609],
[78.2784,34.676],
[78.272,34.7013],
[78.2079,34.7218],
[78.204,34.7538],
[78.2129,34.7697],
[78.227,34.7724],
[78.2323,34.7983],
[78.2255,34.8112],
[78.2346,34.8393],
[78.2282,34.8555],
[78.2372,34.8698],
[78.2346,34.8822],
[78.2142,34.8888],
[78.2032,34.8913],
[78.2075,34.9031],
[78.1736,34.9381],
[78.2023,34.9548],
[78.2015,34.9731],
[78.1765,34.9879],
[78.158,34.9887],
[78.1427,35.0111],
[78.1145,35.0318],
[78.1206,35.0456],
[78.1377,35.0512],
[78.1336,35.061],
[78.1464,35.0705],
[78.1318,35.0919],
[78.1317,35.0997],
[78.1126,35.107],
[78.1032,35.12],
[78.0534,35.131],
[78.0589,35.1393],
[78.0496,35.1477],
[78.0551,35.1779],
[78.0157,35.2159],
[78.0109,35.2295],
[78.0032,35.2394],
[78.0229,35.359],
[78.054,35.3997],
[78.1072,35.4392],
[78.1104,35.4701],
[78.1359,35.4933],
[78.0981,35.4995],
[78.066,35.4867],
[78.0464,35.4906],
[78.0355,35.4829],
[78.0334,35.4698],
[78.025,35.4683],
[78.0006,35.4943],
[77.969,35.4958],
[77.9665,35.4812],
[77.9477,35.4786],
[77.9241,35.4972],
[77.911,35.4621],
[77.8669,35.4982],
[77.8601,35.5001],
[77.8536,35.4907],
[77.8227,35.5135],
[77.8134,35.5228],
[77.7925,35.5089],
[77.7799,35.4982],
[77.7573,35.5026],
[77.7426,35.497],
[77.7283,35.4763],
[77.7349,35.4695],
[77.7189,35.4614],
[77.6995,35.464],
[77.6906,35.4518],
[77.6521,35.4868],
[77.6388,35.4832],
[77.6419,35.468],
[77.6295,35.4623],
[77.605,35.473],
[77.5922,35.4659],
[77.5786,35.4698],
[77.5827,35.4797],
[77.501,35.4894],
[77.4423,35.4618],
[77.4244,35.4713],
[77.3921,35.4704],
[77.3814,35.4735],
[77.3716,35.4982],
[77.3564,35.4942],
[77.3399,35.5037],
[77.3383,35.5244],
[77.3227,35.5368],
[77.3026,35.5456],
[77.194,35.5218],
[77.1454,35.5411],
[77.112,35.5646],
[77.0955,35.5653],
[77.057,35.602],
[77.0268,35.6008],
[77.0109,35.6108],
[76.9949,35.6101],
[76.9832,35.599],
[76.9576,35.5963],
[76.8998,35.6191],
[76.8445,35.6745],
[76.776,35.6581],
[77.049,35.1104],
[77.0231,35.0863],
[77.0352,35.0345],
[77.0286,35.0034],
[77.0131,34.9864],
[76.9211,34.9207],
[76.8526,34.9433],
[76.782,34.9309],
[76.7576,34.9151],
[76.7496,34.8921],
[76.7533,34.8383],
[76.7439,34.8193],
[76.6396,34.7411],
[76.5358,34.7262],
[76.4765,34.7578],
[76.4382,34.7629],
[76.262,34.6847],
[76.155,34.6617],
[76.1218,34.6609],
[76.0583,34.6834],
[76.0234,34.6772],
[75.9734,34.6223],
[75.9393,34.612],
[75.874,34.5714],
[75.7958,34.5079],
[75.6116,34.4984],
[75.3633,34.5382],
[75.3461,34.5611],
[75.3341,34.5676],
[75.3197,34.5637],
[75.2989,34.586],
[75.254,34.6029],
[75.2586,34.618],
[75.2452,34.6349],
[75.2088,34.6364],
[75.1763,34.6454],
[75.111,34.6336],
[75.0178,34.6297],
[74.8699,34.6543],
[74.6649,34.6883],
[74.4121,34.7645],
[74.3489,34.7734],
[74.2858,34.7689],
[74.2218,34.7478],
[74.1209,34.6909],
[73.9622,34.6682],
[73.9193,34.6425],
[73.926,34.565],
[73.911,34.545],
[73.8631,34.5171],
[73.847,34.4943],
[73.8404,34.4444],
[73.7962,34.4185],
[73.7798,34.3961],
[73.7749,34.371],
[73.7827,34.3468],
[73.8042,34.3275],
[73.8533,34.3074],
[73.9377,34.3042],
[73.9544,34.2872],
[73.9906,34.2185],
[73.9983,34.1968],
[73.9954,34.1764],
[73.9169,34.1353],
[73.8933,34.1147],
[73.8844,34.0842],
[73.8937,34.0543],
[73.9162,34.0279],
[73.9458,34.0098],
[73.9767,34.0046],
[74.045,34.0194],
[74.1184,34.0025],
[74.2284,34.0129],
[74.2597,33.9944],
[74.2723,33.9621],
[74.2625,33.9299],
[74.2395,33.901],
[74.1775,33.8575],
[74.1423,33.8442],
[74.0346,33.8286],
[74.0113,33.8105],
[73.9707,33.7471],
[73.9608,33.6923],
[73.9767,33.6484],
[74.1416,33.5494],
[74.1578,33.4942],
[74.1764,33.4752],
[74.1663,33.3673],
[74.152,33.3366],
[74.0934,33.2896],
[74.0554,33.292],
[74.0017,33.2702],
[73.9918,33.2526],
[73.9984,33.2298],
[74.0208,33.2],
[74.0613,33.1926],
[74.0851,33.1679],
[74.1285,33.1505],
[74.1853,33.0738],
[74.317,33.0271],
[74.3347,32.9524],
[74.3112,32.938],
[74.3245,32.9214],
[74.3367,32.8701],
[74.3229,32.8305],
[74.3041,32.8152],
[74.3084,32.7922],
[74.3699,32.7587],
[74.3964,32.766],
[74.4056,32.7824],
[74.4428,32.7796],
[74.4596,32.7886],
[74.464,32.7764],
[74.4753,32.7769],
[74.4848,32.7652],
[74.5111,32.7644],
[74.5134,32.7443],
[74.536,32.7453],
[74.5424,32.7525],
[74.5475,32.7458],
[74.5509,32.756],
[74.5627,32.7602],
[74.5791,32.7479],
[74.6172,32.7609],
[74.6351,32.7503],
[74.6316,32.7754],
[74.659,32.7875],
[74.6337,32.808],
[74.6408,32.8192],
[74.656,32.8326],
[74.6665,32.8247],
[74.7046,32.8418],
[74.7049,32.8211],
[74.6549,32.7282],
[74.6635,32.7258],
[74.6529,32.697],
[74.6664,32.6756],
[74.6855,32.6693],
[74.6956,32.666],
[74.6934,32.6572],
[74.6697,32.6387],
[74.654,32.6376],
[74.6554,32.6163],
[74.6378,32.6133],
[74.641,32.5999],
[74.6589,32.5971],
[74.6481,32.5856],
[74.6546,32.5813],
[74.6518,32.5634],
[74.6728,32.5683],
[74.6726,32.5528],
[74.6612,32.5542],
[74.6616,32.5461],
[74.6897,32.5347],
[74.6806,32.4919],
[74.6881,32.486],
[74.708,32.4928],
[74.7152,32.4759],
[74.7552,32.4822],
[74.7973,32.4766],
[74.8122,32.4797],
[74.8199,32.4988],
[74.8681,32.4861],
[74.877,32.4932],
[74.8841,32.4903],
[74.8768,32.4775],
[74.8992,32.4675],
[74.906,32.4725],
[74.9187,32.4635],
[74.9389,32.4708],
[74.9521,32.4462],
[74.9693,32.4595],
[74.9845,32.4501],
[75.0147,32.4639],
[75.0269,32.4965],
[75.0852,32.4688],
[75.099,32.4775],
[75.1079,32.4736],
[75.1079,32.46],
[75.1201,32.4546],
[75.1181,32.4433],
[75.1341,32.4279],
[75.1267,32.4238],
[75.1319,32.4088],
[75.1532,32.4214],
[75.1912,32.4262],
[75.2009,32.4202],
[75.1974,32.4099],
[75.1919,32.4117],
[75.193,32.4011],
[75.2089,32.3948],
[75.2127,32.4024],
[75.2449,32.3844],
[75.2565,32.3894],
[75.2578,32.3716],
[75.2725,32.3764],
[75.2895,32.3705],
[75.2882,32.3555],
[75.2987,32.3548],
[75.3049,32.3444],
[75.3222,32.3445],
[75.3318,32.3269],
[75.3347,32.3114],
[75.321,32.2974],
[75.3502,32.2901],
[75.3438,32.279],
[75.3718,32.2797],
[75.3815,32.269],
[75.3705,32.2582],
[75.3725,32.226],
[75.3577,32.2182],
[75.3314,32.2197],
[75.3163,32.2082],
[75.3202,32.2043],
[75.3103,32.1948],
[75.3224,32.1797],
[75.2994,32.1535],
[75.2854,32.1518],
[75.2773,32.1371],
[75.2834,32.132],
[75.2793,32.1181],
[75.2627,32.1122],
[75.2612,32.1016],
[75.2314,32.0916],
[75.2354,32.1035],
[75.2269,32.1068],
[75.2237,32.0982],
[75.2156,32.1212],
[75.2026,32.1202],
[75.2058,32.1026],
[75.1979,32.0986],
[75.1983,32.0828],
[75.1742,32.0677],
[75.1576,32.0819],
[75.1228,32.0815],
[75.1066,32.0697],
[75.1048,32.0587],
[75.0911,32.0719],
[75.0839,32.0601],
[75.0686,32.0672],
[75.0407,32.0426],
[75.0339,32.0507],
[75.0215,32.0486],
[75.0123,32.0357],
[75.0029,32.0436],
[74.9717,32.0426],
[74.978,32.0472],
[74.9739,32.0535],
[74.934,32.0656],
[74.9047,32.0503],
[74.8794,32.0538],
[74.8688,32.0419],
[74.88,32.0319],
[74.8688,32.022],
[74.8654,32.0304],
[74.8655,32.0232],
[74.8483,32.0205],
[74.8532,32.0135],
[74.8289,31.9992],
[74.8312,31.9809],
[74.819,31.9587],
[74.8059,31.963],
[74.7685,31.9477],
[74.7554,31.9558],
[74.7562,31.9438],
[74.7197,31.9415],
[74.7139,31.9322],
[74.719,31.9238],
[74.6666,31.9226],
[74.6577,31.9018],
[74.6366,31.884],
[74.6078,31.89],
[74.6066,31.8685],
[74.5979,31.868],
[74.5907,31.8486],
[74.5834,31.8519],
[74.5721,31.839],
[74.5731,31.8161],
[74.5578,31.8048],
[74.5672,31.7964],
[74.5556,31.7914],
[74.5513,31.779],
[74.5594,31.7579],
[74.5039,31.7403],
[74.5029,31.7284],
[74.4882,31.7204],
[74.502,31.6956],
[74.535,31.6776],
[74.5288,31.6664],
[74.5403,31.6599],
[74.5554,31.6079],
[74.5754,31.6039],
[74.5921,31.5741],
[74.6158,31.569],
[74.6067,31.5624],
[74.6187,31.5516],
[74.6128,31.5273],
[74.5841,31.5208],
[74.5801,31.507],
[74.5872,31.5042],
[74.5753,31.5009],
[74.6098,31.4998],
[74.6222,31.482],
[74.6366,31.4848],
[74.6277,31.4769],
[74.6363,31.4777],
[74.6522,31.4572],
[74.6386,31.4442],
[74.6546,31.4259],
[74.6435,31.4161],
[74.6223,31.4302],
[74.6193,31.4199],
[74.6012,31.42],
[74.5834,31.3791],
[74.5517,31.3644],
[74.5487,31.3349],
[74.5368,31.3302],
[74.5348,31.3135],
[74.5263,31.3125],
[74.542,31.3038],
[74.521,31.2721],
[74.5327,31.2497],
[74.5171,31.2285],
[74.526,31.2119],
[74.5195,31.1842],
[74.5106,31.1811],
[74.5103,31.132],
[74.5484,31.1221],
[74.5513,31.0865],
[74.5713,31.0813],
[74.5891,31.0925],
[74.6007,31.088],
[74.6106,31.0992],
[74.6099,31.1117],
[74.5965,31.1273],
[74.6033,31.1337],
[74.6309,31.1327],
[74.6364,31.1182],
[74.6591,31.1341],
[74.6665,31.1244],
[74.6891,31.128],
[74.7024,31.0917],
[74.6907,31.0815],
[74.6942,31.0727],
[74.6608,31.0507],
[74.5969,31.0376],
[74.5903,31.05],
[74.5682,31.0548],
[74.5425,31.0172],
[74.5464,30.9924],
[74.5162,30.9794],
[74.5041,30.9649],
[74.4798,30.9742],
[74.4569,30.9642],
[74.4664,30.9568],
[74.442,30.9517],
[74.4395,30.9421],
[74.4164,30.9403],
[74.4138,30.9296],
[74.4288,30.9311],
[74.4236,30.9208],
[74.4103,30.9235],
[74.4244,30.9158],
[74.4228,30.9078],
[74.3973,30.9094],
[74.383,30.8953],
[74.3659,30.8929],
[74.3609,30.8737],
[74.3822,30.8604],
[74.3646,30.8573],
[74.3634,30.8472],
[74.3482,30.855],
[74.3204,30.8466],
[74.3198,30.8273],
[74.2948,30.7945],
[74.3068,30.7892],
[74.3018,30.7794],
[74.2609,30.7745],
[74.2743,30.7441],
[74.2862,30.735],
[74.2684,30.7344],
[74.2609,30.7231],
[74.2326,30.7245],
[74.2192,30.6935],
[74.1934,30.6652],
[74.1491,30.6316],
[74.1378,30.6274],
[74.1274,30.6347],
[74.1179,30.6078],
[74.105,30.6192],
[74.0959,30.6114],
[74.1019,30.6109],
[74.0952,30.6011],
[74.1019,30.5791],
[74.0735,30.5546],
[74.0909,30.5494],
[74.0723,30.5229],
[74.0573,30.5186],
[74.0501,30.5371],
[74.0392,30.5426],
[74.031,30.5269],
[74.0119,30.5336],
[74.011,30.5211],
[74.02,30.5141],
[73.9927,30.5142],
[73.982,30.504],
[73.9637,30.4848],
[73.9698,30.4752],
[73.9642,30.4564],
[73.9501,30.46],
[73.9477,30.4839],
[73.9346,30.4901],
[73.928,30.4658],
[73.9373,30.445],
[73.9265,30.4389],
[73.9738,30.4439],
[73.9644,30.4242],
[73.8798,30.3598],
[73.9095,30.3413],
[73.9309,30.3208],
[73.9592,30.2714],
[73.9727,30.198],
[73.8265,30.0912],
[73.8063,30.0677],
[73.5971,30.0189],
[73.397,29.9459],
[73.2824,29.572],
[73.0845,29.2358],
[73.0043,29.1529],
[73,29.1438],
[73,17.8986]
],
[
[74.809,18.9764],
[74.8354,18.9839],
[74.8595,18.9768],
[74.8845,18.9803],
[74.9123,18.9667],
[74.9508,18.9722],
[74.9625,18.9923],
[74.9477,19.0108],
[74.9498,19.0326],
[74.9288,19.0384],
[74.9168,19.054],
[74.9305,19.1137],
[74.9504,19.1367],
[74.971,19.114],
[75.0524,19.0978],
[75.0685,19.1072],
[75.0771,19.1257],
[75.107,19.1234],
[75.1067,19.1046],
[75.0967,19.0842],
[75.0771,19.0699],
[75.0775,19.053],
[75.1616,19.0375],
[75.1733,19.018],
[75.1942,19.0102],
[75.2134,19.029],
[75.1983,19.0436],
[75.1908,19.0667],
[75.1949,19.103],
[75.223,19.1075],
[75.2254,19.077],
[75.2426,19.0608],
[75.2711,19.0573],
[75.267,19.0144],
[75.29,18.9901],
[75.3157,18.9794],
[75.336,18.9959],
[75.3384,19.0164],
[75.289,19.0511],
[75.3051,19.0994],
[75.3593,19.0754],
[75.3635,19.0913],
[75.3597,19.1092],
[75.3319,19.1309],
[75.3329,19.151],
[75.349,19.1487],
[75.3552,19.1247],
[75.405,19.1413],
[75.4105,19.128],
[75.3882,19.1202],
[75.3703,19.079],
[75.4541,19.0907],
[75.4792,19.1105],
[75.4778,19.1306],
[75.4589,19.1293],
[75.4342,19.1137],
[75.4235,19.1296],
[75.4613,19.1546],
[75.4428,19.177],
[75.417,19.1789],
[75.4026,19.2048],
[75.4459,19.221],
[75.4785,19.2635],
[75.5032,19.271],
[75.5331,19.3021],
[75.5413,19.3299],
[75.5156,19.3322],
[75.5307,19.3743],
[75.5111,19.384],
[75.4908,19.3769],
[75.4847,19.4145],
[75.4758,19.4235],
[75.4504,19.4139],
[75.4416,19.4296],
[75.4278,19.4181],
[75.3934,19.4168],
[75.3637,19.3995],
[75.3406,19.4079],
[75.3536,19.4433],
[75.3469,19.4499],
[75.3296,19.4391],
[75.3223,19.4561],
[75.3239,19.4653],
[75.339,19.4656],
[75.3474,19.4831],
[75.3591,19.4817],
[75.3535,19.5028],
[75.3402,19.4988],
[75.3356,19.4807],
[75.3281,19.4814],
[75.3305,19.5051],
[75.3244,19.4963],
[75.312,19.4962],
[75.3034,19.5099],
[75.2744,19.515],
[75.2789,19.5511],
[75.2685,19.5531],
[75.2612,19.5259],
[75.2551,19.5255],
[75.2043,19.564],
[75.2041,19.5805],
[75.1856,19.598],
[75.1529,19.5896],
[75.0899,19.6116],
[75.0593,19.6055],
[75.0422,19.6126],
[75.0356,19.6262],
[74.9976,19.6239],
[74.9641,19.6493],
[74.9357,19.6425],
[74.925,19.6516],
[74.8962,19.646],
[74.8862,19.6584],
[74.8485,19.6511],
[74.8591,19.6746],
[74.8739,19.6794],
[74.8876,19.7208],
[74.8931,19.8255],
[74.9075,19.8588],
[74.9376,19.8649],
[74.9636,19.8855],
[74.9904,19.9439],
[74.9881,19.9564],
[75.0008,19.9664],
[74.9934,19.9821],
[75.0003,20.005],
[74.996,20.039],
[75.0398,20.0856],
[75.0401,20.0995],
[75.0267,20.1095],
[74.9944,20.1033],
[74.9446,20.1414],
[74.9223,20.1465],
[74.928,20.1546],
[74.9226,20.1723],
[74.9309,20.2116],
[74.9065,20.2206],
[74.9068,20.2445],
[74.9326,20.2532],
[74.9363,20.2669],
[74.9491,20.2686],
[74.9405,20.2851],
[74.9621,20.3028],
[74.9779,20.305],
[74.9841,20.2918],
[75.0026,20.2928],
[74.9944,20.3121],
[74.9989,20.3324],
[75.0404,20.3118],
[75.0576,20.3121],
[75.0572,20.3298],
[75.0655,20.3395],
[75.0891,20.3356],
[75.0826,20.3208],
[75.0936,20.3169],
[75.1156,20.3237],
[75.1245,20.3491],
[75.106,20.4158],
[75.1211,20.4315],
[75.1661,20.4408],
[75.1753,20.4521],
[75.1551,20.4608],
[75.1547,20.4717],
[75.1942,20.4772],
[75.1976,20.4885],
[75.2172,20.492],
[75.2351,20.5174],
[75.2443,20.5643],
[75.2594,20.5717],
[75.3175,20.5743],
[75.3195,20.5868],
[75.359,20.5907],
[75.3614,20.573],
[75.3892,20.5749],
[75.394,20.5235],
[75.4287,20.5129],
[75.4284,20.5319],
[75.4459,20.5386],
[75.4534,20.5168],
[75.4599,20.5158],
[75.4541,20.5357],
[75.4596,20.5499],
[75.4723,20.5486],
[75.4926,20.5293],
[75.4974,20.5418],
[75.5259,20.5621],
[75.5183,20.5814],
[75.5245,20.5958],
[75.5516,20.6058],
[75.6096,20.6052],
[75.6103,20.6222],
[75.6326,20.6164],
[75.6536,20.6241],
[75.6618,20.6668],
[75.7044,20.6591],
[75.6941,20.619],
[75.7061,20.6109],
[75.7222,20.6183],
[75.7301,20.61],
[75.7521,20.6109],
[75.7521,20.583],
[75.7631,20.5724],
[75.7923,20.581],
[75.7882,20.5637],
[75.7995,20.5669],
[75.8324,20.556],
[75.8482,20.5637],
[75.83,20.574],
[75.839,20.5952],
[75.8342,20.6125],
[75.8527,20.6113],
[75.8548,20.6203],
[75.8637,20.6212],
[75.8712,20.6],
[75.8843,20.5942],
[75.8829,20.5614],
[75.9303,20.5522],
[75.9322,20.601],
[75.9536,20.6077],
[75.9558,20.6262],
[75.9897,20.6244],
[76.0083,20.6424],
[76.0212,20.6464],
[76.0315,20.6398],
[76.0407,20.5802],
[76.0522,20.5518],
[76.172,20.555],
[76.2654,20.5798],
[76.2808,20.5942],
[76.2781,20.6222],
[76.2897,20.6193],
[76.3182,20.6113],
[76.3471,20.5865],
[76.3701,20.5467],
[76.3694,20.5229],
[76.4003,20.5113],
[76.4738,20.5023],
[76.5081,20.4528],
[76.5617,20.4457],
[76.5768,20.4067],
[76.5067,20.3266],
[76.4841,20.326],
[76.4635,20.3353],
[76.4497,20.3115],
[76.4563,20.2902],
[76.4405,20.2851],
[76.4,20.3066],
[76.3574,20.2664],
[76.3711,20.248],
[76.4298,20.2628],
[76.4521,20.2242],
[76.4889,20.2261],
[76.4755,20.2068],
[76.4339,20.1804],
[76.4449,20.1153],
[76.4889,20.1127],
[76.5236,20.1275],
[76.5744,20.0692],
[76.6255,20.0708],
[76.6516,20.0469],
[76.6523,20.0024],
[76.6413,19.9559],
[76.6056,19.9165],
[76.6365,19.8952],
[76.6454,19.872],
[76.6702,19.8565],
[76.7168,19.8726],
[76.7876,19.9288],
[76.8549,19.9475],
[76.9798,20.0056],
[77.0135,20.0088],
[77.1165,19.9301],
[77.1975,19.9811],
[77.2133,19.9617],
[77.2332,19.9056],
[77.284,19.9011],
[77.341,19.8707],
[77.365,19.8416],
[77.3657,19.7848],
[77.3774,19.7499],
[77.433,19.7318],
[77.4653,19.693],
[77.5525,19.6626],
[77.5951,19.6368],
[77.6301,19.6025],
[77.6452,19.5553],
[77.6733,19.5294],
[77.7283,19.5261],
[77.7496,19.5087],
[77.707,19.4757],
[77.6987,19.4498],
[77.729,19.4433],
[77.8148,19.4549],
[77.8429,19.4446],
[77.8539,19.5113],
[77.8841,19.5242],
[77.924,19.5087],
[77.9507,19.51],
[77.9796,19.4944],
[77.972,19.4614],
[77.9906,19.4375],
[78.0146,19.4614],
[78.0242,19.4841],
[78.0711,19.4624],
[78.1082,19.4852],
[78.1325,19.5253],
[78.1219,19.5486],
[78.1476,19.5404],
[78.1839,19.5569],
[78.1878,19.5661],
[78.1976,19.613],
[78.1682,19.6518],
[78.1509,19.6497],
[78.1361,19.66],
[78.1111,19.6568],
[78.0922,19.6394],
[78.0616,19.6607],
[78.0383,19.6901],
[77.994,19.6762],
[77.9353,19.7334],
[77.8786,19.7263],
[77.856,19.7512],
[77.8577,19.8132],
[77.9058,19.8814],
[77.9353,19.8914],
[77.9387,19.903],
[77.9501,19.9075],
[78.0249,19.9114],
[78.0541,19.923],
[78.0802,19.8965],
[78.1193,19.891],
[78.1506,19.9072],
[78.1914,19.8923],
[78.2494,19.9243],
[78.2584,19.9146],
[78.2453,19.8723],
[78.258,19.8675],
[78.2786,19.8781],
[78.2838,19.9065],
[78.3071,19.9142],
[78.3318,19.9134],
[78.3341,19.9053],
[78.3244,19.8948],
[78.3321,19.8849],
[78.3807,19.8804],
[78.3865,19.8454],
[78.423,19.8176],
[78.4725,19.8173],
[78.4903,19.7927],
[78.5073,19.7976],
[78.5151,19.8189],
[78.552,19.8241],
[78.5723,19.8158],
[78.6073,19.8176],
[78.6926,19.791],
[78.7192,19.7667],
[78.7401,19.7831],
[78.7564,19.7725],
[78.7824,19.7784],
[78.8022,19.7565],
[78.841,19.7619],
[78.86,19.6895],
[78.852,19.6584],
[78.8868,19.6551],
[78.8865,19.6625],
[78.9024,19.67],
[78.9445,19.6617],
[78.9556,19.6558],
[78.9611,19.6314],
[78.9557,19.6002],
[78.9729,19.5824],
[78.9377,19.5619],
[78.9405,19.5519],
[78.9743,19.5494],
[78.9813,19.5608],
[78.9978,19.5491],
[78.9981,19.5401],
[79.046,19.5483],
[79.0769,19.5324],
[79.0981,19.532],
[79.1903,19.459],
[79.2236,19.4691],
[79.2039,19.4941],
[79.2212,19.521],
[79.2338,19.52],
[79.2401,19.5353],
[79.2372,19.5572],
[79.2532,19.5933],
[79.2387,19.6062],
[79.2436,19.6167],
[79.273,19.5989],
[79.3069,19.5966],
[79.314,19.5664],
[79.3185,19.5767],
[79.3658,19.5763],
[79.3728,19.561],
[79.3857,19.5583],
[79.4053,19.5357],
[79.4205,19.5298],
[79.4226,19.5381],
[79.4334,19.5373],
[79.469,19.5096],
[79.4715,19.5002],
[79.4984,19.5057],
[79.5186,19.5202],
[79.5186,19.5431],
[79.5418,19.5547],
[79.5522,19.5255],
[79.5939,19.5069],
[79.6253,19.5719],
[79.7077,19.5841],
[79.7472,19.609],
[79.7892,19.597],
[79.8186,19.5731],
[79.8658,19.5109],
[79.9151,19.4963],
[79.9481,19.4685],
[79.9508,19.443],
[79.9737,19.4171],
[79.9752,19.3904],
[79.958,19.3306],
[79.9663,19.3003],
[79.9498,19.2911],
[79.9216,19.2175],
[79.9448,19.1702],
[79.9214,19.1467],
[79.8762,19.129],
[79.8567,19.0978],
[79.875,19.041],
[79.8926,19.0384],
[79.9251,19.0548],
[79.9408,19.0365],
[79.9372,18.9956],
[79.9541,18.9644],
[79.9614,18.8626],
[79.9478,18.8465],
[79.9111,18.8268],
[79.9402,18.7853],
[79.9677,18.7749],
[79.9833,18.7835],
[80.007,18.7783],
[80.0244,18.7504],
[80.0483,18.7369],
[80.0473,18.7223],
[80.0674,18.7255],
[80.106,18.6913],
[80.128,18.6854],
[80.1692,18.7029],
[80.1795,18.7158],
[80.2038,18.6934],
[80.2208,18.6951],
[80.2533,18.7071],
[80.2723,18.7239],
[80.3026,18.6905],
[80.3188,18.6429],
[80.3466,18.5957],
[80.3756,18.6097],
[80.3871,18.5975],
[80.403,18.5678],
[80.3696,18.5311],
[80.3663,18.5046],
[80.3965,18.4591],
[80.4568,18.4624],
[80.4726,18.4569],
[80.4656,18.4149],
[80.4478,18.372],
[80.467,18.3589],
[80.473,18.3412],
[80.4655,18.3199],
[80.4826,18.3154],
[80.4966,18.2683],
[80.545,18.2642],
[80.56,18.2451],
[80.6169,18.2145],
[80.6191,18.2014],
[80.6423,18.1923],
[80.65,18.1766],
[80.6814,18.1605],
[80.6817,18.1482],
[80.698,18.1452],
[80.7275,18.1189],
[80.732,18.0994],
[80.7618,18.0607],
[80.7613,18.0417],
[80.7828,18.0229],
[80.8011,18.0213],
[80.8126,17.9972],
[80.8572,17.989],
[80.8818,17.9672],
[80.8909,17.8968],
[80.8749,17.8587],
[80.8822,17.8148],
[80.8616,17.7864],
[80.8856,17.7357],
[80.8948,17.703],
[80.8858,17.6813],
[80.8766,17.6551],
[80.9,17.6402],
[80.8889,17.6319],
[80.866,17.6355],
[80.8552,17.6292],
[80.8496,17.621],
[80.8554,17.6019],
[80.9694,17.5981],
[80.9984,17.5647],
[81.0148,17.5222],
[81.0801,17.5151],
[81.0976,17.5043],
[81.1262,17.5269],
[81.1385,17.5163],
[81.1422,17.4886],
[81.1597,17.4844],
[81.1483,17.4637],
[81.1756,17.4637],
[81.1723,17.4491],
[81.183,17.4403],
[81.2027,17.434],
[81.2053,17.4496],
[81.2686,17.4183],
[81.3005,17.4128],
[81.3139,17.4075],
[81.3226,17.3758],
[81.3053,17.346],
[81.274,17.3172],
[81.2457,17.3258],
[81.2336,17.3204],
[81.1904,17.3249],
[81.1767,17.2877],
[81.1876,17.2547],
[81.174,17.2304],
[81.0796,17.2153],
[81.0546,17.2249],
[81.0495,17.2071],
[81.0313,17.1904],
[80.9985,17.1905],
[80.9608,17.204],
[80.9413,17.2193],
[80.9189,17.2198],
[80.924,17.1579],
[80.907,17.1539],
[80.8795,17.1609],
[80.8783,17.1352],
[80.8678,17.1232],
[80.8765,17.1056],
[80.8676,17.0805],
[80.8772,17.0705],
[80.8453,17.04],
[80.8288,17.0528],
[80.7389,17.0796],
[80.6995,17.0838],
[80.695,17.0742],
[80.6735,17.0667],
[80.6538,17.0687],
[80.6571,17.0896],
[80.6706,17.1012],
[80.6421,17.116],
[80.6455,17.1236],
[80.6183,17.1285],
[80.58,17.1531],
[80.5632,17.1332],
[80.5276,17.119],
[80.5141,17.1221],
[80.5041,17.0927],
[80.5101,17.0869],
[80.5054,17.0685],
[80.491,17.051],
[80.4714,17.0504],
[80.4649,17.0301],
[80.4387,17.0376],
[80.4171,17.0737],
[80.419,17.0923],
[80.4094,17.0918],
[80.3863,17.0695],
[80.3985,17.0524],
[80.3958,17.0358],
[80.4074,17.0257],
[80.4071,17.0158],
[80.3879,17.0093],
[80.3634,16.9761],
[80.4497,16.9548],
[80.4935,16.9275],
[80.4993,16.9564],
[80.5261,16.9479],
[80.5347,16.9615],
[80.5806,16.9366],
[80.602,16.9186],
[80.5871,16.9042],
[80.5959,16.8847],
[80.5683,16.8694],
[80.5629,16.8329],
[80.613,16.7936],
[80.5971,16.7923],
[80.5703,16.7681],
[80.5044,16.7787],
[80.4645,16.7955],
[80.4654,16.8184],
[80.4286,16.8382],
[80.4279,16.8498],
[80.3832,16.8654],
[80.3786,16.8519],
[80.4078,16.8487],
[80.4042,16.8321],
[80.3867,16.8254],
[80.3827,16.8161],
[80.3739,16.8272],
[80.3796,16.8411],
[80.3734,16.8395],
[80.3741,16.8522],
[80.3409,16.8597],
[80.344,16.8744],
[80.3217,16.8797],
[80.3238,16.9065],
[80.3116,16.9167],
[80.3165,16.9485],
[80.305,16.9537],
[80.3066,16.9738],
[80.2903,16.9811],
[80.2945,16.995],
[80.2856,17.0055],
[80.2649,16.9973],
[80.2404,17.0022],
[80.2262,17.0154],
[80.2229,17.0079],
[80.2115,17.0103],
[80.2021,17.0171],
[80.2041,17.0383],
[80.1965,17.0441],
[80.1873,17.02],
[80.1702,17.0169],
[80.1678,17.0056],
[80.1534,17.007],
[80.1403,16.9906],
[80.0952,16.9907],
[80.0916,16.9684],
[80.0555,16.9715],
[80.0404,16.9181],
[80.0174,16.915],
[79.9988,16.8653],
[80.0171,16.8543],
[80.0469,16.8534],
[80.0482,16.8333],
[80.0733,16.8172],
[80.0539,16.7655],
[80.055,16.7447],
[80.0301,16.7144],
[79.9974,16.7021],
[79.9657,16.6461],
[79.9475,16.6351],
[79.9065,16.6363],
[79.8938,16.6502],
[79.8855,16.6874],
[79.8761,16.6981],
[79.8511,16.7059],
[79.8181,16.6917],
[79.7886,16.729],
[79.7573,16.7239],
[79.7435,16.7182],
[79.7229,16.6903],
[79.6816,16.6944],
[79.6331,16.6605],
[79.599,16.6733],
[79.5757,16.6498],
[79.5421,16.6323],
[79.5039,16.636],
[79.4834,16.6231],
[79.4472,16.6197],
[79.4331,16.5908],
[79.4187,16.5803],
[79.3402,16.5827],
[79.2911,16.5616],
[79.2569,16.5659],
[79.2448,16.5318],
[79.2209,16.5144],
[79.2149,16.4879],
[79.2334,16.4592],
[79.2116,16.4474],
[79.2102,16.3583],
[79.2343,16.3339],
[79.2304,16.2825],
[79.2154,16.2262],
[79.157,16.2093],
[79.1198,16.232],
[79.1016,16.2229],
[79.0481,16.2387],
[79.0096,16.2402],
[78.9858,16.2107],
[78.9603,16.2091],
[78.9049,16.1829],
[78.9243,16.1358],
[78.9205,16.102],
[78.8893,16.0848],
[78.8729,16.1433],
[78.8347,16.1452],
[78.8427,16.0902],
[78.8371,16.0704],
[78.7908,16.0236],
[78.741,16.0087],
[78.6812,16.0348],
[78.6503,16.0788],
[78.6273,16.0877],
[78.6017,16.084],
[78.587,16.0635],
[78.5518,16.0428],
[78.4748,16.0685],
[78.4052,16.074],
[78.3655,16.0468],
[78.3478,16.0475],
[78.3266,16.0368],
[78.322,16.0171],
[78.3123,16.0115],
[78.2609,16.0258],
[78.2517,15.9352],
[78.1871,15.9117],
[78.1796,15.9025],
[78.1839,15.898],
[78.19,15.8923],
[78.1767,15.8768],
[78.1754,15.8581],
[78.1356,15.8547],
[78.1301,15.8507],
[78.1341,15.8363],
[78.099,15.836],
[78.0714,15.8504],
[78.0716,15.8618],
[78.0559,15.8663],
[78.0563,15.8747],
[78.0469,15.8749],
[78.045,15.9042],
[78.0319,15.9074],
[78.0089,15.8618],
[77.9754,15.8834],
[77.937,15.8835],
[77.888,15.9061],
[77.8783,15.9052],
[77.8586,15.8837],
[77.8036,15.8742],
[77.7242,15.8958],
[77.6928,15.8833],
[77.6593,15.8855],
[77.6115,15.918],
[77.5934,15.9119],
[77.5135,15.9268],
[77.4296,15.9491],
[77.3802,15.9398],
[77.3613,15.9494],
[77.3011,15.958],
[77.2847,15.9538],
[77.2489,15.9646],
[77.2355,15.9572],
[77.1853,15.9568],
[77.1489,15.9478],
[77.0748,15.912],
[77.0252,15.8375],
[76.9356,15.7533],
[76.9137,15.697],
[76.8857,15.682],
[76.8387,15.6299],
[76.8338,15.5605],
[76.8128,15.5498],
[76.804,15.5093],
[76.7764,15.4922],
[76.7149,15.4917],
[76.6972,15.4846],
[76.6726,15.4533],
[76.6123,15.441],
[76.5941,15.4137],
[76.542,15.3842],
[76.4895,15.3423],
[76.4669,15.347],
[76.4139,15.329],
[76.3645,15.3254],
[76.3478,15.3038],
[76.3369,15.2689],
[76.3086,15.2625],
[76.2796,15.2169],
[76.2466,15.1889],
[76.2284,15.1894],
[76.2092,15.234],
[76.189,15.234],
[76.1698,15.2259],
[76.1467,15.196],
[76.1177,15.2008],
[76.095,15.1694],
[76.0409,15.1462],
[75.9922,15.1485],
[75.9562,15.1343],
[75.9464,15.1722],
[75.9258,15.1875],
[75.9107,15.2352],
[75.8963,15.2458],
[75.8853,15.3246],
[75.9018,15.3703],
[75.9018,15.4014],
[75.864,15.4166],
[75.8524,15.4398],
[75.8269,15.4557],
[75.8098,15.4861],
[75.8215,15.5073],
[75.853,15.5185],
[75.8654,15.5959],
[75.8908,15.6052],
[75.886,15.6601],
[75.8743,15.6753],
[75.8798,15.7156],
[75.8956,15.7387],
[75.9135,15.7473],
[75.9306,15.6951],
[75.9732,15.6634],
[76.0096,15.6627],
[76.0185,15.6792],
[75.9938,15.6964],
[76.0357,15.7282],
[76.0329,15.7599],
[75.9849,15.7929],
[75.9588,15.783],
[75.9402,15.787],
[75.8929,15.8141],
[75.8551,15.8411],
[75.8283,15.8867],
[75.8146,15.8946],
[75.783,15.8933],
[75.7741,15.9092],
[75.7871,15.9211],
[75.8592,15.931],
[75.9128,15.9118],
[75.9505,15.8702],
[75.9787,15.857],
[75.978,15.9092],
[75.9615,15.9627],
[75.9711,16.0003],
[76.0927,16.0089],
[76.0625,15.9098],
[76.114,15.8894],
[76.1552,15.9131],
[76.1916,15.9475],
[76.2815,15.9026],
[76.2877,15.9316],
[76.3255,15.9382],
[76.2987,15.9943],
[76.3049,16.0174],
[76.3014,16.0597],
[76.2568,16.0894],
[76.2547,16.1092],
[76.2382,16.1375],
[76.2389,16.1632],
[76.2733,16.1501],
[76.3062,16.1883],
[76.3433,16.2101],
[76.3536,16.2615],
[76.2897,16.303],
[76.3206,16.4144],
[76.3577,16.419],
[76.4305,16.4479],
[76.4044,16.6415],
[76.4243,16.6836],
[76.4573,16.7112],
[76.4339,16.7164],
[76.4298,16.7513],
[76.3667,16.7658],
[76.3818,16.7947],
[76.4285,16.8137],
[76.3797,16.8229],
[76.3618,16.8479],
[76.4161,16.8499],
[76.458,16.8413],
[76.4168,16.8755],
[76.4449,16.9038],
[76.4539,16.9261],
[76.4133,16.9353],
[76.4051,16.9832],
[76.4401,17.001],
[76.4216,17.0515],
[76.4346,17.083],
[76.4287,17.1015],
[76.3975,17.0716],
[76.3894,17.0746],
[76.391,17.0965],
[76.3628,17.115],
[76.3948,17.1413],
[76.3601,17.1431],
[76.3689,17.1669],
[76.3585,17.1869],
[76.3276,17.1702],
[76.2786,17.1675],
[76.2635,17.1531],
[76.2432,17.1512],
[76.2227,17.1752],
[76.2222,17.1876],
[76.1892,17.1881],
[76.1237,17.2494],
[76.088,17.2598],
[76.1002,17.294],
[76.0665,17.3117],
[76.0722,17.3354],
[76.0871,17.3359],
[76.0998,17.3647],
[76.1198,17.3704],
[76.1627,17.3452],
[76.1652,17.3033],
[76.1764,17.3008],
[76.1833,17.3194],
[76.1704,17.3526],
[76.1965,17.3637],
[76.2295,17.3652],
[76.2286,17.3758],
[76.2442,17.3788],
[76.2508,17.3604],
[76.2721,17.3606],
[76.2764,17.3346],
[76.3177,17.3324],
[76.3144,17.3484],
[76.3454,17.3545],
[76.3541,17.3143],
[76.3832,17.3145],
[76.3967,17.3471],
[76.4123,17.3511],
[76.4092,17.3714],
[76.3635,17.3777],
[76.3716,17.4364],
[76.3333,17.4339],
[76.3308,17.4702],
[76.3756,17.4902],
[76.3748,17.4957],
[76.3509,17.494],
[76.3435,17.4997],
[76.3467,17.5126],
[76.3672,17.5199],
[76.3628,17.5374],
[76.3408,17.5425],
[76.3314,17.5974],
[76.4198,17.6037],
[76.4292,17.6443],
[76.3866,17.6587],
[76.3752,17.683],
[76.3272,17.6931],
[76.3025,17.7225],
[76.2794,17.7268],
[76.217,17.6875],
[76.1892,17.6852],
[76.137,17.6977],
[76.1411,17.7094],
[76.1758,17.7229],
[76.1456,17.7356],
[76.1435,17.75],
[76.127,17.7624],
[76.0896,17.7742],
[76.0577,17.7631],
[75.9945,17.7578],
[76.0154,17.8193],
[75.9897,17.8376],
[75.9763,17.8386],
[75.9828,17.8186],
[75.9694,17.817],
[75.9402,17.8536],
[75.9265,17.8458],
[75.9258,17.8353],
[75.8723,17.8484],
[75.8472,17.8762],
[75.8397,17.8984],
[75.8482,17.918],
[75.8379,17.934],
[75.8441,17.9957],
[75.8712,18.0104],
[75.9087,17.999],
[75.9135,17.98],
[75.955,17.9781],
[75.9711,17.9699],
[75.9821,17.9794],
[75.9811,17.9967],
[75.9996,18.0032],
[76.0038,18.0313],
[76.0154,18.0417],
[76.0058,18.0542],
[75.9866,18.0551],
[75.9911,18.0701],
[75.9838,18.0829],
[75.9509,18.091],
[75.9409,18.1299],
[75.9526,18.1517],
[75.9533,18.1687],
[75.9406,18.1804],
[75.9461,18.2388],
[75.9286,18.2737],
[75.9303,18.2933],
[75.8987,18.3526],
[75.8836,18.3623],
[75.8445,18.3581],
[75.7974,18.3812],
[75.7686,18.4115],
[75.7655,18.4321],
[75.7528,18.4422],
[75.713,18.4259],
[75.7071,18.3884],
[75.7236,18.3793],
[75.727,18.3558],
[75.7167,18.336],
[75.6632,18.3164],
[75.6367,18.3174],
[75.6161,18.2838],
[75.6172,18.2688],
[75.6364,18.2525],
[75.6179,18.2437],
[75.5911,18.2499],
[75.5756,18.2424],
[75.5492,18.1951],
[75.5392,18.1459],
[75.5296,18.1325],
[75.5004,18.1543],
[75.4826,18.156],
[75.4781,18.1746],
[75.4524,18.1618],
[75.4215,18.1889],
[75.4325,18.2098],
[75.4211,18.2316],
[75.4246,18.2597],
[75.3944,18.2646],
[75.4016,18.3232],
[75.37,18.3441],
[75.3223,18.3969],
[75.2986,18.3988],
[75.2869,18.408],
[75.2999,18.4311],
[75.3051,18.4803],
[75.2972,18.493],
[75.3134,18.5197],
[75.3284,18.5278],
[75.3446,18.5577],
[75.4129,18.531],
[75.4284,18.5415],
[75.4438,18.5623],
[75.4479,18.5831],
[75.4757,18.6144],
[75.532,18.644],
[75.5519,18.6466],
[75.5489,18.6628],
[75.5622,18.682],
[75.5846,18.6889],
[75.5832,18.7006],
[75.553,18.7054],
[75.5526,18.7276],
[75.5396,18.7467],
[75.5228,18.7409],
[75.5083,18.7175],
[75.452,18.7552],
[75.438,18.7961],
[75.3981,18.8293],
[75.382,18.7744],
[75.3631,18.7737],
[75.3532,18.7883],
[75.3188,18.7978],
[75.2701,18.7298],
[75.2481,18.7236],
[75.2176,18.7383],
[75.1897,18.7363],
[75.1681,18.7256],
[75.1551,18.6436],
[75.0092,18.7919],
[74.9765,18.8072],
[74.9714,18.8241],
[74.9185,18.827],
[74.9178,18.8504],
[74.9051,18.8546],
[74.878,18.9157],
[74.8577,18.9082],
[74.809,18.9764]
],
[
[76.4437,22.9868],
[76.4677,22.9985],
[76.4468,23.0228],
[76.46,23.07],
[76.4456,23.0751],
[76.4469,23.0857],
[76.4731,23.0854],
[76.4886,23.0725],
[76.5138,23.0715],
[76.5164,23.0866],
[76.4924,23.0941],
[76.4934,23.1051],
[76.4997,23.1138],
[76.5218,23.1115],
[76.536,23.1275],
[76.5874,23.1085],
[76.613,23.1358],
[76.6253,23.1358],
[76.6292,23.1946],
[76.6511,23.1969],
[76.6555,23.1847],
[76.6723,23.1865],
[76.6766,23.1945],
[76.6858,23.1908],
[76.6984,23.1556],
[76.7215,23.1561],
[76.7319,23.1406],
[76.7446,23.1409],
[76.7521,23.1529],
[76.7423,23.1717],
[76.7481,23.1801],
[76.7729,23.1703],
[76.7693,23.1546],
[76.7889,23.1488],
[76.8056,23.1228],
[76.825,23.1224],
[76.8283,23.1102],
[76.8618,23.1041],
[76.8633,23.1133],
[76.8795,23.1156],
[76.897,23.1315],
[76.8916,23.2047],
[76.9028,23.2106],
[76.9073,23.2294],
[76.9424,23.234],
[76.9916,23.284],
[76.9844,23.3089],
[76.996,23.3595],
[76.9947,23.3976],
[77.0106,23.409],
[77.0124,23.4012],
[77.0167,23.4059],
[77.0279,23.4518],
[77.0495,23.4794],
[77.1065,23.5209],
[77.1153,23.5483],
[77.1356,23.5705],
[77.1478,23.5728],
[77.1465,23.5978],
[77.1538,23.6096],
[77.1363,23.6401],
[77.1614,23.6776],
[77.2129,23.7926],
[77.209,23.8033],
[77.2206,23.8242],
[77.2101,23.8414],
[77.2201,23.8492],
[77.2252,23.8946],
[77.268,23.8886],
[77.2912,23.8943],
[77.3174,23.8841],
[77.3162,23.8925],
[77.3204,23.91],
[77.3066,23.9181],
[77.3052,23.928],
[77.2943,23.9294],
[77.3043,23.9468],
[77.2973,23.9583],
[77.3028,23.9691],
[77.2931,23.974],
[77.3108,23.9829],
[77.2921,23.9984],
[77.3094,24.0106],
[77.302,24.0228],
[77.2772,24.0232],
[77.2929,24.0419],
[77.2672,24.041],
[77.2576,24.0548],
[77.262,24.0689],
[77.2958,24.0872],
[77.2864,24.1234],
[77.2981,24.1272],
[77.3111,24.1497],
[77.3006,24.1652],
[77.3421,24.1816],
[77.3297,24.2135],
[77.3492,24.2153],
[77.3266,24.2469],
[77.3205,24.2837],
[77.3523,24.3421],
[77.3688,24.3469],
[77.4067,24.3261],
[77.3928,24.306],
[77.4045,24.2984],
[77.3969,24.2779],
[77.4395,24.2379],
[77.4709,24.2533],
[77.4896,24.275],
[77.5017,24.2524],
[77.5512,24.2474],
[77.5729,24.267],
[77.5917,24.2678],
[77.5961,24.2963],
[77.6187,24.2962],
[77.6466,24.3138],
[77.6949,24.3012],
[77.7526,24.3073],
[77.7692,24.3016],
[77.7844,24.3165],
[77.8173,24.302],
[77.8324,24.3115],
[77.8774,24.3164],
[77.8928,24.3123],
[77.895,24.3022],
[77.8836,24.2784],
[77.9248,24.2671],
[77.9267,24.2531],
[77.9041,24.2219],
[77.9133,24.1778],
[77.8927,24.1671],
[77.9047,24.1295],
[77.8924,24.1157],
[77.9233,24.1023],
[77.9054,24.0753],
[77.9099,24.0515],
[77.8944,24.0462],
[77.8854,24.0277],
[77.8632,24.0229],
[77.7588,24.0308],
[77.7423,23.9932],
[77.753,23.9662],
[77.7235,23.9612],
[77.6977,23.9787],
[77.6699,23.9677],
[77.6562,23.9834],
[77.6315,23.9797],
[77.6091,23.9875],
[77.5971,24.0073],
[77.5648,23.9794],
[77.5619,23.9484],
[77.5503,23.9513],
[77.5235,23.9328],
[77.4907,23.9271],
[77.4622,23.8862],
[77.4239,23.8607],
[77.3944,23.8552],
[77.398,23.8385],
[77.3923,23.8319],
[77.4057,23.8277],
[77.4152,23.8035],
[77.4453,23.7952],
[77.4329,23.7894],
[77.4336,23.7822],
[77.4493,23.7779],
[77.4551,23.7638],
[77.4687,23.7592],
[77.5011,23.7771],
[77.5134,23.7661],
[77.5478,23.7564],
[77.5718,23.7674],
[77.6114,23.7486],
[77.6022,23.7292],
[77.6171,23.7247],
[77.6178,23.7139],
[77.6476,23.7168],
[77.6483,23.6971],
[77.6319,23.6631],
[77.571,23.6481],
[77.5553,23.5966],
[77.5067,23.5747],
[77.5111,23.5571],
[77.5045,23.5398],
[77.5222,23.5022],
[77.5634,23.5015],
[77.5689,23.4873],
[77.5981,23.485],
[77.6232,23.4626],
[77.6495,23.4798],
[77.6502,23.5006],
[77.626,23.5246],
[77.6267,23.5452],
[77.6519,23.5372],
[77.6703,23.5167],
[77.6805,23.5171],
[77.6906,23.5302],
[77.7011,23.5175],
[77.7201,23.5202],
[77.7325,23.5333],
[77.7604,23.5204],
[77.7585,23.5054],
[77.8131,23.4575],
[77.872,23.44],
[77.9129,23.451],
[77.9314,23.4245],
[77.9584,23.4109],
[77.9584,23.3711],
[78.0001,23.3611],
[78.0055,23.3493],
[78.0198,23.3437],
[78.0479,23.3663],
[78.0547,23.3828],
[78.0459,23.4001],
[77.9917,23.4136],
[77.9984,23.4649],
[78.0228,23.4708],
[78.0835,23.449],
[78.109,23.4697],
[78.1461,23.4735],
[78.1324,23.4822],
[78.1302,23.5136],
[78.1771,23.5241],
[78.1925,23.5394],
[78.2096,23.5238],
[78.2192,23.5275],
[78.2286,23.5452],
[78.2238,23.5584],
[78.2369,23.5618],
[78.2396,23.5796],
[78.266,23.5947],
[78.2745,23.6093],
[78.2733,23.6268],
[78.2903,23.6726],
[78.305,23.675],
[78.2948,23.6957],
[78.3169,23.6851],
[78.3284,23.6893],
[78.3438,23.672],
[78.3425,23.6573],
[78.3706,23.6466],
[78.3818,23.6509],
[78.4033,23.6295],
[78.4199,23.6416],
[78.4028,23.6731],
[78.414,23.6674],
[78.4337,23.674],
[78.4157,23.6833],
[78.4129,23.6939],
[78.4333,23.7162],
[78.4049,23.728],
[78.4029,23.7121],
[78.3872,23.7071],
[78.3773,23.6811],
[78.3645,23.6699],
[78.3507,23.6766],
[78.3632,23.688],
[78.3606,23.7035],
[78.3732,23.7228],
[78.405,23.7394],
[78.4235,23.7348],
[78.438,23.7416],
[78.4502,23.6918],
[78.4732,23.6701],
[78.4735,23.6402],
[78.4901,23.635],
[78.5182,23.6544],
[78.5129,23.6272],
[78.5194,23.6091],
[78.5049,23.5848],
[78.5083,23.529],
[78.5252,23.5495],
[78.5381,23.5476],
[78.5419,23.5585],
[78.5724,23.5632],
[78.5801,23.5496],
[78.5987,23.5436],
[78.644,23.5447],
[78.6513,23.558],
[78.6862,23.5591],
[78.7029,23.5722],
[78.7377,23.5779],
[78.7477,23.5472],
[78.7399,23.5282],
[78.724,23.5302],
[78.7179,23.5148],
[78.6834,23.491],
[78.6665,23.4463],
[78.6583,23.4416],
[78.6346,23.4476],
[78.6046,23.4201],
[78.6272,23.4155],
[78.635,23.3607],
[78.6464,23.3435],
[78.6685,23.3302],
[78.6823,23.3434],
[78.7233,23.3484],
[78.7748,23.2918],
[78.7617,23.2454],
[78.7913,23.2442],
[78.812,23.233],
[78.8195,23.2138],
[78.8072,23.1823],
[78.8067,23.1462],
[78.7957,23.125],
[78.7957,23.1123],
[78.808,23.1076],
[78.8009,23.0891],
[78.7603,23.0767],
[78.7309,23.0416],
[78.6733,23.0351],
[78.6512,23.021],
[78.6277,23.0277],
[78.5955,23.0085],
[78.5495,23.0136],
[78.4738,23.0028],
[78.4469,22.9821],
[78.4011,22.9595],
[78.3623,22.9192],
[78.3263,22.9129],
[78.2851,22.8656],
[78.2643,22.8724],
[78.2435,22.8641],
[78.2184,22.8889],
[78.203,22.8884],
[78.1851,22.867],
[78.1336,22.8336],
[78.1309,22.8024],
[78.1204,22.7887],
[78.108,22.7872],
[78.0695,22.8102],
[78.0337,22.7998],
[78.003,22.8154],
[77.9638,22.8109],
[77.9431,22.7972],
[77.9445,22.7668],
[77.9254,22.7567],
[77.9129,22.7671],
[77.9129,22.7996],
[77.9328,22.8263],
[77.93,22.8426],
[77.9188,22.8441],
[77.8855,22.8169],
[77.8749,22.8167],
[77.8661,22.8317],
[77.873,22.8524],
[77.8496,22.8591],
[77.7985,22.8285],
[77.7823,22.787],
[77.7438,22.7546],
[77.7031,22.7605],
[77.6695,22.7278],
[77.6396,22.7406],
[77.6238,22.7391],
[77.5907,22.6794],
[77.5763,22.6665],
[77.5257,22.6623],
[77.5014,22.6406],
[77.4635,22.6445],
[77.4382,22.6229],
[77.3924,22.6059],
[77.3676,22.6073],
[77.3542,22.5957],
[77.3447,22.5706],
[77.3289,22.5602],
[77.2946,22.5634],
[77.2759,22.6006],
[77.2664,22.6056],
[77.2166,22.5666],
[77.1631,22.5816],
[77.1264,22.5559],
[77.1167,22.5631],
[77.1253,22.5776],
[77.12,22.5983],
[77.0824,22.6245],
[77.0859,22.6523],
[77.0606,22.6651],
[77.0528,22.6808],
[77.0387,22.6705],
[77.0274,22.689],
[77.0394,22.7045],
[77.0334,22.7311],
[77.0172,22.7362],
[77.0145,22.7545],
[77.0249,22.774],
[77.0081,22.7951],
[76.9965,22.8709],
[76.9817,22.8784],
[76.9828,22.8701],
[76.9724,22.8744],
[76.9581,22.8619],
[76.948,22.8708],
[76.9428,22.8652],
[76.9427,22.8787],
[76.9354,22.8651],
[76.9312,22.8758],
[76.9228,22.8726],
[76.9274,22.8631],
[76.9207,22.8666],
[76.9229,22.8576],
[76.9167,22.8616],
[76.9123,22.8455],
[76.9193,22.8268],
[76.9035,22.8318],
[76.9128,22.8352],
[76.9085,22.8455],
[76.9155,22.8685],
[76.9005,22.8616],
[76.9067,22.8774],
[76.8901,22.8704],
[76.8947,22.8889],
[76.8868,22.8794],
[76.8756,22.8911],
[76.8703,22.882],
[76.8769,22.8717],
[76.8692,22.871],
[76.8616,22.8852],
[76.8599,22.868],
[76.8469,22.8794],
[76.8478,22.8716],
[76.842,22.8722],
[76.8476,22.866],
[76.8335,22.8644],
[76.829,22.872],
[76.8235,22.8576],
[76.8058,22.8617],
[76.8079,22.8535],
[76.7967,22.8512],
[76.7871,22.8325],
[76.76,22.8236],
[76.7669,22.8159],
[76.7391,22.8252],
[76.7123,22.8131],
[76.719,22.8174],
[76.7126,22.8202],
[76.7239,22.8212],
[76.7118,22.8248],
[76.688,22.8165],
[76.7023,22.8093],
[76.7022,22.7929],
[76.6751,22.7834],
[76.6529,22.7838],
[76.6399,22.8043],
[76.6106,22.7895],
[76.6235,22.7838],
[76.589,22.7788],
[76.5678,22.7599],
[76.5617,22.7635],
[76.5682,22.7649],
[76.5662,22.7736],
[76.5559,22.7786],
[76.5492,22.7718],
[76.5575,22.7856],
[76.5462,22.788],
[76.5413,22.7993],
[76.5265,22.7949],
[76.5203,22.8032],
[76.5174,22.8186],
[76.5257,22.8398],
[76.5181,22.8605],
[76.4936,22.8781],
[76.4961,22.891],
[76.4621,22.9003],
[76.4492,22.9287],
[76.4711,22.9688],
[76.4437,22.9868]
],
[
[83.5369,22.0434],
[83.548,22.0591],
[83.5869,22.0487],
[83.6066,22.0666],
[83.5634,22.0951],
[83.5627,22.103],
[83.6079,22.1537],
[83.6274,22.2037],
[83.649,22.2228],
[83.6555,22.22],
[83.6659,22.2327],
[83.7041,22.2467],
[83.7572,22.2399],
[83.7599,22.2512],
[83.776,22.2577],
[83.7796,22.2736],
[83.7924,22.2764],
[83.8029,22.29],
[83.8265,22.2928],
[83.8217,22.3128],
[83.8301,22.3236],
[83.8511,22.3265],
[83.8642,22.3433],
[83.8905,22.3365],
[83.9234,22.3584],
[83.9428,22.3547],
[84.0105,22.3715],
[84.0065,22.3822],
[84.0136,22.3974],
[84.0305,22.4266],
[84.0474,22.4382],
[84.0474,22.4692],
[83.9801,22.5023],
[83.9746,22.5121],
[83.9818,22.5228],
[84.0029,22.5322],
[84.0091,22.5261],
[84.0599,22.5164],
[84.1117,22.4771],
[84.1409,22.4739],
[84.1411,22.4256],
[84.1563,22.4077],
[84.1969,22.3781],
[84.2504,22.379],
[84.269,22.3545],
[84.2913,22.3429],
[84.3658,22.3482],
[84.3697,22.3539],
[84.4005,22.3464],
[84.4294,22.3525],
[84.431,22.373],
[84.4853,22.3893],
[84.4758,22.401],
[84.4802,22.4133],
[84.5353,22.427],
[84.5476,22.4217],
[84.598,22.4348],
[84.6028,22.4288],
[84.6288,22.4345],
[84.6666,22.4195],
[84.7499,22.4189],
[84.7591,22.4467],
[84.8102,22.4533],
[84.8176,22.4371],
[84.8369,22.4315],
[84.8801,22.4489],
[84.8893,22.4282],
[84.8858,22.4204],
[84.9094,22.4227],
[84.926,22.435],
[84.9216,22.444],
[84.939,22.4461],
[84.9543,22.4587],
[84.959,22.445],
[85.0348,22.4739],
[85.0383,22.484],
[85.057,22.4862],
[85.0778,22.4775],
[85.0769,22.4637],
[85.0597,22.4486],
[85.0678,22.428],
[85.0817,22.4171],
[85.0862,22.3897],
[85.0766,22.3561],
[85.0832,22.3453],
[85.0956,22.3447],
[85.092,22.316],
[85.118,22.3176],
[85.117,22.2944],
[85.0996,22.2935],
[85.071,22.2746],
[85.0782,22.2573],
[85.0498,22.1946],
[85.0543,22.1837],
[85.0298,22.1624],
[85.0346,22.1444],
[85.0284,22.1222],
[84.9849,22.0957],
[84.9908,22.081],
[85.0393,22.1155],
[85.0985,22.1059],
[85.1219,22.0708],
[85.1548,22.0785],
[85.1741,22.0516],
[85.1676,22.0691],
[85.181,22.0728],
[85.1873,22.0582],
[85.2143,22.0494],
[85.2217,22.0181],
[85.2382,22.0093],
[85.2301,22.002],
[85.2762,21.9583],
[85.2961,21.9535],
[85.313,21.9595],
[85.3655,21.9413],
[85.3738,21.911],
[85.3569,21.8801],
[85.3568,21.8532],
[85.3403,21.8286],
[85.314,21.82],
[85.2822,21.8372],
[85.2709,21.8204],
[85.2406,21.8049],
[85.2274,21.8234],
[85.2012,21.7693],
[85.2121,21.7424],
[85.184,21.7118],
[85.1906,21.6646],
[85.1803,21.6556],
[85.1805,21.6481],
[85.1938,21.6415],
[85.188,21.6253],
[85.1673,21.6236],
[85.1474,21.5948],
[85.1045,21.594],
[85.0847,21.6047],
[85.0485,21.5902],
[85.0334,21.6079],
[85.0368,21.6232],
[85.0269,21.6332],
[85.0243,21.6728],
[84.9969,21.6833],
[84.9756,21.6735],
[84.9565,21.6841],
[84.9517,21.666],
[84.9392,21.6612],
[84.9138,21.6716],
[84.8984,21.6603],
[84.8624,21.6537],
[84.8549,21.6605],
[84.7898,21.6697],
[84.7824,21.6468],
[84.7899,21.6332],
[84.7629,21.6244],
[84.7522,21.6294],
[84.7482,21.6685],
[84.7411,21.6678],
[84.7457,21.6827],
[84.7276,21.6961],
[84.7172,21.7162],
[84.6945,21.708],
[84.6764,21.7358],
[84.6742,21.7551],
[84.6513,21.7679],
[84.5901,21.759],
[84.5556,21.7683],
[84.5655,21.7885],
[84.5252,21.8145],
[84.5261,21.8433],
[84.5354,21.8618],
[84.5237,21.8748],
[84.5279,21.8834],
[84.5118,21.9013],
[84.4924,21.9089],
[84.4967,21.9197],
[84.5268,21.9289],
[84.5171,21.9465],
[84.5266,21.9599],
[84.5255,21.9749],
[84.5153,21.9747],
[84.5046,21.9616],
[84.5001,21.9716],
[84.5075,22.0207],
[84.5265,22.0459],
[84.5102,22.0545],
[84.511,22.0857],
[84.4984,22.0886],
[84.4935,22.0997],
[84.4931,22.1369],
[84.4747,22.1899],
[84.4177,22.1736],
[84.3836,22.1496],
[84.3628,22.1504],
[84.3225,22.1257],
[84.2958,22.1178],
[84.2746,22.1224],
[84.2754,22.1091],
[84.2645,22.1056],
[84.2662,22.0154],
[84.2297,21.9762],
[84.2039,21.9788],
[84.1683,22.0003],
[84.1434,22],
[84.1178,22.0124],
[84.1066,21.9946],
[84.0902,22.0003],
[84.0869,21.9918],
[84.0694,21.991],
[84.0702,21.9835],
[84.0826,21.9819],
[84.086,21.9683],
[84.0752,21.9385],
[84.0526,21.9401],
[84.0458,21.9497],
[84.0258,21.9541],
[84.0037,21.9249],
[83.9775,21.9076],
[83.9578,21.9426],
[83.8933,21.9476],
[83.8772,21.9252],
[83.8509,21.924],
[83.8615,21.9119],
[83.8314,21.8972],
[83.8265,21.8793],
[83.8131,21.8845],
[83.8109,21.8565],
[83.7972,21.8702],
[83.7791,21.8576],
[83.7184,21.7877],
[83.6397,21.8179],
[83.6261,21.8496],
[83.6095,21.8471],
[83.609,21.8366],
[83.5894,21.8269],
[83.5789,21.8325],
[83.5909,21.8512],
[83.5744,21.875],
[83.5778,21.8895],
[83.6058,21.9141],
[83.5905,21.9296],
[83.5569,21.9353],
[83.5617,21.948],
[83.5392,21.9659],
[83.5434,21.9943],
[83.5556,22.007],
[83.5396,22.0208],
[83.5369,22.0434]
]
],
[
[
[92.1503,11.5855],
[92.1543,11.521],
[92.1727,11.4923],
[92.2067,11.4653],
[92.2729,11.4599],
[92.3064,11.4724],
[92.3241,11.4916],
[92.3318,11.5245],
[92.3267,11.5969],
[92.3155,11.6203],
[92.2932,11.6363],
[92.2504,11.6525],
[92.204,11.651],
[92.1802,11.6396],
[92.1563,11.6107],
[92.1503,11.5855]
]
],
[
[
[92.1589,10.9864],
[92.1717,10.9422],
[92.2101,10.9187],
[92.2505,10.9264],
[92.2698,10.9423],
[92.2804,10.9646],
[92.2824,10.9878],
[92.2729,11.0117],
[92.253,11.0286],
[92.2247,11.036],
[92.1813,11.0224],
[92.1589,10.9864]
]
],
[
[
[92.3156,10.7856],
[92.3256,10.6624],
[92.3374,10.6368],
[92.3584,10.6194],
[92.3259,10.5454],
[92.3302,10.5198],
[92.3448,10.4965],
[92.3879,10.4773],
[92.436,10.4885],
[92.4751,10.4645],
[92.5132,10.4578],
[92.5601,10.4734],
[92.5878,10.5076],
[92.6188,10.5588],
[92.6227,10.5845],
[92.6133,10.6116],
[92.6334,10.6341],
[92.6508,10.6826],
[92.6504,10.7123],
[92.6393,10.7436],
[92.6412,10.7997],
[92.6171,10.8396],
[92.6121,10.8728],
[92.6388,10.8748],
[92.6615,10.8881],
[92.6776,10.9275],
[92.7068,10.9454],
[92.7219,10.9733],
[92.7236,10.9973],
[92.7148,11.0217],
[92.6952,11.0392],
[92.671,11.0473],
[92.6489,11.0471],
[92.6252,11.0357],
[92.6035,10.9932],
[92.5678,10.9773],
[92.5525,10.9439],
[92.5113,10.955],
[92.458,10.9373],
[92.4116,10.8994],
[92.3736,10.8462],
[92.334,10.8228],
[92.3156,10.7856]
]
],
[
[
[92.4608,11.8511],
[92.4712,11.8073],
[92.498,11.7783],
[92.4977,11.7069],
[92.5194,11.6574],
[92.4968,11.6463],
[92.4813,11.6253],
[92.4746,11.5414],
[92.5253,11.4742],
[92.5584,11.4525],
[92.5271,11.4488],
[92.506,11.4331],
[92.4937,11.4056],
[92.4956,11.3797],
[92.5091,11.3564],
[92.5671,11.3032],
[92.6391,11.291],
[92.6337,11.228],
[92.6167,11.1978],
[92.6185,11.172],
[92.6414,11.1355],
[92.6772,11.1206],
[92.7117,11.0916],
[92.7606,11.0957],
[92.7869,11.1277],
[92.7902,11.1533],
[92.7814,11.1777],
[92.7587,11.1985],
[92.7349,11.2048],
[92.7565,11.2431],
[92.7784,11.3118],
[92.7749,11.3516],
[92.7501,11.3796],
[92.7393,11.4162],
[92.7408,11.4315],
[92.7621,11.4529],
[92.7783,11.4947],
[92.8194,11.6708],
[92.8154,11.7236],
[92.8433,11.86],
[92.8406,11.9404],
[92.8168,11.9846],
[92.8309,12.0076],
[92.8355,12.0524],
[92.8638,12.1006],
[92.8883,12.118],
[92.9001,12.1409],
[92.8936,12.1053],
[92.9068,12.054],
[92.8772,12.0208],
[92.8713,11.9942],
[92.8758,11.9737],
[92.9675,11.8813],
[92.9591,11.8366],
[92.973,11.8],
[93.0231,11.7654],
[93.0488,11.7348],
[93.0735,11.7261],
[93.0992,11.7275],
[93.1289,11.7492],
[93.1397,11.7919],
[93.1244,11.8253],
[93.1223,11.8587],
[93.1078,11.8787],
[93.1088,11.9095],
[93.0983,11.9466],
[93.0684,11.9991],
[93.1286,12.0559],
[93.1679,12.111],
[93.1775,12.1384],
[93.1738,12.1633],
[93.1548,12.1932],
[93.1577,12.2719],
[93.1287,12.3098],
[93.1271,12.3323],
[93.1137,12.3545],
[93.0832,12.3709],
[93.0561,12.372],
[93.0293,12.3596],
[93.0084,12.3323],
[92.9878,12.3207],
[92.9832,12.3319],
[93.0108,12.4032],
[93.0087,12.4523],
[93.0247,12.4933],
[93.0281,12.549],
[93.0128,12.6185],
[93.0205,12.6735],
[93.0342,12.7088],
[93.0303,12.7369],
[93.0034,12.7894],
[93.0065,12.8196],
[92.9885,12.8766],
[93.0282,12.9067],
[93.0612,12.986],
[93.06,13.0194],
[93.0863,13.0656],
[93.0916,13.1834],
[93.1094,13.2056],
[93.1134,13.2377],
[93.1361,13.2849],
[93.1424,13.3373],
[93.1358,13.3817],
[93.1571,13.4351],
[93.1377,13.4766],
[93.0975,13.4933],
[93.0989,13.532],
[93.1125,13.567],
[93.1007,13.6061],
[93.121,13.6361],
[93.1192,13.6708],
[93.0941,13.7014],
[93.0229,13.7297],
[92.9694,13.7165],
[92.9424,13.7011],
[92.927,13.6803],
[92.9235,13.653],
[92.8818,13.6558],
[92.8373,13.6229],
[92.8268,13.5952],
[92.8121,13.4942],
[92.7772,13.4687],
[92.7581,13.4289],
[92.7606,13.3902],
[92.7801,13.3631],
[92.7609,13.297],
[92.7728,13.252],
[92.727,13.2492],
[92.7072,13.2311],
[92.6994,13.2118],
[92.7085,13.1719],
[92.7417,13.1491],
[92.7173,13.1537],
[92.6758,13.1474],
[92.6547,13.1319],
[92.6431,13.1091],
[92.6422,13.0826],
[92.6617,13.0372],
[92.6385,13.0178],
[92.6211,12.9884],
[92.6193,12.9374],
[92.5956,12.8609],
[92.608,12.8046],
[92.5981,12.7712],
[92.6028,12.7421],
[92.6238,12.7183],
[92.6526,12.7101],
[92.6673,12.6838],
[92.6375,12.6386],
[92.6304,12.6037],
[92.6344,12.5791],
[92.6194,12.5585],
[92.615,12.536],
[92.625,12.4986],
[92.6469,12.4772],
[92.6471,12.2825],
[92.6418,12.2643],
[92.6138,12.2379],
[92.5967,12.2006],
[92.5734,12.1195],
[92.5648,12.0333],
[92.5376,12.0117],
[92.4873,11.9367],
[92.4608,11.8511]
]
],
[
[
[93.7917,12.2743],
[93.7963,12.2489],
[93.8085,12.2318],
[93.8336,12.217],
[93.8614,12.2124],
[93.8955,12.2197],
[93.9133,12.2313],
[93.9272,12.2541],
[93.9316,12.2844],
[93.9236,12.3106],
[93.8863,12.3446],
[93.8595,12.3486],
[93.8327,12.3415],
[93.8113,12.3276],
[93.7975,12.3067],
[93.7917,12.2743]
]
],
[
[
[94.1963,13.4609],
[94.2011,13.4156],
[94.2221,13.3905],
[94.245,13.3795],
[94.2915,13.3856],
[94.3146,13.4043],
[94.3271,13.4262],
[94.3274,13.4824],
[94.3113,13.5037],
[94.2895,13.5156],
[94.2366,13.5105],
[94.2123,13.4909],
[94.1963,13.4609]
]
]
]}
}
