{
"type": "Feature",
"properties": {"id":"ohm-r2851156","edge_precision":"unknown","ohm_relation":2851156,"ohm_version":94,"ohm_timestamp":"2026-09-27T19:36:16Z"},
"geometry": {"type": "MultiPolygon", "coordinates": [
[
[
[20.8851,56.3376],
[20.8939,56.2987],
[20.8906,56.2309],
[20.8963,56.2085],
[20.945,56.1308],
[20.9747,56.0631],
[20.9835,56.0419],
[20.9823,55.9976],
[20.9761,55.9564],
[20.9612,55.9256],
[20.9657,55.8972],
[21.1007,55.8924],
[21.1461,55.8741],
[21.1938,55.8682],
[21.2132,55.8757],
[21.2659,55.8539],
[21.2904,55.852],
[21.3099,55.8228],
[21.3645,55.7824],
[21.3671,55.75],
[21.348,55.7398],
[21.3769,55.723],
[21.3843,55.7022],
[21.4089,55.6892],
[21.458,55.6091],
[21.4967,55.5803],
[21.509,55.5544],
[21.5016,55.5438],
[21.508,55.539],
[21.5044,55.5258],
[21.5207,55.4975],
[21.5711,55.4665],
[21.5593,55.4472],
[21.6025,55.4271],
[21.5881,55.4021],
[21.6086,55.3827],
[21.6067,55.3728],
[21.6383,55.3584],
[21.6686,55.3555],
[21.7061,55.3217],
[21.7201,55.3017],
[21.7143,55.2928],
[21.7575,55.2877],
[21.768,55.2941],
[21.7592,55.3129],
[21.813,55.3156],
[21.8335,55.3245],
[21.8662,55.3141],
[21.872,55.2938],
[21.8624,55.2821],
[21.9382,55.2665],
[22.0563,55.2287],
[22.1601,55.2253],
[22.2137,55.2124],
[22.2129,55.2058],
[22.187,55.1981],
[22.1979,55.1827],
[22.1568,55.175],
[22.1865,55.1741],
[22.1809,55.1624],
[22.192,55.1528],
[22.247,55.1557],
[22.3084,55.142],
[22.4094,55.1333],
[22.5383,55.1356],
[22.5918,55.1128],
[22.5896,55.0979],
[22.6099,55.0914],
[22.5969,55.0735],
[22.5891,55.0705],
[22.5976,55.046],
[22.5966,55.0283],
[22.6264,54.9955],
[22.6352,54.9894],
[22.653,54.9651],
[22.6678,54.9681],
[22.6587,54.9808],
[22.6732,54.9884],
[22.6902,54.9716],
[22.7083,54.9733],
[22.7255,54.9637],
[22.7414,54.9397],
[22.7669,54.9347],
[22.7489,54.9244],
[22.7533,54.9188],
[22.7843,54.9246],
[22.7951,54.903],
[22.8205,54.912],
[22.8473,54.8967],
[22.8549,54.8855],
[22.8397,54.8645],
[22.8697,54.8525],
[22.8586,54.8388],
[22.8763,54.8341],
[22.88,54.8255],
[22.8705,54.8202],
[22.887,54.8139],
[22.8734,54.8061],
[22.8786,54.7917],
[22.8485,54.7858],
[22.8595,54.7777],
[22.8435,54.7666],
[22.8124,54.7666],
[22.8048,54.754],
[22.8149,54.7564],
[22.8059,54.7481],
[22.7781,54.7521],
[22.7729,54.7458],
[22.743,54.7311],
[22.7388,54.7187],
[22.7487,54.7065],
[22.7301,54.6981],
[22.7243,54.6868],
[22.7403,54.6749],
[22.7319,54.6655],
[22.7574,54.6514],
[22.7417,54.6425],
[22.7494,54.6317],
[22.7266,54.6227],
[22.7201,54.6066],
[22.6843,54.5873],
[22.7123,54.5637],
[22.6804,54.5331],
[22.6838,54.5195],
[22.6991,54.5064],
[22.702,54.4572],
[22.736,54.4429],
[22.7664,54.3852],
[22.792,54.3633],
[22.8114,54.371],
[22.8363,54.4065],
[22.8547,54.4104],
[22.888,54.4091],
[22.8875,54.3999],
[22.9838,54.3896],
[23.0102,54.3828],
[22.9939,54.3619],
[23.0632,54.341],
[23.0421,54.316],
[23.0922,54.2985],
[23.1488,54.3144],
[23.1598,54.3096],
[23.1542,54.297],
[23.2024,54.2886],
[23.2339,54.2609],
[23.3217,54.2533],
[23.3484,54.2457],
[23.3617,54.231],
[23.3813,54.2289],
[23.4245,54.1775],
[23.459,54.1755],
[23.4858,54.1532],
[23.4953,54.1326],
[23.4926,54.117],
[23.5183,54.0898],
[23.5286,54.0658],
[23.5249,54.0311],
[23.5036,54.0065],
[23.4807,53.998],
[23.4892,53.9747],
[23.515,53.9563],
[23.5268,53.956],
[23.5371,53.9418],
[23.5569,53.9407],
[23.5815,53.9427],
[23.6002,53.9362],
[23.5983,53.9295],
[23.6104,53.9247],
[23.6521,53.935],
[23.7168,53.9365],
[23.6805,53.9044],
[23.6568,53.9081],
[23.5842,53.8919],
[23.5578,53.871],
[23.5327,53.8718],
[23.5313,53.8594],
[23.5513,53.8514],
[23.5455,53.8446],
[23.5539,53.832],
[23.5462,53.8264],
[23.5102,53.806],
[23.4707,53.8074],
[23.3955,53.7881],
[23.3352,53.809],
[23.2055,53.8807],
[23.0361,53.8957],
[23.0228,53.9041],
[22.9949,53.9012],
[22.8799,53.9246],
[22.7828,53.9155],
[22.7753,53.9037],
[22.7853,53.8838],
[22.7791,53.8658],
[22.7271,53.8336],
[22.7262,53.8048],
[22.6967,53.762],
[22.6881,53.7583],
[22.6413,53.7476],
[22.6411,53.7549],
[22.6284,53.7563],
[22.6212,53.7355],
[22.6066,53.7168],
[22.5853,53.7271],
[22.5841,53.7346],
[22.515,53.6983],
[22.4673,53.699],
[22.423,53.6815],
[22.3598,53.6559],
[22.3265,53.6318],
[22.3057,53.6268],
[22.2791,53.6208],
[22.2725,53.6106],
[22.1745,53.5576],
[22.0957,53.5322],
[22.0587,53.5297],
[22.0304,53.4969],
[22.0197,53.4975],
[22.0098,53.5135],
[21.9897,53.5221],
[21.9524,53.5095],
[21.9311,53.5104],
[21.9015,53.4929],
[21.892,53.467],
[21.8661,53.4594],
[21.8521,53.4423],
[21.8092,53.4292],
[21.7842,53.4128],
[21.789,53.3919],
[21.7722,53.3729],
[21.8377,53.296],
[21.8982,53.2685],
[21.8669,53.2449],
[21.87,53.2303],
[21.7677,53.1939],
[21.7564,53.176],
[21.7052,53.1688],
[21.6918,53.1398],
[21.6199,53.1097],
[21.6405,53.102],
[21.6432,53.0853],
[21.6565,53.0817],
[21.6415,53.0766],
[21.6393,53.0617],
[21.6947,53.0366],
[21.7198,53.0271],
[21.7476,52.973],
[21.7749,52.9568],
[21.7715,52.9518],
[21.8161,52.9555],
[21.8317,52.9479],
[21.811,52.9123],
[21.8667,52.857],
[21.9182,52.818],
[22.0353,52.7578],
[22.0951,52.6906],
[22.1605,52.7024],
[22.1629,52.6928],
[22.2168,52.6984],
[22.2219,52.6889],
[22.2744,52.671],
[22.3455,52.6579],
[22.3726,52.6364],
[22.3723,52.6241],
[22.4079,52.6095],
[22.4142,52.6001],
[22.4588,52.5868],
[22.4674,52.5674],
[22.4839,52.5611],
[22.5264,52.521],
[22.51,52.4909],
[22.5309,52.4614],
[22.5439,52.4681],
[22.5546,52.4637],
[22.5467,52.455],
[22.5433,52.4234],
[22.5632,52.4107],
[22.5661,52.4035],
[22.5787,52.4028],
[22.5794,52.3933],
[22.6048,52.3989],
[22.6141,52.3875],
[22.6571,52.3934],
[22.6633,52.3854],
[22.705,52.3924],
[22.7203,52.3837],
[22.74,52.3817],
[22.8485,52.3584],
[22.9243,52.3748],
[22.9614,52.3668],
[22.977,52.3464],
[22.9858,52.3465],
[22.9953,52.3319],
[23.0091,52.3364],
[23.0484,52.3231],
[23.0589,52.3032],
[23.0482,52.2911],
[23.0534,52.2847],
[23.0776,52.282],
[23.1107,52.3005],
[23.1286,52.2882],
[23.1533,52.2795],
[23.1785,52.2832],
[23.2047,52.276],
[23.1995,52.268],
[23.2052,52.2557],
[23.1946,52.2408],
[23.2031,52.2268],
[23.2667,52.215],
[23.3054,52.222],
[23.2993,52.2117],
[23.365,52.2083],
[23.374,52.1952],
[23.3962,52.2008],
[23.4256,52.176],
[23.4544,52.1847],
[23.4692,52.1731],
[23.486,52.1813],
[23.5073,52.1752],
[23.4836,52.1676],
[23.4881,52.1527],
[23.5408,52.1291],
[23.5482,52.1103],
[23.557,52.1116],
[23.5565,52.1193],
[23.5786,52.12],
[23.6187,52.1088],
[23.61,52.1012],
[23.6151,52.0941],
[23.6537,52.0733],
[23.644,52.0658],
[23.6555,52.0587],
[23.6414,52.0594],
[23.6656,52.0386],
[23.6594,52.0191],
[23.6886,51.9919],
[23.6319,51.9512],
[23.645,51.936],
[23.6309,51.9231],
[23.6168,51.9237],
[23.6179,51.9032],
[23.6385,51.896],
[23.6285,51.8746],
[23.6079,51.8771],
[23.6117,51.846],
[23.6024,51.8419],
[23.6024,51.8307],
[23.6199,51.8305],
[23.6426,51.8027],
[23.6264,51.7806],
[23.532,51.7436],
[23.5286,51.7296],
[23.5502,51.7172],
[23.5524,51.7048],
[23.5592,51.6662],
[23.5406,51.6608],
[23.5421,51.6356],
[23.5469,51.6212],
[23.5401,51.6021],
[23.5542,51.5828],
[23.5676,51.5786],
[23.5677,51.5621],
[23.5781,51.5576],
[23.5657,51.5508],
[23.5646,51.5348],
[23.6128,51.5289],
[23.6246,51.5143],
[23.6178,51.508],
[23.625,51.5],
[23.6202,51.4965],
[23.6386,51.4855],
[23.66,51.4905],
[23.6759,51.4726],
[23.6462,51.4584],
[23.6493,51.4463],
[23.6866,51.4446],
[23.6861,51.4338],
[23.6773,51.4299],
[23.689,51.4189],
[23.703,51.4199],
[23.6931,51.4145],
[23.7029,51.404],
[23.6769,51.3938],
[23.6893,51.3883],
[23.6785,51.3838],
[23.6869,51.3686],
[23.6673,51.3681],
[23.6692,51.3609],
[23.657,51.3598],
[23.656,51.3452],
[23.6497,51.3439],
[23.6568,51.3396],
[23.6356,51.3279],
[23.6425,51.3265],
[23.6358,51.32],
[23.6397,51.311],
[23.6527,51.2998],
[23.6467,51.2982],
[23.6485,51.2873],
[23.6956,51.2916],
[23.7053,51.2752],
[23.7268,51.2616],
[23.7267,51.2453],
[23.7317,51.2387],
[23.7265,51.2363],
[23.742,51.227],
[23.7396,51.2118],
[23.7562,51.2125],
[23.7604,51.2029],
[23.7833,51.1987],
[23.7842,51.19],
[23.8073,51.1856],
[23.8138,51.1711],
[23.8265,51.1672],
[23.8242,51.1618],
[23.8429,51.1645],
[23.8694,51.1505],
[23.8699,51.1299],
[23.8538,51.1306],
[23.8495,51.124],
[23.8626,51.1128],
[23.8568,51.0998],
[23.867,51.0959],
[23.8757,51.0771],
[23.8854,51.0823],
[23.8979,51.0744],
[23.9088,51.0776],
[23.9131,51.0583],
[23.914,51.0468],
[23.92,51.0467],
[23.9132,51.0415],
[23.9298,51.0385],
[23.9165,51.0299],
[23.9229,51.0222],
[23.9352,51.0132],
[23.9156,51.0124],
[23.9151,51.0068],
[23.9569,50.9913],
[23.9669,50.9785],
[23.9688,50.9528],
[23.9834,50.9462],
[23.9868,50.9449],
[23.9978,50.9279],
[24.052,50.8917],
[24.0865,50.8891],
[24.1164,50.8699],
[24.1459,50.8688],
[24.1456,50.8676],
[24.1414,50.8569],
[24.1071,50.8387],
[24.0446,50.8334],
[24.0398,50.8363],
[24.0474,50.8381],
[24.0069,50.8412],
[23.9824,50.832],
[23.9835,50.8281],
[23.9633,50.8141],
[23.969,50.8116],
[23.9573,50.7944],
[23.9685,50.7857],
[23.9657,50.7784],
[23.9798,50.7682],
[24.011,50.7723],
[24.0236,50.7667],
[24.0251,50.7589],
[24.0145,50.7623],
[24.0179,50.7568],
[24.0112,50.7545],
[24.024,50.7507],
[24.0152,50.7472],
[24.0231,50.7454],
[24.0166,50.723],
[24.0443,50.7152],
[24.0715,50.7207],
[24.0753,50.7108],
[24.0672,50.7074],
[24.0724,50.699],
[24.0662,50.6778],
[24.0867,50.6694],
[24.0904,50.6536],
[24.0801,50.6449],
[24.088,50.6446],
[24.0885,50.6352],
[24.0982,50.6374],
[24.1065,50.6347],
[24.126,50.6489],
[24.1547,50.6466],
[24.1567,50.6401],
[24.1647,50.6381],
[24.1732,50.632],
[24.1632,50.6315],
[24.1756,50.6236],
[24.1734,50.6165],
[24.201,50.6141],
[24.2111,50.5922],
[24.2253,50.5928],
[24.2209,50.5896],
[24.2307,50.5835],
[24.3125,50.5715],
[24.3184,50.5582],
[24.3079,50.5533],
[24.3084,50.536],
[24.2738,50.5197],
[24.2595,50.5018],
[24.2713,50.4914],
[24.2722,50.4663],
[24.2792,50.4607],
[24.2621,50.4316],
[24.2542,50.4119],
[24.2594,50.395],
[24.2416,50.3766],
[24.2091,50.3747],
[24.1998,50.3785],
[24.1569,50.3877],
[24.1137,50.377],
[24.0672,50.3849],
[24.0064,50.376],
[23.9251,50.3593],
[23.8915,50.3622],
[23.8893,50.3694],
[23.6863,50.3316],
[23.2059,50.2832],
[22.9546,50.1892],
[22.6394,50.2266],
[22.5518,50.2006],
[22.5872,50.1782],
[22.5961,50.1459],
[22.6445,50.13],
[22.6469,50.1146],
[22.6665,50.1146],
[22.6765,50.0957],
[22.6648,50.0829],
[22.6995,50.0686],
[22.6947,50.0584],
[22.7086,50.0341],
[22.7038,50.0163],
[22.7312,50.0171],
[22.7463,50.0032],
[22.807,49.986],
[22.8121,49.9842],
[22.8281,49.9657],
[22.8729,49.9479],
[22.8748,49.9353],
[22.8635,49.9283],
[22.8903,49.9069],
[22.8936,49.894],
[22.9146,49.8864],
[22.8864,49.8761],
[22.8964,49.8659],
[22.8897,49.8591],
[22.8977,49.8462],
[22.8923,49.8372],
[22.9123,49.8268],
[22.908,49.82],
[22.8994,49.8137],
[22.9047,49.7982],
[22.8947,49.7958],
[22.8914,49.8032],
[22.8641,49.8055],
[22.839,49.8024],
[22.831,49.7923],
[22.8035,49.7912],
[22.7934,49.8006],
[22.7624,49.7831],
[22.7011,49.7777],
[22.6875,49.7862],
[22.6893,49.7929],
[22.7078,49.7972],
[22.7034,49.8064],
[22.6516,49.8023],
[22.6424,49.7935],
[22.656,49.7811],
[22.6252,49.7674],
[22.6335,49.758],
[22.6213,49.7509],
[22.6117,49.7523],
[22.6064,49.7674],
[22.571,49.7631],
[22.5743,49.7741],
[22.5263,49.7914],
[22.5346,49.8022],
[22.5116,49.8069],
[22.4746,49.8148],
[22.4702,49.8046],
[22.4874,49.7892],
[22.4709,49.7777],
[22.3982,49.8192],
[22.386,49.8027],
[22.3641,49.7986],
[22.3461,49.7838],
[22.3298,49.7892],
[22.3415,49.8031],
[22.3115,49.8201],
[22.2819,49.8285],
[22.2689,49.8215],
[22.2591,49.8284],
[22.2473,49.8251],
[22.2505,49.8142],
[22.2351,49.7854],
[22.2117,49.7787],
[22.226,49.7677],
[22.2246,49.7576],
[22.2366,49.7522],
[22.2047,49.7368],
[22.2272,49.7257],
[22.2054,49.7119],
[22.203,49.7025],
[22.2363,49.6945],
[22.2643,49.6625],
[22.2981,49.659],
[22.2907,49.6499],
[22.2912,49.6286],
[22.2689,49.6125],
[22.2379,49.6093],
[22.2202,49.5941],
[22.193,49.6074],
[22.1974,49.578],
[22.2361,49.5373],
[22.2726,49.5363],
[22.2898,49.5203],
[22.3321,49.5241],
[22.3282,49.5036],
[22.2961,49.4875],
[22.2909,49.4776],
[22.311,49.4805],
[22.3483,49.4511],
[22.3517,49.4436],
[22.3382,49.4308],
[22.3395,49.421],
[22.4013,49.4313],
[22.3825,49.4419],
[22.4041,49.4427],
[22.4084,49.431],
[22.457,49.4033],
[22.4516,49.3925],
[22.46,49.3665],
[22.4854,49.3685],
[22.4884,49.3601],
[22.521,49.3447],
[22.5159,49.3236],
[22.4978,49.3221],
[22.5032,49.3082],
[22.4875,49.3128],
[22.4721,49.2911],
[22.4612,49.2867],
[22.4725,49.2828],
[22.4621,49.2714],
[22.4902,49.2732],
[22.4905,49.2644],
[22.5105,49.2644],
[22.5106,49.2569],
[22.5341,49.2552],
[22.5374,49.2464],
[22.5473,49.2508],
[22.5494,49.239],
[22.5982,49.218],
[22.6296,49.2232],
[22.6536,49.2046],
[22.6703,49.2123],
[22.6713,49.2027],
[22.682,49.1971],
[22.7067,49.2077],
[22.7149,49.2027],
[22.7104,49.2155],
[22.7201,49.2212],
[22.7477,49.2155],
[22.7338,49.2116],
[22.7308,49.1985],
[22.7082,49.1809],
[22.7153,49.1662],
[22.7326,49.1821],
[22.7556,49.1826],
[22.739,49.1579],
[22.7728,49.1523],
[22.7892,49.1576],
[22.7924,49.1388],
[22.8163,49.1297],
[22.8121,49.1249],
[22.8304,49.1182],
[22.8313,49.111],
[22.851,49.1147],
[22.8602,49.1121],
[22.8548,49.106],
[22.8627,49.1],
[22.8928,49.0946],
[22.8835,49.0812],
[22.8665,49.0754],
[22.8662,49.0598],
[22.8747,49.0553],
[22.8701,49.0469],
[22.8666,49.0398],
[22.881,49.0382],
[22.875,49.0294],
[22.8856,49.0212],
[22.8938,49.0179],
[22.8891,49.0067],
[22.8944,49.0044],
[22.9143,48.9891],
[22.9194,48.9705],
[22.8729,48.9567],
[22.8722,48.942],
[22.8861,48.9246],
[22.9028,48.9019],
[22.9706,48.8741],
[22.9748,48.8446],
[23.0001,48.8305],
[23.0203,48.8478],
[23.0473,48.8529],
[23.0596,48.8464],
[23.0981,48.863],
[23.1309,48.8536],
[23.1351,48.8439],
[23.1337,48.8342],
[23.1526,48.8322],
[23.2009,48.7604],
[23.2684,48.7617],
[23.2864,48.7756],
[23.3174,48.7535],
[23.34,48.7564],
[23.3611,48.7707],
[23.3797,48.7422],
[23.3964,48.7328],
[23.41,48.7359],
[23.4673,48.724],
[23.4691,48.7182],
[23.511,48.735],
[23.5482,48.7253],
[23.5921,48.7185],
[23.5973,48.7047],
[23.6259,48.7062],
[23.6379,48.6986],
[23.6371,48.6851],
[23.706,48.6385],
[23.7326,48.6382],
[23.7437,48.6463],
[23.7794,48.6439],
[23.7968,48.6324],
[23.7869,48.6125],
[23.7962,48.6007],
[23.7914,48.5941],
[23.8046,48.5803],
[23.8345,48.5716],
[23.8623,48.5539],
[23.8923,48.5545],
[23.907,48.5629],
[23.9289,48.5521],
[23.9139,48.5337],
[23.9253,48.5129],
[23.9159,48.5082],
[23.9189,48.4936],
[23.9076,48.4842],
[23.9252,48.4652],
[23.9631,48.4575],
[23.9809,48.4655],
[23.9737,48.477],
[24.003,48.5069],
[24.032,48.5007],
[24.0464,48.5123],
[24.0667,48.5179],
[24.0771,48.5118],
[24.0888,48.5275],
[24.1243,48.5341],
[24.1318,48.5296],
[24.1148,48.4984],
[24.1406,48.4816],
[24.127,48.4679],
[24.1322,48.4381],
[24.1458,48.4349],
[24.1414,48.4089],
[24.1521,48.4009],
[24.1546,48.3863],
[24.1819,48.3747],
[24.1776,48.366],
[24.2396,48.3592],
[24.2587,48.3494],
[24.2891,48.3807],
[24.2809,48.3918],
[24.2881,48.3985],
[24.3397,48.3859],
[24.3443,48.3833],
[24.3495,48.3817],
[24.3583,48.3732],
[24.351,48.3617],
[24.3576,48.3515],
[24.4169,48.3315],
[24.4317,48.3139],
[24.441,48.3145],
[24.4454,48.3025],
[24.4881,48.2797],
[24.4855,48.2434],
[24.5364,48.2269],
[24.5453,48.2161],
[24.5206,48.2003],
[24.5263,48.1961],
[24.5096,48.1861],
[24.5202,48.1768],
[24.5003,48.1602],
[24.5232,48.1444],
[24.5342,48.1287],
[24.5302,48.1236],
[24.5546,48.1179],
[24.5596,48.1051],
[24.5953,48.0906],
[24.6271,48.0475],
[24.5773,48.0178],
[24.5629,47.9686],
[24.5831,47.9648],
[24.597,47.9462],
[24.6285,47.948],
[24.6351,47.9245],
[24.6517,47.9192],
[24.6526,47.9107],
[24.6739,47.8964],
[24.6658,47.8764],
[24.6707,47.8655],
[24.7023,47.8527],
[24.7061,47.84],
[24.7345,47.8439],
[24.7528,47.8298],
[24.7653,47.8395],
[24.7782,47.8374],
[24.7846,47.8245],
[24.8265,47.8208],
[24.8216,47.8062],
[24.8364,47.7941],
[24.8363,47.7797],
[24.8514,47.7749],
[24.8554,47.7657],
[24.8785,47.7526],
[24.8856,47.7307],
[24.8896,47.7304],
[24.9011,47.7335],
[24.9226,47.7342],
[24.9223,47.7268],
[24.9331,47.7207],
[24.9449,47.718],
[24.9467,47.7171],
[24.9465,47.7292],
[24.995,47.7251],
[25.0074,47.7344],
[25.0399,47.7253],
[25.0533,47.7467],
[25.0647,47.7406],
[25.1158,47.7549],
[25.1169,47.7691],
[25.1344,47.7826],
[25.1679,47.7925],
[25.1671,47.8089],
[25.1775,47.8139],
[25.1803,47.8258],
[25.1985,47.8342],
[25.2012,47.8504],
[25.2221,47.8586],
[25.2216,47.8808],
[25.2302,47.893],
[25.27,47.8924],
[25.3111,47.9144],
[25.4424,47.9262],
[25.5921,47.9384],
[25.6426,47.9496],
[25.7752,47.9395],
[25.8376,47.9672],
[25.8614,47.9701],
[25.892,47.9613],
[25.9079,47.9649],
[25.9147,47.9774],
[25.952,47.9709],
[25.9753,47.9753],
[26.0611,47.988],
[26.101,47.9783],
[26.1877,47.9956],
[26.1989,48.0071],
[26.2123,48.051],
[26.2668,48.0765],
[26.298,48.1337],
[26.3343,48.1592],
[26.3278,48.1762],
[26.3338,48.1851],
[26.3485,48.1831],
[26.3508,48.1917],
[26.3614,48.1851],
[26.3757,48.1974],
[26.3843,48.1953],
[26.3841,48.1866],
[26.4016,48.1887],
[26.4214,48.2019],
[26.4389,48.1938],
[26.4339,48.2034],
[26.4569,48.2064],
[26.4561,48.2138],
[26.468,48.2209],
[26.5236,48.213],
[26.5485,48.2159],
[26.5507,48.2254],
[26.5723,48.2195],
[26.5712,48.2386],
[26.5872,48.2468],
[26.5969,48.2389],
[26.62,48.239],
[26.6149,48.2513],
[26.6292,48.2474],
[26.6302,48.2596],
[26.6463,48.2526],
[26.661,48.2641],
[26.6651,48.2474],
[26.6877,48.2524],
[26.7,48.2652],
[26.7226,48.2464],
[26.731,48.2485],
[26.7294,48.2586],
[26.7423,48.2548],
[26.7336,48.2479],
[26.7378,48.245],
[26.7832,48.2431],
[26.8074,48.2544],
[26.8114,48.2523],
[26.827,48.243],
[26.8318,48.2265],
[26.852,48.2341],
[26.8702,48.2126],
[26.8865,48.2014],
[26.9089,48.2012],
[26.8926,48.1926],
[26.9032,48.1805],
[26.9201,48.1813],
[26.9128,48.1975],
[26.9295,48.1999],
[26.9471,48.1928],
[26.9462,48.1797],
[26.9329,48.1698],
[26.9362,48.1633],
[26.9851,48.1571],
[26.9914,48.1508],
[26.986,48.1449],
[26.9561,48.1522],
[26.951,48.1437],
[26.9631,48.1318],
[27.0001,48.122],
[27.0175,48.1373],
[27.0285,48.1355],
[27.0221,48.126],
[27.0388,48.1298],
[27.0333,48.1171],
[27.0402,48.1071],
[27.0261,48.0895],
[27.0406,48.0828],
[27.0453,48.0699],
[27.0784,48.0536],
[27.0844,48.0358],
[27.1065,48.0308],
[27.0933,48.0229],
[27.0917,48.0081],
[27.118,48.0147],
[27.1284,48.0117],
[27.117,48.0005],
[27.1216,47.9945],
[27.1671,47.9906],
[27.1545,47.9875],
[27.1535,47.9727],
[27.14,47.9658],
[27.1784,47.9523],
[27.179,47.9441],
[27.142,47.9164],
[27.1673,47.9179],
[27.2034,47.9029],
[27.2109,47.8915],
[27.1968,47.8738],
[27.2174,47.8533],
[27.1948,47.8486],
[27.2078,47.8387],
[27.2281,47.8451],
[27.2297,47.8379],
[27.2456,47.8366],
[27.2448,47.8294],
[27.2325,47.8252],
[27.2226,47.8318],
[27.2143,47.8215],
[27.2211,47.8144],
[27.2417,47.8158],
[27.2316,47.7983],
[27.25,47.7936],
[27.2528,47.7782],
[27.2665,47.7796],
[27.2658,47.7596],
[27.2792,47.7643],
[27.2854,47.7575],
[27.2795,47.7502],
[27.2984,47.7481],
[27.2809,47.7344],
[27.2948,47.7281],
[27.2865,47.7234],
[27.2652,47.733],
[27.2499,47.7204],
[27.2665,47.7123],
[27.2711,47.7002],
[27.2821,47.701],
[27.2733,47.6891],
[27.2958,47.6806],
[27.2948,47.6621],
[27.3076,47.6604],
[27.3173,47.6411],
[27.3632,47.6128],
[27.3741,47.5962],
[27.4009,47.5846],
[27.4263,47.5836],
[27.4164,47.5713],
[27.4204,47.5634],
[27.432,47.5631],
[27.4237,47.5538],
[27.4383,47.55],
[27.43,47.5449],
[27.4439,47.5356],
[27.4565,47.5357],
[27.444,47.5304],
[27.4528,47.5214],
[27.4671,47.5268],
[27.4542,47.508],
[27.4734,47.4874],
[27.494,47.4886],
[27.4924,47.4808],
[27.5039,47.4783],
[27.5146,47.49],
[27.5153,47.4738],
[27.5215,47.4823],
[27.5365,47.4785],
[27.5318,47.4852],
[27.5377,47.4886],
[27.5463,47.4741],
[27.5736,47.459],
[27.5699,47.4498],
[27.5571,47.4468],
[27.5609,47.4383],
[27.5536,47.4299],
[27.5843,47.4084],
[27.5818,47.3991],
[27.5696,47.3951],
[27.5673,47.3803],
[27.5704,47.3721],
[27.5837,47.3761],
[27.5734,47.3686],
[27.5888,47.3648],
[27.5967,47.372],
[27.595,47.3475],
[27.6053,47.3498],
[27.6051,47.3394],
[27.6152,47.3394],
[27.6008,47.3289],
[27.5812,47.3277],
[27.5951,47.3272],
[27.5997,47.3171],
[27.604,47.3288],
[27.6108,47.326],
[27.606,47.317],
[27.6221,47.326],
[27.6281,47.3104],
[27.6385,47.3116],
[27.6332,47.3032],
[27.6463,47.2997],
[27.6461,47.3068],
[27.6631,47.3083],
[27.674,47.2998],
[27.678,47.3098],
[27.6798,47.2987],
[27.6858,47.2847],
[27.6908,47.2919],
[27.7062,47.2898],
[27.7051,47.3001],
[27.7361,47.2883],
[27.7378,47.276],
[27.7482,47.2765],
[27.7451,47.2645],
[27.7588,47.2578],
[27.7427,47.2566],
[27.7568,47.2512],
[27.7464,47.2416],
[27.7593,47.2396],
[27.7553,47.2305],
[27.7749,47.2308],
[27.7696,47.2216],
[27.7865,47.2163],
[27.7776,47.2044],
[27.7901,47.208],
[27.787,47.1906],
[27.8031,47.1899],
[27.7974,47.1754],
[27.8111,47.1638],
[27.8005,47.1516],
[27.7842,47.15],
[27.7992,47.1418],
[27.7815,47.1421],
[27.8424,47.1357],
[27.8508,47.1251],
[27.8383,47.1299],
[27.8257,47.1225],
[27.8293,47.1182],
[27.8566,47.1128],
[27.8602,47.1037],
[27.8747,47.1079],
[27.8667,47.1028],
[27.8835,47.0992],
[27.8798,47.0918],
[27.8943,47.0862],
[27.8979,47.0734],
[27.9056,47.0768],
[27.9461,47.0602],
[27.9602,47.0558],
[27.9456,47.0525],
[27.9482,47.048],
[27.964,47.0495],
[27.9587,47.042],
[27.9739,47.0442],
[27.9818,47.0352],
[27.9947,47.0362],
[27.995,47.0292],
[28.0202,47.023],
[28.0367,47.029],
[28.0536,47.0142],
[28.0409,47.0192],
[28.032,47.0114],
[28.0531,47.0058],
[28.0913,46.9807],
[28.096,46.9767],
[28.0783,46.9628],
[28.0937,46.9566],
[28.0896,46.9481],
[28.0971,46.9501],
[28.0969,46.944],
[28.0811,46.9372],
[28.1038,46.9323],
[28.0961,46.9286],
[28.1114,46.9232],
[28.1031,46.9096],
[28.0845,46.9049],
[28.086,46.895],
[28.1035,46.8959],
[28.1086,46.8891],
[28.1114,46.8953],
[28.1131,46.8815],
[28.1188,46.8778],
[28.0984,46.8701],
[28.112,46.8696],
[28.1073,46.866],
[28.1236,46.8565],
[28.1173,46.8537],
[28.1274,46.8527],
[28.1074,46.8424],
[28.1154,46.8364],
[28.115,46.8212],
[28.1259,46.8221],
[28.1286,46.8066],
[28.1532,46.7996],
[28.1494,46.7934],
[28.1612,46.7843],
[28.1646,46.7916],
[28.171,46.7826],
[28.1765,46.7774],
[28.1604,46.7771],
[28.1727,46.7757],
[28.1672,46.7704],
[28.1775,46.7709],
[28.1786,46.764],
[28.1777,46.7585],
[28.1853,46.7595],
[28.173,46.7507],
[28.1827,46.7472],
[28.1804,46.7371],
[28.1955,46.7317],
[28.1865,46.7237],
[28.2024,46.7213],
[28.2095,46.7118],
[28.2021,46.7003],
[28.2148,46.6941],
[28.2073,46.6865],
[28.2146,46.683],
[28.2206,46.6906],
[28.2239,46.6758],
[28.2312,46.6741],
[28.2305,46.6819],
[28.2364,46.6775],
[28.2374,46.6512],
[28.2461,46.6454],
[28.238,46.6437],
[28.2447,46.6372],
[28.2393,46.6295],
[28.2481,46.6279],
[28.2525,46.6122],
[28.238,46.5881],
[28.231,46.5846],
[28.241,46.5809],
[28.2227,46.5794],
[28.2358,46.5516],
[28.2269,46.5537],
[28.2183,46.5408],
[28.2152,46.5364],
[28.2304,46.5296],
[28.2246,46.5204],
[28.2142,46.5221],
[28.2229,46.5118],
[28.2108,46.5081],
[28.2111,46.4991],
[28.2214,46.5031],
[28.2308,46.495],
[28.2321,46.4839],
[28.2249,46.4794],
[28.2416,46.4796],
[28.251,46.4669],
[28.2456,46.4636],
[28.2584,46.462],
[28.2412,46.4485],
[28.2577,46.4454],
[28.2584,46.4263],
[28.25,46.4159],
[28.2306,46.4156],
[28.2309,46.4077],
[28.2388,46.4069],
[28.2249,46.3993],
[28.2433,46.3955],
[28.235,46.3902],
[28.2174,46.3959],
[28.2236,46.3884],
[28.2086,46.3727],
[28.1993,46.3737],
[28.2078,46.369],
[28.2011,46.3595],
[28.1926,46.3595],
[28.1966,46.3504],
[28.1828,46.3528],
[28.1999,46.3433],
[28.1971,46.334],
[28.1846,46.3339],
[28.1927,46.3297],
[28.1866,46.3265],
[28.2091,46.3195],
[28.196,46.3034],
[28.1787,46.3005],
[28.1871,46.2939],
[28.1806,46.2854],
[28.1724,46.298],
[28.1693,46.2826],
[28.1495,46.292],
[28.1522,46.2786],
[28.1404,46.2854],
[28.1359,46.2645],
[28.1263,46.2621],
[28.1462,46.2533],
[28.1391,46.2482],
[28.1336,46.2512],
[28.119,46.2387],
[28.1122,46.2457],
[28.1064,46.2215],
[28.1149,46.2113],
[28.1125,46.2023],
[28.1173,46.2118],
[28.1256,46.2085],
[28.1183,46.1919],
[28.1345,46.1957],
[28.1406,46.1832],
[28.131,46.1856],
[28.1427,46.1765],
[28.1282,46.1778],
[28.1429,46.1642],
[28.124,46.1504],
[28.1255,46.1364],
[28.1344,46.1301],
[28.1245,46.1259],
[28.1241,46.1114],
[28.1161,46.1102],
[28.1228,46.1053],
[28.1024,46.0986],
[28.1072,46.0949],
[28.109,46.0782],
[28.0928,46.0793],
[28.089,46.0694],
[28.1006,46.0644],
[28.0891,46.0597],
[28.0912,46.0543],
[28.1051,46.053],
[28.1038,46.0432],
[28.0902,46.0343],
[28.0877,46.0203],
[28.0957,46.0148],
[28.0854,46.0082],
[28.1052,45.9873],
[28.0982,45.9786],
[28.1069,45.9786],
[28.1017,45.9723],
[28.1151,45.9532],
[28.1142,45.9359],
[28.1256,45.9225],
[28.1202,45.9176],
[28.1125,45.8844],
[28.1269,45.8853],
[28.1327,45.8766],
[28.1269,45.8627],
[28.1057,45.8597],
[28.1139,45.8493],
[28.1053,45.8433],
[28.1101,45.8374],
[28.1075,45.8162],
[28.1186,45.8148],
[28.1226,45.7981],
[28.1129,45.7923],
[28.1248,45.786],
[28.1355,45.7783],
[28.1539,45.7826],
[28.1435,45.7611],
[28.1509,45.7523],
[28.1513,45.7441],
[28.1669,45.7362],
[28.1608,45.7251],
[28.1707,45.7091],
[28.16,45.7037],
[28.1662,45.6856],
[28.1713,45.6794],
[28.1621,45.6602],
[28.166,45.6534],
[28.1578,45.6509],
[28.1725,45.6481],
[28.1445,45.6214],
[28.1374,45.6257],
[28.1304,45.6187],
[28.1139,45.6268],
[28.0922,45.6118],
[28.0918,45.5987],
[28.1138,45.5858],
[28.1211,45.5721],
[28.139,45.5774],
[28.1457,45.5659],
[28.1565,45.5755],
[28.1482,45.562],
[28.1589,45.5609],
[28.1553,45.5545],
[28.1633,45.5461],
[28.1658,45.5252],
[28.1567,45.5245],
[28.1662,45.519],
[28.1539,45.5099],
[28.1639,45.5061],
[28.1864,45.474],
[28.2144,45.4673],
[28.2787,45.4456],
[28.2868,45.4302],
[28.2866,45.3991],
[28.3498,45.3202],
[28.5649,45.2484],
[28.6521,45.2411],
[28.7088,45.2239],
[28.7367,45.2303],
[28.794,45.2447],
[28.7891,45.2593],
[28.7638,45.2634],
[28.7527,45.2785],
[28.7581,45.2902],
[28.7908,45.2918],
[28.805,45.3047],
[28.804,45.3141],
[28.7816,45.3226],
[28.7839,45.3293],
[28.8155,45.3362],
[28.8448,45.3172],
[28.8775,45.3148],
[28.9259,45.2814],
[28.9451,45.2807],
[28.9552,45.2934],
[28.951,45.3112],
[28.9689,45.3317],
[28.9846,45.3313],
[29.083,45.3735],
[29.1742,45.3961],
[29.1856,45.4108],
[29.2483,45.4353],
[29.2883,45.4269],
[29.3271,45.4482],
[29.3537,45.4372],
[29.4276,45.4431],
[29.4756,45.4232],
[29.55,45.4092],
[29.594,45.3885],
[29.6576,45.3322],
[29.6785,45.2684],
[29.664,45.2604],
[29.6598,45.2484],
[29.6709,45.2206],
[29.6892,45.2034],
[29.6913,45.192],
[29.7563,45.1867],
[29.76,45.1861],
[29.8001,45.2012],
[29.8128,45.2229],
[29.7918,45.2641],
[29.8166,45.3248],
[29.8089,45.4052],
[29.8282,45.4238],
[29.8353,45.4431],
[29.8364,45.4601],
[29.8243,45.4809],
[29.8024,45.4923],
[29.7954,45.5126],
[29.7688,45.5282],
[29.7266,45.5273],
[29.7097,45.5187],
[29.7472,45.5471],
[30.0976,45.7478],
[30.201,45.8039],
[30.2757,45.8482],
[30.3947,45.9597],
[30.5171,46.0521],
[30.5574,46.1032],
[30.603,46.1399],
[30.729,46.308],
[30.7547,46.3344],
[30.7971,46.3579],
[30.8248,46.4456],
[30.8158,46.4882],
[30.7914,46.5198],
[30.8571,46.5178],
[30.9431,46.5435],
[31.1725,46.5903],
[31.2299,46.574],
[31.3743,46.5685],
[31.4081,46.5577],
[31.4551,46.5726],
[31.5085,46.5148],
[31.6764,46.4057],
[31.7324,46.3431],
[31.6798,46.2859],
[31.6287,46.281],
[31.5902,46.3073],
[31.5882,46.3675],
[31.5684,46.3954],
[31.5345,46.4048],
[31.5107,46.4028],
[31.4725,46.3801],
[31.4595,46.3284],
[31.4772,46.2841],
[31.5294,46.237],
[31.6096,46.2014],
[31.8454,46.1585],
[32.0124,46.1394],
[32.4801,46.0378],
[32.9149,45.9745],
[33.0323,45.9706],
[33.1096,45.9851],
[33.1283,46.0097],
[33.1271,46.0221],
[33.108,46.0428],
[33.0556,46.0616],
[32.9807,46.073],
[33.0558,46.0764],
[33.0898,46.0958],
[33.1386,46.0875],
[33.1493,46.0478],
[33.1855,46.0303],
[33.2225,46.033],
[33.2503,46.0497],
[33.2856,46.0383],
[33.3408,46.0399],
[33.3882,46.0017],
[33.4254,45.9926],
[33.4586,46.0013],
[33.489,45.9911],
[33.5266,45.9928],
[33.5461,45.9989],
[33.566,46.0182],
[33.578,45.9721],
[33.5647,45.9475],
[33.5804,45.9203],
[33.5623,45.9124],
[33.512,45.912],
[33.476,45.8914],
[33.3939,45.8652],
[33.3223,45.8155],
[33.2425,45.7893],
[33.2284,45.7926],
[33.2259,45.8221],
[33.2063,45.8378],
[33.1772,45.8436],
[33.1451,45.8365],
[33.1207,45.8134],
[33.104,45.7514],
[33.0492,45.7398],
[32.9217,45.6901],
[32.7963,45.623],
[32.7702,45.5974],
[32.5284,45.4972],
[32.4375,45.4254],
[32.4262,45.3949],
[32.432,45.3745],
[32.4446,45.3631],
[32.4441,45.3325],
[32.4615,45.3169],
[32.6163,45.2812],
[32.6831,45.2824],
[32.7713,45.3292],
[32.8914,45.3257],
[32.9331,45.3082],
[33.0278,45.2486],
[33.1143,45.1748],
[33.1609,45.1503],
[33.1951,45.1431],
[33.2246,45.119],
[33.2455,45.111],
[33.2895,45.1098],
[33.3181,45.1193],
[33.3361,45.1352],
[33.4035,45.1533],
[33.4715,45.1095],
[33.5212,45.0552],
[33.549,44.9953],
[33.5446,44.9747],
[33.559,44.905],
[33.5544,44.8778],
[33.5095,44.8607],
[33.4819,44.7987],
[33.4931,44.7208],
[33.4909,44.6699],
[33.4637,44.649],
[33.348,44.6149],
[33.3276,44.5957],
[33.3271,44.5714],
[33.3564,44.5378],
[33.4207,44.5004],
[33.4559,44.4664],
[33.5515,44.4505],
[33.5859,44.4528],
[33.5959,44.4178],
[33.6102,44.4014],
[33.6491,44.3831],
[33.675,44.38],
[33.7174,44.3522],
[33.7774,44.3488],
[33.8563,44.3676],
[33.9737,44.355],
[34.1525,44.3948],
[34.175,44.4098],
[34.2074,44.4626],
[34.2694,44.4709],
[34.3016,44.4876],
[34.3221,44.5117],
[34.3529,44.5109],
[34.3857,44.5221],
[34.3975,44.5342],
[34.4022,44.5608],
[34.4235,44.5809],
[34.4334,44.6104],
[34.464,44.655],
[34.4953,44.6832],
[34.5813,44.7201],
[34.7407,44.7739],
[34.8043,44.7823],
[34.9173,44.7791],
[34.9616,44.8],
[34.9971,44.7942],
[35.0184,44.7706],
[35.0681,44.7567],
[35.1187,44.7663],
[35.1797,44.8115],
[35.1977,44.8694],
[35.267,44.8874],
[35.302,44.9251],
[35.3196,44.929],
[35.3791,44.9101],
[35.4213,44.9218],
[35.4427,44.9486],
[35.4344,44.9741],
[35.4653,44.9891],
[35.4781,45.0124],
[35.4747,45.0275],
[35.4502,45.0488],
[35.4969,45.0752],
[35.5622,45.0918],
[35.6009,45.0902],
[35.7031,45.0596],
[35.7591,45.0242],
[35.769,44.998],
[35.7955,44.9748],
[35.832,44.9607],
[35.9211,44.9799],
[35.9712,44.9763],
[36.0111,44.9908],
[36.0417,45.0129],
[36.2304,44.9907],
[36.2853,45.0178],
[36.3892,45.0238],
[36.4732,45.0561],
[36.5036,45.0859],
[36.5056,45.1087],
[36.4764,45.1405],
[36.4579,45.1864],
[36.4562,45.2062],
[36.4803,45.2417],
[36.4885,45.2607],
[36.5237,45.2257],
[36.5477,45.2154],
[36.5499,45.1781],
[36.5983,45.112],
[36.7193,45.0734],
[36.8082,45.0806],
[36.851,45.0762],
[37.1182,45.0006],
[37.2086,44.9578],
[37.2579,44.9204],
[37.2433,44.8974],
[37.2467,44.8776],
[37.2874,44.8366],
[37.2964,44.806],
[37.3285,44.7728],
[37.3275,44.7447],
[37.4568,44.6611],
[37.5276,44.6409],
[37.6031,44.6285],
[37.6474,44.6304],
[37.6734,44.6187],
[37.7299,44.6113],
[37.8181,44.6298],
[37.8468,44.6507],
[37.8556,44.6464],
[37.8522,44.6237],
[37.8768,44.5912],
[37.9484,44.5417],
[38.0103,44.5238],
[38.0484,44.5039],
[38.0812,44.4771],
[38.1051,44.4387],
[38.1378,44.4191],
[38.1687,44.3873],
[38.2156,44.373],
[38.2681,44.3732],
[38.3588,44.3326],
[38.4595,44.3298],
[38.5512,44.313],
[38.6043,44.2892],
[38.7568,44.2519],
[38.7768,44.2217],
[38.8387,44.1642],
[38.8612,44.1527],
[38.9641,44.1293],
[38.9786,44.1151],
[38.9835,44.0861],
[39.0007,44.0681],
[39.048,44.0575],
[39.1136,43.9936],
[39.2568,43.9153],
[39.2924,43.8744],
[39.3601,43.8293],
[39.4242,43.7613],
[39.5399,43.6792],
[39.569,43.6411],
[39.6491,43.6073],
[39.669,43.5635],
[39.6919,43.5428],
[39.8373,43.4745],
[39.8522,43.4325],
[39.8827,43.3913],
[39.9271,43.3644],
[39.98,43.3485],
[40.0609,43.3395],
[40.1374,43.3045],
[40.2035,43.2874],
[40.2279,43.1764],
[40.238,43.1617],
[40.3112,43.1143],
[40.3521,43.1072],
[40.3929,43.1282],
[40.4593,43.102],
[40.4993,43.1033],
[40.5344,43.0684],
[40.575,43.0525],
[40.643,43.0566],
[40.679,43.0466],
[40.838,43.0377],
[40.933,42.9525],
[40.9682,42.9417],
[41.0157,42.9542],
[41.0328,42.9244],
[41.0578,42.8275],
[41.112,42.7691],
[41.1776,42.7522],
[41.2175,42.762],
[41.3044,42.7355],
[41.3701,42.725],
[41.4075,42.7026],
[41.4591,42.5866],
[41.5033,42.3841],
[41.5256,42.359],
[41.5483,42.3473],
[41.5821,42.2637],
[41.5865,42.2404],
[41.5765,42.2076],
[41.6089,42.1215],
[41.703,41.9997],
[41.7154,41.908],
[41.7244,41.8584],
[41.7193,41.8194],
[41.6723,41.728],
[41.6456,41.6969],
[41.6168,41.6945],
[41.5912,41.6822],
[41.5243,41.6223],
[41.5119,41.5652],
[41.4968,41.5393],
[41.4999,41.5381],
[41.5515,41.5191],
[41.575,41.5187],
[41.5841,41.5087],
[41.6193,41.5013],
[41.6333,41.4869],
[41.6658,41.4826],
[41.7093,41.4963],
[41.7168,41.4902],
[41.7079,41.4742],
[41.7856,41.4614],
[41.7886,41.4504],
[41.8219,41.4324],
[41.8815,41.4604],
[41.9108,41.4991],
[41.9628,41.5247],
[41.9853,41.5217],
[41.9945,41.5045],
[42.0383,41.4939],
[42.0845,41.5104],
[42.1485,41.5058],
[42.1777,41.5149],
[42.1966,41.5066],
[42.2044,41.4911],
[42.2256,41.4988],
[42.2843,41.4929],
[42.3296,41.4676],
[42.3993,41.4667],
[42.4481,41.4385],
[42.4702,41.4356],
[42.4921,41.4453],
[42.5199,41.4366],
[42.5242,41.4444],
[42.5129,41.4724],
[42.5323,41.4913],
[42.5727,41.51],
[42.5642,41.5258],
[42.5808,41.5434],
[42.5762,41.5655],
[42.6009,41.5849],
[42.6981,41.6007],
[42.74,41.5961],
[42.779,41.5769],
[42.7929,41.5886],
[42.8352,41.5851],
[42.8302,41.5592],
[42.8206,41.5561],
[42.8172,41.5396],
[42.7975,41.5177],
[42.8021,41.4954],
[42.851,41.4702],
[42.8756,41.5023],
[42.9008,41.5006],
[42.8992,41.4788],
[42.9678,41.4508],
[42.9672,41.4342],
[42.9895,41.4246],
[42.9875,41.4125],
[43.0038,41.4069],
[43.0187,41.3756],
[43.0315,41.3708],
[43.045,41.3762],
[43.0959,41.3572],
[43.1358,41.3187],
[43.1833,41.3048],
[43.2135,41.3058],
[43.213,41.2895],
[43.1279,41.2532],
[43.152,41.2455],
[43.1944,41.2539],
[43.2373,41.1843],
[43.231,41.1731],
[43.329,41.2008],
[43.3672,41.2034],
[43.4483,41.1761],
[43.4741,41.123],
[43.4474,41.0993],
[43.4714,41.0682],
[43.4684,41.0312],
[43.5783,40.9931],
[43.6715,40.937],
[43.678,40.8449],
[43.7068,40.8206],
[43.7231,40.7923],
[43.7482,40.731],
[43.739,40.7156],
[43.7465,40.7028],
[43.7392,40.6894],
[43.7487,40.6808],
[43.7427,40.6675],
[43.7222,40.6578],
[43.7222,40.6425],
[43.6686,40.5748],
[43.6696,40.5668],
[43.6439,40.5621],
[43.65,40.5313],
[43.6274,40.5373],
[43.6389,40.5249],
[43.6342,40.5189],
[43.6191,40.5251],
[43.6104,40.5136],
[43.5717,40.5041],
[43.5702,40.495],
[43.5574,40.4942],
[43.5579,40.4817],
[43.5421,40.4769],
[43.547,40.4672],
[43.5971,40.4403],
[43.6197,40.4215],
[43.6135,40.4134],
[43.62,40.3978],
[43.5992,40.3717],
[43.5908,40.3451],
[43.6356,40.2938],
[43.6316,40.2829],
[43.6409,40.2724],
[43.6723,40.2653],
[43.6828,40.2573],
[43.6769,40.2481],
[43.6843,40.2402],
[43.677,40.2327],
[43.6837,40.2266],
[43.6531,40.2249],
[43.6959,40.1918],
[43.7157,40.1622],
[43.6619,40.1543],
[43.6506,40.1457],
[43.6487,40.1312],
[43.655,40.1136],
[43.6758,40.107],
[43.6783,40.0961],
[43.6957,40.0956],
[43.7154,40.0804],
[43.7634,40.0843],
[43.7757,40.0753],
[43.8085,40.0618],
[43.8235,40.06],
[43.8253,40.0477],
[43.8699,40.0359],
[43.8994,40.021],
[43.9289,40.0247],
[43.9693,40.0173],
[43.9941,40.0318],
[44.0091,40.0242],
[44.1215,40.0341],
[44.1729,40.0273],
[44.1879,40.0306],
[44.1909,40.0392],
[44.2137,40.0336],
[44.2368,40.0477],
[44.2744,40.0494],
[44.2939,40.0441],
[44.2977,40.0361],
[44.3346,40.0328],
[44.3802,40.0035],
[44.4026,40.0022],
[44.4192,40],
[44.4251,39.9914],
[44.4495,39.9808],
[44.4537,39.9714],
[44.4827,39.9651],
[44.5035,39.9345],
[44.5201,39.9203],
[44.5364,39.9209],
[44.5551,39.9008],
[44.554,39.8809],
[44.592,39.8591],
[44.5957,39.844],
[44.5882,39.8333],
[44.6008,39.822],
[44.6172,39.8282],
[44.6198,39.8214],
[44.6113,39.8159],
[44.629,39.8133],
[44.6564,39.7923],
[44.6774,39.7878],
[44.6816,39.7958],
[44.6917,39.7948],
[44.6966,39.7894],
[44.6867,39.7834],
[44.6873,39.772],
[44.7108,39.77],
[44.7227,39.742],
[44.7427,39.7446],
[44.7476,39.7164],
[44.7566,39.7141],
[44.7639,39.7145],
[44.77,39.7119],
[44.7639,39.703],
[44.7803,39.7009],
[44.7843,39.6858],
[44.8023,39.6833],
[44.7942,39.6704],
[44.8056,39.6731],
[44.7989,39.6579],
[44.8168,39.6557],
[44.8093,39.6274],
[44.8193,39.613],
[44.8552,39.6025],
[44.8755,39.6153],
[44.8811,39.6082],
[44.8739,39.5936],
[44.8911,39.5964],
[44.8954,39.6057],
[44.8996,39.5985],
[44.8883,39.5813],
[44.9155,39.5671],
[44.9068,39.5394],
[44.9186,39.5328],
[44.9096,39.5251],
[44.9365,39.512],
[44.952,39.4916],
[44.9384,39.4887],
[44.9509,39.4841],
[44.9369,39.4809],
[44.9486,39.4716],
[44.9398,39.4599],
[44.9476,39.4516],
[44.9769,39.4494],
[44.9607,39.4419],
[44.9642,39.4221],
[45,39.4114],
[45,68.5997],
[44.5531,68.5997],
[44.0896,68.5822],
[43.892,68.6255],
[43.8151,68.6591],
[43.7252,68.6684],
[43.5106,68.7115],
[43.3108,68.716],
[43.2,68.7029],
[43.1596,68.6845],
[43.1422,68.6552],
[43.1852,68.6032],
[43.2046,68.5905],
[43.3073,68.5556],
[43.4577,68.4873],
[43.8809,68.3641],
[44.0824,68.281],
[44.0884,68.2076],
[44.0648,68.1464],
[44.0593,68.0899],
[44.0216,68.0467],
[44.009,68.0095],
[44.0279,67.9576],
[44.0169,67.9238],
[43.9732,67.8512],
[43.9759,67.8121],
[44.0058,67.7838],
[44.0023,67.761],
[43.9695,67.7196],
[43.9378,67.6962],
[43.9315,67.6642],
[43.9122,67.6336],
[43.8163,67.5477],
[43.7077,67.4108],
[43.6731,67.364],
[43.6616,67.3236],
[43.6358,67.2861],
[43.6327,67.2625],
[43.6452,67.194],
[43.6895,67.1591],
[43.8589,67.1055],
[43.9215,67.103],
[44.0014,67.1123],
[44.0531,67.1041],
[44.0771,67.0848],
[44.1685,67.0427],
[44.2007,67.0063],
[44.2866,66.9619],
[44.3547,66.9114],
[44.3363,66.8792],
[44.3498,66.8453],
[44.2638,66.8176],
[44.2257,66.7835],
[44.2262,66.7584],
[44.2398,66.7361],
[44.2683,66.7046],
[44.3271,66.667],
[44.2911,66.635],
[44.2507,66.5765],
[44.2453,66.5319],
[44.2012,66.5149],
[44.1003,66.4485],
[44.0709,66.3989],
[44.0026,66.3418],
[43.9407,66.2298],
[43.81,66.2484],
[43.7576,66.2935],
[43.6949,66.3285],
[43.6446,66.3452],
[43.4637,66.3754],
[43.4046,66.4261],
[43.3179,66.4583],
[43.1298,66.4684],
[42.839,66.4481],
[42.7522,66.4509],
[42.6621,66.4907],
[42.5103,66.5156],
[42.3884,66.5516],
[42.3208,66.5631],
[42.2301,66.5676],
[42.1018,66.5511],
[41.9747,66.5033],
[41.8465,66.3885],
[41.7412,66.3518],
[41.6993,66.3071],
[41.617,66.2534],
[41.49,66.2057],
[41.4224,66.1587],
[41.2772,66.1138],
[41.0026,66.0624],
[40.7546,66.043],
[40.6428,66.0218],
[40.5313,65.9662],
[40.4367,65.8879],
[40.3085,65.8167],
[40.1471,65.7703],
[40.0428,65.7246],
[39.7959,65.6707],
[39.6755,65.6116],
[39.6268,65.5689],
[39.5871,65.5047],
[39.5693,65.4294],
[39.5852,65.3492],
[39.6055,65.3225],
[39.6568,65.2857],
[39.7194,65.259],
[39.8152,65.1958],
[39.843,65.1674],
[39.9041,65.1288],
[39.9312,65.0861],
[40.0257,65.0315],
[40.0565,64.9648],
[40.0841,64.9345],
[40.0889,64.8971],
[40.1368,64.8433],
[39.9157,64.8132],
[39.8753,64.8016],
[39.8135,64.754],
[39.7714,64.7421],
[39.7328,64.7188],
[39.6616,64.6126],
[39.5902,64.6043],
[39.4503,64.647],
[39.4097,64.6709],
[39.3488,64.6914],
[39.1672,64.7144],
[39.0914,64.7493],
[38.9415,64.788],
[38.7546,64.8016],
[38.6067,64.8215],
[38.4635,64.8819],
[38.4064,64.8968],
[38.1544,64.8995],
[37.9786,64.9306],
[37.8325,64.9853],
[37.8374,65.0061],
[37.8233,65.0376],
[37.7529,65.076],
[37.6014,65.1024],
[37.4462,65.1512],
[37.0776,65.22],
[36.9653,65.2192],
[36.9312,65.2473],
[36.867,65.2626],
[36.7669,65.2602],
[36.6879,65.2334],
[36.665,65.2153],
[36.6604,65.195],
[36.6734,65.1731],
[36.7068,65.1539],
[36.6955,65.1194],
[36.7306,65.082],
[36.7134,65.037],
[36.689,65.0181],
[36.6816,64.9934],
[36.6081,64.9757],
[36.503,64.9875],
[36.396,64.977],
[36.3397,64.9571],
[36.316,64.9301],
[36.3178,64.8926],
[36.3459,64.8408],
[36.3779,64.8167],
[36.3895,64.7964],
[36.3949,64.7595],
[36.4131,64.734],
[36.4095,64.7152],
[36.4261,64.6912],
[36.489,64.667],
[36.6084,64.6683],
[36.6221,64.6613],
[36.6769,64.6018],
[36.7561,64.55],
[36.8048,64.5036],
[36.9716,64.4044],
[37.0326,64.3579],
[37.1743,64.3158],
[37.3216,64.288],
[37.261,64.2704],
[37.2333,64.2409],
[37.2438,64.2082],
[37.2908,64.1837],
[37.3911,64.1718],
[37.4377,64.178],
[37.4823,64.1957],
[37.5034,64.2255],
[37.4885,64.2516],
[37.4368,64.2782],
[37.3724,64.29],
[37.4952,64.3251],
[37.5615,64.3076],
[37.6239,64.3024],
[37.6701,64.3064],
[37.718,64.3214],
[37.7948,64.3026],
[37.8256,64.2749],
[37.7816,64.2474],
[37.7696,64.22],
[37.7729,64.1949],
[37.8209,64.1374],
[37.8824,64.1111],
[37.9144,64.0752],
[37.9191,64.0662],
[37.9122,64.0566],
[37.8786,64.0795],
[37.8255,64.0935],
[37.7636,64.0946],
[37.706,64.0824],
[37.6666,64.0562],
[37.664,64.0291],
[37.6866,64.0053],
[37.7557,63.9746],
[37.7647,63.955],
[37.6851,63.9529],
[37.5709,63.9308],
[37.5152,63.8915],
[37.5099,63.8753],
[37.5173,63.8566],
[37.5088,63.8525],
[37.46,63.8427],
[37.3859,63.8492],
[37.4183,63.8764],
[37.4201,63.8927],
[37.4116,63.9079],
[37.3653,63.9329],
[37.3059,63.9419],
[37.2913,63.9709],
[37.2515,63.9903],
[37.2701,64.0037],
[37.28,64.0246],
[37.2579,64.0585],
[37.3086,64.0775],
[37.3291,64.1023],
[37.3323,64.1416],
[37.3067,64.1654],
[37.2323,64.1948],
[37.1887,64.2029],
[37.1268,64.204],
[37.0726,64.1925],
[37.0348,64.1721],
[37.0211,64.1517],
[37.0304,64.1257],
[37.0967,64.0799],
[37.0575,64.0671],
[37.0245,64.0937],
[36.9699,64.1078],
[36.9727,64.1441],
[36.9642,64.159],
[36.9273,64.1856],
[36.8731,64.1996],
[36.8631,64.2206],
[36.8272,64.2507],
[36.6414,64.3063],
[36.6266,64.3167],
[36.6218,64.336],
[36.606,64.3505],
[36.5363,64.3795],
[36.4309,64.3944],
[36.334,64.3783],
[36.3142,64.3851],
[36.3095,64.4051],
[36.2867,64.4237],
[36.2142,64.4425],
[36.0951,64.4457],
[36.0272,64.4333],
[35.9506,64.45],
[35.888,64.4485],
[35.8154,64.4618],
[35.7155,64.4616],
[35.6888,64.4791],
[35.7375,64.5078],
[35.7438,64.5342],
[35.7382,64.5505],
[35.8116,64.5726],
[35.8302,64.592],
[35.832,64.6079],
[35.8172,64.6293],
[35.7737,64.659],
[35.6247,64.736],
[35.5561,64.7451],
[35.4552,64.7358],
[35.3873,64.7053],
[35.362,64.6809],
[35.3656,64.6551],
[35.389,64.6368],
[35.427,64.6237],
[35.4892,64.6166],
[35.5479,64.5788],
[35.5141,64.5638],
[35.496,64.5444],
[35.4955,64.5121],
[35.5288,64.4855],
[35.4956,64.4709],
[35.4321,64.4614],
[35.4023,64.4827],
[35.3502,64.4963],
[35.3612,64.5178],
[35.352,64.5384],
[35.2895,64.5674],
[35.2041,64.5727],
[35.1317,64.5532],
[35.0659,64.5655],
[35.1972,64.6398],
[35.2058,64.6725],
[35.1761,64.7019],
[35.2234,64.7274],
[35.2326,64.7539],
[35.3151,64.7625],
[35.3496,64.7772],
[35.3683,64.7964],
[35.3638,64.8275],
[35.3331,64.8495],
[35.28,64.8631],
[35.2217,64.8653],
[35.3581,64.8998],
[35.4179,64.8906],
[35.4759,64.8943],
[35.5167,64.9057],
[35.5439,64.9226],
[35.619,64.9034],
[35.8022,64.9042],
[35.968,64.952],
[36.0748,64.9689],
[36.1093,64.9835],
[36.1414,65.012],
[36.146,65.0327],
[36.1403,65.0545],
[36.1185,65.0757],
[36.2513,65.0912],
[36.3396,65.1128],
[36.3864,65.1374],
[36.3956,65.1525],
[36.3933,65.1739],
[36.3677,65.1968],
[36.3194,65.212],
[36.2499,65.2182],
[36.1262,65.2131],
[36.0772,65.2344],
[36.0042,65.2453],
[35.9223,65.2394],
[35.8442,65.2198],
[35.7616,65.2285],
[35.6468,65.22],
[35.5201,65.1993],
[35.4437,65.1812],
[35.3965,65.1537],
[35.3754,65.1211],
[35.381,65.0896],
[35.4432,65.0343],
[35.3733,65.0222],
[35.3329,64.9951],
[35.2581,65.0148],
[35.184,65.0178],
[35.1656,65.025],
[35.1667,65.0387],
[35.1443,65.0871],
[35.0879,65.115],
[35.0311,65.1237],
[34.9162,65.1198],
[34.9289,65.1424],
[34.9175,65.1679],
[34.8756,65.1904],
[34.8031,65.2492],
[34.7426,65.2814],
[34.6894,65.2948],
[34.7015,65.3168],
[34.6885,65.3401],
[34.741,65.3576],
[34.8089,65.4033],
[34.8216,65.4315],
[34.8132,65.4537],
[34.8491,65.4892],
[34.9045,65.5172],
[34.9186,65.5629],
[34.9796,65.5652],
[35.0341,65.5797],
[35.0662,65.6038],
[35.068,65.6276],
[35.1083,65.6422],
[35.1467,65.6688],
[35.1551,65.6848],
[35.1541,65.7094],
[35.1747,65.7242],
[35.1841,65.7482],
[35.1806,65.7645],
[35.1615,65.7838],
[35.1752,65.8081],
[35.1681,65.8293],
[35.1327,65.8515],
[34.9815,65.8975],
[34.9695,65.9184],
[34.9389,65.9357],
[34.8485,65.9502],
[34.8365,65.9894],
[34.8215,66.0044],
[34.7401,66.0377],
[34.7198,66.0625],
[34.6266,66.1095],
[34.488,66.1532],
[34.3462,66.2125],
[34.2756,66.2308],
[34.1976,66.2683],
[34.1212,66.2836],
[34.0995,66.3023],
[34.0592,66.3168],
[34.0347,66.3411],
[34.0048,66.3529],
[33.9891,66.3846],
[34.0082,66.4013],
[34.0111,66.4222],
[33.9936,66.442],
[33.9647,66.4569],
[33.8821,66.485],
[33.7597,66.4869],
[33.7256,66.5073],
[33.6767,66.5188],
[33.6513,66.5449],
[33.7329,66.5422],
[33.7996,66.5575],
[33.8223,66.5706],
[33.8357,66.5907],
[33.8322,66.6064],
[33.8164,66.6219],
[33.9221,66.6221],
[34.006,66.6322],
[34.1774,66.611],
[34.1957,66.5908],
[34.257,66.5682],
[34.3586,66.5066],
[34.4414,66.4881],
[34.5903,66.4904],
[34.7229,66.5116],
[34.8049,66.5441],
[34.8384,66.5422],
[35.095,66.4362],
[35.2101,66.4165],
[35.2329,66.3984],
[35.2898,66.3751],
[35.5229,66.331],
[35.6929,66.3188],
[35.7898,66.3024],
[35.9063,66.2994],
[35.9664,66.2855],
[36.0759,66.2782],
[36.5037,66.2239],
[36.7528,66.2309],
[37.0521,66.1955],
[37.2909,66.1541],
[37.4456,66.1131],
[37.498,66.0902],
[37.7075,66.0513],
[37.9791,66.0276],
[38.1193,66.0247],
[38.2633,66.0035],
[38.7366,66.0116],
[38.8056,66.0195],
[38.9445,66.0541],
[39.1524,66.0525],
[39.2653,66.0849],
[39.4658,66.1151],
[39.5184,66.1322],
[39.8026,66.162],
[39.9184,66.1883],
[40.063,66.209],
[40.1174,66.2253],
[40.2554,66.2938],
[40.3487,66.3255],
[40.4669,66.3417],
[40.591,66.3843],
[40.6825,66.4279],
[40.7731,66.4446],
[40.8287,66.4826],
[40.8328,66.4977],
[40.824,66.5273],
[40.8361,66.5477],
[40.8875,66.5648],
[40.9865,66.6219],
[41.054,66.6438],
[41.1407,66.6928],
[41.207,66.715],
[41.2457,66.749],
[41.2946,66.7721],
[41.3578,66.817],
[41.3776,66.846],
[41.3823,66.8771],
[41.4247,66.9451],
[41.4695,66.9682],
[41.5012,67.0057],
[41.5074,67.0349],
[41.4829,67.0606],
[41.5259,67.0853],
[41.5389,67.1132],
[41.5202,67.138],
[41.4737,67.16],
[41.4938,67.1836],
[41.494,67.1991],
[41.4836,67.219],
[41.4517,67.2417],
[41.3567,67.267],
[41.2887,67.271],
[41.2317,67.2647],
[41.2231,67.2717],
[41.2494,67.3289],
[41.255,67.4073],
[41.2275,67.45],
[41.1802,67.4808],
[41.1428,67.4941],
[41.1444,67.5212],
[41.128,67.551],
[41.1739,67.6074],
[41.1769,67.6316],
[41.154,67.6702],
[41.099,67.7258],
[40.9863,67.7699],
[40.9136,67.7812],
[40.856,67.7797],
[40.8207,67.7931],
[40.8029,67.8133],
[40.7611,67.8337],
[40.6717,67.8506],
[40.6042,67.8757],
[40.5228,67.8855],
[40.4686,67.9192],
[40.3914,67.949],
[40.2309,67.9844],
[40.1848,68.0147],
[40.108,68.0381],
[40.0778,68.0574],
[40.0627,68.0868],
[40.0377,68.1111],
[39.9714,68.1527],
[39.8484,68.1952],
[39.738,68.2087],
[39.6443,68.1943],
[39.6137,68.1785],
[39.6017,68.1596],
[39.6275,68.1156],
[39.4622,68.1485],
[39.3372,68.1966],
[39.2876,68.2258],
[39.2312,68.2412],
[39.1665,68.2477],
[39.1259,68.2624],
[39.1145,68.2671],
[39.0981,68.2941],
[39.0675,68.3098],
[38.9497,68.3459],
[38.8497,68.3606],
[38.7358,68.4171],
[38.4565,68.451],
[38.2889,68.5114],
[38.2141,68.5298],
[38.1928,68.5498],
[38.1418,68.5697],
[38.0864,68.6096],
[37.9598,68.6509],
[37.9202,68.6789],
[37.9222,68.7006],
[37.8931,68.7246],
[37.8074,68.7496],
[37.6922,68.7558],
[37.6785,68.762],
[37.6701,68.7875],
[37.6276,68.8094],
[37.4167,68.8628],
[37.2921,68.8757],
[37.1846,68.9004],
[36.9324,68.9688],
[36.8332,69.01],
[36.558,69.0751],
[36.5383,69.0927],
[36.4981,69.1077],
[36.3219,69.151],
[36.1023,69.1876],
[36.0338,69.2211],
[35.9253,69.2478],
[35.8119,69.2606],
[35.7049,69.2556],
[35.2499,69.3073],
[35.0843,69.3006],
[35.0388,69.2878],
[35.0077,69.2658],
[34.9588,69.2724],
[34.9206,69.2903],
[34.8698,69.3004],
[34.6891,69.3171],
[34.5498,69.3128],
[34.5544,69.3301],
[34.5441,69.3482],
[34.4972,69.3743],
[34.2749,69.4224],
[34.1227,69.4379],
[34.0418,69.4378],
[33.9588,69.4265],
[33.868,69.3977],
[33.82,69.3619],
[33.6222,69.3569],
[33.6186,69.364],
[33.6376,69.3878],
[33.6281,69.419],
[33.5207,69.4626],
[33.3228,69.4806],
[33.2494,69.4773],
[33.023,69.5149],
[32.9047,69.5214],
[33.0654,69.5501],
[33.1227,69.5858],
[33.2122,69.6182],
[33.2373,69.6415],
[33.2394,69.6605],
[33.2664,69.6932],
[33.2724,69.7254],
[33.2336,69.7569],
[33.1577,69.7893],
[33.0689,69.7985],
[32.9571,69.8246],
[32.8113,69.8321],
[32.6553,69.8522],
[32.6102,69.8733],
[32.5293,69.8876],
[32.4147,69.9239],
[32.3385,69.9364],
[32.1388,70.0021],
[31.9372,70.0098],
[31.8564,70.005],
[31.8053,69.9926],
[31.7711,69.9738],
[31.7265,69.9192],
[31.716,69.8924],
[31.5855,69.9069],
[31.4377,69.8899],
[31.3983,69.8722],
[31.384,69.8567],
[31.3832,69.8405],
[31.4014,69.7929],
[31.4114,69.789],
[31.6221,69.707],
[31.8176,69.6478],
[31.8501,69.5925],
[29.3271,68.0745],
[29.6594,67.803],
[30.017,67.6736],
[29.9302,67.5225],
[29.8401,67.4792],
[29.7148,67.3982],
[29.7161,67.3926],
[29.6578,67.3704],
[29.6456,67.3547],
[29.6217,67.3516],
[29.6166,67.3452],
[29.6456,67.3405],
[29.6329,67.3329],
[29.6116,67.3264],
[29.5843,67.3308],
[29.5659,67.3225],
[29.5802,67.3158],
[29.571,67.3108],
[29.5226,67.3099],
[29.5045,67.2856],
[29.5165,67.2807],
[29.0729,66.9959],
[29.041,66.9615],
[29.0332,66.9255],
[29.0413,66.9034],
[29.0605,66.8531],
[29.119,66.8015],
[29.1036,66.7957],
[29.1059,66.7904],
[29.1494,66.7804],
[29.3232,66.6621],
[29.3612,66.6388],
[29.36,66.6239],
[29.3861,66.6075],
[29.3762,66.6038],
[29.3826,66.5984],
[29.4183,66.5925],
[29.4106,66.5832],
[29.4721,66.5439],
[29.6314,66.3663],
[29.6968,66.2772],
[29.7068,66.2741],
[29.6949,66.2704],
[29.747,66.2434],
[29.9233,66.1271],
[29.971,66.0462],
[29.9811,66.044],
[29.9736,66.0408],
[29.9926,66.0224],
[29.9971,65.9788],
[30.0242,65.9667],
[30.0871,65.8506],
[30.1385,65.6687],
[30.0171,65.6965],
[29.7219,65.6371],
[29.754,65.6094],
[29.8639,65.5604],
[29.7547,65.4974],
[29.749,65.4826],
[29.733,65.4725],
[29.7274,65.4003],
[29.7314,65.374],
[29.7466,65.3474],
[29.6461,65.2891],
[29.6093,65.2758],
[29.6018,65.2599],
[29.634,65.2316],
[29.7641,65.2289],
[29.8857,65.2063],
[29.8936,65.193],
[29.8193,65.1443],
[29.8502,65.1285],
[29.8647,65.1317],
[29.8528,65.1272],
[29.8969,65.1051],
[29.8309,65.0919],
[29.7327,65.0913],
[29.627,65.0606],
[29.6144,65.0128],
[29.5993,64.9951],
[29.6192,64.9597],
[29.611,64.9273],
[29.6449,64.8665],
[29.6997,64.8372],
[29.6875,64.8188],
[29.7396,64.7898],
[30.0429,64.7929],
[30.0865,64.774],
[30.0911,64.765],
[30.0414,64.7412],
[30.0537,64.713],
[30.1358,64.649],
[30.1301,64.6347],
[30.119,64.6259],
[30.0543,64.6153],
[29.9894,64.5876],
[29.9974,64.5773],
[29.987,64.5339],
[30.0146,64.5043],
[30.0297,64.5006],
[30.0244,64.483],
[30.0459,64.4721],
[30.0583,64.4509],
[30.0501,64.4416],
[30.0572,64.4342],
[30.0449,64.402],
[30.1099,64.365],
[30.2102,64.3505],
[30.3669,64.2997],
[30.3608,64.2813],
[30.3883,64.2691],
[30.4824,64.2623],
[30.5096,64.2217],
[30.4664,64.2044],
[30.5159,64.155],
[30.5534,64.1322],
[30.5536,64.1017],
[30.528,64.0489],
[30.4919,64.017],
[30.447,63.9828],
[30.3209,63.9095],
[30.2604,63.822],
[30.1719,63.8052],
[29.9723,63.7573],
[30.0648,63.708],
[30.0605,63.7038],
[30.073,63.6947],
[30.2442,63.6073],
[30.2582,63.5839],
[30.3845,63.5455],
[30.484,63.4667],
[30.7877,63.4053],
[30.8501,63.3685],
[30.9344,63.3555],
[30.944,63.3367],
[30.9792,63.3078],
[31.0207,63.3032],
[31.1018,63.2709],
[31.1375,63.2652],
[31.1646,63.2441],
[31.2397,63.2189],
[31.2382,63.1951],
[31.2548,63.1787],
[31.2553,63.1462],
[31.2654,63.1152],
[31.2779,63.1035],
[31.3609,63.0722],
[31.3873,63.0493],
[31.425,63.0433],
[31.463,63.0242],
[31.4488,63.0061],
[31.5021,62.9963],
[31.5867,62.9087],
[31.4556,62.7968],
[31.4667,62.7839],
[31.4392,62.7849],
[31.3803,62.6899],
[31.3853,62.675],
[31.376,62.6714],
[31.3733,62.6498],
[31.3458,62.6434],
[31.2216,62.4986],
[31.1849,62.4938],
[31.1862,62.4876],
[31.1733,62.4819],
[31.1628,62.4461],
[31.1381,62.4422],
[30.9427,62.3332],
[30.9621,62.3277],
[30.9432,62.3058],
[30.9042,62.3105],
[30.8108,62.2707],
[30.8087,62.261],
[30.7203,62.2089],
[30.657,62.2089],
[30.6287,62.1888],
[30.6358,62.1737],
[30.6029,62.1418],
[30.4438,62.0326],
[30.3517,61.98],
[30.3059,61.9645],
[30.3128,61.945],
[30.3007,61.935],
[30.2742,61.9336],
[30.2114,61.8927],
[30.1941,61.8913],
[30.1962,61.8822],
[30.1439,61.8523],
[30.0713,61.8189],
[30.0381,61.7654],
[29.8681,61.6821],
[29.8616,61.6706],
[29.8455,61.6706],
[29.8187,61.6552],
[29.8103,61.6356],
[29.7546,61.6031],
[29.7405,61.5758],
[29.6432,61.5261],
[29.6452,61.5202],
[29.5917,61.4956],
[29.4962,61.4919],
[29.5031,61.4613],
[29.4009,61.3973],
[29.3222,61.3475],
[29.3061,61.3292],
[29.2413,61.2761],
[29.2448,61.2707],
[28.9857,61.1738],
[28.9569,61.1516],
[28.8835,61.1423],
[28.8191,61.1216],
[28.8043,61.0934],
[28.7138,61.0445],
[28.684,60.9789],
[28.655,60.9495],
[28.5246,60.9571],
[28.4842,60.9257],
[28.4654,60.9233],
[28.3358,60.8542],
[28.3243,60.8579],
[28.3119,60.8413],
[28.2205,60.7828],
[28.1743,60.7786],
[28.1355,60.7409],
[27.9914,60.669],
[27.8385,60.5785],
[27.8475,60.5614],
[27.7951,60.5448],
[27.7744,60.5336],
[27.7766,60.5077],
[27.7683,60.5039],
[27.7565,60.4718],
[27.7483,60.4692],
[27.748,60.4512],
[27.8204,60.3896],
[27.8685,60.3621],
[27.9125,60.3526],
[27.9696,60.3561],
[28.0425,60.381],
[28.0926,60.3595],
[28.1587,60.3556],
[28.2215,60.3774],
[28.2354,60.3952],
[28.2445,60.4303],
[28.3319,60.397],
[28.3182,60.3717],
[28.3197,60.352],
[28.3769,60.3031],
[28.4521,60.2611],
[28.586,60.2196],
[28.7015,60.2122],
[28.7554,60.224],
[28.7919,60.2411],
[28.8741,60.2172],
[28.9155,60.1704],
[28.9527,60.1475],
[29.1272,60.113],
[29.4631,60.1123],
[29.5932,60.1463],
[29.7735,60.1341],
[29.6876,60.1121],
[29.6203,60.0817],
[29.5533,60.0622],
[29.5335,60.0397],
[29.5328,60.0118],
[29.4738,60.0091],
[29.3925,60.0247],
[29.2246,60.0412],
[29.0828,60.0325],
[29.0514,60.0213],
[29.0203,59.9961],
[28.979,59.9823],
[28.9546,59.9574],
[28.905,59.9303],
[28.8995,59.9123],
[28.9067,59.8921],
[28.9527,59.8548],
[28.8728,59.8548],
[28.7459,59.8381],
[28.6354,59.869],
[28.5948,59.8879],
[28.551,59.896],
[28.506,59.894],
[28.437,59.8727],
[28.3867,59.8467],
[28.3265,59.7562],
[28.2514,59.81],
[28.1292,59.8613],
[28.0662,59.8649],
[28.0065,59.8456],
[27.9829,59.8181],
[27.9824,59.7926],
[27.9396,59.7664],
[27.9309,59.7382],
[27.9033,59.7099],
[27.9004,59.6959],
[27.9084,59.6781],
[27.8963,59.6564],
[27.9015,59.6387],
[27.9204,59.6227],
[27.9991,59.5933],
[27.9966,59.5471],
[27.9492,59.4906],
[27.9053,59.4529],
[27.8218,59.4454],
[27.7545,59.4654],
[27.6189,59.4632],
[27.4053,59.4939],
[27.3346,59.4957],
[27.1272,59.481],
[26.9762,59.4834],
[26.8634,59.5252],
[26.7903,59.5641],
[26.5963,59.6098],
[26.6251,59.6433],
[26.6261,59.6658],
[26.5828,59.7058],
[26.5407,59.7222],
[26.4767,59.7228],
[26.4234,59.6988],
[26.4144,59.6807],
[26.417,59.6672],
[26.4603,59.6279],
[26.4764,59.6021],
[26.4217,59.5985],
[26.3965,59.5991],
[26.2912,59.6318],
[26.174,59.6306],
[26.1199,59.663],
[26.0811,59.6741],
[25.9744,59.6816],
[25.9172,59.6771],
[25.8562,59.7212],
[25.7883,59.734],
[25.7159,59.7148],
[25.6519,59.7117],
[25.5732,59.6809],
[25.5208,59.6963],
[25.4652,59.6954],
[25.4271,59.6827],
[25.3948,59.6549],
[25.3368,59.6706],
[25.2812,59.6698],
[25.243,59.657],
[25.2162,59.6315],
[25.1707,59.6297],
[25.0657,59.6754],
[24.9753,59.6938],
[24.9302,59.6896],
[24.8896,59.6713],
[24.8763,59.6492],
[24.8775,59.6109],
[24.8062,59.6345],
[24.7439,59.6369],
[24.7011,59.6306],
[24.6234,59.5993],
[24.5963,59.6309],
[24.5625,59.6455],
[24.5166,59.6505],
[24.4643,59.643],
[24.4291,59.6285],
[24.3827,59.5847],
[24.3807,59.5661],
[24.4047,59.5267],
[24.3412,59.5224],
[24.286,59.5038],
[24.2646,59.4892],
[24.2464,59.461],
[24.1502,59.4464],
[24.1093,59.4309],
[24.0247,59.4352],
[23.9555,59.4089],
[23.8112,59.3891],
[23.7708,59.3645],
[23.7682,59.3311],
[23.6602,59.3036],
[23.5634,59.2688],
[23.5227,59.2757],
[23.512,59.3],
[23.4843,59.3211],
[23.4041,59.3494],
[23.3228,59.3465],
[23.2744,59.3197],
[23.2715,59.2919],
[23.2983,59.2652],
[23.3587,59.2354],
[23.4006,59.224],
[23.3899,59.1813],
[23.4073,59.1519],
[23.4337,59.1306],
[23.3512,59.1021],
[23.1324,59.0925],
[23.0704,59.0737],
[23.0182,59.0373],
[22.9265,59.0335],
[22.861,59.0473],
[22.7813,59.0495],
[22.7854,59.0863],
[22.7584,59.1107],
[22.7046,59.128],
[22.5947,59.1406],
[22.5258,59.1283],
[22.5009,59.1094],
[22.4867,59.0759],
[22.4213,59.0619],
[22.3846,59.0423],
[22.2943,58.9974],
[22.2034,58.9832],
[22.0736,58.9955],
[22.0283,58.9912],
[21.9775,58.9717],
[21.9556,58.9506],
[21.9501,58.9317],
[21.9588,58.9087],
[21.978,58.8923],
[22.1207,58.843],
[22.2193,58.8309],
[22.3519,58.8402],
[22.3415,58.8067],
[22.3774,58.7606],
[22.375,58.7102],
[22.397,58.6825],
[22.4388,58.6575],
[22.4234,58.6282],
[22.25,58.6161],
[22.2024,58.5955],
[22.1446,58.5826],
[22.1053,58.5458],
[22.0763,58.5359],
[22.018,58.5547],
[21.9205,58.5672],
[21.7915,58.5431],
[21.7587,58.5262],
[21.7453,58.5033],
[21.7472,58.47],
[21.7749,58.4431],
[21.7312,58.4109],
[21.7166,58.3817],
[21.6801,58.3548],
[21.6704,58.3265],
[21.6791,58.3034],
[21.8496,58.2006],
[21.9578,58.1787],
[21.9843,58.1539],
[22.033,58.1274],
[21.9927,58.0975],
[21.9695,58.0551],
[21.9084,58.0058],
[21.8877,57.978],
[21.894,57.938],
[21.9534,57.8826],
[21.9744,57.8633],
[22.0034,57.852],
[22.0825,57.8518],
[22.1176,57.8667],
[22.1411,57.8911],
[22.2755,57.9539],
[22.2946,57.9805],
[22.2852,58.0085],
[22.3081,58.0285],
[22.3375,58.083],
[22.3407,58.1371],
[22.4513,58.0733],
[22.5588,58.0455],
[22.611,58.0522],
[22.6477,58.073],
[22.6574,58.0962],
[22.6411,58.1237],
[22.6674,58.1689],
[22.7185,58.1259],
[22.7539,58.1105],
[22.8176,58.1041],
[22.8683,58.1134],
[22.901,58.1359],
[22.9048,58.1642],
[22.8829,58.1876],
[22.833,58.2114],
[22.8793,58.2279],
[22.9138,58.2504],
[22.9855,58.2514],
[23.0272,58.2602],
[23.0599,58.2827],
[23.0662,58.3091],
[23.15,58.3401],
[23.1756,58.3668],
[23.2212,58.3759],
[23.3055,58.3686],
[23.3626,58.3823],
[23.3913,58.4001],
[23.4145,58.4437],
[23.4514,58.4617],
[23.4728,58.4908],
[23.5068,58.4992],
[23.5493,58.4922],
[23.5387,58.4651],
[23.5481,58.4342],
[23.5772,58.4069],
[23.6126,58.391],
[23.6726,58.3159],
[23.729,58.2902],
[23.8222,58.2856],
[23.9014,58.2574],
[23.833,58.2304],
[23.8173,58.2131],
[23.8153,58.1933],
[23.8383,58.1665],
[23.834,58.1409],
[23.8564,58.1145],
[23.8695,58.0825],
[23.9133,58.0587],
[23.9643,58.049],
[24.033,58.0575],
[24.0684,58.0725],
[24.0997,58.1014],
[24.1165,58.1547],
[24.1978,58.1751],
[24.2244,58.1946],
[24.2459,58.2256],
[24.3032,58.2282],
[24.376,58.2486],
[24.3577,58.1773],
[24.3755,58.1446],
[24.3659,58.0975],
[24.3806,58.0712],
[24.3125,57.9838],
[24.2783,57.9096],
[24.2382,57.8416],
[24.2398,57.8122],
[24.2534,57.7811],
[24.2451,57.6998],
[24.2706,57.6609],
[24.28,57.6189],
[24.2657,57.5494],
[24.2849,57.51],
[24.2842,57.4647],
[24.3141,57.3588],
[24.3062,57.3227],
[24.3205,57.2784],
[24.2685,57.2266],
[24.193,57.1951],
[24.1264,57.1526],
[24.0603,57.1271],
[23.9636,57.1057],
[23.9341,57.0887],
[23.9111,57.0637],
[23.7437,57.0232],
[23.657,57.0149],
[23.6034,57.0209],
[23.5774,57.061],
[23.5453,57.0794],
[23.4049,57.0908],
[23.3535,57.1078],
[23.3271,57.1277],
[23.324,57.1749],
[23.2705,57.245],
[23.2711,57.2783],
[23.2088,57.3851],
[23.1664,57.4082],
[23.0832,57.4219],
[23.0079,57.4482],
[22.9532,57.4924],
[22.8681,57.5426],
[22.731,57.5971],
[22.6886,57.6308],
[22.6654,57.6668],
[22.6644,57.6983],
[22.6917,57.7466],
[22.6933,57.7651],
[22.669,57.7919],
[22.6245,57.8061],
[22.5591,57.8049],
[22.4486,57.7838],
[21.9935,57.6545],
[21.785,57.6406],
[21.6837,57.6235],
[21.6378,57.6013],
[21.6097,57.5764],
[21.5128,57.4565],
[21.4483,57.4293],
[21.428,57.3897],
[21.3446,57.3192],
[21.3273,57.272],
[21.3304,57.0811],
[21.2928,57.0243],
[21.2561,57.0034],
[21.1921,56.9621],
[21.0549,56.903],
[20.9841,56.8638],
[20.9648,56.8332],
[20.969,56.7307],
[20.9668,56.6968],
[20.9493,56.6432],
[20.9151,56.5777],
[20.9004,56.5276],
[20.9119,56.4519],
[20.8851,56.3376]
]
],
[
[
[23.1164,57.8064],
[23.1274,57.7752],
[23.1513,57.7545],
[23.2461,57.7316],
[23.2927,57.7327],
[23.333,57.7433],
[23.3599,57.7633],
[23.3698,57.7894],
[23.3613,57.8188],
[23.3354,57.8428],
[23.2882,57.867],
[23.2458,57.8747],
[23.1946,57.8711],
[23.1567,57.8583],
[23.129,57.8357],
[23.1164,57.8064]
]
],
[
[
[26.7604,59.9477],
[26.7693,59.9235],
[26.8027,59.8999],
[26.8784,59.8734],
[26.8077,59.8392],
[26.7968,59.8181],
[26.804,59.7916],
[26.8234,59.7748],
[26.8582,59.7609],
[26.9632,59.7483],
[27.03,59.7674],
[27.0473,59.7847],
[27.0514,59.8091],
[26.9907,59.8544],
[26.9172,59.8744],
[26.9833,59.9129],
[26.99,59.932],
[26.9804,59.9612],
[27.0597,59.9692],
[27.1141,59.9957],
[27.1298,60.0189],
[27.1248,60.0467],
[27.0579,60.1225],
[27.0116,60.1477],
[26.9347,60.1542],
[26.8627,60.128],
[26.8482,60.115],
[26.8419,60.0962],
[26.8836,59.999],
[26.7955,59.9841],
[26.7713,59.9683],
[26.7604,59.9477]
]
],
[
[
[27.0762,59.8604],
[27.0779,59.8264],
[27.1397,59.7914],
[27.2143,59.785],
[27.2959,59.8095],
[27.3215,59.8303],
[27.3282,59.8494],
[27.3147,59.8773],
[27.2714,59.9029],
[27.2255,59.9155],
[27.1739,59.9159],
[27.1304,59.907],
[27.0886,59.8842],
[27.0762,59.8604]
]
],
[
[
[27.6083,59.7938],
[27.6218,59.765],
[27.6726,59.7433],
[27.7393,59.7426],
[27.7873,59.7596],
[27.8067,59.7817],
[27.8035,59.8058],
[27.7783,59.8263],
[27.7449,59.8373],
[27.6583,59.8341],
[27.6229,59.8168],
[27.6083,59.7938]
]
],
[
[
[27.6952,59.9971],
[27.7043,59.9778],
[27.7618,59.9308],
[27.8036,59.9191],
[27.8514,59.9185],
[27.9449,59.9406],
[27.9951,59.9719],
[28.0591,59.9674],
[28.1259,59.9799],
[28.1576,60.0071],
[28.1593,60.0246],
[28.1505,60.0402],
[28.1229,60.057],
[28.0342,60.085],
[27.975,60.0854],
[27.9172,60.0685],
[27.8606,60.0853],
[27.7975,60.0873],
[27.7551,60.0764],
[27.7112,60.0497],
[27.6979,60.0318],
[27.6952,59.9971]
]
],
[
[
[27.8541,60.242],
[27.8631,60.2229],
[27.8855,60.2075],
[27.9558,60.1943],
[28.0283,60.2096],
[28.0497,60.2261],
[28.0571,60.2438],
[28.0527,60.2627],
[28.0277,60.2828],
[27.9521,60.2976],
[27.8825,60.2822],
[27.8617,60.2655],
[27.8541,60.242]
]
],
[
[
[28.2024,60.0114],
[28.2184,59.9886],
[28.2574,59.971],
[28.3563,59.949],
[28.4393,59.9562],
[28.4865,59.9808],
[28.5016,60.0035],
[28.4775,60.0556],
[28.4029,60.0848],
[28.2666,60.0772],
[28.2291,60.0624],
[28.2096,60.0418],
[28.2024,60.0114]
]
],
[
[
[35.4548,64.83],
[35.4657,64.8023],
[35.5128,64.7783],
[35.5922,64.7692],
[35.6625,64.7754],
[35.7071,64.7927],
[35.7282,64.8218],
[35.7133,64.8474],
[35.6727,64.8664],
[35.592,64.8781],
[35.5307,64.8743],
[35.4744,64.8543],
[35.4548,64.83]
]
],
[
[
[42.3012,66.7645],
[42.3032,66.7294],
[42.3366,66.7043],
[42.4456,66.6541],
[42.5436,66.6304],
[42.6322,66.6122],
[42.7331,66.6194],
[42.7906,66.6464],
[42.812,66.6785],
[42.8123,66.6942],
[42.7874,66.7442],
[42.7331,66.785],
[42.5666,66.8279],
[42.4636,66.8305],
[42.392,66.8187],
[42.3322,66.7929],
[42.3012,66.7645]
]
],
[
[
[73,37.2978],
[73.0384,37.3051],
[73.0942,37.3248],
[73.1075,37.3407],
[73.1019,37.3443],
[73.1069,37.3627],
[73.1319,37.371],
[73.1496,37.4043],
[73.2177,37.4071],
[73.3016,37.4623],
[73.3643,37.462],
[73.3653,37.4468],
[73.372,37.444],
[73.4281,37.4689],
[73.5125,37.4745],
[73.5683,37.4525],
[73.6404,37.4335],
[73.7196,37.447],
[73.7759,37.4401],
[73.7746,37.3392],
[73.7051,37.3068],
[73.6542,37.3131],
[73.651,37.2843],
[73.6171,37.2705],
[73.6539,37.2367],
[73.6873,37.2539],
[73.7585,37.2218],
[73.7813,37.239],
[73.8288,37.2267],
[73.852,37.2576],
[73.9073,37.2826],
[73.9531,37.2749],
[73.9645,37.2986],
[74.015,37.2909],
[74.0259,37.3065],
[74.0623,37.3103],
[74.0668,37.3262],
[74.1,37.3179],
[74.1541,37.3412],
[74.1973,37.3352],
[74.2518,37.374],
[74.2296,37.3947],
[74.2423,37.415],
[74.3164,37.3987],
[74.3751,37.424],
[74.3902,37.3967],
[74.4179,37.3886],
[74.4396,37.4162],
[74.4676,37.4066],
[74.4658,37.4264],
[74.4944,37.396],
[74.5282,37.4088],
[74.554,37.3993],
[74.5661,37.3723],
[74.6376,37.3758],
[74.6892,37.4058],
[74.7061,37.384],
[74.8039,37.355],
[74.8768,37.2749],
[74.8899,37.2341],
[74.9154,37.2373],
[74.9189,37.2603],
[74.9105,37.275],
[74.9268,37.2841],
[74.952,37.2921],
[74.9838,37.2861],
[75.0774,37.3158],
[75.1251,37.3157],
[75.1217,37.3408],
[75.094,37.3714],
[75.154,37.4096],
[75.1416,37.4355],
[75.1254,37.4481],
[75.1253,37.466],
[75.0889,37.4844],
[75.0619,37.5255],
[75.0313,37.501],
[75.0116,37.525],
[74.9638,37.5383],
[74.9552,37.5545],
[74.944,37.5541],
[74.9321,37.5685],
[74.9308,37.5869],
[74.9394,37.6032],
[74.9259,37.6129],
[74.9249,37.627],
[74.9109,37.6348],
[74.897,37.6618],
[74.9018,37.6774],
[74.9333,37.6917],
[74.9227,37.7038],
[74.9265,37.7077],
[74.9595,37.7281],
[74.9671,37.7522],
[74.9841,37.7519],
[75.0099,37.7701],
[74.9869,37.8085],
[74.952,37.8088],
[74.9444,37.8242],
[74.9244,37.8291],
[74.913,37.8565],
[74.9375,37.8805],
[74.9376,37.8965],
[74.9129,37.9071],
[74.9214,37.9366],
[74.9079,37.9705],
[74.9175,37.9804],
[74.9165,38.0246],
[74.8926,38.0362],
[74.8833,38.0229],
[74.8683,38.0257],
[74.8684,38.0355],
[74.8528,38.0489],
[74.8542,38.0691],
[74.8337,38.0728],
[74.8203,38.0853],
[74.8185,38.1281],
[74.796,38.156],
[74.805,38.1723],
[74.7999,38.2025],
[74.771,38.1969],
[74.7582,38.2149],
[74.7067,38.2133],
[74.699,38.2284],
[74.6955,38.2645],
[74.704,38.2944],
[74.675,38.3514],
[74.676,38.3703],
[74.665,38.3818],
[74.6773,38.4032],
[74.6896,38.4081],
[74.6925,38.428],
[74.6559,38.4391],
[74.6445,38.4522],
[74.6227,38.4463],
[74.5063,38.4714],
[74.277,38.599],
[74.2575,38.6009],
[74.2378,38.6148],
[74.121,38.6412],
[74.1154,38.6104],
[74.0764,38.6105],
[74.0751,38.5878],
[74.0621,38.5784],
[74.0774,38.5525],
[74.0881,38.5488],
[74.0785,38.5325],
[74.0281,38.5427],
[73.9982,38.5219],
[73.9766,38.5366],
[73.9236,38.5426],
[73.8936,38.584],
[73.8605,38.5785],
[73.8015,38.6138],
[73.8093,38.637],
[73.8007,38.6488],
[73.8052,38.6639],
[73.78,38.6802],
[73.7747,38.7015],
[73.7659,38.7051],
[73.7698,38.7172],
[73.7439,38.7318],
[73.7558,38.7694],
[73.7676,38.7707],
[73.7678,38.7782],
[73.7297,38.8299],
[73.7298,38.8438],
[73.6946,38.8529],
[73.7042,38.861],
[73.6992,38.8778],
[73.712,38.8885],
[73.7108,38.9003],
[73.734,38.9106],
[73.7555,38.9419],
[73.7804,38.9421],
[73.7949,38.9289],
[73.8095,38.9331],
[73.8254,38.9172],
[73.8354,38.9215],
[73.854,38.9524],
[73.8442,38.9996],
[73.8209,39.0226],
[73.8124,39.0428],
[73.7905,39.0419],
[73.7849,39.0295],
[73.7653,39.0319],
[73.7548,39.0254],
[73.7368,39.0365],
[73.7322,39.0673],
[73.7105,39.0759],
[73.7207,39.1119],
[73.7066,39.1216],
[73.7065,39.1367],
[73.6781,39.1466],
[73.6891,39.16],
[73.684,39.164],
[73.6618,39.165],
[73.6607,39.1926],
[73.6409,39.2036],
[73.6346,39.2283],
[73.6135,39.2476],
[73.5847,39.2392],
[73.5593,39.2494],
[73.563,39.2713],
[73.5379,39.2778],
[73.5561,39.2967],
[73.5275,39.3109],
[73.5358,39.3162],
[73.5348,39.3231],
[73.5506,39.3345],
[73.5539,39.3434],
[73.5661,39.3459],
[73.5626,39.3517],
[73.4997,39.3817],
[73.5583,39.3937],
[73.5922,39.4114],
[73.5967,39.4256],
[73.5904,39.4346],
[73.6003,39.4597],
[73.6429,39.4744],
[73.675,39.4631],
[73.7256,39.4609],
[73.8246,39.4697],
[73.8744,39.4832],
[73.873,39.5131],
[73.892,39.5337],
[73.8781,39.543],
[73.916,39.5692],
[73.9111,39.5908],
[73.9474,39.5974],
[73.949,39.6219],
[73.9405,39.6426],
[73.9386,39.6622],
[73.9246,39.6855],
[73.9273,39.7048],
[73.9106,39.722],
[73.9198,39.7264],
[73.9041,39.7443],
[73.8701,39.7464],
[73.8668,39.7534],
[73.8379,39.7552],
[73.8322,39.7816],
[73.8429,39.8149],
[73.8586,39.8455],
[73.8788,39.8518],
[73.8828,39.8625],
[73.9071,39.8653],
[73.9215,39.9054],
[73.9067,39.9126],
[73.9072,39.9206],
[73.977,40.0048],
[73.9697,40.0149],
[73.9337,40.0234],
[73.9363,40.0318],
[73.983,40.0486],
[73.9972,40.045],
[74.0025,40.0633],
[74.0182,40.0708],
[74.0118,40.0797],
[74.0413,40.0995],
[74.0686,40.0775],
[74.092,40.0889],
[74.1064,40.0864],
[74.1231,40.1112],
[74.146,40.1051],
[74.1587,40.1157],
[74.2162,40.127],
[74.229,40.1211],
[74.2572,40.1336],
[74.2786,40.1043],
[74.3038,40.1148],
[74.3446,40.0935],
[74.3695,40.1036],
[74.3761,40.1162],
[74.3887,40.1178],
[74.4054,40.1354],
[74.4536,40.157],
[74.4983,40.2044],
[74.5255,40.209],
[74.5905,40.2822],
[74.6304,40.2838],
[74.6414,40.2722],
[74.6605,40.2729],
[74.6847,40.2894],
[74.6797,40.2998],
[74.7008,40.3251],
[74.6917,40.3499],
[74.7394,40.3483],
[74.8108,40.3499],
[74.8618,40.3238],
[74.8689,40.3336],
[74.9106,40.3453],
[74.8747,40.3666],
[74.8385,40.408],
[74.8018,40.4293],
[74.7876,40.4522],
[74.8083,40.4556],
[74.8194,40.4895],
[74.8164,40.5053],
[74.8378,40.5219],
[74.912,40.4975],
[74.928,40.4784],
[74.9871,40.4518],
[75.018,40.4666],
[75.0521,40.4444],
[75.0846,40.4427],
[75.0923,40.4349],
[75.1238,40.458],
[75.1409,40.4614],
[75.2068,40.4449],
[75.2386,40.4484],
[75.2386,40.4609],
[75.2602,40.4715],
[75.2565,40.4804],
[75.2857,40.4807],
[75.3025,40.4915],
[75.2998,40.5013],
[75.3074,40.5104],
[75.3296,40.5206],
[75.327,40.5314],
[75.3747,40.5483],
[75.4147,40.5554],
[75.4483,40.5797],
[75.4622,40.603],
[75.4738,40.6061],
[75.5169,40.6344],
[75.5778,40.6584],
[75.6028,40.6633],
[75.5956,40.6455],
[75.6121,40.6448],
[75.6114,40.6341],
[75.6319,40.6194],
[75.621,40.5971],
[75.6229,40.5467],
[75.6408,40.528],
[75.6464,40.5056],
[75.6674,40.4964],
[75.6873,40.4993],
[75.6924,40.4849],
[75.7236,40.4728],
[75.7064,40.4526],
[75.7101,40.4436],
[75.6801,40.4213],
[75.6612,40.3642],
[75.6634,40.3549],
[75.6816,40.3442],
[75.6852,40.323],
[75.7003,40.304],
[75.6902,40.2944],
[75.7003,40.2798],
[75.7182,40.2868],
[75.7342,40.3062],
[75.742,40.2948],
[75.7542,40.3028],
[75.7779,40.3006],
[75.8047,40.3132],
[75.8113,40.3244],
[75.8269,40.3271],
[75.8393,40.3125],
[75.8788,40.312],
[75.9075,40.3027],
[75.9115,40.2911],
[75.9298,40.3021],
[75.9252,40.3262],
[75.926,40.3344],
[75.9433,40.3414],
[75.959,40.3609],
[75.9547,40.3752],
[75.9906,40.3815],
[76.0091,40.3638],
[76.0175,40.3534],
[76.0459,40.3551],
[76.0376,40.3809],
[76.0688,40.3952],
[76.0951,40.3889],
[76.1314,40.3972],
[76.1841,40.3794],
[76.2278,40.4035],
[76.232,40.4142],
[76.2496,40.4177],
[76.2726,40.4389],
[76.2861,40.4292],
[76.2789,40.4125],
[76.2913,40.4081],
[76.3123,40.4061],
[76.3151,40.3941],
[76.327,40.3877],
[76.316,40.365],
[76.3377,40.3389],
[76.3656,40.3867],
[76.3802,40.3888],
[76.3839,40.3757],
[76.4398,40.3891],
[76.4565,40.4133],
[76.4943,40.4271],
[76.5049,40.4268],
[76.506,40.4451],
[76.5378,40.465],
[76.5401,40.5042],
[76.532,40.5088],
[76.5512,40.5324],
[76.5568,40.5524],
[76.6039,40.5902],
[76.6116,40.6108],
[76.6542,40.6218],
[76.6476,40.6484],
[76.6582,40.6635],
[76.6545,40.68],
[76.6728,40.6941],
[76.6611,40.7105],
[76.6493,40.7179],
[76.6396,40.7496],
[76.64,40.7618],
[76.6616,40.7716],
[76.6681,40.7827],
[76.6854,40.7767],
[76.7021,40.7873],
[76.7106,40.8135],
[76.7284,40.818],
[76.7175,40.8317],
[76.7187,40.8423],
[76.7319,40.8443],
[76.7243,40.854],
[76.7394,40.8757],
[76.7388,40.8925],
[76.7301,40.901],
[76.754,40.935],
[76.7534,40.9533],
[76.7915,40.96],
[76.8162,40.9768],
[76.853,40.9767],
[76.8476,40.9964],
[76.8746,41.0256],
[76.8931,41.0174],
[76.9269,41.0248],
[76.953,41.0402],
[76.9636,41.0584],
[76.9925,41.0719],
[77.0169,41.0577],
[77.0853,41.063],
[77.1068,41.0484],
[77.0999,41.0378],
[77.167,41.0107],
[77.1835,41.0102],
[77.1858,41.0233],
[77.2289,41.0306],
[77.245,41.0245],
[77.242,41.0144],
[77.2633,41.0139],
[77.2618,41.0046],
[77.285,41.0026],
[77.309,41.0091],
[77.3107,41.0181],
[77.3552,41.0407],
[77.3745,41.0398],
[77.3805,41.0282],
[77.4086,41.0387],
[77.4133,41.0267],
[77.4277,41.0209],
[77.4698,41.0214],
[77.4655,41.0015],
[77.4777,40.9958],
[77.551,41.0046],
[77.5833,40.9934],
[77.5865,41.0041],
[77.6108,41.0094],
[77.6249,41.0024],
[77.6469,41.0145],
[77.6608,41.0024],
[77.7003,41.0058],
[77.729,41.0214],
[77.7312,41.0301],
[77.7652,41.0148],
[77.7789,41.0218],
[77.7958,41.0487],
[77.8125,41.0431],
[77.8244,41.0585],
[77.805,41.0801],
[77.8047,41.1227],
[77.8315,41.1503],
[77.905,41.1838],
[77.9595,41.1902],
[77.9805,41.1831],
[77.9965,41.1925],
[78.0217,41.1932],
[78.055,41.214],
[78.1229,41.2284],
[78.1336,41.2457],
[78.1372,41.3123],
[78.1575,41.3403],
[78.1458,41.3667],
[78.1564,41.3819],
[78.2274,41.4008],
[78.278,41.3884],
[78.3086,41.3898],
[78.3209,41.3809],
[78.3361,41.395],
[78.3819,41.3916],
[78.3913,41.4016],
[78.3942,41.4124],
[78.4498,41.4132],
[78.5281,41.4395],
[78.5563,41.476],
[78.5797,41.4806],
[78.5847,41.469],
[78.62,41.4768],
[78.6451,41.4685],
[78.6628,41.4992],
[78.7035,41.5211],
[78.6896,41.5302],
[78.7019,41.5458],
[78.7246,41.555],
[78.7391,41.552],
[78.791,41.5639],
[78.8151,41.5586],
[78.8239,41.5716],
[78.8518,41.5796],
[78.8561,41.5949],
[78.8844,41.5956],
[78.8907,41.6102],
[78.922,41.6232],
[78.9185,41.6289],
[78.9294,41.6331],
[78.9281,41.6416],
[78.9733,41.6553],
[78.9877,41.6616],
[79.0175,41.6569],
[79.0293,41.6793],
[79.0833,41.6899],
[79.1113,41.7025],
[79.1246,41.7228],
[79.2172,41.7266],
[79.2289,41.7417],
[79.2491,41.7456],
[79.2483,41.7573],
[79.2739,41.7663],
[79.271,41.774],
[79.3228,41.8108],
[79.3522,41.7934],
[79.4094,41.8408],
[79.4653,41.8533],
[79.4875,41.8438],
[79.485,41.8373],
[79.5466,41.8389],
[79.6075,41.8568],
[79.6378,41.8935],
[79.74,41.9025],
[79.7687,41.8918],
[79.8026,41.9203],
[79.8023,41.937],
[79.8183,41.9504],
[79.8169,41.9651],
[79.8522,41.9857],
[79.846,42.0141],
[79.88,42.0344],
[79.9536,42.0453],
[80.0169,42.0418],
[80.0263,42.0491],
[80.0756,42.0462],
[80.1388,42.0303],
[80.2094,42.0423],
[80.2296,42.0606],
[80.2271,42.0659],
[80.1686,42.0979],
[80.1493,42.119],
[80.1519,42.1331],
[80.1383,42.1481],
[80.1408,42.1542],
[80.1638,42.1556],
[80.165,42.1922],
[80.1744,42.2108],
[80.1992,42.229],
[80.2433,42.2181],
[80.2825,42.2343],
[80.2804,42.2476],
[80.2892,42.2617],
[80.2796,42.2813],
[80.2595,42.2929],
[80.2602,42.3045],
[80.2839,42.3184],
[80.2828,42.3211],
[80.2377,42.3403],
[80.2266,42.3585],
[80.2379,42.3807],
[80.2275,42.3978],
[80.2334,42.4039],
[80.2145,42.4131],
[80.2152,42.4238],
[80.2045,42.4285],
[80.2127,42.4518],
[80.2076,42.469],
[80.2719,42.5112],
[80.2514,42.5136],
[80.2489,42.5239],
[80.2206,42.5329],
[80.1824,42.581],
[80.162,42.6305],
[80.1767,42.6714],
[80.2288,42.6961],
[80.223,42.713],
[80.2548,42.784],
[80.2612,42.824],
[80.2773,42.838],
[80.2929,42.8296],
[80.306,42.838],
[80.3166,42.8326],
[80.3282,42.8381],
[80.3345,42.8359],
[80.3257,42.8289],
[80.331,42.8246],
[80.336,42.8308],
[80.3541,42.8271],
[80.3624,42.8359],
[80.3645,42.8282],
[80.3769,42.8281],
[80.3914,42.8393],
[80.406,42.8296],
[80.4244,42.8414],
[80.4188,42.8433],
[80.4253,42.856],
[80.439,42.8526],
[80.4459,42.8613],
[80.4605,42.8554],
[80.461,42.8636],
[80.4716,42.8622],
[80.4743,42.8691],
[80.4992,42.8704],
[80.5014,42.8805],
[80.51,42.8729],
[80.5436,42.8866],
[80.5503,42.8787],
[80.5538,42.8869],
[80.5764,42.8878],
[80.5712,42.895],
[80.6017,42.8957],
[80.5857,42.9151],
[80.5533,42.932],
[80.4837,42.9467],
[80.396,42.9946],
[80.3808,43.0224],
[80.3764,43.0314],
[80.3842,43.0459],
[80.4116,43.0576],
[80.4584,43.0757],
[80.4834,43.0698],
[80.5368,43.0993],
[80.5489,43.0977],
[80.591,43.1386],
[80.6025,43.1352],
[80.6084,43.1421],
[80.6575,43.1499],
[80.6751,43.1433],
[80.7042,43.1458],
[80.7181,43.134],
[80.7435,43.147],
[80.7883,43.1418],
[80.7952,43.1713],
[80.8073,43.1773],
[80.7861,43.2019],
[80.7826,43.2259],
[80.7898,43.2385],
[80.7651,43.267],
[80.7749,43.2966],
[80.7785,43.3114],
[80.7665,43.3163],
[80.698,43.3162],
[80.6832,43.3287],
[80.7049,43.3529],
[80.7049,43.3645],
[80.7351,43.3932],
[80.7353,43.4338],
[80.7564,43.4481],
[80.7139,43.533],
[80.6313,43.6625],
[80.5877,43.7243],
[80.5226,43.8227],
[80.5215,43.8572],
[80.5044,43.8747],
[80.5118,43.8842],
[80.5087,43.9068],
[80.4907,43.9146],
[80.4884,43.9262],
[80.4717,43.9368],
[80.4836,43.9553],
[80.4563,43.9748],
[80.4617,43.9774],
[80.4526,43.9844],
[80.4475,44.0092],
[80.455,44.0192],
[80.4516,44.0284],
[80.4582,44.03],
[80.4487,44.0337],
[80.4553,44.0453],
[80.4359,44.0816],
[80.3962,44.1101],
[80.4025,44.1558],
[80.3956,44.1943],
[80.4007,44.2134],
[80.4035,44.268],
[80.3771,44.4113],
[80.3669,44.4412],
[80.3494,44.4605],
[80.3469,44.4827],
[80.3682,44.5041],
[80.3705,44.5319],
[80.3936,44.5673],
[80.3913,44.5915],
[80.4107,44.6098],
[80.3686,44.654],
[80.3506,44.6657],
[80.3379,44.689],
[80.3134,44.7033],
[80.2374,44.721],
[80.1928,44.7497],
[80.1967,44.7619],
[80.1732,44.7936],
[80.1834,44.8235],
[80.1671,44.8275],
[80.1651,44.8405],
[80.1568,44.8416],
[80.1462,44.8267],
[80.1278,44.8231],
[80.1142,44.8098],
[80.0781,44.8127],
[80.0495,44.8011],
[80.0301,44.8034],
[80.0063,44.7902],
[79.9933,44.7949],
[79.9952,44.8236],
[79.9558,44.8503],
[79.9447,44.85],
[79.9461,44.8663],
[79.9638,44.882],
[79.9322,44.8875],
[79.9143,44.9011],
[79.8859,44.8936],
[79.882,44.9107],
[79.9047,44.9287],
[79.9438,44.9378],
[79.9452,44.9522],
[80.047,45.0021],
[80.0618,45.036],
[80.087,45.0333],
[80.0901,45.0469],
[80.1122,45.0484],
[80.1283,45.0393],
[80.1395,45.0574],
[80.1679,45.0388],
[80.1823,45.0417],
[80.1948,45.0272],
[80.2135,45.0233],
[80.2325,45.0332],
[80.2403,45.0277],
[80.2607,45.054],
[80.317,45.07],
[80.3276,45.068],
[80.3452,45.041],
[80.3818,45.0399],
[80.4033,45.0476],
[80.4073,45.0577],
[80.4398,45.0774],
[80.4374,45.0972],
[80.4796,45.1152],
[80.4889,45.1265],
[80.5117,45.106],
[80.5615,45.1128],
[80.6001,45.1044],
[80.6245,45.118],
[80.6345,45.1148],
[80.6967,45.1329],
[80.7048,45.1434],
[80.7264,45.154],
[80.7111,45.1702],
[80.728,45.1712],
[80.7733,45.1436],
[80.7949,45.1503],
[80.8335,45.1405],
[80.8543,45.1261],
[80.8771,45.131],
[80.8966,45.1247],
[80.929,45.1576],
[80.9517,45.1604],
[80.9569,45.1676],
[80.9966,45.1583],
[81.0554,45.1778],
[81.07,45.1724],
[81.0832,45.1944],
[81.1091,45.2011],
[81.1007,45.2152],
[81.1066,45.2219],
[81.1617,45.2056],
[81.1698,45.2128],
[81.1665,45.2243],
[81.2184,45.2362],
[81.2285,45.2482],
[81.2692,45.2367],
[81.3065,45.2468],
[81.3071,45.2541],
[81.3517,45.261],
[81.3767,45.2529],
[81.3884,45.271],
[81.421,45.2836],
[81.4518,45.2622],
[81.4768,45.2756],
[81.4945,45.2754],
[81.5215,45.2825],
[81.5347,45.3059],
[81.5734,45.3074],
[81.5688,45.3253],
[81.5921,45.3405],
[81.6127,45.3419],
[81.6324,45.3566],
[81.6677,45.3515],
[81.6949,45.3691],
[81.7137,45.3589],
[81.7337,45.3657],
[81.7316,45.3747],
[81.7586,45.3722],
[81.7718,45.386],
[81.785,45.3798],
[81.8271,45.3337],
[81.8316,45.3158],
[81.8849,45.2786],
[81.923,45.2287],
[81.9418,45.2362],
[82.0092,45.2336],
[82.0443,45.2542],
[82.0905,45.2455],
[82.081,45.2352],
[82.0818,45.2229],
[82.1001,45.2023],
[82.1138,45.202],
[82.1512,45.2218],
[82.2802,45.2399],
[82.3061,45.2346],
[82.3364,45.2077],
[82.4554,45.1874],
[82.4749,45.177],
[82.5601,45.2035],
[82.5802,45.2185],
[82.5877,45.3447],
[82.5585,45.3944],
[82.5428,45.421],
[82.4377,45.4597],
[82.28,45.5351],
[82.2708,45.5505],
[82.2604,45.6182],
[82.2827,45.6494],
[82.2881,45.7088],
[82.3451,45.7957],
[82.3454,45.839],
[82.33,45.8869],
[82.3407,45.9081],
[82.3357,45.9392],
[82.3757,45.9641],
[82.4561,45.9772],
[82.5119,46.1546],
[82.612,46.305],
[82.7254,46.493],
[82.7682,46.6038],
[82.7821,46.6689],
[82.786,46.6809],
[82.8295,46.7774],
[82.8685,46.7991],
[82.8687,46.823],
[82.9222,46.9403],
[82.9381,47.016],
[82.952,47.0204],
[82.9658,47.0347],
[82.9686,47.0487],
[82.9918,47.0625],
[82.9922,47.0632],
[83.0104,47.1144],
[83.0031,47.1208],
[83.0196,47.1329],
[83.0123,47.1472],
[83.0281,47.162],
[83.0282,47.2175],
[83.0323,47.2237],
[83.0422,47.215],
[83.0632,47.2277],
[83.0941,47.2238],
[83.1509,47.2347],
[83.1737,47.2204],
[83.1979,47.2174],
[83.2078,47.2111],
[83.2149,47.1907],
[83.2365,47.1891],
[83.2422,47.1784],
[83.2801,47.1752],
[83.2931,47.182],
[83.3355,47.17],
[83.3649,47.1778],
[83.3653,47.163],
[83.3863,47.1502],
[83.4135,47.116],
[83.4293,47.1148],
[83.4299,47.1232],
[83.4515,47.1317],
[83.4708,47.128],
[83.4631,47.1213],
[83.4812,47.1175],
[83.4823,47.1093],
[83.5059,47.1095],
[83.525,47.0852],
[83.566,47.0781],
[83.5597,47.0611],
[83.5651,47.0564],
[83.5902,47.0589],
[83.6067,47.0468],
[83.6219,47.0485],
[83.6387,47.0436],
[83.6956,47.0358],
[83.698,47.0178],
[83.7074,47.0177],
[83.7473,47.0328],
[83.758,47.0242],
[83.8291,47.0104],
[83.8373,47.0034],
[83.835,46.9947],
[83.8464,46.9954],
[83.8697,46.9954],
[83.8708,46.987],
[83.8794,46.9866],
[83.892,46.9884],
[83.9048,46.9808],
[83.9021,46.9751],
[83.9164,46.9728],
[83.9262,46.9847],
[83.9515,46.9912],
[83.9607,46.9824],
[83.9865,46.9957],
[84.046,46.9703],
[84.0833,46.9692],
[84.1268,46.9676],
[84.1583,46.9809],
[84.1657,46.9943],
[84.2011,47.0023],
[84.2383,47.0004],
[84.2808,47.0002],
[84.3792,46.996],
[84.4009,47.0056],
[84.458,47.0087],
[84.4603,46.9933],
[84.4843,46.9926],
[84.5102,46.975],
[84.5794,46.9996],
[84.6305,46.9947],
[84.6861,47.0047],
[84.752,47.0049],
[84.7757,46.9918],
[84.7823,46.9737],
[84.8138,46.9573],
[84.8401,46.9571],
[84.8594,46.9457],
[84.8585,46.9279],
[84.9057,46.8985],
[84.9155,46.88],
[84.9389,46.8663],
[84.9442,46.8629],
[84.979,46.873],
[84.9733,46.887],
[84.9829,46.9151],
[85.0005,46.9209],
[85.0781,46.931],
[85.0852,46.9496],
[85.0788,46.9579],
[85.1191,46.9699],
[85.1455,46.9893],
[85.1668,46.9866],
[85.1779,46.9942],
[85.1762,47.004],
[85.1941,47.0126],
[85.2148,47.0514],
[85.2615,47.0499],
[85.2748,47.0564],
[85.2764,47.0688],
[85.2994,47.065],
[85.307,47.0509],
[85.3235,47.0429],
[85.3457,47.0548],
[85.3842,47.0463],
[85.4124,47.0598],
[85.4615,47.064],
[85.4811,47.0531],
[85.5347,47.0491],
[85.5332,47.0698],
[85.5444,47.0796],
[85.5481,47.1061],
[85.5743,47.1258],
[85.5796,47.1416],
[85.6406,47.1846],
[85.6499,47.2056],
[85.6823,47.2228],
[85.6889,47.2404],
[85.68,47.2509],
[85.6987,47.2887],
[85.685,47.3075],
[85.6727,47.3179],
[85.6856,47.33],
[85.6879,47.3652],
[85.6981,47.367],
[85.7021,47.3821],
[85.6851,47.3974],
[85.6834,47.4299],
[85.6659,47.4481],
[85.6499,47.4532],
[85.6373,47.4721],
[85.6243,47.486],
[85.6107,47.5021],
[85.6102,47.5151],
[85.6091,47.5329],
[85.6143,47.5405],
[85.6081,47.5815],
[85.5519,47.9518],
[85.5474,47.9822],
[85.5373,47.992],
[85.5399,48.0201],
[85.5268,48.0239],
[85.5327,48.0306],
[85.5292,48.0433],
[85.5419,48.0535],
[85.5345,48.0708],
[85.5483,48.0793],
[85.5449,48.1052],
[85.5546,48.1065],
[85.5468,48.1147],
[85.5505,48.1291],
[85.5584,48.1257],
[85.564,48.1328],
[85.5536,48.1394],
[85.5743,48.1575],
[85.5886,48.1966],
[85.6235,48.2027],
[85.6327,48.2335],
[85.6507,48.2465],
[85.6594,48.2418],
[85.6755,48.2641],
[85.6823,48.2919],
[85.6945,48.3007],
[85.691,48.329],
[85.7142,48.3494],
[85.7171,48.365],
[85.7527,48.3896],
[85.7559,48.403],
[85.7995,48.4161],
[85.9117,48.4362],
[86.2323,48.4322],
[86.251,48.4526],
[86.2677,48.4516],
[86.2827,48.4723],
[86.2969,48.477],
[86.3007,48.4905],
[86.3595,48.4907],
[86.375,48.5014],
[86.407,48.4787],
[86.5359,48.5235],
[86.5817,48.5395],
[86.5966,48.5555],
[86.5939,48.575],
[86.6119,48.5971],
[86.6291,48.605],
[86.635,48.6265],
[86.689,48.64],
[86.7005,48.6689],
[86.773,48.7204],
[86.7778,48.7358],
[86.7512,48.7779],
[86.7533,48.7877],
[86.7616,48.8047],
[86.8192,48.8331],
[86.8163,48.8566],
[86.7839,48.8749],
[86.7752,48.8895],
[86.7514,48.8961],
[86.7405,48.9153],
[86.7267,48.9512],
[86.7288,48.9941],
[86.7663,49.0256],
[86.8318,49.0521],
[86.8475,49.0653],
[86.8435,49.1006],
[86.8963,49.1348],
[86.9437,49.13],
[86.9993,49.1427],
[87.0498,49.1301],
[87.065,49.1342],
[87.0825,49.1311],
[87.101,49.1404],
[87.1041,49.1511],
[87.1418,49.1524],
[87.1687,49.1389],
[87.2,49.1429],
[87.215,49.1303],
[87.2135,49.1228],
[87.2303,49.1144],
[87.2858,49.1159],
[87.3175,49.1025],
[87.3763,49.0934],
[87.4266,49.0695],
[87.4684,49.0908],
[87.4852,49.0857],
[87.5041,49.0916],
[87.5082,49.1054],
[87.4918,49.1262],
[87.4917,49.1383],
[87.5232,49.1444],
[87.5641,49.135],
[87.6074,49.1568],
[87.6333,49.1482],
[87.662,49.1517],
[87.695,49.1757],
[87.7215,49.1793],
[87.7499,49.1694],
[87.7832,49.1799],
[87.8145,49.1702],
[87.8232,49.1778],
[87.875,49.1714],
[87.9244,49.1737],
[87.9566,49.1855],
[87.9884,49.183],
[88.018,49.2263],
[88.0572,49.242],
[88.0526,49.2568],
[88.0816,49.2607],
[88.0849,49.2552],
[88.1067,49.2566],
[88.1263,49.2786],
[88.1701,49.2936],
[88.1581,49.3165],
[88.17,49.3255],
[88.1544,49.3372],
[88.1656,49.3404],
[88.1605,49.3628],
[88.1241,49.3729],
[88.1171,49.3794],
[88.1191,49.3913],
[88.1844,49.4159],
[88.1782,49.4354],
[88.1656,49.4455],
[88.2218,49.4797],
[88.2374,49.4746],
[88.2632,49.4824],
[88.2977,49.4709],
[88.3179,49.4751],
[88.3258,49.4849],
[88.3312,49.4935],
[88.368,49.4838],
[88.4059,49.4946],
[88.445,49.4726],
[88.4756,49.4713],
[88.5561,49.4909],
[88.5909,49.5012],
[88.6323,49.4954],
[88.6836,49.4622],
[88.7328,49.4515],
[88.7496,49.4603],
[88.8022,49.4604],
[88.8429,49.4416],
[88.8628,49.4595],
[88.8534,49.4667],
[88.8686,49.4674],
[88.8801,49.4781],
[88.8571,49.4918],
[88.8749,49.5014],
[88.8797,49.5138],
[88.8777,49.5409],
[88.8696,49.5467],
[88.9001,49.559],
[88.9295,49.5429],
[88.9326,49.5168],
[88.9595,49.5],
[88.96,49.4776],
[88.9708,49.4657],
[88.9845,49.4637],
[89.0136,49.4696],
[89.035,49.4861],
[89.0846,49.4861],
[89.1476,49.5021],
[89.1621,49.5174],
[89.2009,49.5228],
[89.2327,49.5537],
[89.1915,49.586],
[89.1996,49.6043],
[89.1824,49.6229],
[89.1888,49.6325],
[89.2188,49.642],
[89.2506,49.6423],
[89.345,49.5918],
[89.3475,49.5826],
[89.391,49.5953],
[89.3846,49.6062],
[89.4075,49.6222],
[89.4274,49.6194],
[89.4589,49.665],
[89.4774,49.6618],
[89.5033,49.6698],
[89.5467,49.6845],
[89.5892,49.6819],
[89.6608,49.6999],
[89.6778,49.7143],
[89.7192,49.7283],
[89.7136,49.7412],
[89.7208,49.7523],
[89.7124,49.7618],
[89.7191,49.7719],
[89.7119,49.7901],
[89.6735,49.7835],
[89.6245,49.8064],
[89.625,49.818],
[89.651,49.8264],
[89.6398,49.8355],
[89.6432,49.8434],
[89.6304,49.8452],
[89.6117,49.8635],
[89.6149,49.8778],
[89.6308,49.8853],
[89.6309,49.8993],
[89.5936,49.9123],
[89.6147,49.9392],
[89.6048,49.9482],
[89.6087,49.9637],
[89.6248,49.9709],
[89.5987,49.9845],
[89.5929,50.0155],
[89.544,50.015],
[89.5247,50.0393],
[89.536,50.0539],
[89.534,50.0659],
[89.592,50.0842],
[89.5846,50.088],
[89.5824,50.107],
[89.5115,50.1193],
[89.51,50.1286],
[89.5325,50.1479],
[89.5202,50.1917],
[89.4406,50.2037],
[89.4035,50.1779],
[89.3934,50.1855],
[89.3673,50.182],
[89.3093,50.2085],
[89.3368,50.2165],
[89.3328,50.2247],
[89.3399,50.2333],
[89.3315,50.2444],
[89.3458,50.2579],
[89.3445,50.2662],
[89.3629,50.2734],
[89.3894,50.2865],
[89.3933,50.3048],
[89.4073,50.3137],
[89.3795,50.3149],
[89.3815,50.3389],
[89.4136,50.3372],
[89.4968,50.3639],
[89.4925,50.375],
[89.5016,50.3857],
[89.4822,50.4008],
[89.4915,50.4453],
[89.5106,50.4499],
[89.5033,50.46],
[89.5899,50.4281],
[89.6132,50.3743],
[89.6328,50.3783],
[89.6552,50.3697],
[89.6623,50.3841],
[89.7058,50.3835],
[89.7254,50.4049],
[89.7829,50.4192],
[89.8189,50.4112],
[89.8293,50.4352],
[89.8479,50.4416],
[89.8656,50.472],
[89.8422,50.4999],
[89.8516,50.5233],
[89.8013,50.5358],
[89.7896,50.5507],
[89.7733,50.5461],
[89.7486,50.5521],
[89.7227,50.5701],
[89.6482,50.5773],
[89.6419,50.5907],
[89.6471,50.6057],
[89.6312,50.6183],
[89.6458,50.6325],
[89.6398,50.6429],
[89.5789,50.6485],
[89.5653,50.6639],
[89.5718,50.6749],
[89.5483,50.6876],
[89.5259,50.7264],
[89.4858,50.7377],
[89.4714,50.7555],
[89.4665,50.7805],
[89.4309,50.8089],
[89.4135,50.8017],
[89.3902,50.8099],
[89.3759,50.8264],
[89.398,50.8506],
[89.379,50.8608],
[89.3473,50.8604],
[89.3461,50.8818],
[89.3219,50.881],
[89.2964,50.8875],
[89.2825,50.8768],
[89.2677,50.8805],
[89.268,50.916],
[89.242,50.9216],
[89.2388,50.9334],
[89.2286,50.9351],
[89.1985,50.9663],
[89.1937,50.9818],
[89.1754,50.9864],
[89.1671,50.997],
[89.1232,51.0074],
[89.1177,51.0258],
[89.101,51.0375],
[89.0542,51.0471],
[89.0616,51.0582],
[89.0519,51.0652],
[89.0541,51.0823],
[89.0223,51.1025],
[89.0289,51.1124],
[89.0395,51.1125],
[89.0487,51.1196],
[89.0365,51.1444],
[89.0498,51.1598],
[89.0365,51.1677],
[89.0338,51.185],
[89.0156,51.184],
[88.9673,51.2029],
[88.9611,51.2227],
[88.9765,51.2399],
[88.9601,51.2483],
[88.9746,51.2584],
[88.967,51.265],
[88.9815,51.304],
[88.9977,51.3215],
[88.9862,51.3663],
[89.0031,51.3684],
[89.0089,51.3943],
[88.9709,51.4291],
[88.932,51.4472],
[88.9199,51.4639],
[88.892,51.4729],
[88.864,51.4682],
[88.8549,51.4798],
[88.8644,51.4863],
[88.8547,51.5078],
[88.8469,51.5163],
[88.8142,51.5207],
[88.7945,51.538],
[88.8009,51.5472],
[88.792,51.554],
[88.8288,51.5587],
[88.832,51.5686],
[88.8526,51.5709],
[88.872,51.5624],
[88.9259,51.5715],
[88.953,51.563],
[88.9795,51.5737],
[89.0026,51.5712],
[89.017,51.585],
[89.0714,51.5878],
[89.0854,51.6021],
[89.0866,51.6248],
[89.1232,51.6415],
[89.1649,51.6357],
[89.2048,51.6573],
[89.2527,51.6531],
[89.2638,51.6412],
[89.2537,51.6188],
[89.2427,51.615],
[89.2431,51.5947],
[89.2329,51.5838],
[89.2365,51.5541],
[89.2494,51.5432],
[89.2785,51.5472],
[89.2966,51.5717],
[89.3351,51.5942],
[89.3748,51.6061],
[89.4335,51.6085],
[89.4648,51.5899],
[89.5082,51.5863],
[89.5418,51.5662],
[89.5735,51.5598],
[89.6059,51.5322],
[89.6328,51.5476],
[89.6597,51.5392],
[89.6637,51.5474],
[89.6956,51.5554],
[89.699,51.5646],
[89.7113,51.5625],
[89.807,51.6208],
[89.8103,51.6485],
[89.8861,51.7019],
[89.8951,51.7043],
[89.9036,51.73],
[89.9234,51.7405],
[89.9269,51.7572],
[90.0106,51.7627],
[90.0343,51.7571],
[90.0309,51.7468],
[90.0796,51.7309],
[90.0949,51.7356],
[90.0919,51.7436],
[90.1362,51.7644],
[90.1176,51.7788],
[90.1216,51.7847],
[90.0814,51.8195],
[90.0833,51.8323],
[90.0607,51.8828],
[90.0678,51.8992],
[90.0578,51.908],
[90.061,51.9364],
[90.0299,51.9365],
[90.0111,51.9616],
[90.0171,51.9699],
[90.0539,51.979],
[90.0715,51.9922],
[90.0833,52.0155],
[90.1023,52.0198],
[90.1116,52.0336],
[90.132,52.0342],
[90.1585,52.0608],
[90.1545,52.0895],
[90.1385,52.1142],
[90.1463,52.1281],
[90.1387,52.1384],
[90.1434,52.1485],
[90.1627,52.1535],
[90.1833,52.1474],
[90.207,52.1583],
[90.2395,52.1589],
[90.2539,52.1757],
[90.2841,52.1776],
[90.2971,52.1701],
[90.3604,52.2034],
[90.3964,52.1854],
[90.4347,52.1792],
[90.4739,52.1908],
[90.4867,52.1959],
[90.5165,52.1749],
[90.5314,52.1459],
[90.5583,52.1291],
[90.5915,52.1209],
[90.633,52.0937],
[90.7144,52.0903],
[90.7518,52.0703],
[90.7671,52.0404],
[90.7601,52.0136],
[90.7994,51.9849],
[90.8039,51.9722],
[90.8182,51.968],
[90.8202,51.9517],
[90.8454,51.9108],
[90.8374,51.904],
[90.8493,51.9004],
[90.9131,51.9275],
[90.9957,51.9354],
[91.0274,51.9462],
[91.0591,51.9448],
[91.0724,51.9519],
[91.1549,51.9148],
[91.1649,51.8993],
[91.2327,51.8945],
[91.2597,51.8766],
[91.2614,51.8912],
[91.2754,51.8958],
[91.3553,51.8915],
[91.4285,51.8987],
[91.4632,51.8915],
[91.5095,51.907],
[91.5479,51.9089],
[91.6351,51.8795],
[91.7296,51.8725],
[91.7392,51.8657],
[91.8044,51.8866],
[91.8393,51.8592],
[91.8778,51.8675],
[91.8971,51.8594],
[91.91,51.8388],
[91.9167,51.8344],
[91.9141,51.8246],
[91.9389,51.8074],
[91.9552,51.8111],
[91.9944,51.7941],
[92.025,51.7962],
[92.0524,51.7824],
[92.0785,51.7723],
[92.1337,51.792],
[92.1944,51.7996],
[92.2219,51.8111],
[92.2552,51.8227],
[92.2843,51.8091],
[92.3642,51.8183],
[92.4383,51.7969],
[92.4616,51.803],
[92.481,51.7907],
[92.5121,51.7991],
[92.5388,51.7915],
[92.5933,51.8135],
[92.6447,51.8122],
[92.6627,51.833],
[92.6964,51.8513],
[92.7491,51.8464],
[92.769,51.8555],
[92.795,51.8466],
[92.8175,51.8487],
[92.8433,51.835],
[92.8906,51.8436],
[92.9044,51.8797],
[92.9577,51.9158],
[93.0117,51.9142],
[93.076,51.9359],
[93.083,51.95],
[93.119,51.9665],
[93.1193,51.9776],
[93.1465,52.0156],
[93.1885,52.0354],
[93.2372,52.0377],
[93.2586,52.0788],
[93.3092,52.1047],
[93.3309,52.1261],
[93.3948,52.1272],
[93.4202,52.1354],
[93.4318,52.1495],
[93.4722,52.171],
[93.5464,52.1765],
[93.5763,52.1669],
[93.5879,52.1849],
[93.6229,52.1962],
[93.6421,52.193],
[93.6743,52.2105],
[93.6691,52.2219],
[93.6558,52.2409],
[93.6814,52.2674],
[93.6847,52.2971],
[93.678,52.3073],
[93.7161,52.3265],
[93.7254,52.3444],
[93.7526,52.362],
[93.7544,52.3764],
[93.7654,52.3811],
[93.7536,52.4246],
[93.7659,52.4342],
[93.7675,52.4514],
[93.808,52.4509],
[93.8324,52.4785],
[93.8337,52.5042],
[93.8982,52.5311],
[93.9194,52.5584],
[93.9604,52.581],
[93.9652,52.6017],
[93.9415,52.6133],
[93.9731,52.6254],
[93.9992,52.6493],
[94.0581,52.6609],
[94.0956,52.6784],
[94.1035,52.6882],
[94.0915,52.7109],
[94.0925,52.7358],
[94.1396,52.7544],
[94.14,52.7754],
[94.1319,52.7822],
[94.1594,52.8132],
[94.1435,52.8259],
[94.1418,52.8312],
[94.1672,52.8338],
[94.2093,52.8595],
[94.2442,52.8644],
[94.2618,52.8838],
[94.3034,52.9],
[94.3543,52.8957],
[94.3785,52.912],
[94.3992,52.9149],
[94.451,52.9022],
[94.45,52.893],
[94.4932,52.8917],
[94.514,52.9095],
[94.5259,52.91],
[94.5128,52.9351],
[94.5254,52.9581],
[94.5833,52.9965],
[94.5711,53.0258],
[94.5812,53.0402],
[94.6005,53.0466],
[94.5767,53.0725],
[94.5781,53.085],
[94.5859,53.0909],
[94.5902,53.12],
[94.6209,53.1264],
[94.6062,53.1384],
[94.6166,53.1596],
[94.6024,53.1678],
[94.6254,53.1837],
[94.6571,53.1872],
[94.6626,53.2009],
[94.6534,53.2143],
[94.6983,53.2152],
[94.7161,53.2371],
[94.7081,53.251],
[94.6869,53.2576],
[94.677,53.2873],
[94.6063,53.2915],
[94.6037,53.3115],
[94.6183,53.3311],
[94.6574,53.3386],
[94.6772,53.3575],
[94.6985,53.3589],
[94.7203,53.3763],
[94.7451,53.3796],
[94.8128,53.3928],
[94.9257,53.4004],
[94.9398,53.3883],
[94.9601,53.4052],
[94.9911,53.4003],
[94.9913,53.3818],
[95.0042,53.371],
[95.0359,53.3661],
[95.0615,53.3945],
[95.1151,53.3989],
[95.1461,53.4185],
[95.153,53.4342],
[95.218,53.4694],
[95.2672,53.448],
[95.3046,53.4449],
[95.3097,53.4217],
[95.2841,53.4101],
[95.3072,53.3881],
[95.3364,53.3765],
[95.3755,53.3814],
[95.4051,53.3656],
[95.4284,53.3754],
[95.4234,53.393],
[95.4306,53.3973],
[95.4636,53.4012],
[95.4953,53.395],
[95.4995,53.4057],
[95.4908,53.4157],
[95.527,53.4375],
[95.5491,53.4309],
[95.5946,53.4473],
[95.6521,53.4556],
[95.6606,53.4752],
[95.6569,53.4864],
[95.6852,53.5064],
[95.7245,53.515],
[95.7218,53.522],
[95.7322,53.5252],
[95.7571,53.505],
[95.7667,53.5087],
[95.8075,53.4913],
[95.8857,53.5015],
[95.9316,53.4885],
[95.9537,53.4942],
[95.9762,53.4793],
[96.007,53.4762],
[96.0333,53.457],
[96.1105,53.4517],
[96.1128,53.4858],
[96.1035,53.5045],
[96.1128,53.5126],
[96.1197,53.5062],
[96.2321,53.5171],
[96.2407,53.5579],
[96.2222,53.5689],
[96.2286,53.5793],
[96.2255,53.5978],
[96.2411,53.6195],
[96.2793,53.6138],
[96.2768,53.5893],
[96.3101,53.5878],
[96.3334,53.5979],
[96.3747,53.5938],
[96.352,53.5704],
[96.3845,53.5678],
[96.3845,53.5579],
[96.3969,53.5489],
[96.4339,53.5411],
[96.4403,53.5358],
[96.4379,53.5164],
[96.448,53.5124],
[96.4836,53.531],
[96.4823,53.5417],
[96.5133,53.5519],
[96.5527,53.5443],
[96.6165,53.5666],
[96.6364,53.5559],
[96.6587,53.5642],
[96.6591,53.5735],
[96.6864,53.5907],
[96.6741,53.6042],
[96.706,53.6235],
[96.6879,53.6323],
[96.694,53.6394],
[96.6883,53.6463],
[96.6901,53.6489],
[96.6966,53.659],
[96.7113,53.6739],
[96.7059,53.6884],
[96.7145,53.6952],
[96.7056,53.7012],
[96.7073,53.7098],
[96.7307,53.7235],
[96.7618,53.7192],
[96.7974,53.7283],
[96.8397,53.7212],
[96.8861,53.7282],
[96.9128,53.7141],
[96.9216,53.7013],
[96.9728,53.6908],
[96.9768,53.6719],
[97.0099,53.653],
[97.057,53.6467],
[97.0765,53.6591],
[97.0898,53.6462],
[97.0857,53.6372],
[97.1246,53.6219],
[97.1263,53.6148],
[97.1764,53.6139],
[97.1829,53.6236],
[97.2031,53.619],
[97.2151,53.5942],
[97.2541,53.5848],
[97.2977,53.5799],
[97.3291,53.5888],
[97.3324,53.5693],
[97.3425,53.5595],
[97.3719,53.5556],
[97.3739,53.5441],
[97.3901,53.5437],
[97.3823,53.524],
[97.4266,53.5079],
[97.4238,53.4956],
[97.4409,53.4814],
[97.4343,53.4717],
[97.4543,53.4563],
[97.5141,53.4474],
[97.5411,53.4515],
[97.6028,53.4259],
[97.6036,53.4085],
[97.5956,53.3981],
[97.6072,53.3942],
[97.5895,53.3781],
[97.598,53.3712],
[97.6454,53.3586],
[97.6906,53.3722],
[97.7147,53.368],
[97.7283,53.3765],
[97.7596,53.3643],
[97.7875,53.3623],
[97.7984,53.3736],
[97.8128,53.3735],
[97.8661,53.3467],
[97.939,53.3496],
[97.9601,53.342],
[97.9825,53.3482],
[97.9905,53.341],
[97.9892,53.3286],
[97.9584,53.3033],
[98.0022,53.2761],
[98.0046,53.2484],
[98.0799,53.2508],
[98.1239,53.2351],
[98.1889,53.2474],
[98.2281,53.2276],
[98.2397,53.208],
[98.2971,53.2273],
[98.3204,53.211],
[98.3052,53.2045],
[98.3156,53.1868],
[98.2981,53.1748],
[98.318,53.1594],
[98.2907,53.1465],
[98.2971,53.1181],
[98.3112,53.1046],
[98.3021,53.0971],
[98.3089,53.0947],
[98.3317,53.0992],
[98.3565,53.0859],
[98.3797,53.0999],
[98.3992,53.1002],
[98.4026,53.1091],
[98.4179,53.099],
[98.4512,53.0957],
[98.5068,53.1073],
[98.6371,53.1012],
[98.6438,53.1152],
[98.6562,53.1155],
[98.6519,53.1241],
[98.6678,53.1416],
[98.6647,53.153],
[98.6792,53.1576],
[98.751,53.1492],
[98.7528,53.1389],
[98.7686,53.1319],
[98.8001,53.1342],
[98.8511,53.1214],
[98.8799,53.1257],
[98.8923,53.1173],
[98.8999,53.1237],
[98.8862,53.137],
[98.8891,53.1443],
[98.9167,53.1552],
[99.0097,53.103],
[99.0566,53.1088],
[99.064,53.0925],
[99.0495,53.0844],
[99.0268,53.0786],
[99.023,53.0657],
[99.001,53.0577],
[98.994,53.0457],
[98.9968,53.0294],
[99.0649,53.0024],
[99.0979,52.9999],
[99.1294,52.9848],
[99.1674,52.9878],
[99.1776,52.9772],
[99.204,52.9769],
[99.2304,52.9633],
[99.2737,52.9315],
[99.2584,52.9338],
[99.2234,52.9151],
[99.2243,52.8876],
[99.2331,52.8832],
[99.2263,52.8664],
[99.2058,52.8744],
[99.1709,52.8647],
[99.1474,52.8673],
[99.0587,52.8908],
[98.9741,52.9341],
[98.9604,52.9302],
[98.9369,52.9373],
[98.9241,52.9316],
[98.9245,52.9188],
[98.9101,52.9016],
[98.8929,52.8952],
[98.9012,52.8724],
[98.8707,52.8637],
[98.87,52.8519],
[98.8515,52.8366],
[98.8529,52.8252],
[98.8691,52.8142],
[98.8491,52.7953],
[98.9235,52.802],
[98.9436,52.792],
[98.9498,52.7871],
[98.9462,52.7801],
[98.9303,52.7683],
[98.9383,52.7609],
[98.9342,52.7487],
[98.9555,52.7303],
[98.9602,52.7156],
[98.9312,52.7035],
[98.9314,52.691],
[98.9404,52.6833],
[98.935,52.6785],
[98.9399,52.6718],
[98.929,52.6669],
[98.9314,52.6575],
[98.9102,52.65],
[98.87,52.6579],
[98.8639,52.6268],
[98.8312,52.6155],
[98.8085,52.6195],
[98.8056,52.6105],
[98.7861,52.6047],
[98.7937,52.5747],
[98.8003,52.573],
[98.7816,52.5671],
[98.7851,52.5603],
[98.8306,52.5394],
[98.8203,52.5275],
[98.8064,52.5334],
[98.806,52.524],
[98.8005,52.507],
[98.7705,52.5093],
[98.7587,52.4971],
[98.7352,52.4953],
[98.7344,52.4857],
[98.706,52.4703],
[98.7126,52.4587],
[98.6594,52.4265],
[98.6366,52.4256],
[98.6299,52.4147],
[98.6333,52.3945],
[98.6544,52.3921],
[98.6671,52.3678],
[98.6857,52.3553],
[98.6686,52.3407],
[98.6541,52.3076],
[98.6619,52.3041],
[98.6477,52.2795],
[98.6569,52.2631],
[98.6771,52.2652],
[98.6888,52.2827],
[98.7108,52.2909],
[98.7509,52.2888],
[98.7589,52.2736],
[98.783,52.2691],
[98.8121,52.2775],
[98.8326,52.2744],
[98.8248,52.2532],
[98.8403,52.2361],
[98.8279,52.2222],
[98.8323,52.2141],
[98.8228,52.193],
[98.8478,52.1873],
[98.8946,52.2067],
[98.9139,52.1885],
[98.9868,52.1662],
[98.9869,52.1591],
[98.9671,52.1506],
[98.9692,52.1426],
[98.9812,52.1272],
[98.9796,52.1154],
[99.0006,52.0996],
[98.9974,52.0865],
[99.0101,52.0797],
[99.0046,52.0747],
[99.0255,52.0657],
[99.0717,52.0695],
[99.083,52.0637],
[99.0854,52.0503],
[99.1038,52.0494],
[99.1281,52.0246],
[99.1736,52.0356],
[99.2179,52.0276],
[99.2366,52.0126],
[99.2761,52.0186],
[99.2805,52.0127],
[99.2686,51.9973],
[99.2826,51.9869],
[99.2631,51.9765],
[99.3055,51.9575],
[99.3364,51.9568],
[99.3649,51.94],
[99.3679,51.9538],
[99.3885,51.955],
[99.3895,51.9639],
[99.401,51.9659],
[99.4114,51.9531],
[99.4374,51.9561],
[99.4626,51.949],
[99.48,51.9555],
[99.4983,51.9514],
[99.5199,51.9685],
[99.5467,51.9601],
[99.54,51.9523],
[99.5689,51.9334],
[99.601,51.9242],
[99.5998,51.9043],
[99.6138,51.8791],
[99.6257,51.8927],
[99.665,51.9044],
[99.6827,51.8877],
[99.6954,51.9],
[99.8046,51.9137],
[99.828,51.8832],
[99.8279,51.8573],
[99.8195,51.8478],
[99.8476,51.835],
[99.8454,51.8207],
[99.8308,51.8068],
[99.8644,51.8055],
[99.8692,51.7775],
[99.8837,51.7615],
[99.8982,51.7596],
[99.9165,51.7376],
[99.9275,51.748],
[99.9645,51.7418],
[99.9798,51.7547],
[100.0087,51.7399],
[100.0614,51.7327],
[100.1034,51.7546],
[100.1387,51.7593],
[100.201,51.743],
[100.262,51.7504],
[100.2806,51.7375],
[100.2961,51.7428],
[100.3125,51.7368],
[100.3871,51.7383],
[100.4144,51.7479],
[100.4103,51.73],
[100.4438,51.7264],
[100.4529,51.7384],
[100.5289,51.7501],
[100.5355,51.7361],
[100.5865,51.7405],
[100.5974,51.7186],
[100.6231,51.7255],
[100.6562,51.7268],
[100.6573,51.7143],
[100.6685,51.7067],
[100.6929,51.7102],
[100.7345,51.6797],
[100.8102,51.6621],
[100.8228,51.6485],
[100.8507,51.648],
[100.8627,51.6417],
[100.8569,51.6337],
[100.9298,51.6068],
[100.9579,51.6159],
[100.9902,51.6128],
[101.0223,51.5872],
[101.0146,51.5804],
[101.0174,51.5703],
[101.0598,51.5712],
[101.0787,51.5598],
[101.1044,51.5912],
[101.1024,51.5792],
[101.1304,51.5481],
[101.1325,51.5242],
[101.1433,51.5201],
[101.1935,51.5224],
[101.2382,51.5466],
[101.2601,51.5426],
[101.2842,51.5081],
[101.3414,51.4895],
[101.3661,51.4716],
[101.3578,51.4677],
[101.3701,51.4558],
[101.4389,51.4557],
[101.4588,51.4707],
[101.4596,51.4912],
[101.4998,51.5033],
[101.5563,51.4928],
[101.5677,51.4699],
[101.5848,51.4812],
[101.6223,51.4692],
[101.615,51.4543],
[101.619,51.44],
[101.7491,51.4553],
[101.8041,51.4382],
[101.8285,51.4152],
[101.8637,51.417],
[101.8665,51.4086],
[101.8847,51.4085],
[101.8888,51.4008],
[101.9123,51.4144],
[101.9519,51.4137],
[101.9715,51.3927],
[101.9878,51.3951],
[102.002,51.3867],
[102.0221,51.3958],
[102.1243,51.3616],
[102.125,51.3488],
[102.1447,51.3418],
[102.184,51.295],
[102.1501,51.2795],
[102.1156,51.2878],
[102.1173,51.2559],
[102.1045,51.2465],
[102.143,51.2204],
[102.1278,51.21],
[102.1657,51.1814],
[102.1351,51.1742],
[102.1356,51.1592],
[102.1233,51.1391],
[102.135,51.1313],
[102.1328,51.1105],
[102.1402,51.0994],
[102.1699,51.0962],
[102.1641,51.0844],
[102.1492,51.0795],
[102.1511,51.0573],
[102.2036,51.0395],
[102.2302,50.9766],
[102.243,50.9749],
[102.2138,50.9538],
[102.225,50.9376],
[102.2177,50.93],
[102.2411,50.9175],
[102.2454,50.902],
[102.212,50.8758],
[102.221,50.8518],
[102.2096,50.8417],
[102.2205,50.8281],
[102.2097,50.817],
[102.2419,50.7975],
[102.2738,50.7931],
[102.3233,50.7516],
[102.3403,50.7325],
[102.3323,50.7186],
[102.3059,50.7021],
[102.3023,50.6819],
[102.3479,50.6629],
[102.3767,50.6667],
[102.3999,50.6416],
[102.4459,50.6457],
[102.4469,50.6195],
[102.4696,50.601],
[102.5362,50.5885],
[102.5539,50.556],
[102.541,50.5316],
[102.6106,50.5064],
[102.6205,50.4682],
[102.6161,50.4537],
[102.6428,50.4104],
[102.6477,50.4022],
[102.6882,50.3934],
[102.7318,50.4085],
[102.7505,50.4002],
[102.7615,50.377],
[102.8282,50.3553],
[102.837,50.3438],
[102.8477,50.332],
[102.8988,50.3291],
[102.9231,50.3104],
[102.9681,50.3045],
[103.0229,50.3059],
[103.0746,50.319],
[103.1045,50.3188],
[103.1472,50.306],
[103.1537,50.3151],
[103.1723,50.3165],
[103.1754,50.3314],
[103.2064,50.3314],
[103.2209,50.3191],
[103.2381,50.3219],
[103.2487,50.3027],
[103.2645,50.3005],
[103.2657,50.2905],
[103.2764,50.2849],
[103.2686,50.2642],
[103.2493,50.2558],
[103.276,50.2262],
[103.2563,50.21],
[103.2563,50.1929],
[103.2941,50.1859],
[103.3534,50.203],
[103.3687,50.2003],
[103.3791,50.2087],
[103.4248,50.2117],
[103.4904,50.1969],
[103.5142,50.1991],
[103.5572,50.1627],
[103.6023,50.1662],
[103.6085,50.1441],
[103.6353,50.1498],
[103.6501,50.1423],
[103.6842,50.1429],
[103.7102,50.1245],
[103.7254,50.1279],
[103.7378,50.1588],
[103.7784,50.1648],
[103.8006,50.1519],
[103.8371,50.1843],
[103.8361,50.1943],
[103.8797,50.1902],
[103.8903,50.1761],
[103.9051,50.1837],
[103.9312,50.1773],
[103.939,50.1831],
[103.9527,50.1667],
[103.9727,50.1651],
[103.9766,50.1562],
[103.9986,50.1503],
[104.0566,50.1511],
[104.0859,50.1417],
[104.1392,50.1394],
[104.1962,50.1755],
[104.2783,50.2012],
[104.2735,50.2213],
[104.2932,50.2418],
[104.3369,50.2433],
[104.3633,50.2632],
[104.3816,50.2965],
[104.3919,50.3116],
[104.4356,50.3072],
[104.4472,50.3058],
[104.4558,50.3144],
[104.49,50.3076],
[104.5069,50.3142],
[104.5337,50.3146],
[104.5612,50.3011],
[104.6088,50.3204],
[104.6227,50.3165],
[104.6502,50.3241],
[104.6684,50.3435],
[104.6731,50.3592],
[104.6992,50.3672],
[104.7097,50.3539],
[104.7234,50.3575],
[104.7633,50.3388],
[104.7695,50.3451],
[104.8117,50.341],
[104.8323,50.36],
[104.8499,50.3593],
[104.8519,50.3671],
[104.8734,50.3709],
[104.8739,50.3877],
[104.8898,50.4078],
[104.9652,50.4039],
[104.977,50.3943],
[105.0081,50.3869],
[105.088,50.3879],
[105.1045,50.3979],
[105.1202,50.3899],
[105.1563,50.4029],
[105.1632,50.4125],
[105.1981,50.4115],
[105.2586,50.4407],
[105.2696,50.448],
[105.2636,50.4599],
[105.2682,50.4654],
[105.3272,50.4731],
[105.3587,50.4769],
[105.4266,50.4442],
[105.4787,50.4444],
[105.5251,50.458],
[105.6288,50.4274],
[105.6446,50.4355],
[105.7051,50.4264],
[105.8197,50.4402],
[105.8442,50.4404],
[105.8991,50.4126],
[105.9888,50.416],
[106.0574,50.4045],
[106.0747,50.3896],
[106.0728,50.3821],
[106.0671,50.3515],
[106.0806,50.3354],
[106.1649,50.3388],
[106.183,50.3397],
[106.2097,50.3192],
[106.2612,50.2981],
[106.3179,50.3011],
[106.387,50.3194],
[106.4687,50.3181],
[106.4972,50.3242],
[106.5125,50.3429],
[106.5446,50.3432],
[106.5683,50.3346],
[106.5916,50.3385],
[106.7532,50.3126],
[106.8157,50.2982],
[106.8412,50.2832],
[106.9233,50.2383],
[107.0125,50.1991],
[107.0136,50.191],
[106.9968,50.1835],
[107.0134,50.1669],
[107,50.1572],
[107.0394,50.1291],
[107.057,50.0878],
[107.0753,50.0895],
[107.0664,50.0789],
[107.0719,50.0683],
[107.0799,50.0619],
[107.0912,50.0652],
[107.0994,50.05],
[107.152,50.0433],
[107.1461,50.0288],
[107.1643,50.0218],
[107.169,50.0134],
[107.1887,50.0148],
[107.193,50.0066],
[107.2045,50.0079],
[107.213,49.9989],
[107.2209,50.0052],
[107.2572,49.9882],
[107.2711,49.9901],
[107.2794,50.0005],
[107.3194,50.0038],
[107.3489,49.9997],
[107.383,49.9776],
[107.411,49.9793],
[107.4283,49.9717],
[107.4247,49.9788],
[107.4349,49.9835],
[107.5285,49.9756],
[107.5448,49.9857],
[107.585,49.971],
[107.6143,49.9718],
[107.6422,49.9777],
[107.6811,49.9721],
[107.6833,49.9849],
[107.7021,49.9881],
[107.7543,49.9706],
[107.7942,49.9332],
[107.8102,49.9372],
[107.8225,49.9569],
[107.8359,49.9612],
[107.8497,49.9522],
[107.8532,49.9365],
[107.9257,49.9364],
[107.9512,49.9439],
[107.9745,49.937],
[107.9704,49.9155],
[107.9192,49.8754],
[107.9233,49.8655],
[107.9444,49.8549],
[107.9319,49.8319],
[107.9367,49.8192],
[107.9806,49.8091],
[107.9726,49.7922],
[107.9485,49.7848],
[107.9698,49.7474],
[107.9677,49.735],
[107.9343,49.7114],
[107.9471,49.6706],
[107.9683,49.6548],
[108.023,49.6734],
[108.0242,49.6535],
[108.0349,49.6379],
[108.0275,49.6223],
[108.1308,49.5835],
[108.1243,49.5771],
[108.1611,49.5618],
[108.1959,49.559],
[108.2343,49.5402],
[108.2978,49.5399],
[108.3065,49.5077],
[108.3306,49.4975],
[108.3502,49.4656],
[108.3564,49.4279],
[108.4258,49.4135],
[108.4381,49.3938],
[108.431,49.3721],
[108.4662,49.3567],
[108.4701,49.3612],
[108.5175,49.3227],
[108.5714,49.3311],
[108.6081,49.3273],
[108.6525,49.3473],
[108.7178,49.3349],
[108.7464,49.3416],
[108.7962,49.3346],
[108.8206,49.3432],
[108.8488,49.3266],
[108.8621,49.3377],
[108.8912,49.3337],
[108.9086,49.345],
[108.9416,49.3462],
[109.0388,49.3246],
[109.1946,49.3523],
[109.3455,49.3249],
[109.39,49.3003],
[109.4222,49.2944],
[109.4325,49.2729],
[109.4753,49.2674],
[109.487,49.2432],
[109.4996,49.2362],
[109.5591,49.2208],
[109.6838,49.226],
[109.7939,49.2163],
[109.8533,49.2016],
[109.9026,49.2057],
[110.0306,49.1851],
[110.0924,49.1831],
[110.1199,49.178],
[110.1352,49.1664],
[110.1998,49.1542],
[110.2654,49.1717],
[110.3281,49.1991],
[110.3905,49.2515],
[110.4043,49.2489],
[110.4142,49.2283],
[110.4252,49.223],
[110.5244,49.1901],
[110.5518,49.1938],
[110.7083,49.1701],
[110.8193,49.182],
[111.0786,49.262],
[111.2768,49.3104],
[111.3748,49.3577],
[111.5231,49.3232],
[111.689,49.3842],
[111.7551,49.3865],
[111.8018,49.3788],
[111.8483,49.3746],
[111.9412,49.3797],
[111.9961,49.3919],
[112.128,49.4311],
[112.1946,49.4466],
[112.2783,49.4844],
[112.3555,49.4993],
[112.4865,49.5241],
[112.6021,49.51],
[112.6436,49.5139],
[112.6889,49.5041],
[112.7226,49.52],
[112.7442,49.5079],
[112.7858,49.5151],
[112.8108,49.5159],
[112.9151,49.5691],
[112.9475,49.5847],
[113.0143,49.5935],
[113.0439,49.6082],
[113.0686,49.6348],
[113.0736,49.6563],
[113.1144,49.7014],
[113.1283,49.7335],
[113.1597,49.7536],
[113.1623,49.7805],
[113.2061,49.8283],
[113.2628,49.8558],
[113.4739,49.9354],
[113.4888,49.9736],
[113.534,49.9792],
[113.5919,49.9848],
[113.6404,49.9927],
[113.7103,50.0442],
[113.7341,50.0706],
[113.7752,50.0814],
[113.8958,50.1116],
[114,50.1637],
[114.0621,50.1836],
[114.1055,50.2112],
[114.1784,50.243],
[114.3388,50.2827],
[114.4677,50.2335],
[114.5501,50.2345],
[114.6171,50.2456],
[114.7029,50.2423],
[114.7523,50.2338],
[114.8312,50.2237],
[114.9647,50.1821],
[115.0075,50.1639],
[115.039,50.1366],
[115.0685,50.1091],
[115.0677,50.0939],
[115.0793,50.0833],
[115.1292,50.0572],
[115.2239,49.9884],
[115.3687,49.9387],
[115.4712,49.9195],
[115.5067,49.9071],
[115.6099,49.9003],
[115.6548,49.8891],
[115.7454,49.8872],
[115.9829,49.9707],
[116.0727,50.0137],
[116.1857,50.0307],
[116.233,50.0359],
[116.3982,49.9809],
[116.531,49.9454],
[116.6216,49.9311],
[116.6495,49.9023],
[116.7059,49.8527],
[116.7137,49.8457],
[117.0614,49.6856],
[117.1325,49.6668],
[117.2145,49.6459],
[117.2733,49.6308],
[117.3092,49.6304],
[117.4542,49.6268],
[117.4716,49.6264],
[117.5908,49.5811],
[117.5968,49.5788],
[117.7929,49.5202],
[117.7934,49.52],
[117.832,49.5423],
[117.8376,49.5408],
[117.8337,49.5294],
[117.845,49.5296],
[117.8576,49.5105],
[117.8803,49.513],
[117.8772,49.5335],
[117.8692,49.5375],
[117.8847,49.5435],
[117.8909,49.5936],
[117.9278,49.5985],
[117.9434,49.5937],
[117.9542,49.6055],
[117.9451,49.6029],
[117.9467,49.6082],
[117.9667,49.6097],
[117.9809,49.6215],
[118.0107,49.6127],
[118.074,49.6138],
[118.0871,49.6306],
[118.0819,49.6324],
[118.0994,49.6355],
[118.0955,49.645],
[118.1113,49.646],
[118.1039,49.6546],
[118.1123,49.6546],
[118.1085,49.663],
[118.1157,49.6672],
[118.1059,49.6703],
[118.1366,49.6615],
[118.1498,49.658],
[118.1549,49.6671],
[118.1655,49.659],
[118.1604,49.6657],
[118.1735,49.6746],
[118.1706,49.6821],
[118.1983,49.6827],
[118.2129,49.7022],
[118.2031,49.7102],
[118.2246,49.7146],
[118.2347,49.7309],
[118.2271,49.7363],
[118.2841,49.7443],
[118.2926,49.7507],
[118.2864,49.7539],
[118.3035,49.7593],
[118.3058,49.773],
[118.3228,49.7677],
[118.3275,49.7641],
[118.3457,49.7782],
[118.3791,49.7774],
[118.3811,49.7839],
[118.3717,49.7872],
[118.3819,49.7917],
[118.3772,49.7985],
[118.3958,49.8047],
[118.3776,49.8256],
[118.4178,49.8227],
[118.4324,49.834],
[118.4546,49.8356],
[118.4656,49.823],
[118.4769,49.8293],
[118.4672,49.83],
[118.4754,49.8369],
[118.4677,49.8388],
[118.4914,49.8388],
[118.4792,49.8484],
[118.479,49.8555],
[118.4909,49.8582],
[118.4774,49.8649],
[118.4859,49.8673],
[118.48,49.8711],
[118.5177,49.8806],
[118.5243,49.8875],
[118.5189,49.8964],
[118.5267,49.901],
[118.5577,49.9003],
[118.543,49.9072],
[118.5618,49.9111],
[118.5533,49.9191],
[118.5669,49.93],
[118.5738,49.9248],
[118.5903,49.9318],
[118.5985,49.9252],
[118.6002,49.9334],
[118.6092,49.9243],
[118.6041,49.9341],
[118.6198,49.9369],
[118.61,49.9427],
[118.6151,49.948],
[118.6379,49.9357],
[118.6494,49.9381],
[118.643,49.9491],
[118.659,49.9475],
[118.6538,49.9535],
[118.69,49.9476],
[118.6895,49.9556],
[118.7059,49.9474],
[118.7407,49.9494],
[118.7471,49.9469],
[118.7572,49.9587],
[118.7828,49.9525],
[118.7874,49.9564],
[118.78,49.9597],
[118.7966,49.9677],
[118.8277,49.9589],
[118.8396,49.966],
[118.8439,49.9683],
[118.8713,49.9696],
[118.87,49.9795],
[118.8817,49.9726],
[118.9037,49.9765],
[118.9336,49.9924],
[118.9704,49.9862],
[118.9631,49.9829],
[118.9758,49.9767],
[119.0341,49.9883],
[119.0485,49.9786],
[119.067,49.9919],
[119.0828,49.984],
[119.103,49.9988],
[119.1002,50.0043],
[119.1109,50.0002],
[119.1164,50.0173],
[119.147,50.0253],
[119.1365,50.0287],
[119.1466,50.0305],
[119.1558,50.0213],
[119.1572,50.0344],
[119.1751,50.0412],
[119.1684,50.0452],
[119.1731,50.0482],
[119.1809,50.0562],
[119.1722,50.0608],
[119.1868,50.0681],
[119.1786,50.0726],
[119.1851,50.0743],
[119.1818,50.0875],
[119.1981,50.0776],
[119.2353,50.0755],
[119.233,50.086],
[119.2533,50.0933],
[119.2497,50.099],
[119.2861,50.1094],
[119.292,50.1178],
[119.2819,50.1211],
[119.2892,50.1363],
[119.3006,50.132],
[119.2972,50.1549],
[119.3192,50.1628],
[119.3312,50.1757],
[119.3287,50.1878],
[119.3527,50.1945],
[119.3098,50.2164],
[119.3165,50.2349],
[119.3263,50.2355],
[119.319,50.2389],
[119.3324,50.243],
[119.3287,50.2562],
[119.3401,50.2547],
[119.3241,50.2618],
[119.3331,50.2755],
[119.316,50.2809],
[119.3439,50.2843],
[119.3433,50.3028],
[119.3791,50.3204],
[119.3501,50.3261],
[119.3648,50.3316],
[119.3629,50.3414],
[119.3511,50.345],
[119.3616,50.3492],
[119.3508,50.3576],
[119.3214,50.3605],
[119.3128,50.35],
[119.2979,50.3551],
[119.3003,50.3461],
[119.2944,50.3442],
[119.2902,50.355],
[119.269,50.3647],
[119.2468,50.3417],
[119.2283,50.3456],
[119.2241,50.364],
[119.2049,50.3625],
[119.1754,50.3467],
[119.1716,50.353],
[119.1881,50.3615],
[119.1514,50.3581],
[119.1494,50.366],
[119.1693,50.3771],
[119.1477,50.3793],
[119.1427,50.3902],
[119.1526,50.3901],
[119.1505,50.4001],
[119.1675,50.397],
[119.1556,50.4045],
[119.1631,50.4043],
[119.1687,50.4126],
[119.1628,50.4165],
[119.176,50.422],
[119.2059,50.4092],
[119.2042,50.4229],
[119.2174,50.4285],
[119.2155,50.4403],
[119.2358,50.4412],
[119.2438,50.4482],
[119.2329,50.4606],
[119.2568,50.4686],
[119.2551,50.488],
[119.2255,50.5009],
[119.2556,50.5099],
[119.2569,50.5381],
[119.2712,50.5428],
[119.275,50.5522],
[119.2578,50.5616],
[119.2632,50.5696],
[119.2885,50.5737],
[119.2914,50.5826],
[119.2742,50.6034],
[119.2883,50.6149],
[119.3265,50.6236],
[119.3282,50.6407],
[119.3441,50.6281],
[119.3601,50.6378],
[119.3696,50.6549],
[119.3865,50.6622],
[119.3724,50.6716],
[119.3736,50.68],
[119.4137,50.6853],
[119.4257,50.6831],
[119.4399,50.6922],
[119.4917,50.7462],
[119.4994,50.7638],
[119.4869,50.7738],
[119.5028,50.7758],
[119.4968,50.786],
[119.5156,50.7888],
[119.5043,50.7968],
[119.5023,50.8188],
[119.4904,50.8274],
[119.4879,50.8436],
[119.5117,50.8423],
[119.5143,50.8492],
[119.5028,50.8577],
[119.5217,50.8631],
[119.5273,50.8827],
[119.5105,50.8975],
[119.563,50.9337],
[119.5685,50.9464],
[119.5897,50.9824],
[119.6088,50.9886],
[119.6145,50.9908],
[119.6239,50.9956],
[119.6244,51.009],
[119.6629,51.012],
[119.6875,51.0291],
[119.6907,51.0133],
[119.699,51.0179],
[119.6978,51.0275],
[119.6946,51.0388],
[119.7176,51.0481],
[119.7216,51.0649],
[119.7089,51.072],
[119.7359,51.0742],
[119.7354,51.086],
[119.7563,51.0906],
[119.7588,51.1024],
[119.7436,51.1147],
[119.7696,51.1327],
[119.7749,51.1547],
[119.7519,51.1635],
[119.7789,51.1624],
[119.7801,51.1744],
[119.7677,51.1802],
[119.7525,51.2127],
[119.7781,51.2245],
[119.8132,51.2129],
[119.8148,51.2291],
[119.7903,51.244],
[119.8206,51.2612],
[119.8039,51.2803],
[119.8414,51.2936],
[119.8746,51.2969],
[119.8783,51.3375],
[119.9162,51.3447],
[119.9396,51.3608],
[119.9079,51.3731],
[119.9023,51.389],
[119.9646,51.3996],
[119.9683,51.4352],
[119.9954,51.4536],
[119.9753,51.481],
[119.985,51.4961],
[119.9781,51.5043],
[120.007,51.5172],
[120.0224,51.5304],
[120.0264,51.5448],
[120.0444,51.5513],
[120.0428,51.5703],
[120.0276,51.5836],
[120.0437,51.6069],
[120.0569,51.6368],
[120.0953,51.649],
[120.0804,51.6783],
[120.1304,51.6721],
[120.1667,51.6781],
[120.2251,51.7257],
[120.2539,51.7324],
[120.2657,51.7495],
[120.2875,51.7498],
[120.3085,51.7835],
[120.3558,51.7874],
[120.3683,51.8063],
[120.3989,51.8136],
[120.394,51.832],
[120.4698,51.8515],
[120.4747,51.8614],
[120.4645,51.8767],
[120.4697,51.8825],
[120.5355,51.878],
[120.546,51.8868],
[120.541,51.9053],
[120.5505,51.9122],
[120.5811,51.9088],
[120.6476,51.9227],
[120.6553,51.9308],
[120.6542,51.9548],
[120.697,51.9811],
[120.7118,52.0072],
[120.6791,52.0362],
[120.7191,52.0774],
[120.7458,52.0782],
[120.7348,52.0925],
[120.7609,52.1085],
[120.7537,52.1357],
[120.7795,52.1585],
[120.7391,52.2045],
[120.7374,52.2255],
[120.756,52.2467],
[120.747,52.2575],
[120.7108,52.2589],
[120.6928,52.287],
[120.6496,52.2999],
[120.6214,52.3247],
[120.6151,52.3579],
[120.6431,52.3624],
[120.6427,52.3896],
[120.6836,52.4357],
[120.6766,52.4659],
[120.6998,52.4913],
[120.6804,52.5105],
[120.7226,52.5299],
[120.7223,52.544],
[120.7082,52.5504],
[120.6812,52.5466],
[120.6557,52.5662],
[120.6184,52.5706],
[120.5953,52.5905],
[120.554,52.5952],
[120.459,52.6435],
[120.4291,52.6383],
[120.4014,52.6187],
[120.282,52.6221],
[120.1846,52.577],
[120.074,52.584],
[120.0412,52.5977],
[120.0268,52.6355],
[120.0618,52.7072],
[120.0281,52.7587],
[120.0266,52.7763],
[120.0859,52.7838],
[120.1374,52.8127],
[120.1792,52.8081],
[120.217,52.8423],
[120.2874,52.8658],
[120.289,52.8922],
[120.339,52.8999],
[120.3529,52.9375],
[120.4059,52.9581],
[120.4124,52.9698],
[120.4369,53.0024],
[120.5199,53.0428],
[120.538,53.0705],
[120.6037,53.0986],
[120.636,53.1039],
[120.65,53.1337],
[120.6876,53.1453],
[120.6914,53.1586],
[120.6846,53.1751],
[120.8103,53.2398],
[120.8327,53.2387],
[120.8332,53.2476],
[120.8126,53.2664],
[120.8751,53.2821],
[120.875,53.2927],
[120.8987,53.2852],
[120.9255,53.2854],
[120.9485,53.2964],
[121.0355,53.2869],
[121.0641,53.3027],
[121.0875,53.3053],
[121.1097,53.2936],
[121.1218,53.2752],
[121.1476,53.283],
[121.2265,53.2792],
[121.2454,53.2903],
[121.276,53.2888],
[121.299,53.2988],
[121.3271,53.3232],
[121.3783,53.3187],
[121.4456,53.322],
[121.4819,53.3329],
[121.4929,53.334],
[121.5581,53.3451],
[121.6561,53.3739],
[121.6842,53.3901],
[121.7338,53.3859],
[121.871,53.4263],
[121.9079,53.4215],
[121.9922,53.4286],
[122.0689,53.4202],
[122.1118,53.4315],
[122.1592,53.4691],
[122.2436,53.4637],
[122.3272,53.5014],
[122.3497,53.5003],
[122.3756,53.4668],
[122.4297,53.4432],
[122.4537,53.4429],
[122.4803,53.4573],
[122.5309,53.4506],
[122.5961,53.4639],
[122.8261,53.4558],
[122.893,53.4615],
[122.9332,53.4805],
[123.06,53.5067],
[123.1373,53.4981],
[123.1714,53.5085],
[123.223,53.5496],
[123.2462,53.557],
[123.3044,53.5597],
[123.3287,53.5492],
[123.3755,53.5365],
[123.4484,53.5341],
[123.4711,53.5003],
[123.492,53.4963],
[123.5019,53.5094],
[123.4786,53.5281],
[123.4915,53.5489],
[123.5059,53.555],
[123.5335,53.5534],
[123.5504,53.5401],
[123.5502,53.5283],
[123.5229,53.5026],
[123.5392,53.495],
[123.563,53.504],
[123.583,53.5475],
[123.6218,53.5453],
[123.6483,53.5313],
[123.6855,53.4983],
[123.7089,53.4909],
[123.7456,53.4967],
[123.7965,53.486],
[123.8551,53.4874],
[123.9783,53.4298],
[124.0081,53.3976],
[124.0512,53.4011],
[124.0746,53.3885],
[124.0707,53.3689],
[124.0821,53.359],
[124.1204,53.3453],
[124.165,53.3672],
[124.2323,53.3778],
[124.2797,53.3461],
[124.3203,53.3292],
[124.3393,53.2941],
[124.3601,53.2737],
[124.3619,53.2592],
[124.4034,53.2478],
[124.4373,53.214],
[124.4798,53.2176],
[124.5097,53.2019],
[124.6369,53.2072],
[124.6968,53.1941],
[124.7198,53.1831],
[124.7066,53.1636],
[124.7117,53.1514],
[124.7508,53.1399],
[124.8239,53.1431],
[124.8349,53.1376],
[124.8486,53.1057],
[124.8824,53.0963],
[124.8935,53.1013],
[124.8996,53.1216],
[124.8779,53.1553],
[124.8805,53.1655],
[124.9755,53.1958],
[125.1578,53.2038],
[125.2502,53.1763],
[125.2774,53.1594],
[125.3023,53.1459],
[125.4087,53.1171],
[125.4811,53.1002],
[125.4981,53.0885],
[125.4968,53.0607],
[125.5076,53.0485],
[125.5836,53.0798],
[125.6143,53.078],
[125.6291,53.0649],
[125.6367,53.035],
[125.6727,53.0073],
[125.7427,52.984],
[125.7248,52.9697],
[125.7243,52.9388],
[125.6663,52.9224],
[125.6536,52.9051],
[125.6555,52.869],
[125.6655,52.8612],
[125.6958,52.8663],
[125.7182,52.8796],
[125.7444,52.8795],
[125.7667,52.8967],
[125.8464,52.8896],
[125.8445,52.8676],
[125.9092,52.8186],
[125.9287,52.7696],
[125.9676,52.7565],
[125.9924,52.7678],
[126.0083,52.7927],
[126.0436,52.7979],
[126.1091,52.7658],
[126.1078,52.7571],
[126.0377,52.7403],
[126.0656,52.6949],
[126.063,52.6814],
[125.9834,52.6732],
[125.9617,52.6504],
[125.9633,52.6225],
[125.9728,52.6086],
[126.012,52.5785],
[126.027,52.5739],
[126.0459,52.5804],
[126.0548,52.6016],
[126.0961,52.5927],
[126.1521,52.5635],
[126.2017,52.531],
[126.1851,52.4942],
[126.184,52.4696],
[126.1989,52.4642],
[126.2626,52.4736],
[126.34,52.3959],
[126.3469,52.3831],
[126.3405,52.3549],
[126.3109,52.337],
[126.3207,52.3221],
[126.3373,52.3021],
[126.3959,52.3015],
[126.4252,52.297],
[126.4326,52.2801],
[126.3969,52.2802],
[126.3462,52.2624],
[126.3114,52.24],
[126.2951,52.216],
[126.3132,52.1994],
[126.4018,52.183],
[126.4302,52.1684],
[126.4899,52.1597],
[126.5451,52.1367],
[126.5566,52.1201],
[126.5368,52.0988],
[126.5312,52.0681],
[126.5125,52.0532],
[126.5148,52.0372],
[126.4752,52.0406],
[126.4383,52.0255],
[126.4336,52.0142],
[126.4535,51.9917],
[126.4619,51.9779],
[126.4541,51.9615],
[126.4566,51.9441],
[126.5018,51.9221],
[126.5095,51.904],
[126.5378,51.885],
[126.5572,51.8597],
[126.5751,51.823],
[126.5983,51.8042],
[126.6177,51.7744],
[126.6574,51.7583],
[126.6591,51.7342],
[126.6709,51.7272],
[126.7156,51.7269],
[126.7279,51.7066],
[126.7128,51.6819],
[126.7317,51.6572],
[126.7336,51.6376],
[126.7217,51.6245],
[126.6802,51.6107],
[126.6695,51.5987],
[126.6726,51.5908],
[126.7087,51.5686],
[126.8331,51.5344],
[126.8386,51.5232],
[126.8064,51.4933],
[126.7758,51.4438],
[126.801,51.4207],
[126.8961,51.4082],
[126.9147,51.3902],
[126.9238,51.3628],
[126.9179,51.3499],
[126.893,51.3391],
[126.8275,51.3414],
[126.8077,51.3132],
[126.8115,51.2891],
[126.8436,51.2528],
[126.8608,51.2456],
[126.8999,51.2449],
[126.9157,51.2613],
[126.9032,51.2816],
[126.8767,51.2955],
[126.8676,51.3093],
[126.8809,51.321],
[126.96,51.3329],
[126.9773,51.3202],
[126.9742,51.3002],
[126.9175,51.2358],
[126.8942,51.2033],
[126.9111,51.1399],
[126.9177,51.057],
[126.9858,51.0211],
[127.0243,50.9789],
[127.0463,50.9606],
[127.1062,50.9369],
[127.1477,50.8933],
[127.2331,50.7739],
[127.2913,50.7547],
[127.3002,50.7453],
[127.3011,50.7355],
[127.281,50.7073],
[127.2874,50.6638],
[127.3297,50.6251],
[127.343,50.6106],
[127.3655,50.5833],
[127.3564,50.5456],
[127.3108,50.5239],
[127.304,50.4921],
[127.2862,50.4702],
[127.2922,50.4568],
[127.353,50.4435],
[127.3627,50.4344],
[127.3639,50.4038],
[127.3265,50.358],
[127.3253,50.3351],
[127.3523,50.3087],
[127.3807,50.2851],
[127.4082,50.2783],
[127.442,50.2708],
[127.6015,50.2375],
[127.6029,50.2114],
[127.6,50.2008],
[127.6033,50.1809],
[127.5853,50.1457],
[127.5575,50.1163],
[127.5222,50.0867],
[127.5016,50.0594],
[127.4889,50.0127],
[127.499,49.9719],
[127.5313,49.9476],
[127.534,49.9438],
[127.5417,49.917],
[127.5234,49.858],
[127.5254,49.8191],
[127.5409,49.801],
[127.5566,49.7904],
[127.6652,49.7704],
[127.6724,49.7502],
[127.673,49.695],
[127.6872,49.667],
[127.7276,49.6473],
[127.7564,49.6377],
[127.784,49.6158],
[127.7983,49.5934],
[127.8428,49.5745],
[127.9104,49.5743],
[127.959,49.5964],
[127.9828,49.5843],
[128.0107,49.5762],
[128.0345,49.5556],
[128.1043,49.5443],
[128.1298,49.5483],
[128.1695,49.5361],
[128.2059,49.5388],
[128.2234,49.55],
[128.2345,49.5613],
[128.2808,49.5642],
[128.3167,49.5435],
[128.3296,49.5402],
[128.3574,49.5517],
[128.3697,49.5853],
[128.4553,49.5894],
[128.4828,49.5915],
[128.5262,49.601],
[128.5841,49.5929],
[128.6201,49.5904],
[128.6584,49.57],
[128.7174,49.5623],
[128.7304,49.591],
[128.7528,49.5934],
[128.7884,49.5812],
[128.803,49.5649],
[128.7945,49.5426],
[128.7472,49.5131],
[128.739,49.4964],
[128.7432,49.4831],
[128.757,49.4758],
[128.7933,49.4718],
[128.8603,49.4896],
[128.8936,49.481],
[128.9289,49.4611],
[128.9837,49.4569],
[129.006,49.4451],
[129.0399,49.4079],
[129.0505,49.3746],
[129.0734,49.3536],
[129.1262,49.3505],
[129.1746,49.3885],
[129.226,49.3995],
[129.2611,49.3918],
[129.3088,49.357],
[129.3521,49.3517],
[129.3672,49.3566],
[129.3779,49.3757],
[129.3656,49.3892],
[129.3688,49.4182],
[129.393,49.4346],
[129.4303,49.4416],
[129.5007,49.4247],
[129.5366,49.398],
[129.5454,49.3537],
[129.5477,49.3232],
[129.5593,49.2895],
[129.5772,49.2781],
[129.6,49.2758],
[129.6906,49.2963],
[129.7105,49.2911],
[129.7444,49.2644],
[129.7442,49.2506],
[129.7513,49.2041],
[129.776,49.1798],
[129.8424,49.1771],
[129.8529,49.1705],
[129.86,49.151],
[129.8483,49.133],
[129.849,49.1151],
[129.8584,49.1083],
[129.8991,49.106],
[129.9223,49.0943],
[129.9277,49.0735],
[129.9092,49.0581],
[129.9138,49.0425],
[129.9278,49.0327],
[129.9979,49.02],
[130.0197,49.0093],
[130.0506,48.9721],
[130.1643,48.9174],
[130.2243,48.8652],
[130.2419,48.8604],
[130.2939,48.869],
[130.3596,48.8917],
[130.4211,48.9039],
[130.4647,48.9003],
[130.4843,48.8685],
[130.5186,48.8534],
[130.5594,48.8583],
[130.63,48.8819],
[130.6693,48.8771],
[130.6821,48.8653],
[130.6812,48.8524],
[130.6157,48.7884],
[130.589,48.7385],
[130.5256,48.6336],
[130.5228,48.6121],
[130.5852,48.5953],
[130.5994,48.585],
[130.6074,48.5659],
[130.6084,48.5019],
[130.6256,48.4885],
[130.6601,48.4903],
[130.7171,48.5124],
[130.7347,48.5124],
[130.7626,48.4882],
[130.7599,48.476],
[130.7338,48.4489],
[130.7321,48.4303],
[130.7663,48.3585],
[130.7768,48.3518],
[130.8109,48.3428],
[130.8356,48.3017],
[130.797,48.2585],
[130.7649,48.2474],
[130.7496,48.2143],
[130.7468,48.1812],
[130.6673,48.1317],
[130.6537,48.1077],
[130.6562,48.0953],
[130.676,48.0814],
[130.6817,48.0472],
[130.7238,48.0321],
[130.741,48.0056],
[130.864,47.9362],
[130.8805,47.9178],
[130.9498,47.8255],
[130.9575,47.7203],
[130.9937,47.6962],
[131.0895,47.6832],
[131.1751,47.6953],
[131.2073,47.7203],
[131.2546,47.7348],
[131.3075,47.7292],
[131.366,47.7267],
[131.4248,47.7434],
[131.5214,47.7365],
[131.5475,47.7266],
[131.5541,47.714],
[131.5522,47.6825],
[131.5823,47.6586],
[131.622,47.6569],
[131.6451,47.6683],
[131.6767,47.7014],
[131.7101,47.7085],
[131.736,47.7033],
[131.7648,47.682],
[131.8122,47.6672],
[131.8669,47.6734],
[131.9099,47.6889],
[131.9266,47.6659],
[131.9427,47.6614],
[131.9828,47.6698],
[131.9892,47.7008],
[131.9995,47.7112],
[132.0157,47.7145],
[132.0454,47.6999],
[132.1106,47.7037],
[132.1554,47.703],
[132.2067,47.7147],
[132.2528,47.7081],
[132.2776,47.7201],
[132.2829,47.742],
[132.2929,47.7507],
[132.3436,47.7578],
[132.3844,47.7507],
[132.428,47.7302],
[132.4606,47.7302],
[132.4848,47.7158],
[132.5095,47.7174],
[132.5487,47.7143],
[132.6037,47.7421],
[132.5901,47.7716],
[132.5987,47.8103],
[132.6805,47.8721],
[132.6823,47.8854],
[132.6521,47.9356],
[132.6662,47.9559],
[132.7192,47.9619],
[132.7805,47.9251],
[132.8158,47.935],
[132.8631,47.9917],
[133.0078,48.0405],
[133.03,48.0821],
[133.049,48.1025],
[133.0653,48.1072],
[133.1818,48.1087],
[133.266,48.0928],
[133.3098,48.0981],
[133.3915,48.1236],
[133.4645,48.1091],
[133.5566,48.1303],
[133.5655,48.1374],
[133.5802,48.1886],
[133.5934,48.1983],
[133.6136,48.1999],
[133.6776,48.1822],
[133.7032,48.1843],
[133.7167,48.1915],
[133.7464,48.2568],
[133.7978,48.26],
[133.8338,48.2757],
[133.9496,48.3043],
[133.9941,48.3022],
[134.0074,48.3088],
[134.0144,48.3312],
[134.034,48.3451],
[134.1232,48.3319],
[134.14,48.3382],
[134.1883,48.3837],
[134.2703,48.379],
[134.3976,48.3863],
[134.4845,48.3491],
[134.5397,48.3518],
[134.5669,48.3718],
[134.5807,48.363],
[134.584,48.3359],
[134.6305,48.2975],
[134.723,48.2746],
[134.6761,48.2573],
[134.667,48.2355],
[134.6751,48.1851],
[134.6662,48.175],
[134.6691,48.1551],
[134.6396,48.1288],
[134.6277,48.0968],
[134.5763,48.0621],
[134.5669,48.0412],
[134.5447,48.0324],
[134.552,48.0075],
[134.5439,47.985],
[134.5815,47.9548],
[134.6015,47.932],
[134.6013,47.9036],
[134.6475,47.8995],
[134.6698,47.8817],
[134.6609,47.8581],
[134.6671,47.8443],
[134.6626,47.8261],
[134.6936,47.8074],
[134.7661,47.7578],
[134.7752,47.74],
[134.7704,47.7151],
[134.7436,47.6837],
[134.6763,47.6295],
[134.6804,47.5981],
[134.6716,47.5869],
[134.6436,47.5713],
[134.6119,47.5363],
[134.5725,47.5185],
[134.5631,47.4784],
[134.5147,47.4649],
[134.4862,47.443],
[134.4501,47.4465],
[134.397,47.4345],
[134.3451,47.441],
[134.3076,47.4305],
[134.2609,47.3953],
[134.2538,47.3642],
[134.1944,47.3422],
[134.1693,47.3184],
[134.1501,47.253],
[134.1658,47.2325],
[134.2082,47.2035],
[134.2237,47.1662],
[134.2178,47.1077],
[134.1931,47.0974],
[134.1398,47.0925],
[134.1134,47.0617],
[134.1141,47.0425],
[134.0966,47.0088],
[134.0557,46.9751],
[134.0674,46.9556],
[134.0681,46.9329],
[134.0355,46.8855],
[134.0348,46.8449],
[134.0142,46.8237],
[134.0162,46.8108],
[134.0468,46.7742],
[134.0265,46.7546],
[134.0162,46.724],
[134.0238,46.6963],
[134.0099,46.649],
[134.0024,46.634],
[133.9131,46.5962],
[133.8865,46.5263],
[133.8639,46.5064],
[133.8415,46.4723],
[133.8434,46.4495],
[133.8543,46.4435],
[133.8908,46.4468],
[133.9274,46.4195],
[133.9415,46.3927],
[133.9374,46.3795],
[133.8652,46.3542],
[133.8627,46.3368],
[133.8928,46.3251],
[133.9168,46.331],
[133.8996,46.3012],
[133.9107,46.2635],
[133.8536,46.2486],
[133.8723,46.2305],
[133.8564,46.2244],
[133.8465,46.2031],
[133.8314,46.2006],
[133.8255,46.207],
[133.823,46.2236],
[133.8066,46.2292],
[133.778,46.184],
[133.7427,46.166],
[133.688,46.1556],
[133.6818,46.1377],
[133.7052,46.0995],
[133.735,46.0772],
[133.7356,46.0541],
[133.6756,45.9884],
[133.6737,45.9715],
[133.6767,45.961],
[133.6667,45.9397],
[133.6246,45.9443],
[133.5977,45.9327],
[133.612,45.9048],
[133.5884,45.8891],
[133.5911,45.8728],
[133.5847,45.8672],
[133.5595,45.876],
[133.5405,45.8957],
[133.5049,45.8887],
[133.505,45.8657],
[133.4867,45.8661],
[133.4782,45.8556],
[133.4897,45.8371],
[133.4617,45.8357],
[133.4627,45.8236],
[133.4649,45.7926],
[133.4889,45.7913],
[133.4977,45.7781],
[133.4912,45.7725],
[133.4758,45.7805],
[133.4624,45.7773],
[133.4651,45.7656],
[133.4573,45.7557],
[133.4799,45.7382],
[133.4474,45.7304],
[133.4209,45.6943],
[133.4293,45.6915],
[133.4397,45.7043],
[133.4539,45.6909],
[133.4744,45.6912],
[133.4828,45.6614],
[133.4401,45.6487],
[133.4403,45.6408],
[133.4665,45.6269],
[133.4663,45.6164],
[133.4311,45.6281],
[133.4214,45.6102],
[133.4046,45.6171],
[133.4104,45.6056],
[133.4037,45.5962],
[133.4153,45.5829],
[133.4157,45.5816],
[133.4052,45.569],
[133.3899,45.5698],
[133.3862,45.5779],
[133.3727,45.5701],
[133.3644,45.5755],
[133.3669,45.5675],
[133.3422,45.5662],
[133.3481,45.5617],
[133.3325,45.5508],
[133.3238,45.5595],
[133.318,45.5484],
[133.2846,45.5419],
[133.2854,45.5339],
[133.2729,45.5374],
[133.2739,45.5264],
[133.265,45.5316],
[133.2464,45.5162],
[133.2284,45.5214],
[133.2244,45.5108],
[133.1936,45.5143],
[133.2043,45.5056],
[133.184,45.4989],
[133.1894,45.493],
[133.178,45.4899],
[133.1858,45.4796],
[133.1615,45.4647],
[133.1727,45.4619],
[133.1599,45.4603],
[133.1691,45.4585],
[133.1614,45.4547],
[133.1656,45.4476],
[133.1527,45.4459],
[133.1643,45.4417],
[133.1406,45.4352],
[133.152,45.4272],
[133.1339,45.4273],
[133.1333,45.4134],
[133.1403,45.4058],
[133.1306,45.401],
[133.1425,45.3956],
[133.1392,45.3822],
[133.1311,45.38],
[133.1414,45.3755],
[133.1335,45.3635],
[133.1255,45.3717],
[133.1265,45.3605],
[133.112,45.3516],
[133.1239,45.3345],
[133.0989,45.3194],
[133.108,45.3174],
[133.0989,45.3107],
[133.1137,45.3094],
[133.0973,45.3032],
[133.1077,45.2989],
[133.0973,45.2922],
[133.0898,45.2889],
[133.0999,45.286],
[133.0886,45.2799],
[133.1031,45.2774],
[133.0897,45.2702],
[133.1021,45.2727],
[133.1051,45.2648],
[133.0901,45.2646],
[133.0894,45.2468],
[133.1021,45.2517],
[133.0994,45.243],
[133.0869,45.2439],
[133.1028,45.2399],
[133.0959,45.236],
[133.1056,45.2355],
[133.1005,45.2292],
[133.1072,45.2325],
[133.1073,45.2229],
[133.1189,45.2198],
[133.1124,45.212],
[133.1223,45.2094],
[133.1174,45.1956],
[133.1254,45.1985],
[133.1237,45.1912],
[133.1307,45.19],
[133.1252,45.1871],
[133.131,45.1746],
[133.1201,45.1712],
[133.1278,45.1725],
[133.1216,45.1599],
[133.1316,45.1583],
[133.1217,45.1522],
[133.1336,45.1491],
[133.1191,45.1345],
[133.1287,45.1422],
[133.1331,45.1381],
[133.1272,45.1375],
[133.1325,45.1253],
[133.1007,45.1233],
[133.1002,45.1121],
[133.0924,45.1129],
[133.0953,45.1024],
[133.0585,45.0888],
[133.0627,45.0836],
[133.0324,45.0681],
[133.0389,45.0676],
[133.0313,45.059],
[133.0375,45.0564],
[133.0035,45.0454],
[133.0046,45.0404],
[132.9815,45.0407],
[132.9846,45.0353],
[132.9729,45.0332],
[132.9837,45.0331],
[132.9805,45.0291],
[132.9684,45.0282],
[132.9728,45.0207],
[132.9636,45.0215],
[132.9619,45.0293],
[132.948,45.0216],
[132.9522,45.0152],
[132.9389,45.0194],
[132.9455,45.0229],
[132.9348,45.0247],
[132.9374,45.0309],
[132.909,45.0296],
[132.9108,45.0359],
[132.8838,45.0406],
[132.8632,45.0612],
[132.8541,45.0583],
[132.0034,45.252],
[131.9881,45.257],
[131.981,45.2702],
[131.9273,45.2803],
[131.9092,45.3372],
[131.868,45.3361],
[131.8226,45.3095],
[131.8267,45.2916],
[131.8066,45.2777],
[131.7776,45.2346],
[131.7861,45.2096],
[131.7518,45.2117],
[131.7141,45.2323],
[131.6947,45.2146],
[131.6761,45.214],
[131.6429,45.1572],
[131.6602,45.1481],
[131.6802,45.149],
[131.68,45.1354],
[131.6875,45.1299],
[131.68,45.116],
[131.6283,45.0852],
[131.6247,45.0725],
[131.5582,45.0433],
[131.5567,45.0333],
[131.5353,45.0172],
[131.4765,44.9937],
[131.4934,44.9758],
[131.4751,44.9637],
[131.4276,44.965],
[131.4212,44.9775],
[131.401,44.9835],
[131.3721,44.9755],
[131.3492,44.9878],
[131.3259,44.9683],
[131.3052,44.9635],
[131.3054,44.9476],
[131.286,44.9266],
[131.2657,44.9213],
[131.2508,44.9284],
[131.2395,44.9188],
[131.2106,44.9148],
[131.1979,44.9163],
[131.1918,44.9332],
[131.1789,44.9386],
[131.1648,44.9331],
[131.1428,44.945],
[131.1203,44.9302],
[131.0998,44.9356],
[131.0818,44.9222],
[131.0944,44.8943],
[131.0757,44.8888],
[131.0713,44.8793],
[131.0387,44.8689],
[131.0218,44.8781],
[131.0182,44.8693],
[130.9786,44.8662],
[130.9592,44.8525],
[130.9584,44.8267],
[130.9649,44.8187],
[130.9851,44.8231],
[131.0084,44.8115],
[131.0162,44.7946],
[131.009,44.7853],
[131.017,44.7801],
[131.0575,44.7836],
[131.0622,44.7567],
[131.0853,44.7427],
[131.083,44.715],
[131.0946,44.7029],
[131.1045,44.7075],
[131.1437,44.5771],
[131.1573,44.532],
[131.1712,44.4842],
[131.2073,44.3647],
[131.2275,44.2976],
[131.2418,44.2498],
[131.3032,44.0439],
[131.2896,44.0428],
[131.2716,44.03],
[131.2557,44.0305],
[131.243,44.0105],
[131.2505,43.991],
[131.236,43.9847],
[131.243,43.9759],
[131.2344,43.9667],
[131.2387,43.953],
[131.2582,43.9411],
[131.2487,43.8924],
[131.2334,43.8837],
[131.2282,43.8691],
[131.2256,43.8494],
[131.204,43.8232],
[131.214,43.8219],
[131.2171,43.8039],
[131.206,43.7984],
[131.2127,43.7897],
[131.2039,43.7811],
[131.2185,43.7662],
[131.2088,43.7594],
[131.2231,43.76],
[131.2152,43.7547],
[131.2242,43.739],
[131.2084,43.7277],
[131.2202,43.7141],
[131.2097,43.7109],
[131.217,43.7045],
[131.2095,43.6972],
[131.2116,43.6821],
[131.2276,43.6737],
[131.2334,43.6604],
[131.2249,43.6609],
[131.2268,43.6338],
[131.2134,43.63],
[131.2083,43.6087],
[131.2392,43.6002],
[131.2301,43.5946],
[131.2292,43.582],
[131.2121,43.5907],
[131.2136,43.5797],
[131.1967,43.5803],
[131.205,43.5611],
[131.1862,43.5594],
[131.1998,43.55],
[131.193,43.5297],
[131.2623,43.494],
[131.2952,43.501],
[131.3116,43.4952],
[131.3057,43.4734],
[131.3021,43.4535],
[131.2873,43.4395],
[131.2947,43.4199],
[131.3076,43.4134],
[131.3112,43.3949],
[131.2729,43.3754],
[131.2577,43.3288],
[131.2621,43.2948],
[131.2502,43.2868],
[131.2479,43.2623],
[131.2025,43.238],
[131.1983,43.2192],
[131.1945,43.1994],
[131.2124,43.1883],
[131.2137,43.1793],
[131.2009,43.165],
[131.2104,43.1438],
[131.1949,43.1208],
[131.1654,43.1081],
[131.1551,43.0946],
[131.1636,43.0671],
[131.1493,43.0724],
[131.1135,43.0663],
[131.1176,43.0493],
[131.0956,43.0211],
[131.1107,43.0046],
[131.105,42.9898],
[131.1105,42.9683],
[131.1436,42.9653],
[131.1347,42.9509],
[131.1375,42.934],
[131.1205,42.9281],
[131.1081,42.9128],
[131.0651,42.9231],
[131.0546,42.9158],
[131.0299,42.9266],
[131.0121,42.9148],
[131.0374,42.8623],
[130.9743,42.8545],
[130.9421,42.8745],
[130.9051,42.8684],
[130.9006,42.8568],
[130.8857,42.8502],
[130.8677,42.8623],
[130.8524,42.8596],
[130.8367,42.8788],
[130.8054,42.8795],
[130.777,42.8643],
[130.7822,42.8597],
[130.7728,42.8363],
[130.7323,42.841],
[130.72,42.8282],
[130.7017,42.8439],
[130.6601,42.8454],
[130.5795,42.8087],
[130.5716,42.8163],
[130.5563,42.8132],
[130.5259,42.7849],
[130.4786,42.7727],
[130.4593,42.77],
[130.4568,42.7596],
[130.4405,42.7548],
[130.4199,42.7426],
[130.4216,42.728],
[130.395,42.7242],
[130.4187,42.7041],
[130.4477,42.7011],
[130.4592,42.6852],
[130.5214,42.7014],
[130.5615,42.6862],
[130.5847,42.6699],
[130.5961,42.6401],
[130.6155,42.629],
[130.6256,42.5882],
[130.6033,42.5549],
[130.5635,42.5551],
[130.5629,42.5185],
[130.553,42.5197],
[130.5594,42.5034],
[130.5931,42.4838],
[130.5959,42.4688],
[130.5926,42.4459],
[130.6258,42.4327],
[130.637,42.4183],
[130.6723,42.373],
[130.6465,42.3497],
[130.6504,42.3302],
[130.6967,42.2933],
[130.7391,42.2607],
[130.7422,42.2583],
[130.7633,42.2681],
[130.798,42.317],
[130.824,42.3656],
[130.8353,42.4095],
[130.8511,42.4226],
[130.8817,42.4088],
[130.9297,42.4059],
[130.9721,42.42],
[130.9981,42.4416],
[131.0083,42.4718],
[131.0036,42.4923],
[130.9824,42.5154],
[130.9452,42.528],
[130.9415,42.5437],
[131.0263,42.5807],
[131.0478,42.5797],
[131.0714,42.5712],
[131.0893,42.5478],
[131.156,42.5095],
[131.2194,42.5027],
[131.2572,42.5135],
[131.2872,42.5376],
[131.3109,42.5798],
[131.3207,42.6255],
[131.3736,42.6165],
[131.4203,42.5926],
[131.4676,42.5877],
[131.4998,42.5956],
[131.524,42.6141],
[131.549,42.6675],
[131.5787,42.6854],
[131.5946,42.716],
[131.5906,42.7421],
[131.5743,42.7617],
[131.5202,42.7781],
[131.5279,42.7978],
[131.5834,42.7753],
[131.6388,42.7728],
[131.7309,42.8006],
[131.7521,42.8197],
[131.7612,42.841],
[131.8197,42.8296],
[131.8644,42.8405],
[131.8886,42.8652],
[131.8895,42.8972],
[131.9515,42.9194],
[131.997,42.9671],
[132.0351,43.0509],
[132.0964,43.0933],
[132.1203,43.1215],
[132.2033,43.1638],
[132.2504,43.1749],
[132.2534,43.143],
[132.2145,43.0777],
[132.2169,43.0572],
[132.2386,43.0251],
[132.237,43.0029],
[132.2172,42.962],
[132.2161,42.9201],
[132.2209,42.8598],
[132.2654,42.8074],
[132.2436,42.7835],
[132.2349,42.7554],
[132.2431,42.7297],
[132.2663,42.7077],
[132.318,42.6821],
[132.37,42.6803],
[132.4206,42.7041],
[132.4331,42.7273],
[132.4318,42.7478],
[132.4637,42.7419],
[132.4968,42.7475],
[132.5277,42.7652],
[132.546,42.7908],
[132.6054,42.7845],
[132.6602,42.8011],
[132.7124,42.7981],
[132.7307,42.7829],
[132.7305,42.7629],
[132.7444,42.7313],
[132.8051,42.6899],
[132.8379,42.6811],
[132.8791,42.6821],
[132.9279,42.7026],
[132.9989,42.6338],
[133.0576,42.6224],
[133.1855,42.6415],
[133.2401,42.6659],
[133.2768,42.7013],
[133.4531,42.7253],
[133.5508,42.7698],
[133.644,42.7924],
[133.6891,42.7593],
[133.7365,42.7536],
[133.7675,42.7637],
[133.8142,42.8052],
[133.8588,42.8243],
[133.9066,42.8187],
[133.9572,42.8248],
[134.0096,42.8543],
[134.0277,42.8877],
[134.0658,42.9137],
[134.17,42.9594],
[134.1908,42.9781],
[134.2397,42.9931],
[134.258,43.014],
[134.2615,43.0357],
[134.2871,43.0474],
[134.3407,43.0536],
[134.3925,43.0753],
[134.4927,43.1286],
[134.5262,43.1388],
[134.5961,43.1882],
[134.6488,43.2006],
[134.7174,43.2347],
[134.7402,43.2554],
[134.7863,43.2581],
[134.8238,43.2724],
[134.8443,43.2865],
[134.8998,43.3538],
[134.9607,43.3754],
[135.037,43.4208],
[135.1098,43.4475],
[135.1823,43.4625],
[135.2141,43.4916],
[135.2517,43.5869],
[135.2761,43.6002],
[135.2955,43.6263],
[135.3605,43.6633],
[135.3997,43.674],
[135.4376,43.7106],
[135.4868,43.7329],
[135.5095,43.767],
[135.5655,43.8217],
[135.5976,43.8938],
[135.5922,43.9349],
[135.6012,43.9671],
[135.6754,43.9945],
[135.7003,44.0131],
[135.7096,44.0328],
[135.7088,44.07],
[135.7351,44.1253],
[135.7329,44.1467],
[135.7707,44.2009],
[135.8215,44.2146],
[135.8488,44.2313],
[135.9344,44.3656],
[136.0712,44.4019],
[136.1742,44.4483],
[136.2288,44.4835],
[136.253,44.5081],
[136.266,44.5383],
[136.2909,44.5539],
[136.3055,44.5775],
[136.3082,44.603],
[136.2963,44.6281],
[136.3113,44.6521],
[136.3882,44.6848],
[136.4172,44.7239],
[136.4708,44.7226],
[136.5122,44.7429],
[136.5301,44.779],
[136.5267,44.8026],
[136.555,44.829],
[136.5663,44.8524],
[136.5942,44.8638],
[136.6207,44.8898],
[136.6489,44.9468],
[136.6947,44.9893],
[136.7391,45.0077],
[136.8233,45.0697],
[136.8402,45.096],
[136.8472,45.1409],
[136.8631,45.168],
[136.8936,45.1888],
[137.0027,45.2302],
[137.095,45.3082],
[137.1953,45.3416],
[137.2641,45.427],
[137.3109,45.4507],
[137.3582,45.4965],
[137.4147,45.5786],
[137.4795,45.6167],
[137.5635,45.6524],
[137.5958,45.6834],
[137.6212,45.6941],
[137.7258,45.7704],
[137.8382,45.9184],
[137.9814,46.0356],
[138.0591,46.1226],
[138.0823,46.135],
[138.1603,46.2052],
[138.1823,46.2446],
[138.1901,46.3228],
[138.2459,46.423],
[138.2916,46.459],
[138.3538,46.4833],
[138.401,46.516],
[138.4298,46.6],
[138.4127,46.6341],
[138.4473,46.7283],
[138.4702,46.748],
[138.4935,46.7891],
[138.5335,46.8193],
[138.5633,46.8579],
[138.5726,46.9105],
[138.6004,46.9688],
[138.6528,47.0392],
[138.7755,47.1149],
[138.9086,47.2493],
[138.9301,47.2606],
[139.0047,47.2654],
[139.0449,47.2806],
[139.0643,47.3033],
[139.0736,47.3424],
[139.1126,47.372],
[139.1338,47.3996],
[139.1386,47.4788],
[139.1722,47.511],
[139.2075,47.5731],
[139.2754,47.641],
[139.2836,47.6852],
[139.3391,47.7816],
[139.4296,47.8547],
[139.4588,47.8879],
[139.5886,47.9339],
[139.6158,47.9711],
[139.7145,48.0363],
[139.7889,48.1306],
[139.9599,48.2375],
[139.9936,48.2724],
[140.0552,48.2811],
[140.088,48.2947],
[140.1161,48.3198],
[140.1445,48.3652],
[140.2276,48.4092],
[140.247,48.4314],
[140.2612,48.4996],
[140.2564,48.5407],
[140.2763,48.5974],
[140.2569,48.6847],
[140.2802,48.7292],
[140.282,48.7567],
[140.3105,48.7977],
[140.3162,48.8209],
[140.3758,48.8521],
[140.4276,48.8921],
[140.4472,48.9394],
[140.4721,48.9685],
[140.4672,48.9985],
[140.4295,49.0321],
[140.4127,49.0629],
[140.4497,49.1514],
[140.4256,49.2149],
[140.497,49.277],
[140.5077,49.3141],
[140.4999,49.3361],
[140.5103,49.3562],
[140.5097,49.3957],
[140.5195,49.4189],
[140.5795,49.4653],
[140.5902,49.5091],
[140.6234,49.5661],
[140.62,49.611],
[140.5818,49.6946],
[140.6033,49.7355],
[140.6027,49.8049],
[140.5747,49.8321],
[140.5155,49.8434],
[140.5009,49.8591],
[140.5165,49.9019],
[140.5421,49.9271],
[140.5457,49.9642],
[140.6943,50.0105],
[140.7521,50.0627],
[140.7703,50.0948],
[140.7644,50.1193],
[140.7404,50.1396],
[140.7045,50.1517],
[140.6215,50.1595],
[140.5949,50.1676],
[140.5894,50.1785],
[140.5827,50.205],
[140.5899,50.2483],
[140.5804,50.2917],
[140.6067,50.3257],
[140.6095,50.3469],
[140.5835,50.3865],
[140.5545,50.4847],
[140.5077,50.5208],
[140.5016,50.5382],
[140.523,50.5684],
[140.5545,50.5908],
[140.5715,50.621],
[140.5679,50.642],
[140.5461,50.6689],
[140.5273,50.715],
[140.5666,50.7591],
[140.596,50.814],
[140.5965,50.8528],
[140.6152,50.8834],
[140.6812,50.9069],
[140.7162,50.9313],
[140.7338,50.9662],
[140.7285,50.9936],
[140.7617,51.0229],
[140.7683,51.0598],
[140.7585,51.1019],
[140.7419,51.1267],
[140.7536,51.1726],
[140.7441,51.2043],
[140.7818,51.2351],
[140.7771,51.2832],
[140.8401,51.2989],
[140.919,51.3351],
[140.9362,51.352],
[140.9484,51.3901],
[140.9663,51.4103],
[140.9691,51.431],
[140.9539,51.4635],
[140.9697,51.4827],
[140.981,51.5238],
[140.9685,51.5908],
[141.039,51.6305],
[141.1177,51.6293],
[141.1773,51.6525],
[141.1971,51.674],
[141.2035,51.7114],
[141.2608,51.7738],
[141.2586,51.8067],
[141.3742,51.865],
[141.4317,51.8749],
[141.4615,51.8924],
[141.4989,51.9349],
[141.5044,51.9789],
[141.4787,52.0107],
[141.4257,52.0272],
[141.4356,52.0803],
[141.4892,52.1105],
[141.5441,52.0963],
[141.5456,52.0652],
[141.5663,52.0344],
[141.591,51.9619],
[141.5872,51.9401],
[141.5625,51.9243],
[141.5459,51.8996],
[141.5479,51.8694],
[141.5895,51.8375],
[141.7099,51.7964],
[141.6616,51.8013],
[141.6113,51.7853],
[141.5866,51.7537],
[141.5931,51.7237],
[141.6354,51.6908],
[141.7336,51.6456],
[141.8591,51.5353],
[141.9941,51.4553],
[141.9881,51.4216],
[141.9993,51.3868],
[142.0549,51.3209],
[142.0924,51.2934],
[142.0833,51.2669],
[142.1,51.2207],
[142.1666,51.1401],
[142.1713,51.0611],
[142.1449,50.9958],
[142.1122,50.958],
[142.0497,50.9223],
[142.0305,50.8666],
[142.0061,50.8321],
[141.9995,50.7677],
[142.0045,50.729],
[141.975,50.6402],
[141.9633,50.5564],
[141.9718,50.4872],
[142.0164,50.406],
[142.0684,50.3513],
[142.0695,50.335],
[142.0498,50.3158],
[142.0444,50.2948],
[142.0728,50.2285],
[142.0863,50.1213],
[142.0847,50.063],
[142.0545,50.0283],
[142.0599,49.9999],
[142.0655,50],
[144.0635,50],
[144.0689,50],
[144.0667,50.0429],
[143.9775,50.1571],
[143.8825,50.3113],
[143.8027,50.5006],
[143.7722,50.6325],
[143.7777,50.6773],
[143.7531,50.7471],
[143.7529,50.8094],
[143.7108,50.9039],
[143.6691,51.0605],
[143.6099,51.2312],
[143.5629,51.3228],
[143.5146,51.5213],
[143.4315,51.7],
[143.3942,51.756],
[143.3748,51.7721],
[143.2997,51.9043],
[143.2398,52.035],
[143.2225,52.1551],
[143.2389,52.2659],
[143.2706,52.3252],
[143.3455,52.4052],
[143.3732,52.4691],
[143.4028,52.5804],
[143.4038,52.7279],
[143.417,52.8335],
[143.4041,52.9171],
[143.3633,53.0747],
[143.3612,53.1176],
[143.3234,53.2501],
[143.2725,53.3559],
[143.0894,53.6667],
[143.0572,53.6979],
[143.0117,53.771],
[142.9795,53.8511],
[142.9739,53.9429],
[142.9868,53.9681],
[143.0545,54.009],
[143.0734,54.0362],
[143.0856,54.08],
[143.0726,54.1319],
[143.0288,54.1862],
[142.8844,54.3148],
[142.8694,54.3507],
[142.8225,54.4029],
[142.8137,54.4347],
[142.7821,54.4599],
[142.7143,54.4796],
[142.6374,54.4681],
[142.5767,54.4273],
[142.5695,54.3941],
[142.5772,54.3736],
[142.4763,54.3411],
[142.3961,54.333],
[142.3126,54.3597],
[142.2561,54.3645],
[142.199,54.3504],
[142.1687,54.3206],
[142.1688,54.3002],
[142.1883,54.2721],
[142.2617,54.2329],
[142.307,54.1968],
[142.3322,54.1363],
[142.3634,54.1033],
[142.4158,54.072],
[142.5197,53.9847],
[142.6059,53.9242],
[142.5932,53.8575],
[142.4977,53.7288],
[142.4496,53.7147],
[142.4118,53.693],
[142.3955,53.6748],
[142.3933,53.6488],
[142.263,53.6171],
[142.2163,53.5881],
[142.1244,53.5707],
[141.8888,53.4987],
[141.8065,53.4766],
[141.6927,53.4608],
[141.646,53.4434],
[141.6092,53.4109],
[141.6073,53.3852],
[141.6224,53.3627],
[141.6555,53.3396],
[141.689,53.3295],
[141.7018,53.3108],
[141.6981,53.2855],
[141.7066,53.2441],
[141.7405,53.189],
[141.7499,53.1445],
[141.772,53.1102],
[141.8232,53.0568],
[141.8314,53.0256],
[141.8031,52.9837],
[141.7984,52.9392],
[141.7709,52.8947],
[141.7613,52.7848],
[141.7286,52.7194],
[141.7389,52.6892],
[141.7259,52.6629],
[141.7349,52.6344],
[141.7202,52.6028],
[141.7356,52.5656],
[141.6838,52.4859],
[141.6347,52.4496],
[141.5984,52.436],
[141.5691,52.4109],
[141.5361,52.3271],
[141.5399,52.306],
[141.5551,52.2875],
[141.491,52.2913],
[141.4369,52.2737],
[141.384,52.3226],
[141.3234,52.3449],
[141.3019,52.3652],
[141.3049,52.4033],
[141.3393,52.3884],
[141.3801,52.3824],
[141.4208,52.3885],
[141.4538,52.4065],
[141.477,52.44],
[141.472,52.5125],
[141.4342,52.5547],
[141.3473,52.5792],
[141.3472,52.6186],
[141.3703,52.6552],
[141.3707,52.6763],
[141.3381,52.7087],
[141.3318,52.7438],
[141.3176,52.768],
[141.2677,52.8039],
[141.3217,52.8448],
[141.3286,52.8647],
[141.3224,52.8854],
[141.2968,52.9091],
[141.2681,52.921],
[141.1784,52.9221],
[141.2164,52.9516],
[141.2629,52.9695],
[141.3341,53.0248],
[141.3843,53.0277],
[141.4282,53.0477],
[141.4507,53.0698],
[141.4524,53.0977],
[141.5132,53.1269],
[141.531,53.1676],
[141.5019,53.206],
[141.5132,53.224],
[141.5139,53.2481],
[141.5433,53.2618],
[141.5647,53.2845],
[141.5686,53.3045],
[141.5591,53.3245],
[141.4838,53.3781],
[141.4041,53.4031],
[141.3517,53.4361],
[141.2246,53.4875],
[140.8995,53.5742],
[140.6178,53.6804],
[140.6059,53.6906],
[140.6074,53.7224],
[140.584,53.749],
[140.4035,53.821],
[140.3667,53.852],
[140.3478,53.882],
[140.4047,53.9154],
[140.4225,53.9485],
[140.4195,53.9689],
[140.4035,53.9871],
[140.3048,54.0224],
[140.2873,54.067],
[140.2488,54.0959],
[139.9978,54.1778],
[139.9747,54.1921],
[139.9674,54.216],
[139.9484,54.2331],
[139.8724,54.2512],
[139.8675,54.3106],
[139.8888,54.3283],
[139.8955,54.3524],
[139.8812,54.3769],
[139.8415,54.4006],
[139.7776,54.4101],
[139.7158,54.4028],
[139.6889,54.3898],
[139.6693,54.3695],
[139.6655,54.336],
[139.5975,54.3093],
[139.5739,54.2914],
[139.4665,54.2699],
[139.4092,54.2478],
[139.2785,54.2292],
[139.1883,54.2367],
[139.053,54.2622],
[138.7533,54.3584],
[138.7174,54.3606],
[138.6639,54.3508],
[138.6017,54.3259],
[138.573,54.2932],
[138.5731,54.2728],
[138.5909,54.2481],
[138.6415,54.2235],
[138.6357,54.1952],
[138.6448,54.1662],
[138.5791,54.0829],
[138.5733,54.0596],
[138.578,54.0435],
[138.5051,54.0311],
[138.4235,53.9882],
[138.3414,53.9609],
[138.3063,53.941],
[138.2806,53.9149],
[138.2739,53.8786],
[138.2503,53.8468],
[138.2459,53.7913],
[138.2212,53.7694],
[138.1592,53.7434],
[138.1177,53.7142],
[137.9543,53.6654],
[137.8869,53.6263],
[137.6814,53.6077],
[137.3391,53.593],
[137.39,53.6185],
[137.4473,53.623],
[137.5104,53.6143],
[137.5642,53.6293],
[137.5838,53.6464],
[137.5906,53.6685],
[137.6401,53.7139],
[137.6518,53.7399],
[137.6777,53.7603],
[137.6883,53.8041],
[137.7666,53.8394],
[137.8607,53.8657],
[137.8914,53.8885],
[137.9404,53.9599],
[137.9286,53.9959],
[137.8844,54.0202],
[137.8323,54.0235],
[137.7671,54.0053],
[137.6703,54.0179],
[137.6084,54.015],
[137.5366,54.0557],
[137.5598,54.0811],
[137.5643,54.1005],
[137.6645,54.1661],
[137.707,54.2096],
[137.7947,54.263],
[137.816,54.2869],
[137.861,54.2955],
[137.8991,54.3173],
[137.9275,54.3564],
[137.9292,54.3834],
[137.9423,54.4022],
[138.0284,54.4099],
[138.0663,54.4269],
[138.0852,54.4494],
[138.0837,54.4791],
[138.0621,54.5008],
[138.0115,54.5159],
[137.9725,54.5409],
[137.91,54.55],
[137.7909,54.529],
[137.7548,54.5022],
[137.7367,54.4608],
[137.7458,54.4847],
[137.7435,54.5085],
[137.7143,54.5605],
[137.7775,54.5783],
[137.7971,54.595],
[137.8144,54.625],
[137.8399,54.6406],
[137.9077,54.6696],
[137.9491,54.7064],
[138.0039,54.7165],
[138.0782,54.7609],
[138.0967,54.7854],
[138.1019,54.816],
[138.0781,54.8764],
[138.0824,54.8935],
[138.1207,54.9102],
[138.1473,54.9431],
[138.2326,54.9526],
[138.2663,54.9704],
[138.3008,55],
[137.3086,55],
[137.3043,54.9943],
[137.202,54.9184],
[137.1837,54.8755],
[137.1736,54.8171],
[137.1475,54.7692],
[137.1544,54.7375],
[137.1246,54.7253],
[137.1042,54.7071],
[137.0945,54.6878],
[137.0984,54.6677],
[137.0205,54.656],
[136.9871,54.6363],
[136.9738,54.6177],
[136.9783,54.5854],
[137.0099,54.5574],
[137.0689,54.5431],
[137.1264,54.5515],
[137.1511,54.5658],
[137.1793,54.5962],
[137.1862,54.6153],
[137.1823,54.6312],
[137.2351,54.6397],
[137.2856,54.669],
[137.2963,54.6925],
[137.2862,54.7171],
[137.3492,54.7345],
[137.4506,54.7937],
[137.4622,54.762],
[137.5328,54.699],
[137.5615,54.6492],
[137.5986,54.6114],
[137.5449,54.5932],
[137.4702,54.5264],
[137.4665,54.4706],
[137.4768,54.447],
[137.4582,54.4293],
[137.4517,54.4093],
[137.4642,54.3801],
[137.485,54.3628],
[137.4217,54.3634],
[137.3425,54.3451],
[137.306,54.3214],
[137.2325,54.299],
[137.1889,54.2681],
[137.1393,54.2527],
[137.1063,54.2228],
[137.0458,54.198],
[137.0081,54.1635],
[136.9986,54.1421],
[137.0044,54.1108],
[137.0266,54.0896],
[137.0372,54.0627],
[137.0661,54.044],
[137.0775,54.0119],
[137.115,53.9903],
[137.1643,53.9828],
[137.122,53.928],
[137.1114,53.8883],
[136.9511,53.9051],
[136.8456,53.8831],
[136.795,53.8629],
[136.7797,53.8948],
[136.7802,53.9155],
[136.7694,53.9397],
[136.785,53.9945],
[136.8462,54.0302],
[136.8652,54.0749],
[136.9019,54.1232],
[136.9057,54.1602],
[136.8829,54.2053],
[136.8964,54.2402],
[136.8899,54.2771],
[136.9031,54.2922],
[136.9069,54.3118],
[136.899,54.339],
[136.8681,54.3707],
[136.8965,54.3942],
[136.9133,54.4205],
[136.9064,54.4596],
[136.9159,54.4818],
[136.9101,54.5093],
[136.9519,54.5343],
[136.9683,54.5645],
[136.9592,54.5938],
[136.9122,54.6274],
[136.9111,54.6565],
[136.8894,54.6781],
[136.8434,54.6926],
[136.7637,54.6937],
[136.7316,54.7225],
[136.6734,54.7368],
[136.6069,54.7251],
[136.5452,54.674],
[136.4879,54.699],
[136.4254,54.6987],
[136.4056,54.7235],
[136.3785,54.7388],
[136.4201,54.7508],
[136.4424,54.7663],
[136.4538,54.7914],
[136.4482,54.816],
[136.3624,54.8694],
[136.297,54.878],
[136.2368,54.8594],
[136.2167,54.8265],
[136.2275,54.8025],
[136.2978,54.7476],
[136.2431,54.7479],
[136.2005,54.7314],
[136.1667,54.698],
[136.1668,54.6778],
[136.1767,54.6626],
[136.0674,54.6474],
[135.9698,54.6178],
[135.7898,54.6173],
[135.7748,54.6702],
[135.741,54.6947],
[135.6637,54.7178],
[135.5841,54.716],
[135.3315,54.7737],
[135.2964,54.7977],
[135.2697,54.8307],
[135.3061,54.8753],
[135.4336,54.9618],
[135.5144,54.9944],
[135.5208,55],
[73,55],
[73,37.2978]
]
],
[
[
[136.4089,54.9637],
[136.4194,54.9349],
[136.47,54.9016],
[136.5192,54.8931],
[136.5863,54.8993],
[136.6002,54.879],
[136.6296,54.8608],
[136.7302,54.8346],
[136.7961,54.8383],
[136.8343,54.8523],
[136.8541,54.8692],
[136.9126,54.8521],
[136.9738,54.8614],
[137.0936,54.8718],
[137.1498,54.9],
[137.1736,54.9342],
[137.1706,54.9622],
[137.1597,54.9787],
[137.1904,54.9997],
[137.1905,55],
[136.6452,55],
[136.627,54.991],
[136.5959,55],
[136.4495,55],
[136.4343,54.9952],
[136.4089,54.9637]
]
],
[
[
[138.088,54.7203],
[138.0918,54.7003],
[138.1082,54.6809],
[138.1686,54.6557],
[138.2406,54.6534],
[138.3006,54.6724],
[138.3304,54.694],
[138.3359,54.7235],
[138.3069,54.756],
[138.2608,54.772],
[138.1995,54.7775],
[138.1487,54.7674],
[138.1077,54.7484],
[138.088,54.7203]
]
],
[
[
[138.3733,55],
[138.4234,54.9951],
[138.4396,55],
[138.3733,55]
]
],
[
[
[139.1204,54.5962],
[139.1225,54.5774],
[139.1359,54.5579],
[139.1872,54.5323],
[139.2605,54.5323],
[139.3242,54.5551],
[139.3487,54.5771],
[139.3645,54.6178],
[139.3432,54.6476],
[139.301,54.6645],
[139.2394,54.6629],
[139.1986,54.6429],
[139.1598,54.6346],
[139.1302,54.6156],
[139.1204,54.5962]
]
]
]}
}
