{
"type": "Feature",
"properties": {"id":"ohm-r2948948","edge_precision":"unknown","ohm_relation":2948948,"ohm_version":7,"ohm_timestamp":"2026-09-27T06:09:17Z"},
"geometry": {"type": "MultiPolygon", "coordinates": [
[
[
[111.1447,15.7702],
[111.1683,15.7392],
[111.213,15.731],
[111.2495,15.7514],
[111.2633,15.7948],
[111.2562,15.8154],
[111.2384,15.8328],
[111.2124,15.8407],
[111.1854,15.8364],
[111.1483,15.8056],
[111.1447,15.7702]
]
],
[
[
[111.4484,16.4599],
[111.4516,16.4264],
[111.478,16.4011],
[111.5208,16.3933],
[111.5595,16.4028],
[111.6102,16.3947],
[111.6396,16.4055],
[111.6554,16.4233],
[111.6775,16.4039],
[111.7163,16.3975],
[111.7729,16.4187],
[111.7961,16.444],
[111.7998,16.4775],
[111.7815,16.5067],
[111.7975,16.5281],
[111.8001,16.5523],
[111.7874,16.5786],
[111.7566,16.5946],
[111.7357,16.6218],
[111.6919,16.6347],
[111.6419,16.6147],
[111.6183,16.5835],
[111.5718,16.5725],
[111.5371,16.5299],
[111.5283,16.4966],
[111.5083,16.4996],
[111.4681,16.4878],
[111.4484,16.4599]
]
],
[
[
[111.7065,16.0557],
[111.7247,16.019],
[111.7663,16.0047],
[111.8024,16.0208],
[111.8168,16.0578],
[111.8,16.0926],
[111.7564,16.1079],
[111.7202,16.0917],
[111.7065,16.0557]
]
],
[
[
[112.1553,16.9756],
[112.1721,16.941],
[112.2033,16.9263],
[112.2428,16.9334],
[112.2698,16.9278],
[112.2951,16.9127],
[112.3139,16.8884],
[112.2871,16.8728],
[112.275,16.8515],
[112.2762,16.8226],
[112.2929,16.7951],
[112.3143,16.7806],
[112.3391,16.7757],
[112.3672,16.7831],
[112.3842,16.7984],
[112.4026,16.8222],
[112.4077,16.8459],
[112.4005,16.8691],
[112.3802,16.8881],
[112.3954,16.9061],
[112.4005,16.9298],
[112.3744,16.982],
[112.3333,17.0093],
[112.2804,17.0305],
[112.2408,17.0228],
[112.2019,17.0295],
[112.1708,17.0138],
[112.1553,16.9756]
]
],
[
[
[112.6693,16.6634],
[112.6789,16.6409],
[112.6997,16.6213],
[112.7437,16.6103],
[112.7808,16.6305],
[112.7917,16.6701],
[112.7682,16.7089],
[112.7266,16.7242],
[112.6833,16.7076],
[112.6712,16.6863],
[112.6693,16.6634]
]
],
[
[
[113.8773,10.927],
[113.8971,10.841],
[113.9512,10.7724],
[113.9881,10.7482],
[114.0734,10.7255],
[114.1177,10.7281],
[114.1723,10.7451],
[114.2211,10.7771],
[114.2431,10.7758],
[114.2226,10.7263],
[114.216,10.6747],
[114.2238,10.6203],
[114.2551,10.5591],
[114.2107,10.524],
[114.182,10.4842],
[114.1608,10.4132],
[114.0926,10.3832],
[114.0568,10.3509],
[114.0297,10.3113],
[114.0128,10.2665],
[114.007,10.2191],
[114.017,10.1567],
[114.0452,10.1015],
[114.0901,10.0565],
[114.1713,10.0212],
[114.1568,10],
[114.6793,10],
[114.6708,10.0197],
[114.6417,10.058],
[114.6044,10.0886],
[114.5595,10.1101],
[114.512,10.1202],
[114.4621,10.1189],
[114.3679,10.0875],
[114.3997,10.1355],
[114.4157,10.2007],
[114.4471,10.2102],
[114.5031,10.2507],
[114.5447,10.1899],
[114.5954,10.1532],
[114.6863,10.1303],
[114.7486,10.1386],
[114.8055,10.165],
[114.8524,10.2082],
[114.8776,10.2492],
[114.8923,10.2948],
[114.8956,10.3426],
[114.8875,10.3898],
[114.8682,10.4337],
[114.8391,10.472],
[114.8015,10.5025],
[114.7578,10.5234],
[114.7102,10.5336],
[114.6602,10.5324],
[114.6132,10.5198],
[114.5435,10.4723],
[114.5267,10.5007],
[114.5722,10.5355],
[114.6035,10.5775],
[114.6229,10.626],
[114.6291,10.6791],
[114.6214,10.7306],
[114.5999,10.7796],
[114.5671,10.8205],
[114.5235,10.8525],
[114.4744,10.8719],
[114.4204,10.8784],
[114.375,10.872],
[114.4211,10.8943],
[114.4618,10.9303],
[114.4904,10.9747],
[114.5062,11.0262],
[114.5071,11.0787],
[114.4932,11.1307],
[114.4653,11.177],
[114.4255,11.2141],
[114.3706,11.2402],
[114.4474,11.2734],
[114.4906,11.3165],
[114.5124,11.3549],
[114.5249,11.3986],
[114.5267,11.4439],
[114.5176,11.4884],
[114.4982,11.5296],
[114.4696,11.5652],
[114.4332,11.5932],
[114.3912,11.6122],
[114.3458,11.621],
[114.2996,11.6192],
[114.255,11.6068],
[114.2147,11.5847],
[114.1807,11.5539],
[114.155,11.5162],
[114.139,11.4736],
[114.1363,11.397],
[114.1558,11.3398],
[114.1923,11.2912],
[114.2681,11.2459],
[114.2183,11.2285],
[114.1736,11.1973],
[114.1401,11.1564],
[114.1259,11.124],
[114.0519,11.1277],
[113.9958,11.1109],
[113.9468,11.0792],
[113.9088,11.0353],
[113.885,10.9827],
[113.8773,10.927]
]
],
[
[
[115.5998,10.7155],
[115.6085,10.6698],
[115.6267,10.6284],
[115.6548,10.591],
[115.6908,10.5608],
[115.7329,10.5395],
[115.8218,10.527],
[115.8669,10.5354],
[115.9449,10.5791],
[115.9967,10.6512],
[116.0125,10.738],
[116.027,10.7898],
[116.0273,10.8434],
[116.0028,10.9167],
[115.9799,10.9491],
[115.9511,10.9766],
[115.8816,11.0124],
[115.8035,11.0203],
[115.7265,10.9983],
[115.6648,10.9504],
[115.6416,10.9181],
[115.6164,10.8448],
[115.5998,10.7155]
]
],
[
[
[116.6542,20.6925],
[116.6647,20.672],
[116.687,20.6548],
[116.7216,20.6449],
[116.7465,20.6453],
[116.7713,20.6568],
[116.7911,20.6927],
[116.779,20.7436],
[116.7421,20.7659],
[116.6922,20.7602],
[116.6689,20.7462],
[116.6546,20.7215],
[116.6542,20.6925]
]
],
[
[
[119.2565,23.4035],
[119.274,23.362],
[119.2608,23.3208],
[119.2783,23.2891],
[119.322,23.2644],
[119.3657,23.2691],
[119.396,23.3026],
[119.3921,23.3439],
[119.3718,23.3668],
[119.3888,23.4054],
[119.3839,23.4312],
[119.371,23.4484],
[119.321,23.4674],
[119.2931,23.4604],
[119.2759,23.4467],
[119.2565,23.4035]
]
],
[
[
[119.3564,23.2307],
[119.3589,23.1865],
[119.3755,23.1598],
[119.4088,23.1394],
[119.4449,23.137],
[119.4749,23.1522],
[119.4998,23.1851],
[119.5391,23.1834],
[119.5719,23.2073],
[119.6042,23.1929],
[119.6446,23.1967],
[119.6725,23.1905],
[119.6997,23.1971],
[119.7199,23.2131],
[119.7355,23.2408],
[119.7377,23.2616],
[119.7299,23.2889],
[119.7109,23.3079],
[119.6629,23.3196],
[119.5714,23.2935],
[119.5635,23.3019],
[119.5934,23.3282],
[119.5993,23.3698],
[119.5844,23.4041],
[119.542,23.4341],
[119.5747,23.4563],
[119.621,23.4583],
[119.651,23.4735],
[119.6623,23.4891],
[119.6909,23.4955],
[119.7261,23.4852],
[119.758,23.4945],
[119.779,23.5184],
[119.7822,23.549],
[119.7701,23.5723],
[119.7453,23.5884],
[119.7568,23.6112],
[119.7568,23.632],
[119.7277,23.6718],
[119.7305,23.6943],
[119.7209,23.7186],
[119.6809,23.7536],
[119.635,23.8215],
[119.6107,23.8345],
[119.5818,23.8353],
[119.5453,23.8119],
[119.526,23.7694],
[119.5005,23.7425],
[119.4962,23.7064],
[119.4557,23.6654],
[119.4391,23.6121],
[119.4123,23.5801],
[119.4108,23.5593],
[119.4205,23.5342],
[119.4537,23.51],
[119.4509,23.4781],
[119.4678,23.4468],
[119.4375,23.4215],
[119.4249,23.373],
[119.4284,23.3387],
[119.446,23.3149],
[119.4409,23.2741],
[119.3837,23.2631],
[119.3564,23.2307]
]
],
[
[
[119.9703,23.0777],
[119.9773,23.0446],
[120.001,23.0139],
[120.049,22.9945],
[120.0732,22.9762],
[120.1139,22.9239],
[120.1146,22.9019],
[120.1473,22.8125],
[120.2022,22.6905],
[120.1905,22.6608],
[120.1943,22.6304],
[120.2382,22.5524],
[120.3083,22.474],
[120.5059,22.3519],
[120.5496,22.3293],
[120.5623,22.3027],
[120.5873,22.278],
[120.5981,22.2269],
[120.6263,22.1975],
[120.6512,22.107],
[120.6282,22.0188],
[120.6361,21.9866],
[120.6549,21.9615],
[120.6543,21.9269],
[120.667,21.9009],
[120.687,21.8808],
[120.7203,21.8664],
[120.7569,21.8696],
[120.7802,21.8825],
[120.8399,21.843],
[120.8734,21.8425],
[120.8988,21.8538],
[120.9246,21.8956],
[120.9049,21.9556],
[120.9467,22.0018],
[120.9558,22.0258],
[120.9525,22.0703],
[120.9606,22.0997],
[120.9516,22.129],
[120.9564,22.2008],
[120.9499,22.3186],
[121.0014,22.4365],
[121.0345,22.5408],
[121.061,22.5706],
[121.0717,22.6224],
[121.1109,22.654],
[121.1573,22.6742],
[121.2181,22.7279],
[121.2532,22.7845],
[121.2558,22.8175],
[121.2957,22.8498],
[121.3556,22.9374],
[121.4088,23.0522],
[121.4618,23.0876],
[121.4803,23.1133],
[121.4816,23.1392],
[121.462,23.1857],
[121.4734,23.2049],
[121.4868,23.265],
[121.5082,23.2803],
[121.5263,23.3115],
[121.5322,23.3723],
[121.5678,23.4692],
[121.5628,23.5193],
[121.5823,23.554],
[121.5884,23.6219],
[121.6011,23.6477],
[121.6094,23.7016],
[121.6279,23.7369],
[121.6286,23.7872],
[121.6588,23.8617],
[121.6675,23.9479],
[121.6952,23.9805],
[121.7024,24.0029],
[121.6989,24.034],
[121.6761,24.0678],
[121.7133,24.1089],
[121.7187,24.1694],
[121.7822,24.2196],
[121.8202,24.2756],
[121.8308,24.3067],
[121.8306,24.3352],
[121.8473,24.373],
[121.8485,24.4011],
[121.9084,24.4576],
[121.9283,24.5287],
[121.9415,24.6087],
[121.9286,24.6368],
[121.9059,24.6521],
[121.8946,24.7263],
[121.8765,24.7743],
[121.8832,24.8219],
[121.9141,24.7925],
[121.9484,24.7825],
[121.9826,24.7853],
[122.0072,24.799],
[122.0232,24.8303],
[122.0117,24.8729],
[121.9844,24.899],
[121.9458,24.9058],
[121.9697,24.9297],
[122.0431,24.9621],
[122.0574,24.9781],
[122.0647,25.0041],
[122.0608,25.0315],
[122.0459,25.0539],
[121.988,25.0791],
[121.9803,25.0936],
[121.9832,25.1416],
[121.9628,25.1722],
[121.9317,25.1836],
[121.8914,25.1759],
[121.8453,25.1826],
[121.8445,25.2102],
[121.8237,25.2381],
[121.7927,25.2495],
[121.7553,25.2412],
[121.7297,25.2659],
[121.6898,25.2708],
[121.6596,25.3145],
[121.609,25.3438],
[121.532,25.3509],
[121.4807,25.3375],
[121.4076,25.2812],
[121.3309,25.1794],
[121.2234,25.1696],
[121.0526,25.1015],
[120.9863,25.0544],
[120.9583,24.9961],
[120.9193,24.9479],
[120.8929,24.8964],
[120.8657,24.8697],
[120.8524,24.8374],
[120.847,24.7815],
[120.818,24.7554],
[120.8076,24.7295],
[120.7435,24.7015],
[120.6707,24.6284],
[120.6415,24.5601],
[120.6027,24.4964],
[120.5397,24.4305],
[120.4771,24.3347],
[120.4322,24.22],
[120.3913,24.1676],
[120.369,24.115],
[120.3119,24.0516],
[120.2409,23.9141],
[120.2104,23.8945],
[120.1636,23.8439],
[120.1429,23.7672],
[120.0791,23.6471],
[120.0726,23.6163],
[120.0794,23.5777],
[120.0254,23.5251],
[119.9987,23.4795],
[119.9945,23.4437],
[120.0103,23.4055],
[120.0367,23.3867],
[120.0711,23.3847],
[120.0597,23.3322],
[120.0406,23.2994],
[120.0098,23.1659],
[119.9757,23.1155],
[119.9703,23.0777]
]
],
[
[
[120.2966,22.3369],
[120.2987,22.3109],
[120.3307,22.275],
[120.3799,22.2714],
[120.4068,22.2856],
[120.4382,22.3169],
[120.4473,22.3408],
[120.4434,22.3681],
[120.4285,22.391],
[120.4035,22.4057],
[120.369,22.4097],
[120.3407,22.401],
[120.3077,22.3678],
[120.2966,22.3369]
]
],
[
[
[120.9053,38.9632],
[120.9067,38.9428],
[120.9358,38.9067],
[120.9662,38.8918],
[120.9596,38.8668],
[120.9693,38.8419],
[120.998,38.8218],
[121.0408,38.818],
[121.0433,38.7621],
[121.0751,38.707],
[121.0981,38.6892],
[121.156,38.6728],
[121.1907,38.6747],
[121.2387,38.6896],
[121.2852,38.7382],
[121.3292,38.7457],
[121.3628,38.7644],
[121.4274,38.7606],
[121.539,38.777],
[121.572,38.7501],
[121.6225,38.7479],
[121.6545,38.7659],
[121.6679,38.7951],
[121.69,38.8133],
[121.735,38.8273],
[121.7591,38.8491],
[121.7766,38.8299],
[121.8079,38.8151],
[121.8649,38.8192],
[121.8981,38.8518],
[121.9041,38.8728],
[121.8996,38.9003],
[121.9464,38.9212],
[121.9729,38.9134],
[122.0043,38.9157],
[122.0398,38.9378],
[122.0491,38.9724],
[122.0405,38.9917],
[122.0185,39.0093],
[122.0229,39.0138],
[122.064,39.008],
[122.1079,39.0228],
[122.1316,39.0473],
[122.1309,39.0841],
[122.1368,39.0898],
[122.1958,39.102],
[122.2423,39.1306],
[122.2745,39.1053],
[122.349,39.0955],
[122.4663,39.1257],
[122.4872,39.1449],
[122.494,39.17],
[122.5351,39.1669],
[122.5947,39.1483],
[122.6417,39.1657],
[122.6923,39.1551],
[122.752,39.1662],
[122.8098,39.1662],
[122.8438,39.1817],
[122.8629,39.2076],
[122.8668,39.2277],
[122.8576,39.2518],
[122.8361,39.2723],
[122.7862,39.2992],
[122.7432,39.306],
[122.6496,39.3389],
[122.6137,39.3384],
[122.5767,39.3545],
[122.6084,39.3777],
[122.6399,39.4352],
[122.6057,39.455],
[122.5943,39.4809],
[122.5391,39.5152],
[122.5271,39.5387],
[122.5109,39.5472],
[122.3698,39.5236],
[122.2311,39.5228],
[122.1759,39.5099],
[122.147,39.517],
[122.0966,39.5056],
[122.03,39.5324],
[121.9953,39.5088],
[121.9421,39.4993],
[121.9386,39.4752],
[121.9294,39.4646],
[121.8844,39.4646],
[121.8658,39.4574],
[121.8679,39.429],
[121.9077,39.4211],
[121.9077,39.4068],
[121.8727,39.3993],
[121.8267,39.376],
[121.7484,39.3757],
[121.7059,39.3555],
[121.6204,39.3338],
[121.5572,39.3409],
[121.5047,39.3261],
[121.4885,39.3303],
[121.4793,39.3428],
[121.4858,39.377],
[121.4618,39.42],
[121.4563,39.4563],
[121.4202,39.485],
[121.3356,39.4974],
[121.2966,39.4797],
[121.1609,39.4764],
[121.1787,39.4316],
[121.1894,39.3689],
[121.2253,39.3354],
[121.2554,39.3259],
[121.3448,39.3252],
[121.4378,39.287],
[121.5142,39.272],
[121.5128,39.254],
[121.4391,39.2576],
[121.402,39.2474],
[121.379,39.2234],
[121.3771,39.1929],
[121.3969,39.1672],
[121.4498,39.1399],
[121.4816,39.135],
[121.5263,39.1437],
[121.5647,39.1212],
[121.527,39.1123],
[121.4521,39.0761],
[121.4012,39.1141],
[121.3409,39.1096],
[121.2937,39.0805],
[121.2194,39.0043],
[121.1263,39.0068],
[121.077,38.9918],
[121.0491,38.9702],
[121.0268,38.9969],
[120.992,39.0099],
[120.9492,39.0049],
[120.9176,38.9865],
[120.9053,38.9632]
]
],
[
[
[121.0816,39.1126],
[121.0854,39.0706],
[121.1064,39.0479],
[121.1288,39.0373],
[121.1811,39.0356],
[121.2648,39.0628],
[121.291,39.0847],
[121.2972,39.115],
[121.2811,39.1421],
[121.246,39.1604],
[121.1806,39.1645],
[121.1243,39.1493],
[121.0973,39.1354],
[121.0816,39.1126]
]
],
[
[
[121.405,22.6775],
[121.4292,22.6112],
[121.4712,22.5863],
[121.5062,22.5791],
[121.5334,22.5857],
[121.5589,22.6091],
[121.5706,22.6848],
[121.5532,22.7227],
[121.5117,22.7379],
[121.4344,22.7252],
[121.4113,22.7028],
[121.405,22.6775]
]
],
[
[
[121.4433,22.0852],
[121.4461,22.0642],
[121.4653,22.0165],
[121.5462,21.9585],
[121.5486,21.9383],
[121.569,21.9062],
[121.5989,21.8922],
[121.6366,21.8958],
[121.665,21.9203],
[121.674,21.9581],
[121.6516,21.9959],
[121.6569,22.0256],
[121.6385,22.0612],
[121.6392,22.0942],
[121.6201,22.1209],
[121.5879,22.1376],
[121.4857,22.1384],
[121.4518,22.1115],
[121.4433,22.0852]
]
],
[
[
[121.5761,38.5542],
[121.605,38.5267],
[121.6488,38.5198],
[121.689,38.5364],
[121.7026,38.554],
[121.7059,38.5792],
[121.6973,38.5985],
[121.6745,38.6166],
[121.6436,38.6243],
[121.6168,38.6213],
[121.5898,38.6073],
[121.5762,38.5897],
[121.5761,38.5542]
]
],
[
[
[121.8889,25.4332],
[121.8987,25.3932],
[121.9366,25.3716],
[121.9802,25.38],
[121.9962,25.3947],
[122.0053,25.4181],
[121.9956,25.4534],
[121.9577,25.4762],
[121.9128,25.4674],
[121.8889,25.4332]
]
],
[
[
[122.0191,25.6506],
[122.0199,25.6059],
[122.0527,25.5763],
[122.1039,25.5753],
[122.1383,25.6082],
[122.1435,25.6312],
[122.1382,25.6536],
[122.1212,25.6738],
[122.1002,25.6835],
[122.0515,25.6809],
[122.0191,25.6506]
]
],
[
[
[122.0458,25.4733],
[122.0691,25.4404],
[122.1109,25.43],
[122.1511,25.4475],
[122.1652,25.4697],
[122.1674,25.4901],
[122.1444,25.5279],
[122.0971,25.54],
[122.0709,25.5309],
[122.0541,25.515],
[122.0458,25.4733]
]
],
[
[
[122.1007,38.6559],
[122.1296,38.6284],
[122.1734,38.6216],
[122.2136,38.6381],
[122.2272,38.6556],
[122.2306,38.6808],
[122.2219,38.7002],
[122.1992,38.7182],
[122.1683,38.7259],
[122.1414,38.7229],
[122.1144,38.7089],
[122.1008,38.6914],
[122.1007,38.6559]
]
],
[
[
[122.6303,39.0463],
[122.6365,39.0216],
[122.6592,38.9927],
[122.6969,38.9696],
[122.681,38.9504],
[122.677,38.9302],
[122.6839,38.9083],
[122.6994,38.8919],
[122.7351,38.8787],
[122.7789,38.8854],
[122.8051,38.9074],
[122.8112,38.9379],
[122.7948,38.9669],
[122.8226,38.9874],
[122.9023,39.0111],
[122.9342,39.0405],
[122.9404,39.0707],
[122.9192,39.102],
[122.8775,39.1192],
[122.8142,39.1288],
[122.7647,39.1267],
[122.6625,39.0883],
[122.6396,39.0704],
[122.6303,39.0463]
]
],
[
[
[122.8739,24.4552],
[122.8767,24.4345],
[122.8921,24.4113],
[122.9188,24.3942],
[122.9918,24.3859],
[123.0357,24.3886],
[123.0791,24.4199],
[123.0998,24.4517],
[123.0966,24.4823],
[123.0709,24.509],
[123.0256,24.5249],
[122.9382,24.5226],
[122.8832,24.4803],
[122.8739,24.4552]
]
],
[
[
[123.498,24.1961],
[123.5122,24.1572],
[123.5516,24.139],
[123.6031,24.1528],
[123.6215,24.1715],
[123.6283,24.1914],
[123.6242,24.217],
[123.6075,24.2379],
[123.5873,24.2478],
[123.5582,24.2491],
[123.5143,24.2292],
[123.498,24.1961]
]
],
[
[
[123.6083,24.3252],
[123.6141,24.2724],
[123.6455,24.2388],
[123.6796,24.2267],
[123.7298,24.2322],
[123.8199,24.2175],
[123.8663,24.2013],
[123.884,24.1745],
[123.9186,24.1575],
[123.953,24.16],
[123.978,24.1741],
[124.0024,24.1672],
[124.0326,24.1709],
[124.0607,24.1859],
[124.0809,24.2084],
[124.089,24.2362],
[124.0862,24.2588],
[124.1158,24.2638],
[124.1364,24.2764],
[124.1972,24.2783],
[124.2585,24.2968],
[124.295,24.3233],
[124.3172,24.3995],
[124.3165,24.447],
[124.3968,24.5676],
[124.3962,24.6224],
[124.3854,24.6408],
[124.3626,24.6562],
[124.3133,24.6652],
[124.2859,24.6586],
[124.2651,24.6411],
[124.2247,24.5645],
[124.1751,24.5154],
[124.1342,24.5364],
[124.1051,24.5377],
[124.079,24.526],
[124.0341,24.487],
[124.0144,24.4505],
[124.0148,24.4193],
[123.9501,24.422],
[123.8823,24.4564],
[123.8839,24.4829],
[123.8677,24.5115],
[123.8449,24.5269],
[123.8148,24.5322],
[123.7826,24.523],
[123.7563,24.4885],
[123.7251,24.4732],
[123.6967,24.4266],
[123.6686,24.4085],
[123.6083,24.3252]
]
],
[
[
[123.6934,24.0602],
[123.7085,24.0177],
[123.7318,24.0029],
[123.7761,23.9923],
[123.812,23.9969],
[123.8461,24.0132],
[123.8683,24.0479],
[123.8698,24.0745],
[123.8536,24.1029],
[123.8308,24.1183],
[123.7839,24.1268],
[123.7433,24.1177],
[123.7141,24.1008],
[123.6934,24.0602]
]
],
[
[
[124.1587,39.7552],
[124.211,39.7395],
[124.2538,39.7412],
[124.3182,39.7635],
[124.343,39.7952],
[124.3586,39.7692],
[124.393,39.7428],
[124.3642,39.7326],
[124.3445,39.7128],
[124.3393,39.6876],
[124.3468,39.6683],
[124.3678,39.6495],
[124.4019,39.6358],
[124.4756,39.6354],
[124.4708,39.6109],
[124.4793,39.589],
[124.4959,39.5734],
[124.5247,39.5627],
[124.5166,39.5269],
[124.5386,39.4977],
[124.5241,39.4432],
[124.5284,39.4184],
[124.556,39.391],
[124.625,39.3678],
[124.6449,39.34],
[124.6815,39.3261],
[124.6538,39.2958],
[124.6464,39.2706],
[124.6595,39.238],
[124.6908,39.2193],
[124.7265,39.2156],
[124.7641,39.2255],
[124.7866,39.2427],
[124.8044,39.2782],
[124.8069,39.299],
[124.7956,39.3232],
[124.7765,39.3379],
[124.7469,39.3462],
[124.7605,39.3848],
[124.8078,39.3658],
[124.8573,39.3779],
[124.878,39.401],
[124.9104,39.4183],
[124.9247,39.444],
[124.9522,39.4627],
[124.9625,39.5002],
[124.9877,39.5184],
[125.0038,39.5424],
[125.0383,39.5234],
[125.0373,39.4989],
[125.0511,39.4456],
[125.0419,39.396],
[125.0555,39.3733],
[125.0814,39.3582],
[125.1133,39.3543],
[125.1484,39.3649],
[125.181,39.3924],
[125.1963,39.4363],
[125.268,39.4626],
[125.2813,39.4026],
[125.3078,39.3563],
[125.3243,39.3406],
[125.3561,39.3282],
[125.3405,39.311],
[125.3292,39.2766],
[125.291,39.2537],
[125.2348,39.1878],
[125.2169,39.121],
[125.2028,39.1032],
[125.1579,39.0768],
[125.15,39.0574],
[125.1538,39.0334],
[125.1211,38.9934],
[125.0959,38.926],
[125.064,38.8957],
[125.0609,38.8712],
[125.0741,38.8449],
[125.0709,38.8102],
[125.078,38.7807],
[125.0393,38.7596],
[125.0283,38.7228],
[124.9723,38.7347],
[124.9227,38.7138],
[124.9086,38.691],
[124.9139,38.6578],
[124.8918,38.5931],
[124.8296,38.6211],
[124.7905,38.6247],
[124.7195,38.5925],
[124.6973,38.5671],
[124.6946,38.5468],
[124.7073,38.5053],
[124.7348,38.4742],
[124.7641,38.4634],
[124.8111,38.4633],
[124.8675,38.4488],
[124.7893,38.3631],
[124.7872,38.3297],
[124.8025,38.3031],
[124.7906,38.252],
[124.7236,38.2323],
[124.7068,38.2166],
[124.6986,38.1941],
[124.6535,38.1937],
[124.6121,38.1808],
[124.5924,38.1606],
[124.5834,38.1277],
[124.595,38.1007],
[124.6116,38.0848],
[124.682,38.0581],
[124.7473,38.0483],
[124.7704,38.0167],
[124.7107,38.0364],
[124.6038,38.0303],
[124.5695,38.0165],
[124.545,37.9815],
[124.5504,37.9426],
[124.5811,37.8995],
[124.631,37.8707],
[124.5991,37.84],
[124.5964,37.8195],
[124.605,37.7972],
[124.6327,37.7667],
[124.6596,37.7535],
[124.678,37.7232],
[124.7064,37.7096],
[124.7512,37.7098],
[124.7995,37.7212],
[124.8243,37.7382],
[124.8358,37.7613],
[124.8305,37.8032],
[124.7946,37.829],
[124.7903,37.8685],
[124.7574,37.8933],
[124.7666,37.9084],
[124.803,37.9288],
[124.8145,37.9519],
[124.8082,37.9825],
[124.774,38.0141],
[124.8179,38.0006],
[124.8534,38.0082],
[124.8784,38.0256],
[124.9111,38.0155],
[124.9611,38.0242],
[124.9824,38.0154],
[124.9454,38],
[124.8952,37.9542],
[124.8866,37.9222],
[124.9055,37.8813],
[124.9492,37.8622],
[124.9166,37.856],
[124.8962,37.843],
[124.8821,37.82],
[124.8819,37.7993],
[124.8998,37.7724],
[124.9282,37.7587],
[125.0225,37.7519],
[125.0564,37.759],
[125.0717,37.7439],
[125.0322,37.7258],
[125.0167,37.6928],
[125.0314,37.6539],
[125.053,37.6348],
[125.0835,37.6261],
[125.1147,37.6294],
[125.141,37.6443],
[125.157,37.669],
[125.2025,37.6438],
[125.2511,37.6424],
[125.2823,37.6538],
[125.3148,37.6319],
[125.3554,37.6276],
[125.4038,37.6477],
[125.4234,37.6775],
[125.4863,37.6773],
[125.5307,37.7003],
[125.5579,37.6887],
[125.5957,37.6863],
[125.6097,37.6736],
[125.6182,37.6139],
[125.656,37.5715],
[125.6887,37.5541],
[125.7283,37.551],
[125.767,37.5674],
[125.7857,37.5934],
[125.7855,37.6535],
[125.7671,37.7112],
[125.7335,37.7515],
[125.7955,37.7467],
[125.7836,37.7257],
[125.7831,37.7049],
[125.8111,37.6705],
[125.8416,37.6615],
[125.8789,37.6666],
[125.9038,37.6832],
[125.9165,37.713],
[125.9256,37.7159],
[125.9346,37.7115],
[125.9384,37.6749],
[125.9492,37.6617],
[125.9097,37.6374],
[125.8926,37.5983],
[125.9076,37.5641],
[125.9397,37.5468],
[125.9775,37.5463],
[126.0167,37.5651],
[126.0423,37.5932],
[126.0438,37.6246],
[126.0875,37.6421],
[126.1439,37.6199],
[126.1673,37.5925],
[126.1958,37.5788],
[126.1932,37.5433],
[126.2081,37.52],
[126.2357,37.5002],
[126.2426,37.4625],
[126.2643,37.4434],
[126.2957,37.4346],
[126.3217,37.4039],
[126.3271,37.3794],
[126.3544,37.3376],
[126.3923,37.3158],
[126.3826,37.3074],
[126.3412,37.3163],
[126.3358,37.348],
[126.3172,37.369],
[126.2832,37.3837],
[126.25,37.383],
[126.2168,37.3663],
[126.1993,37.3438],
[126.1967,37.3231],
[126.2124,37.2885],
[126.21,37.2703],
[126.1102,37.3401],
[126.0711,37.3438],
[126.0293,37.3279],
[126.0093,37.2955],
[126.0219,37.2508],
[125.9851,37.2568],
[125.9541,37.249],
[125.8967,37.205],
[125.8938,37.1689],
[125.9191,37.1406],
[125.897,37.1244],
[125.8783,37.0964],
[125.8746,37.06],
[125.8821,37.04],
[125.9176,37.0152],
[125.9508,36.9772],
[125.9873,36.9654],
[126.0248,36.968],
[126.0649,36.9901],
[126.0926,37.0334],
[126.1392,37.0593],
[126.1569,37.0912],
[126.1501,37.1229],
[126.1725,37.143],
[126.2082,37.1277],
[126.2601,37.0834],
[126.2937,37.0751],
[126.3228,37.0779],
[126.3331,37.0667],
[126.3219,37.0538],
[126.2291,37.0026],
[126.2088,36.9655],
[126.1833,36.9803],
[126.1505,36.9847],
[126.1199,36.9762],
[126.1012,36.9616],
[126.0838,36.904],
[126.0958,36.8727],
[126.0761,36.8214],
[126.0521,36.791],
[126.0495,36.7495],
[126.0297,36.7294],
[126.015,36.7223],
[126.0036,36.7534],
[125.9804,36.7714],
[125.931,36.778],
[125.888,36.7556],
[125.8778,36.7363],
[125.8776,36.7151],
[125.8189,36.7143],
[125.7872,36.7052],
[125.7579,36.7173],
[125.7247,36.7166],
[125.6465,36.6872],
[125.6231,36.6574],
[125.576,36.6763],
[125.5367,36.674],
[125.4968,36.6522],
[125.4794,36.6295],
[125.4776,36.6035],
[125.4912,36.5799],
[125.5205,36.5612],
[125.5524,36.5572],
[125.6163,36.5708],
[125.6453,36.6029],
[125.6789,36.5833],
[125.7102,36.5768],
[125.7591,36.5897],
[125.7837,36.6187],
[125.8346,36.6007],
[125.872,36.6034],
[125.9147,36.6326],
[125.9263,36.67],
[125.946,36.6681],
[125.9426,36.6308],
[125.9748,36.5987],
[126.0061,36.5922],
[126.0403,36.5996],
[126.0752,36.5842],
[126.1127,36.5868],
[126.1136,36.5491],
[126.0953,36.5258],
[126.095,36.4949],
[126.1167,36.4684],
[126.1519,36.4566],
[126.1422,36.4341],
[126.1465,36.4083],
[126.1712,36.3836],
[126.213,36.3746],
[126.2039,36.3523],
[126.1415,36.3211],
[126.129,36.3026],
[126.1268,36.2785],
[125.9947,36.3136],
[125.9143,36.2864],
[125.8946,36.2657],
[125.8894,36.2392],
[125.899,36.2063],
[125.9317,36.1777],
[125.9034,36.148],
[125.9037,36.1111],
[125.9321,36.0735],
[125.9606,36.0596],
[126.0116,36.0608],
[126.044,36.0775],
[126.0594,36.1053],
[126.0537,36.1466],
[126.0859,36.15],
[126.1522,36.1751],
[126.1746,36.2004],
[126.1759,36.2314],
[126.2182,36.2263],
[126.2474,36.2019],
[126.2863,36.194],
[126.3169,36.1998],
[126.3433,36.2193],
[126.3725,36.2081],
[126.404,36.2091],
[126.4404,36.23],
[126.4423,36.1953],
[126.4182,36.1392],
[126.4077,36.1363],
[126.367,36.1055],
[126.3615,36.0849],
[126.3663,36.0641],
[126.3903,36.0363],
[126.4457,36.0241],
[126.4693,35.9967],
[126.4565,35.9779],
[126.4538,35.9568],
[126.4589,35.9262],
[126.4741,35.9003],
[126.4057,35.9145],
[126.3085,35.9104],
[126.2779,35.9019],
[126.2592,35.887],
[126.2479,35.8624],
[126.2523,35.8364],
[126.2727,35.8123],
[126.3004,35.7985],
[126.3203,35.77],
[126.2892,35.7639],
[126.2688,35.7506],
[126.2538,35.7218],
[126.2603,35.692],
[126.2209,35.6712],
[126.2041,35.6496],
[126.2031,35.6781],
[126.1916,35.6972],
[126.1346,35.723],
[126.1075,35.7235],
[126.0714,35.7122],
[126.0505,35.6984],
[126.0364,35.6748],
[126.0362,35.6535],
[126.0513,35.6177],
[126.076,35.5928],
[126.133,35.5798],
[126.1785,35.599],
[126.1778,35.5581],
[126.2045,35.5282],
[126.2564,35.5142],
[126.2992,35.5265],
[126.3428,35.5055],
[126.3877,35.511],
[126.3978,35.5029],
[126.3694,35.4821],
[126.3504,35.4421],
[126.3227,35.3653],
[126.2952,35.3763],
[126.2682,35.3768],
[126.2398,35.3696],
[126.2111,35.351],
[126.1942,35.3518],
[126.1993,35.3765],
[126.1919,35.3993],
[126.1566,35.4296],
[126.1238,35.434],
[126.0872,35.4219],
[126.0572,35.4284],
[126.0191,35.4246],
[125.9526,35.3948],
[125.9248,35.3623],
[125.9196,35.3355],
[125.9299,35.3008],
[125.9512,35.2758],
[125.9867,35.2637],
[126.0199,35.2679],
[126.0264,35.2268],
[126.0539,35.1904],
[126.0207,35.1699],
[125.97,35.1608],
[125.9635,35.1693],
[125.9798,35.1981],
[125.9763,35.2287],
[125.9578,35.2503],
[125.9238,35.266],
[125.8669,35.2625],
[125.8341,35.2304],
[125.8314,35.2091],
[125.8401,35.1869],
[125.8163,35.1635],
[125.8111,35.1367],
[125.8196,35.1117],
[125.8476,35.085],
[125.8031,35.0585],
[125.7928,35.0388],
[125.7926,35.0173],
[125.8104,34.9894],
[125.845,34.974],
[125.8825,34.9767],
[125.9144,34.9983],
[125.9197,34.9925],
[125.8958,34.9721],
[125.8875,34.9465],
[125.8922,34.9254],
[125.9101,34.9047],
[125.8847,34.8482],
[125.8453,34.8184],
[125.8221,34.8367],
[125.7901,34.8441],
[125.7557,34.8373],
[125.7281,34.8152],
[125.7201,34.7836],
[125.7346,34.7543],
[125.7673,34.7362],
[125.8102,34.7374],
[125.8093,34.7194],
[125.7896,34.7013],
[125.7791,34.6739],
[125.7429,34.6487],
[125.7332,34.6103],
[125.7577,34.5614],
[125.8498,34.5156],
[125.8976,34.5093],
[125.9476,34.5186],
[125.9521,34.5098],
[125.9217,34.4784],
[125.9163,34.432],
[125.8542,34.3959],
[125.8345,34.3747],
[125.8184,34.3128],
[125.8298,34.2811],
[125.7653,34.255],
[125.7432,34.2354],
[125.7349,34.2095],
[125.7427,34.1828],
[125.7756,34.1579],
[125.8761,34.139],
[125.8892,34.112],
[125.913,34.0939],
[125.9632,34.0893],
[125.9857,34.0988],
[126.0058,34.1198],
[126.0115,34.1462],
[126.0044,34.1713],
[126.0451,34.1679],
[126.1079,34.1779],
[126.1661,34.1654],
[126.2075,34.1769],
[126.2422,34.2182],
[126.2537,34.2525],
[126.2491,34.2815],
[126.2707,34.2704],
[126.2659,34.2372],
[126.2891,34.2049],
[126.38,34.1699],
[126.3945,34.1399],
[126.4737,34.081],
[126.5905,34.0437],
[126.6836,34.0614],
[126.7057,34.0731],
[126.7263,34.0975],
[126.7695,34.099],
[126.8005,34.1196],
[126.8265,34.1033],
[126.8615,34.0966],
[126.9394,34.1035],
[126.9697,34.1232],
[126.9887,34.1623],
[127.013,34.1617],
[127.0443,34.1408],
[127.0756,34.1341],
[127.1246,34.1507],
[127.1688,34.148],
[127.2867,34.1612],
[127.3166,34.1259],
[127.3638,34.1159],
[127.4087,34.135],
[127.4236,34.1568],
[127.4266,34.1811],
[127.4807,34.1746],
[127.5252,34.2034],
[127.5729,34.2147],
[127.5966,34.2378],
[127.6053,34.2636],
[127.5896,34.3029],
[127.5514,34.3232],
[127.5717,34.3443],
[127.5746,34.3828],
[127.5943,34.4036],
[127.6085,34.4427],
[127.6021,34.4747],
[127.5638,34.5211],
[127.5844,34.5223],
[127.6166,34.4929],
[127.667,34.4846],
[127.7147,34.4502],
[127.7238,34.3947],
[127.7539,34.3667],
[127.8007,34.3544],
[127.856,34.3745],
[127.8893,34.36],
[127.9326,34.3648],
[127.9639,34.3884],
[127.9718,34.4246],
[127.9434,34.4628],
[127.8915,34.4719],
[127.8929,34.5104],
[127.861,34.5579],
[127.8746,34.5842],
[127.863,34.6252],
[127.8724,34.6538],
[127.8741,34.6717],
[127.9117,34.6714],
[127.9371,34.6619],
[127.9276,34.6217],
[127.9558,34.5865],
[127.98,34.5782],
[128.0114,34.5792],
[128.0528,34.6075],
[128.0747,34.5797],
[128.1099,34.5676],
[128.1101,34.5528],
[128.078,34.5571],
[128.0474,34.5484],
[128.02,34.5186],
[128.0173,34.4972],
[128.0248,34.4765],
[128.0645,34.4496],
[128.0959,34.4482],
[128.1246,34.4588],
[128.1447,34.4797],
[128.1498,34.51],
[128.1835,34.5022],
[128.2197,34.5107],
[128.2468,34.5362],
[128.2555,34.5613],
[128.2733,34.5657],
[128.2861,34.5314],
[128.3077,34.5116],
[128.3445,34.5022],
[128.3768,34.5089],
[128.4194,34.4852],
[128.4747,34.4925],
[128.5065,34.5181],
[128.5582,34.517],
[128.605,34.5501],
[128.6153,34.5691],
[128.6158,34.5923],
[128.6396,34.6129],
[128.6505,34.6339],
[128.7093,34.6777],
[128.7219,34.6388],
[128.7583,34.6165],
[128.8077,34.6201],
[128.8385,34.6465],
[128.8443,34.6727],
[128.8319,34.715],
[128.8087,34.7335],
[128.7714,34.7408],
[128.7934,34.7616],
[128.8173,34.8128],
[128.8082,34.8589],
[128.8167,34.9043],
[128.7931,34.9395],
[128.8193,34.937],
[128.8755,34.9546],
[128.906,34.9988],
[128.9233,34.9892],
[128.9234,34.9704],
[128.9069,34.9444],
[128.9067,34.9229],
[128.9203,34.8989],
[128.9461,34.8829],
[128.9781,34.8787],
[129.0157,34.8905],
[129.0381,34.9162],
[129.0413,34.9463],
[129.0715,34.9498],
[129.0941,34.9619],
[129.1104,34.9832],
[129.1138,35.0041],
[129.1442,35.0211],
[129.1597,35.05],
[129.1824,35.074],
[129.191,35.0983],
[129.2481,35.1304],
[129.2504,35.1327],
[129.283,35.1673],
[129.313,35.2224],
[129.3226,35.2728],
[129.3539,35.2884],
[129.3956,35.3107],
[129.4196,35.3333],
[129.4284,35.3587],
[129.4223,35.3833],
[129.4374,35.4259],
[129.4859,35.447],
[129.5059,35.4677],
[129.5241,35.5685],
[129.5275,35.5863],
[129.5274,35.6122],
[129.5177,35.6327],
[129.5406,35.6786],
[129.5643,35.781],
[129.5952,35.8578],
[129.5962,35.9143],
[129.6468,36.0073],
[129.6507,36.0391],
[129.644,36.0776],
[129.6293,36.1026],
[129.5901,36.1327],
[129.5508,36.1398],
[129.5001,36.1229],
[129.4647,36.1599],
[129.4498,36.209],
[129.4438,36.2878],
[129.4479,36.328],
[129.4935,36.3959],
[129.5055,36.4695],
[129.5133,36.5136],
[129.5038,36.568],
[129.4821,36.5983],
[129.4828,36.6118],
[129.4945,36.6328],
[129.5223,36.6555],
[129.5357,36.6809],
[129.5444,36.7674],
[129.5349,36.7998],
[129.4887,36.879],
[129.4843,36.9146],
[129.4894,36.9386],
[129.4787,36.9756],
[129.4787,37.0251],
[129.4915,37.0459],
[129.4945,37.075],
[129.4817,37.0987],
[129.4432,37.1253],
[129.4222,37.1739],
[129.4136,37.1943],
[129.4191,37.2378],
[129.4121,37.263],
[129.3782,37.3169],
[129.3294,37.3621],
[129.3081,37.4085],
[129.2575,37.4455],
[129.2353,37.4917],
[129.1921,37.5372],
[129.1746,37.5981],
[129.1199,37.6466],
[129.1185,37.6828],
[129.1093,37.7022],
[128.9374,37.8559],
[128.9005,37.8992],
[128.8865,37.9292],
[128.8438,37.964],
[128.8193,38],
[128.7904,38.0472],
[128.743,38.0866],
[128.733,38.1126],
[128.6761,38.1653],
[128.6695,38.2095],
[128.6422,38.2715],
[128.6156,38.3014],
[128.5902,38.3685],
[128.5302,38.4378],
[128.5251,38.4755],
[128.4882,38.5206],
[128.4702,38.5712],
[128.4403,38.6161],
[128.4269,38.6268],
[128.4299,38.6823],
[128.4169,38.7143],
[128.3489,38.7616],
[128.3217,38.7965],
[128.2875,38.8112],
[128.2505,38.8123],
[128.2278,38.8474],
[128.1609,38.8664],
[128.0932,38.9162],
[128.0612,38.9232],
[128.0324,38.9186],
[128.0062,38.9608],
[127.9653,38.9788],
[127.9306,39.0189],
[127.8664,39.0677],
[127.7932,39.1713],
[127.737,39.184],
[127.6773,39.1665],
[127.6659,39.1793],
[127.6958,39.2008],
[127.7037,39.2348],
[127.6856,39.3042],
[127.6623,39.3216],
[127.6282,39.3285],
[127.6238,39.362],
[127.5874,39.4552],
[127.5801,39.5041],
[127.5861,39.5142],
[127.5984,39.537],
[127.6379,39.5724],
[127.6429,39.6018],
[127.6123,39.6631],
[127.5571,39.6948],
[127.6196,39.7135],
[127.6504,39.7583],
[127.7006,39.7649],
[127.7403,39.8046],
[127.7999,39.8067],
[127.845,39.8288],
[127.92,39.848],
[127.9475,39.8748],
[127.9527,39.9124],
[127.9586,39.9323],
[127.9959,39.9461],
[128.0422,39.9902],
[128.0861,39.9875],
[128.119,39.9468],
[128.1608,39.9352],
[128.2238,39.9402],
[128.2623,39.9535],
[128.2906,39.9806],
[128.3232,39.9789],
[128.3611,39.9896],
[128.3835,40.0076],
[128.4022,40.0485],
[128.4531,40.0541],
[128.5048,40.0828],
[128.5595,40.0968],
[128.6051,40.1331],
[128.6528,40.134],
[128.699,40.1537],
[128.7214,40.1798],
[128.7356,40.2314],
[128.7341,40.2514],
[128.7193,40.2728],
[128.7549,40.2781],
[128.9115,40.3407],
[129.0003,40.4027],
[129.0552,40.4273],
[129.1037,40.4357],
[129.1443,40.4556],
[129.2088,40.5252],
[129.2199,40.5476],
[129.2323,40.5834],
[129.2671,40.6327],
[129.3122,40.6281],
[129.342,40.6357],
[129.3644,40.6535],
[129.4004,40.7102],
[129.4548,40.7308],
[129.4794,40.7132],
[129.5237,40.6994],
[129.4932,40.6847],
[129.4753,40.6599],
[129.475,40.6341],
[129.4907,40.6112],
[129.5427,40.5924],
[129.5935,40.6014],
[129.6186,40.6255],
[129.6225,40.6575],
[129.6024,40.6849],
[129.5603,40.7006],
[129.5858,40.7121],
[129.6027,40.7323],
[129.6075,40.7579],
[129.5975,40.7813],
[129.6057,40.7908],
[129.7102,40.7872],
[129.7409,40.7926],
[129.776,40.8149],
[129.7987,40.8536],
[129.8275,40.94],
[129.7971,40.992],
[129.7877,41.0279],
[129.7871,41.0641],
[129.804,41.103],
[129.7875,41.1375],
[129.785,41.172],
[129.798,41.1907],
[129.8045,41.236],
[129.8184,41.251],
[129.8241,41.2731],
[129.8255,41.2868],
[129.8575,41.3215],
[129.8692,41.3677],
[129.8648,41.4022],
[129.8412,41.425],
[129.7349,41.4725],
[129.7173,41.4963],
[129.7206,41.5449],
[129.7528,41.6287],
[129.7987,41.66],
[129.8227,41.7126],
[129.8724,41.7154],
[129.9027,41.7332],
[129.9336,41.7853],
[129.9529,41.851],
[129.9895,41.8582],
[130.014,41.8739],
[130.0332,41.9198],
[130.0557,41.9489],
[130.0912,41.9746],
[130.1023,41.9945],
[130.1359,42.0198],
[130.1781,42.0207],
[130.2062,42.0327],
[130.2295,42.0518],
[130.2614,42.0999],
[130.2959,42.1003],
[130.324,42.1122],
[130.3638,42.1428],
[130.4216,42.2085],
[130.4451,42.2194],
[130.4611,42.2374],
[130.4655,42.214],
[130.4819,42.1942],
[130.5354,42.1795],
[130.5705,42.1897],
[130.5925,42.2123],
[130.6456,42.2198],
[130.7422,42.2583],
[130.7391,42.2607],
[130.6967,42.2933],
[130.6504,42.3302],
[130.6465,42.3497],
[130.6723,42.373],
[130.637,42.4183],
[130.6066,42.4315],
[130.5755,42.4308],
[130.5637,42.4436],
[130.564,42.4662],
[130.5837,42.4779],
[130.5519,42.492],
[130.55,42.5231],
[130.5264,42.5424],
[130.5247,42.5656],
[130.5096,42.5835],
[130.5224,42.6007],
[130.517,42.6139],
[130.4909,42.621],
[130.4651,42.6054],
[130.4631,42.5883],
[130.4804,42.5617],
[130.473,42.5524],
[130.4461,42.5476],
[130.4139,42.5682],
[130.4356,42.5973],
[130.4273,42.6109],
[130.4151,42.6138],
[130.3816,42.5983],
[130.3539,42.636],
[130.3056,42.6606],
[130.2903,42.6989],
[130.2528,42.7063],
[130.2351,42.7402],
[130.243,42.7702],
[130.2377,42.78],
[130.2524,42.7903],
[130.2366,42.8171],
[130.2544,42.8381],
[130.2486,42.8569],
[130.2668,42.8735],
[130.2636,42.901],
[130.1724,42.9139],
[130.1378,42.9019],
[130.1071,42.9123],
[130.1015,42.926],
[130.1336,42.9372],
[130.1193,42.9417],
[130.115,42.9541],
[130.1461,42.9704],
[130.1446,42.9786],
[130.1055,42.9876],
[130.0579,42.9666],
[129.9839,42.97],
[129.9541,42.9787],
[129.9556,43.0076],
[129.9205,43.0084],
[129.8947,43.0027],
[129.8776,42.9891],
[129.8821,42.9793],
[129.915,42.979],
[129.9092,42.9677],
[129.8645,42.9722],
[129.8514,42.9616],
[129.8493,42.9489],
[129.8692,42.9189],
[129.8438,42.9203],
[129.8375,42.8666],
[129.8116,42.848],
[129.8014,42.8148],
[129.8087,42.7905],
[129.7924,42.7765],
[129.782,42.7682],
[129.7735,42.733],
[129.7604,42.7261],
[129.7596,42.7114],
[129.7745,42.6907],
[129.8031,42.681],
[129.7973,42.6731],
[129.7849,42.6797],
[129.774,42.6717],
[129.7742,42.653],
[129.7843,42.6425],
[129.7711,42.6437],
[129.7646,42.6553],
[129.7473,42.6473],
[129.7665,42.6327],
[129.7522,42.6233],
[129.7543,42.6157],
[129.7802,42.6118],
[129.7786,42.6043],
[129.758,42.6012],
[129.752,42.5838],
[129.7365,42.5757],
[129.7352,42.5585],
[129.7466,42.5416],
[129.7318,42.4978],
[129.7402,42.4913],
[129.7445,42.4692],
[129.7254,42.4485],
[129.704,42.4259],
[129.6689,42.4343],
[129.6483,42.4243],
[129.6169,42.4622],
[129.5871,42.4511],
[129.5919,42.4413],
[129.6072,42.4436],
[129.6079,42.4383],
[129.5938,42.4105],
[129.5778,42.4142],
[129.5638,42.3996],
[129.5582,42.3868],
[129.5707,42.381],
[129.5491,42.375],
[129.5536,42.3643],
[129.5472,42.3605],
[129.5456,42.3688],
[129.5341,42.365],
[129.5229,42.3903],
[129.5043,42.3944],
[129.4963,42.4111],
[129.48,42.4199],
[129.459,42.4225],
[129.4498,42.4398],
[129.4378,42.4428],
[129.4247,42.4328],
[129.3965,42.4515],
[129.3811,42.4231],
[129.3538,42.4314],
[129.368,42.4447],
[129.365,42.455],
[129.3471,42.4527],
[129.3355,42.4401],
[129.3562,42.4216],
[129.3403,42.4169],
[129.3508,42.4068],
[129.3311,42.417],
[129.331,42.4316],
[129.3203,42.4184],
[129.3088,42.4236],
[129.3045,42.413],
[129.3121,42.4055],
[129.3011,42.4025],
[129.32,42.3848],
[129.2938,42.3898],
[129.29,42.379],
[129.2708,42.3881],
[129.2588,42.3722],
[129.2436,42.3798],
[129.2238,42.3551],
[129.2568,42.325],
[129.2246,42.3134],
[129.2062,42.3213],
[129.193,42.3149],
[129.2122,42.303],
[129.2372,42.3079],
[129.2014,42.2895],
[129.2246,42.2827],
[129.2188,42.2665],
[129.1763,42.2593],
[129.1759,42.237],
[129.2013,42.2429],
[129.2068,42.2349],
[129.1975,42.2247],
[129.2051,42.2134],
[129.2199,42.2166],
[129.2216,42.2049],
[129.1901,42.2039],
[129.1892,42.1892],
[129.16,42.1857],
[129.1658,42.1637],
[129.1266,42.1601],
[129.1286,42.1499],
[129.1143,42.1388],
[129.0867,42.1387],
[129.0684,42.157],
[129.0632,42.1506],
[129.0711,42.1379],
[129.0412,42.1346],
[129.0363,42.1221],
[129.0259,42.1187],
[129.0421,42.1169],
[129.0324,42.112],
[129.0347,42.1057],
[129.0088,42.0992],
[129.0043,42.0883],
[128.9635,42.095],
[128.9482,42.0831],
[128.9454,42.064],
[128.9588,42.0553],
[128.9468,42.0251],
[128.9386,42.0271],
[128.9154,42.01],
[128.8851,42.026],
[128.8746,42.02],
[128.8523,42.0297],
[128.8352,42.0242],
[128.8091,42.0419],
[128.782,42.0403],
[128.7702,42.0316],
[128.745,42.0513],
[128.7292,42.0497],
[128.7299,42.041],
[128.715,42.0377],
[128.6849,42.0118],
[128.6503,42.0156],
[128.6529,42.0268],
[128.6304,42.0372],
[128.6006,42.0305],
[128.5894,42.0221],
[128.5931,42.0125],
[128.5869,42.0056],
[128.564,41.997],
[128.542,42.0048],
[128.4897,41.9985],
[128.4681,42.007],
[128.3991,41.999],
[128.3189,41.9729],
[128.2335,41.9705],
[128.1141,41.992],
[128.0992,41.9905],
[128.096,41.9771],
[128.1008,41.9398],
[128.0976,41.9179],
[128.1086,41.8943],
[128.0964,41.8379],
[128.1041,41.8171],
[128.1065,41.7903],
[128.1418,41.778],
[128.1357,41.774],
[128.1435,41.7616],
[128.14,41.7501],
[128.1617,41.7121],
[128.1844,41.7087],
[128.2024,41.6844],
[128.2426,41.6788],
[128.24,41.6738],
[128.2542,41.671],
[128.251,41.665],
[128.2639,41.6653],
[128.2633,41.6555],
[128.2726,41.6565],
[128.2678,41.6456],
[128.2824,41.632],
[128.2801,41.6237],
[128.2975,41.6281],
[128.2995,41.6156],
[128.2869,41.6107],
[128.2999,41.6106],
[128.2961,41.6013],
[128.3103,41.6016],
[128.3042,41.5945],
[128.3121,41.587],
[128.3057,41.5758],
[128.3119,41.5721],
[128.2891,41.5596],
[128.2946,41.5544],
[128.2863,41.5525],
[128.2861,41.5445],
[128.2963,41.5375],
[128.2791,41.533],
[128.2779,41.5226],
[128.255,41.5036],
[128.2338,41.4967],
[128.238,41.4761],
[128.2278,41.4546],
[128.2403,41.4489],
[128.215,41.4386],
[128.2031,41.4098],
[128.1828,41.4113],
[128.1651,41.4023],
[128.1539,41.3842],
[128.1234,41.38],
[128.1083,41.3606],
[128.084,41.3726],
[128.1028,41.3839],
[128.0991,41.3958],
[128.0964,41.39],
[128.0811,41.3925],
[128.0743,41.3767],
[128.066,41.3925],
[128.0473,41.3908],
[128.0309,41.3922],
[128.0395,41.4155],
[128.0294,41.4193],
[128.0185,41.4091],
[128.0117,41.4125],
[128.0132,41.4261],
[127.997,41.4282],
[128.0082,41.435],
[128.0092,41.445],
[127.9974,41.4436],
[127.9876,41.42],
[127.978,41.4149],
[127.9759,41.4307],
[127.9429,41.4368],
[127.9454,41.4483],
[127.9356,41.4472],
[127.9319,41.4567],
[127.9279,41.4436],
[127.9064,41.4269],
[127.897,41.4343],
[127.8855,41.4317],
[127.8799,41.4381],
[127.8855,41.4434],
[127.8738,41.4449],
[127.8672,41.4021],
[127.8569,41.4036],
[127.8455,41.4202],
[127.8298,41.4175],
[127.8299,41.4064],
[127.8217,41.4057],
[127.8045,41.4225],
[127.7921,41.4181],
[127.7878,41.4047],
[127.7772,41.4242],
[127.7663,41.4184],
[127.7364,41.4244],
[127.7171,41.4168],
[127.6865,41.422],
[127.6699,41.4121],
[127.6496,41.4264],
[127.6598,41.4071],
[127.6331,41.4093],
[127.6132,41.43],
[127.5857,41.4238],
[127.5553,41.4322],
[127.5392,41.4518],
[127.5415,41.4745],
[127.5229,41.4654],
[127.4964,41.4755],
[127.4763,41.4682],
[127.4663,41.4808],
[127.4592,41.473],
[127.4622,41.4625],
[127.4538,41.4578],
[127.4236,41.4621],
[127.4107,41.4554],
[127.397,41.4766],
[127.3819,41.4799],
[127.3557,41.4774],
[127.3564,41.4626],
[127.3476,41.4603],
[127.2884,41.4835],
[127.2709,41.4757],
[127.2512,41.4788],
[127.2495,41.4872],
[127.2796,41.4973],
[127.2733,41.5121],
[127.2398,41.4975],
[127.2276,41.5074],
[127.2349,41.5187],
[127.2082,41.5181],
[127.2073,41.5311],
[127.1779,41.5238],
[127.1614,41.54],
[127.1396,41.5242],
[127.1343,41.5398],
[127.1081,41.5361],
[127.0974,41.5511],
[127.1167,41.5486],
[127.1137,41.5594],
[127.1383,41.568],
[127.1386,41.5817],
[127.1765,41.5859],
[127.1784,41.5923],
[127.1238,41.5975],
[127.1163,41.6055],
[127.1225,41.6103],
[127.119,41.6215],
[127.1008,41.6181],
[127.0856,41.6254],
[127.1007,41.6327],
[127.1023,41.6421],
[127.0722,41.6429],
[127.0571,41.6602],
[127.0468,41.6628],
[127.0302,41.6718],
[127.0428,41.6909],
[127.0673,41.6875],
[127.077,41.7005],
[127.0499,41.7015],
[127.0481,41.7403],
[127.0047,41.7427],
[126.9992,41.7462],
[127.0033,41.7601],
[126.9803,41.7627],
[126.9726,41.7744],
[126.9333,41.77],
[126.9292,41.7831],
[126.9469,41.7932],
[126.9371,41.8081],
[126.8673,41.7773],
[126.8395,41.7228],
[126.8258,41.7229],
[126.8172,41.7416],
[126.8053,41.7476],
[126.7951,41.7319],
[126.7971,41.6954],
[126.7906,41.6912],
[126.77,41.7009],
[126.7647,41.7193],
[126.7221,41.7442],
[126.6939,41.749],
[126.6825,41.7375],
[126.6847,41.7293],
[126.7323,41.7147],
[126.6834,41.6778],
[126.6868,41.6715],
[126.6564,41.6579],
[126.6376,41.6559],
[126.6145,41.6727],
[126.6072,41.6665],
[126.6098,41.6454],
[126.5924,41.6289],
[126.5917,41.6166],
[126.5632,41.6109],
[126.588,41.5624],
[126.5838,41.5492],
[126.5555,41.5256],
[126.5449,41.4953],
[126.5499,41.4878],
[126.5039,41.4311],
[126.5057,41.3951],
[126.5321,41.3696],
[126.532,41.3554],
[126.5128,41.3463],
[126.4747,41.347],
[126.5047,41.357],
[126.5099,41.3635],
[126.5025,41.3719],
[126.4331,41.3521],
[126.4327,41.3304],
[126.4043,41.3275],
[126.3935,41.3016],
[126.3628,41.2814],
[126.3537,41.243],
[126.3163,41.2272],
[126.3051,41.1894],
[126.2828,41.1862],
[126.291,41.1703],
[126.2802,41.1589],
[126.2345,41.1449],
[126.2233,41.1275],
[126.2008,41.1222],
[126.1658,41.0927],
[126.1167,41.0877],
[126.1093,41.0722],
[126.1307,41.0582],
[126.1208,41.0335],
[126.0954,41.0341],
[126.1035,41.0046],
[126.0627,40.9962],
[126.0764,40.975],
[126.0517,40.9637],
[126.0509,40.9478],
[126.0361,40.9404],
[126.0342,40.9271],
[126.0005,40.9316],
[125.9751,40.916],
[125.9772,40.9085],
[126.0092,40.9142],
[126.0183,40.9013],
[125.9945,40.8916],
[125.967,40.9017],
[125.9638,40.8857],
[125.9351,40.8768],
[125.906,40.8899],
[125.9107,40.9107],
[125.8958,40.8963],
[125.8684,40.9056],
[125.8569,40.8834],
[125.8187,40.8667],
[125.7957,40.8654],
[125.7969,40.8819],
[125.7689,40.8915],
[125.7549,40.8809],
[125.7526,40.8672],
[125.7174,40.8701],
[125.702,40.8637],
[125.6794,40.8392],
[125.634,40.8118],
[125.6293,40.7989],
[125.6821,40.785],
[125.6835,40.7653],
[125.6398,40.765],
[125.5991,40.7545],
[125.5915,40.7557],
[125.5808,40.7787],
[125.5673,40.7807],
[125.5483,40.7624],
[125.5372,40.7234],
[125.5243,40.7164],
[125.4753,40.7173],
[125.4534,40.6985],
[125.4516,40.6745],
[125.4379,40.6651],
[125.4116,40.6696],
[125.4171,40.6314],
[125.4082,40.6254],
[125.3886,40.6312],
[125.3713,40.6507],
[125.3292,40.637],
[125.2772,40.6542],
[125.2668,40.6477],
[125.2573,40.6129],
[125.1858,40.6075],
[125.1617,40.5955],
[125.1069,40.5609],
[125.0047,40.5213],
[124.9997,40.5008],
[125.0381,40.4867],
[125.0403,40.4644],
[125.0169,40.4564],
[124.9809,40.4708],
[124.9624,40.4623],
[124.9609,40.4615],
[124.9397,40.4532],
[124.9143,40.4565],
[124.9057,40.464],
[124.9098,40.4781],
[124.9006,40.4819],
[124.8507,40.4285],
[124.8074,40.3996],
[124.7565,40.3822],
[124.7354,40.3577],
[124.7273,40.3298],
[124.7134,40.3175],
[124.7088,40.3149],
[124.7058,40.3132],
[124.69,40.3085],
[124.6377,40.3],
[124.6213,40.2893],
[124.5462,40.2374],
[124.5227,40.2298],
[124.5079,40.2154],
[124.5018,40.1996],
[124.4874,40.1824],
[124.4831,40.1738],
[124.4611,40.1748],
[124.4466,40.1564],
[124.4332,40.1412],
[124.4118,40.139],
[124.4045,40.1346],
[124.3989,40.127],
[124.3924,40.1151],
[124.3706,40.1008],
[124.3351,40.0586],
[124.3377,40.0467],
[124.3607,40.0392],
[124.3709,40.0268],
[124.3606,39.9919],
[124.3541,39.9707],
[124.3457,39.9737],
[124.3453,39.9879],
[124.3102,39.9676],
[124.2918,39.9674],
[124.2832,39.9597],
[124.2827,39.9475],
[124.2939,39.9436],
[124.2842,39.9277],
[124.2629,39.9327],
[124.2274,39.9191],
[124.2137,39.8862],
[124.214,39.8625],
[124.1685,39.8278],
[124.1592,39.7586],
[124.1587,39.7552]
]
],
[
[
[124.6119,24.6773],
[124.6125,24.635],
[124.6283,24.6103],
[124.6536,24.5933],
[124.7025,24.5851],
[124.7385,24.5929],
[124.7712,24.6192],
[124.787,24.6557],
[124.7789,24.6901],
[124.7535,24.7128],
[124.7647,24.7389],
[124.7611,24.7662],
[124.7428,24.7924],
[124.7139,24.8111],
[124.6596,24.809],
[124.6407,24.7971],
[124.6252,24.7733],
[124.6259,24.742],
[124.6465,24.7161],
[124.6119,24.6773]
]
],
[
[
[125.0096,34.1275],
[125.0238,34.0523],
[125.1026,33.9949],
[125.1409,33.9914],
[125.1824,34.0041],
[125.2047,34.03],
[125.206,34.0681],
[125.159,34.1332],
[125.1353,34.1616],
[125.108,34.1759],
[125.0748,34.1778],
[125.0344,34.1647],
[125.0096,34.1275]
]
],
[
[
[125.0755,24.8183],
[125.091,24.7824],
[125.126,24.7574],
[125.1859,24.7531],
[125.1789,24.7302],
[125.1837,24.6995],
[125.2,24.6775],
[125.2245,24.6639],
[125.3202,24.6581],
[125.4036,24.6752],
[125.4785,24.6659],
[125.5095,24.6779],
[125.5279,24.7028],
[125.5263,24.7389],
[125.4878,24.7911],
[125.3881,24.844],
[125.3626,24.8699],
[125.3676,24.9278],
[125.4005,24.9428],
[125.4172,24.9748],
[125.4108,25.0048],
[125.3814,25.0291],
[125.3526,25.0329],
[125.3226,25.0216],
[125.2786,25.0389],
[125.2452,25.0294],
[125.2291,25.0145],
[125.22,24.9907],
[125.1951,24.9794],
[125.1775,24.9587],
[125.1746,24.917],
[125.1243,24.9057],
[125.0823,24.8554],
[125.0755,24.8183]
]
],
[
[
[125.1076,34.6676],
[125.1184,34.6425],
[125.1477,34.6197],
[125.1791,34.613],
[125.2176,34.6198],
[125.2476,34.64],
[125.2794,34.6912],
[125.2775,34.726],
[125.2641,34.7489],
[125.2387,34.771],
[125.2085,34.7808],
[125.1719,34.7791],
[125.1439,34.7659],
[125.1249,34.7414],
[125.1105,34.6955],
[125.1076,34.6676]
]
],
[
[
[125.211,34.4293],
[125.2175,34.3895],
[125.2392,34.3516],
[125.2688,34.3313],
[125.3037,34.3266],
[125.3344,34.3325],
[125.3599,34.348],
[125.3802,34.3861],
[125.3632,34.4296],
[125.3729,34.4647],
[125.3589,34.4991],
[125.3356,34.5177],
[125.3036,34.5251],
[125.2712,34.5188],
[125.2461,34.4998],
[125.2189,34.4594],
[125.211,34.4293]
]
],
[
[
[125.2938,34.6842],
[125.2951,34.6576],
[125.3271,34.599],
[125.3653,34.5747],
[125.4179,34.5689],
[125.4985,34.5938],
[125.5269,34.6139],
[125.545,34.6565],
[125.5348,34.6873],
[125.5463,34.7371],
[125.5328,34.7667],
[125.5085,34.7829],
[125.4881,34.8093],
[125.453,34.8222],
[125.401,34.8108],
[125.3693,34.7834],
[125.3474,34.7429],
[125.304,34.704],
[125.2938,34.6842]
]
],
[
[
[125.4005,34.1886],
[125.4327,34.1556],
[125.499,34.1467],
[125.5427,34.1696],
[125.557,34.1928],
[125.5566,34.2196],
[125.5451,34.239],
[125.5186,34.2587],
[125.4815,34.2694],
[125.4473,34.2672],
[125.4192,34.2538],
[125.4043,34.236],
[125.4005,34.1886]
]
],
[
[
[125.6187,34.5065],
[125.635,34.4835],
[125.6611,34.4695],
[125.6867,34.4651],
[125.718,34.471],
[125.7425,34.4885],
[125.7541,34.5095],
[125.755,34.531],
[125.7436,34.5546],
[125.7018,34.5791],
[125.6527,34.5738],
[125.6223,34.547],
[125.6187,34.5065]
]
],
[
[
[125.6829,36.9828],
[125.6877,36.9622],
[125.7194,36.9345],
[125.7237,36.9087],
[125.7484,36.8842],
[125.7789,36.8754],
[125.8159,36.8808],
[125.8897,36.9457],
[125.8955,36.9712],
[125.8819,36.9999],
[125.8558,37.0164],
[125.8222,37.0216],
[125.7376,37.0344],
[125.7081,37.0237],
[125.6884,37.0032],
[125.6829,36.9828]
]
],
[
[
[125.9782,37.5033],
[125.9973,37.4704],
[126.0376,37.4548],
[126.0813,37.4627],
[126.1033,37.4809],
[126.1118,37.5006],
[126.1082,37.5263],
[126.0944,37.5441],
[126.0671,37.5582],
[126.0401,37.5609],
[126.0092,37.5528],
[125.9901,37.5383],
[125.9782,37.5033]
]
],
[
[
[126.0001,35.8836],
[126.0076,35.8633],
[126.0404,35.8389],
[126.0728,35.8337],
[126.1078,35.84],
[126.1297,35.82],
[126.1601,35.811],
[126.1913,35.8144],
[126.2134,35.8259],
[126.2302,35.8474],
[126.2329,35.8736],
[126.2201,35.8977],
[126.194,35.9143],
[126.1684,35.9189],
[126.1378,35.9134],
[126.1055,35.938],
[126.0608,35.9426],
[126.025,35.931],
[126.0028,35.9047],
[126.0001,35.8836]
]
],
[
[
[126.0796,33.2997],
[126.1188,33.2326],
[126.1977,33.1789],
[126.2014,33.1],
[126.2178,33.0766],
[126.2435,33.0608],
[126.2842,33.0567],
[126.3228,33.0753],
[126.337,33.0988],
[126.3332,33.1361],
[126.3426,33.1602],
[126.3639,33.1745],
[126.4067,33.1803],
[126.5143,33.1621],
[126.62,33.1758],
[126.6656,33.1691],
[126.6998,33.1838],
[126.7232,33.2178],
[126.8697,33.2635],
[126.898,33.2861],
[126.9283,33.3369],
[126.9559,33.3568],
[126.9913,33.399],
[127.0112,33.4492],
[127.0393,33.4923],
[127.0333,33.5381],
[126.998,33.5684],
[126.9602,33.5817],
[126.9234,33.5769],
[126.884,33.5838],
[126.8518,33.608],
[126.7895,33.6212],
[126.6766,33.607],
[126.6407,33.6098],
[126.5644,33.5836],
[126.4773,33.5766],
[126.4332,33.558],
[126.2858,33.5197],
[126.2188,33.4813],
[126.1751,33.4476],
[126.1567,33.4138],
[126.1147,33.3812],
[126.0799,33.3318],
[126.0796,33.2997]
]
],
[
[
[126.1519,36.0108],
[126.1545,35.976],
[126.1681,35.9523],
[126.1939,35.9365],
[126.2329,35.9276],
[126.2641,35.931],
[126.2905,35.9462],
[126.303,35.964],
[126.3077,35.9947],
[126.2941,36.029],
[126.2523,36.052],
[126.193,36.0501],
[126.166,36.0344],
[126.1519,36.0108]
]
],
[
[
[126.1815,33.9823],
[126.1887,33.9624],
[126.2417,33.9207],
[126.2436,33.8862],
[126.2762,33.8553],
[126.3549,33.8463],
[126.4453,33.8834],
[126.4642,33.9151],
[126.4623,33.9358],
[126.4464,33.9631],
[126.4571,33.9998],
[126.4472,34.0241],
[126.4247,34.0418],
[126.35,34.0645],
[126.2992,34.0649],
[126.2585,34.0429],
[126.2122,34.0334],
[126.1864,34.0084],
[126.1815,33.9823]
]
],
[
[
[126.2349,33.6769],
[126.242,33.6461],
[126.2733,33.6221],
[126.31,33.6185],
[126.3435,33.6329],
[126.3598,33.6548],
[126.3627,33.6757],
[126.4023,33.6906],
[126.4213,33.7224],
[126.4116,33.7577],
[126.3713,33.7811],
[126.3395,33.7802],
[126.3127,33.7672],
[126.2985,33.75],
[126.2936,33.7244],
[126.2539,33.7095],
[126.2349,33.6769]
]
],
[
[
[126.5713,33.9162],
[126.5816,33.892],
[126.6022,33.8741],
[126.6554,33.8669],
[126.6803,33.8772],
[126.7017,33.9002],
[126.7045,33.9355],
[126.6794,33.9649],
[126.6299,33.9749],
[126.5912,33.96],
[126.5762,33.9423],
[126.5713,33.9162]
]
],
[
[
[126.6512,26.3453],
[126.6633,26.3217],
[126.7795,26.2452],
[126.8125,26.2381],
[126.84,26.2438],
[126.8659,26.2633],
[126.8763,26.287],
[126.9002,26.2955],
[126.9422,26.3131],
[126.9601,26.3444],
[126.9517,26.3801],
[126.9198,26.4028],
[126.8591,26.399],
[126.8073,26.4395],
[126.7635,26.4466],
[126.6831,26.4192],
[126.6515,26.3803],
[126.6512,26.3453]
]
],
[
[
[126.7669,26.5989],
[126.7764,26.5634],
[126.809,26.5415],
[126.8527,26.5441],
[126.8742,26.5559],
[126.8894,26.5772],
[126.8919,26.6031],
[126.8837,26.6228],
[126.8667,26.6393],
[126.8397,26.6489],
[126.8154,26.6474],
[126.7893,26.6349],
[126.7669,26.5989]
]
],
[
[
[126.8433,33.9666],
[126.87,33.9273],
[126.9149,33.9145],
[126.971,33.9273],
[126.9975,33.9487],
[127.0062,33.9745],
[126.9965,34.0079],
[126.973,34.0319],
[126.9441,34.044],
[126.9088,34.0453],
[126.8773,34.0353],
[126.8501,34.0108],
[126.8433,33.9666]
]
],
[
[
[127.0391,26.3815],
[127.0547,26.3497],
[127.0888,26.3308],
[127.1055,26.3108],
[127.1314,26.2974],
[127.1596,26.2959],
[127.1855,26.3062],
[127.2095,26.3291],
[127.2215,26.3733],
[127.1901,26.4213],
[127.1659,26.4339],
[127.1397,26.4362],
[127.1075,26.4456],
[127.0679,26.4364],
[127.0455,26.4128],
[127.0391,26.3815]
]
],
[
[
[127.1485,26.5771],
[127.1554,26.5511],
[127.1702,26.5348],
[127.2111,26.5214],
[127.2579,26.5245],
[127.2831,26.5374],
[127.3045,26.5685],
[127.3076,26.5893],
[127.2983,26.6207],
[127.2795,26.641],
[127.2483,26.6549],
[127.2191,26.6563],
[127.1926,26.6456],
[127.1671,26.6231],
[127.1485,26.5771]
]
],
[
[
[127.1703,26.188],
[127.1716,26.159],
[127.1852,26.1329],
[127.2121,26.1146],
[127.3503,26.0885],
[127.3868,26.1033],
[127.411,26.1293],
[127.4184,26.1489],
[127.4466,26.1475],
[127.4807,26.1599],
[127.5024,26.1826],
[127.5145,26.2105],
[127.5506,26.1967],
[127.5833,26.1989],
[127.6016,26.0563],
[127.631,26.0319],
[127.684,26.021],
[127.7521,26.0448],
[127.7854,26.0751],
[127.8228,26.0901],
[127.8507,26.1128],
[127.8928,26.1015],
[127.9322,26.1171],
[127.9671,26.1549],
[127.9663,26.1954],
[127.9874,26.2093],
[128.0065,26.2404],
[128.042,26.2648],
[128.0559,26.2901],
[128.0556,26.3162],
[128.0451,26.3355],
[128.065,26.4067],
[128.0589,26.427],
[128.0406,26.4465],
[128.0536,26.4627],
[128.0934,26.4807],
[128.1278,26.4859],
[128.1718,26.511],
[128.2041,26.5413],
[128.2118,26.5727],
[128.2579,26.5833],
[128.289,26.6002],
[128.3863,26.7275],
[128.3915,26.753],
[128.375,26.8449],
[128.3502,26.8798],
[128.2939,26.9224],
[128.2434,26.9279],
[128.2047,26.909],
[128.1858,26.8777],
[128.1862,26.845],
[128.1786,26.8349],
[128.1498,26.8035],
[128.1106,26.784],
[128.092,26.7535],
[128.0739,26.7412],
[128.0559,26.7597],
[128.0345,26.7683],
[127.911,26.7571],
[127.8674,26.7627],
[127.8397,26.7848],
[127.8174,26.7916],
[127.7452,26.7903],
[127.7144,26.7763],
[127.6881,26.7271],
[127.6989,26.6846],
[127.7292,26.6621],
[127.7518,26.6558],
[127.7561,26.6271],
[127.7736,26.6055],
[127.8222,26.5893],
[127.8572,26.5675],
[127.8073,26.5483],
[127.782,26.5116],
[127.744,26.4938],
[127.6903,26.4939],
[127.6595,26.4699],
[127.6524,26.4499],
[127.654,26.4072],
[127.6829,26.324],
[127.6357,26.2949],
[127.6061,26.3145],
[127.5497,26.3232],
[127.5099,26.3141],
[127.4835,26.2896],
[127.4501,26.2932],
[127.4048,26.3105],
[127.3816,26.3069],
[127.3541,26.2904],
[127.3191,26.303],
[127.2892,26.3024],
[127.2095,26.2676],
[127.1877,26.2503],
[127.1703,26.188]
]
],
[
[
[127.2083,34.0465],
[127.2491,33.9767],
[127.3102,33.952],
[127.359,33.9595],
[127.3816,33.9751],
[127.395,33.9959],
[127.4214,34.0039],
[127.4514,34.0257],
[127.4629,34.0499],
[127.4573,34.0807],
[127.4831,34.0646],
[127.5143,34.058],
[127.529,34.0215],
[127.5667,33.9859],
[127.5898,33.9756],
[127.643,33.9801],
[127.6636,33.9935],
[127.6779,34.0167],
[127.6775,34.0453],
[127.6555,34.0893],
[127.6182,34.1133],
[127.5853,34.1207],
[127.5718,34.1475],
[127.5422,34.1662],
[127.4975,34.1716],
[127.4632,34.157],
[127.4442,34.1285],
[127.4489,34.092],
[127.411,34.1145],
[127.3742,34.1157],
[127.3476,34.1093],
[127.27,34.1144],
[127.2187,34.0881],
[127.2085,34.0682],
[127.2083,34.0465]
]
],
[
[
[127.8518,26.9336],
[127.8631,26.8794],
[127.8777,26.8569],
[127.9083,26.8415],
[127.941,26.8394],
[127.9669,26.8497],
[127.9976,26.8789],
[128.0154,26.91],
[128.014,26.994],
[128.0431,27.0221],
[128.0824,27.0877],
[128.0708,27.1275],
[128.031,27.1481],
[127.981,27.1402],
[127.9558,27.1273],
[127.8826,27.0533],
[127.8535,27.0003],
[127.8593,26.9709],
[127.8518,26.9336]
]
],
[
[
[128.019,39.0004],
[128.0455,38.962],
[128.1,38.9511],
[128.127,38.9593],
[128.1493,38.9775],
[128.1575,38.9961],
[128.1552,39.0198],
[128.1241,39.0515],
[128.0747,39.0574],
[128.0342,39.0385],
[128.019,39.0004]
]
],
[
[
[128.1589,27.8687],
[128.1742,27.8369],
[128.1952,27.8192],
[128.2208,27.8094],
[128.249,27.8103],
[128.2875,27.8367],
[128.2941,27.876],
[128.2645,27.9265],
[128.2191,27.9393],
[128.1949,27.9335],
[128.1731,27.9165],
[128.1606,27.8944],
[128.1589,27.8687]
]
],
[
[
[128.2821,32.0145],
[128.2917,31.96],
[128.3292,31.9335],
[128.3822,31.9396],
[128.4079,31.9619],
[128.4183,31.982],
[128.4558,32.0022],
[128.4784,32.0443],
[128.4691,32.08],
[128.4318,32.1046],
[128.3865,32.1106],
[128.3573,32.1023],
[128.2932,32.0367],
[128.2821,32.0145]
]
],
[
[
[128.3338,27.0494],
[128.3384,27.0227],
[128.3773,26.9849],
[128.4457,26.9669],
[128.4971,26.9832],
[128.5156,27.0149],
[128.5138,27.0541],
[128.5039,27.0805],
[128.4745,27.1117],
[128.4403,27.1228],
[128.4105,27.1221],
[128.381,27.1102],
[128.3414,27.0744],
[128.3338,27.0494]
]
],
[
[
[128.4599,27.3897],
[128.4625,27.3533],
[128.4813,27.3163],
[128.5129,27.2914],
[128.5498,27.2788],
[128.6255,27.2894],
[128.6791,27.3278],
[128.7019,27.3592],
[128.7575,27.3977],
[128.7714,27.425],
[128.7704,27.4528],
[128.7602,27.4716],
[128.7152,27.4946],
[128.6755,27.4928],
[128.5797,27.4551],
[128.5312,27.4596],
[128.5032,27.452],
[128.4784,27.4306],
[128.4599,27.3897]
]
],
[
[
[128.527,32.7226],
[128.5314,32.697],
[128.5513,32.6701],
[128.535,32.6287],
[128.5362,32.6021],
[128.5612,32.5717],
[128.628,32.5388],
[128.7609,32.5208],
[128.7931,32.5249],
[128.825,32.5407],
[128.8707,32.5119],
[128.8996,32.5072],
[128.9288,32.5128],
[128.9522,32.5296],
[128.9903,32.5867],
[128.9868,32.6125],
[128.9615,32.6443],
[128.9589,32.6711],
[128.9665,32.6892],
[129.0008,32.6918],
[129.0546,32.7185],
[129.073,32.7648],
[129.1074,32.7789],
[129.1515,32.8295],
[129.1628,32.8677],
[129.1926,32.8636],
[129.2218,32.8719],
[129.2501,32.895],
[129.2597,32.9155],
[129.2596,32.9395],
[129.2745,32.946],
[129.3621,32.943],
[129.4095,32.9652],
[129.447,32.9503],
[129.4767,32.9535],
[129.4984,32.9652],
[129.5307,32.9524],
[129.5312,32.9309],
[129.5027,32.92],
[129.4841,32.8993],
[129.4837,32.8584],
[129.5088,32.8314],
[129.5365,32.8202],
[129.5763,32.8178],
[129.6262,32.8325],
[129.6571,32.7985],
[129.7161,32.7531],
[129.7018,32.7327],
[129.698,32.7014],
[129.6734,32.6402],
[129.6748,32.562],
[129.6966,32.5306],
[129.7607,32.4985],
[129.7963,32.5009],
[129.8321,32.5202],
[129.8516,32.5549],
[129.8899,32.5932],
[129.9223,32.608],
[129.9451,32.6286],
[129.996,32.6955],
[130.067,32.7097],
[130.0668,32.6364],
[130.0856,32.6009],
[130.0588,32.5895],
[130.0042,32.5913],
[129.9751,32.5775],
[129.9566,32.5568],
[129.9525,32.5261],
[129.9725,32.4904],
[129.9138,32.3724],
[129.9124,32.325],
[129.926,32.2966],
[129.911,32.2671],
[129.9094,32.2329],
[129.8785,32.2039],
[129.8718,32.1685],
[129.8851,32.1442],
[129.9473,32.0959],
[129.9823,32.0897],
[130.0538,32.1009],
[130.0935,32.0664],
[130.1045,32],
[130.1556,31.9291],
[130.1543,31.8987],
[130.1165,31.8404],
[130.1036,31.8044],
[130.1049,31.7775],
[130.1169,31.7585],
[130.1158,31.725],
[130.1467,31.6928],
[130.203,31.689],
[130.2681,31.6154],
[130.274,31.5786],
[130.2573,31.5171],
[130.2271,31.4748],
[130.1679,31.4928],
[130.0835,31.4725],
[130.0482,31.4364],
[130.0458,31.3997],
[130.066,31.3736],
[130.0959,31.3605],
[130.1,31.3332],
[130.1176,31.298],
[130.1368,31.2818],
[130.1523,31.2326],
[130.1824,31.2053],
[130.2173,31.1958],
[130.3097,31.2032],
[130.4422,31.1971],
[130.4519,31.1536],
[130.4817,31.1215],
[130.6009,31.1035],
[130.5901,31.0693],
[130.6017,31.0376],
[130.5907,31.0075],
[130.5989,30.9767],
[130.6239,30.9474],
[130.6648,30.9381],
[130.729,30.9636],
[130.774,31.004],
[130.8353,31.0337],
[130.9221,31.0533],
[130.9844,31.0851],
[131.0262,31.1172],
[131.0633,31.1723],
[131.108,31.1865],
[131.1766,31.2377],
[131.1906,31.2611],
[131.1934,31.2935],
[131.1679,31.3496],
[131.142,31.3768],
[131.1652,31.3918],
[131.202,31.3501],
[131.2268,31.3351],
[131.2833,31.3281],
[131.3286,31.3088],
[131.3698,31.3133],
[131.4065,31.3451],
[131.4102,31.3838],
[131.4467,31.4357],
[131.4557,31.4701],
[131.479,31.5009],
[131.4765,31.5679],
[131.5112,31.5988],
[131.5271,31.6378],
[131.5252,31.7131],
[131.545,31.7816],
[131.537,31.8102],
[131.5166,31.8393],
[131.5458,31.9797],
[131.6349,32.2234],
[131.6452,32.2748],
[131.6753,32.3008],
[131.6983,32.3637],
[131.7383,32.3883],
[131.7532,32.4156],
[131.7736,32.4266],
[131.7898,32.4479],
[131.789,32.5095],
[131.7674,32.5432],
[131.7956,32.5615],
[131.8251,32.6007],
[131.8578,32.6091],
[131.926,32.6617],
[131.979,32.6821],
[131.994,32.7102],
[131.9916,32.7413],
[132.0163,32.7535],
[132.062,32.7993],
[132.0961,32.8774],
[132.1372,32.9028],
[132.1622,32.9581],
[132.1616,32.984],
[132.1466,33.0065],
[132.0754,33.0388],
[132.0781,33.1183],
[132.0531,33.1522],
[132.0569,33.1741],
[132.0472,33.1993],
[132.0196,33.2194],
[131.9807,33.2252],
[132.0138,33.2508],
[132.0238,33.2935],
[132.0824,33.3141],
[132.1178,33.3112],
[132.1481,33.3183],
[132.192,33.3361],
[132.2148,33.3635],
[132.2744,33.3795],
[132.2857,33.353],
[132.3081,33.3307],
[132.3114,33.3033],
[132.329,33.2797],
[132.3055,33.2652],
[132.2896,33.243],
[132.2439,33.2434],
[132.2132,33.2268],
[132.1971,33.1933],
[132.2039,33.1571],
[132.2196,33.1349],
[132.2443,33.1199],
[132.2421,33.0937],
[132.2595,33.0659],
[132.2858,33.0525],
[132.3235,33.0487],
[132.3163,33.0129],
[132.3286,32.9851],
[132.3467,32.9698],
[132.3395,32.9372],
[132.3544,32.9062],
[132.3776,32.8882],
[132.4274,32.8729],
[132.4596,32.8539],
[132.4367,32.8396],
[132.419,32.8109],
[132.4199,32.7313],
[132.4268,32.7112],
[132.4473,32.6918],
[132.4847,32.6811],
[132.5012,32.6634],
[132.5289,32.6521],
[132.5927,32.6638],
[132.6325,32.698],
[132.6949,32.731],
[132.7323,32.7091],
[132.7915,32.6975],
[132.9031,32.7223],
[132.9296,32.6918],
[132.9915,32.673],
[133.0285,32.6734],
[133.0589,32.6875],
[133.0816,32.7176],
[133.081,32.7622],
[133.0393,32.8283],
[133.0561,32.8442],
[133.071,32.8755],
[133.0627,32.9403],
[133.0699,32.9748],
[133.1077,32.9729],
[133.1404,32.9868],
[133.1566,33.0079],
[133.167,33.0446],
[133.2077,33.0862],
[133.217,33.0985],
[133.2576,33.1135],
[133.2762,33.1336],
[133.3202,33.228],
[133.3193,33.2896],
[133.3604,33.3062],
[133.394,33.3455],
[133.4439,33.3531],
[133.4901,33.378],
[133.5462,33.4279],
[133.6135,33.4538],
[133.6339,33.4717],
[133.7039,33.4851],
[133.7442,33.4668],
[133.881,33.4434],
[133.9097,33.4077],
[133.969,33.3797],
[133.9879,33.3374],
[134.0442,33.2959],
[134.0686,33.2568],
[134.1051,33.2417],
[134.1335,33.2034],
[134.1739,33.1912],
[134.2189,33.2044],
[134.24,33.2299],
[134.2784,33.3925],
[134.3068,33.4468],
[134.3385,33.4872],
[134.3684,33.5031],
[134.3869,33.5321],
[134.4118,33.5478],
[134.4267,33.5742],
[134.4583,33.5834],
[134.4922,33.5759],
[134.5346,33.5858],
[134.5645,33.6202],
[134.5674,33.641],
[134.5598,33.6621],
[134.6577,33.7344],
[134.7822,33.7882],
[134.8104,33.7849],
[134.8442,33.7934],
[134.8792,33.8249],
[134.8867,33.8577],
[134.8731,33.8864],
[134.8322,33.909],
[134.7622,33.9027],
[134.7679,33.9406],
[134.7547,33.9755],
[134.7121,34.0072],
[134.6911,34.0393],
[134.6679,34.0551],
[134.6712,34.0967],
[134.6936,34.1427],
[134.7209,34.135],
[134.7514,34.1373],
[134.781,34.1106],
[134.8302,34.1049],
[134.8776,34.1275],
[134.895,34.1577],
[134.8941,34.1847],
[134.9235,34.1996],
[134.9897,34.225],
[135.0211,34.2243],
[135.057,34.2102],
[135.0812,34.1696],
[135.0326,34.155],
[135.0094,34.1188],
[135.0137,34.0611],
[135.0366,34.0342],
[135.0075,33.9938],
[135.0075,33.9563],
[134.9912,33.8911],
[134.9938,33.8703],
[135.0106,33.8465],
[135.0475,33.8283],
[135.0923,33.8327],
[135.1418,33.7828],
[135.1774,33.7628],
[135.1996,33.7398],
[135.2218,33.7299],
[135.2523,33.7286],
[135.2733,33.711],
[135.2642,33.6712],
[135.2718,33.646],
[135.3213,33.6074],
[135.3306,33.5746],
[135.3509,33.5503],
[135.4163,33.5045],
[135.4593,33.4933],
[135.5322,33.4568],
[135.5833,33.4456],
[135.6313,33.4478],
[135.6907,33.4244],
[135.7093,33.3985],
[135.7361,33.3851],
[135.8303,33.3915],
[135.8743,33.4074],
[135.9114,33.4361],
[135.9253,33.4594],
[135.9229,33.4892],
[136.0145,33.5558],
[136.0225,33.5758],
[136.0207,33.5986],
[136.0523,33.6428],
[136.0546,33.6798],
[136.0784,33.7082],
[136.1037,33.7836],
[136.1262,33.8192],
[136.1961,33.8619],
[136.2356,33.876],
[136.3244,33.942],
[136.339,33.9742],
[136.3405,34.0403],
[136.376,34.0948],
[136.4102,34.109],
[136.4296,34.1409],
[136.4591,34.1667],
[136.4982,34.168],
[136.5692,34.1895],
[136.6731,34.2378],
[136.7146,34.2199],
[136.8412,34.1972],
[136.8715,34.2033],
[136.9374,34.2412],
[136.9601,34.2713],
[136.9511,34.3234],
[136.992,34.4146],
[136.9901,34.4354],
[136.9696,34.4763],
[136.9747,34.4887],
[137.0222,34.4999],
[137.0479,34.5287],
[137.1077,34.5387],
[137.1608,34.5376],
[137.3697,34.6024],
[137.5565,34.6302],
[137.7243,34.6102],
[137.8026,34.5924],
[137.9441,34.6114],
[138.0609,34.5923],
[138.2037,34.5439],
[138.2556,34.5511],
[138.288,34.5743],
[138.2985,34.6069],
[138.2913,34.6326],
[138.2626,34.6659],
[138.2786,34.695],
[138.3244,34.7195],
[138.3574,34.7482],
[138.3894,34.8026],
[138.3964,34.8583],
[138.4109,34.8772],
[138.557,34.9451],
[138.5844,34.9817],
[138.6074,35.0633],
[138.7028,35.0798],
[138.7562,35.0749],
[138.7197,35.0446],
[138.7125,35.0088],
[138.6969,34.9803],
[138.7099,34.9261],
[138.6976,34.9038],
[138.6864,34.8244],
[138.6992,34.7736],
[138.6841,34.7527],
[138.6727,34.7099],
[138.6821,34.6727],
[138.7092,34.6474],
[138.7285,34.6072],
[138.7874,34.5645],
[138.8339,34.55],
[138.8809,34.5584],
[138.9124,34.5275],
[138.9658,34.5251],
[138.987,34.5363],
[139.0035,34.5582],
[139.0064,34.5788],
[138.9969,34.6023],
[139.0285,34.6144],
[139.0471,34.6342],
[139.0544,34.6609],
[139.0454,34.6893],
[139.0582,34.7142],
[139.1022,34.7392],
[139.1428,34.825],
[139.1815,34.85],
[139.2,34.8804],
[139.2134,34.9453],
[139.1989,34.9884],
[139.2275,35.0071],
[139.2402,35.0407],
[139.23,35.0706],
[139.1997,35.092],
[139.2226,35.1111],
[139.2309,35.1356],
[139.2053,35.1912],
[139.2087,35.2151],
[139.2676,35.2395],
[139.3578,35.2608],
[139.4062,35.2516],
[139.4375,35.2555],
[139.468,35.246],
[139.5073,35.2506],
[139.5386,35.2097],
[139.5511,35.1134],
[139.5697,35.0929],
[139.6016,35.0799],
[139.6415,35.078],
[139.7092,35.0955],
[139.7372,35.1226],
[139.7456,35.1614],
[139.7529,35.1634],
[139.7592,35.1349],
[139.751,35.1039],
[139.7605,35.0813],
[139.7477,35.0325],
[139.7167,35.0228],
[139.6989,35.0082],
[139.6894,34.9891],
[139.6899,34.9611],
[139.7135,34.9245],
[139.7618,34.9033],
[139.7842,34.8732],
[139.8199,34.8534],
[139.9111,34.8516],
[139.9646,34.8668],
[140.0122,34.9027],
[140.0436,34.9888],
[140.0713,35.0045],
[140.1165,35.0158],
[140.1518,35.0391],
[140.1696,35.0641],
[140.2296,35.0606],
[140.2808,35.0836],
[140.3494,35.0949],
[140.383,35.1251],
[140.4104,35.1333],
[140.442,35.1585],
[140.4685,35.2116],
[140.4704,35.2713],
[140.4853,35.3118],
[140.4786,35.3383],
[140.4587,35.3627],
[140.4651,35.4077],
[140.4942,35.4841],
[140.5501,35.5468],
[140.6555,35.6225],
[140.6956,35.6405],
[140.7452,35.6354],
[140.8078,35.6526],
[140.877,35.6394],
[140.9123,35.6537],
[140.932,35.6814],
[140.9419,35.7399],
[140.9377,35.7613],
[140.919,35.7836],
[140.8692,35.8102],
[140.6882,36.0754],
[140.6417,36.1929],
[140.6295,36.2722],
[140.6525,36.2912],
[140.6889,36.3527],
[140.692,36.3879],
[140.6781,36.4264],
[140.6789,36.4596],
[140.7217,36.56],
[140.7761,36.6436],
[140.8155,36.7731],
[140.8488,36.7952],
[140.8684,36.8214],
[140.8711,36.8619],
[140.9604,36.8955],
[141.019,36.9415],
[141.0444,37.004],
[141.0409,37.0394],
[141.0663,37.1114],
[141.0717,37.1863],
[141.0849,37.2219],
[141.0852,37.2561],
[141.0993,37.3121],
[141.1101,37.4959],
[141.0763,37.753],
[141.0541,37.796],
[141.0455,37.8427],
[141.0134,37.8749],
[141.0016,37.898],
[140.9845,37.9713],
[140.9893,38.0451],
[141.023,38.1517],
[141.0696,38.2222],
[141.1435,38.2685],
[141.1926,38.2628],
[141.2343,38.2773],
[141.2552,38.3091],
[141.2442,38.3461],
[141.2949,38.3607],
[141.3538,38.3342],
[141.3387,38.2933],
[141.3574,38.2518],
[141.378,38.2384],
[141.4094,38.2319],
[141.4498,38.2038],
[141.5178,38.1987],
[141.5518,38.2157],
[141.6144,38.2223],
[141.6433,38.2434],
[141.6595,38.2792],
[141.6458,38.335],
[141.6673,38.3588],
[141.6734,38.4024],
[141.6485,38.4589],
[141.6284,38.4727],
[141.5984,38.4797],
[141.6092,38.5381],
[141.5794,38.5846],
[141.5953,38.6149],
[141.5965,38.6515],
[141.6172,38.6687],
[141.6308,38.6982],
[141.6291,38.7484],
[141.6168,38.7711],
[141.6638,38.7803],
[141.7226,38.8214],
[141.7439,38.8535],
[141.74,38.8869],
[141.7717,38.9088],
[141.8101,38.9715],
[141.8539,38.9732],
[141.8892,38.9858],
[141.9114,39.0044],
[141.9422,39.0529],
[141.9665,39.0623],
[141.9866,39.0819],
[141.992,39.1129],
[141.9723,39.1421],
[142.0357,39.2325],
[142.0362,39.2663],
[142.0589,39.302],
[142.0622,39.37],
[142.0972,39.3947],
[142.1215,39.4478],
[142.1253,39.4683],
[142.117,39.4963],
[142.1322,39.5238],
[142.1363,39.5597],
[142.1258,39.5879],
[142.0974,39.6162],
[142.0888,39.6722],
[142.0532,39.7029],
[142.069,39.7769],
[142.0401,39.8903],
[142.0213,39.9183],
[142.0286,39.9474],
[142.0222,39.9893],
[141.9905,40.0424],
[141.9449,40.0625],
[141.9103,40.093],
[141.9385,40.1258],
[141.9415,40.1517],
[141.9286,40.1777],
[141.8982,40.2069],
[141.8972,40.2469],
[141.8752,40.2957],
[141.815,40.3943],
[141.733,40.487],
[141.6139,40.5841],
[141.5831,40.5933],
[141.5501,40.5926],
[141.5146,40.6442],
[141.4641,40.8499],
[141.4521,41.0436],
[141.4631,41.0975],
[141.4596,41.1636],
[141.472,41.2347],
[141.5357,41.4155],
[141.5243,41.4545],
[141.4969,41.4766],
[141.4511,41.4827],
[141.42,41.4722],
[141.3461,41.4191],
[141.3085,41.4059],
[141.2686,41.4114],
[141.2396,41.4263],
[141.1532,41.5003],
[141.0888,41.529],
[141.0238,41.5376],
[140.9567,41.596],
[140.9309,41.6074],
[140.8789,41.6041],
[140.845,41.5766],
[140.831,41.5285],
[140.8352,41.503],
[140.7741,41.4384],
[140.7591,41.4002],
[140.7589,41.3705],
[140.7408,41.349],
[140.7341,41.3065],
[140.7117,41.262],
[140.7133,41.2355],
[140.6981,41.2118],
[140.6403,41.2583],
[140.5846,41.2774],
[140.5333,41.28],
[140.4688,41.2505],
[140.4281,41.2848],
[140.3658,41.3122],
[140.3246,41.313],
[140.2866,41.2941],
[140.263,41.2468],
[140.2602,41.1935],
[140.2126,41.1825],
[140.1874,41.1598],
[140.1794,41.1405],
[140.1814,41.1124],
[140.1939,41.0945],
[140.2557,41.0634],
[140.2393,40.9481],
[140.2037,40.8468],
[140.1955,40.8359],
[140.1645,40.8298],
[140.1114,40.8048],
[140.0594,40.8219],
[139.9958,40.805],
[139.9529,40.7799],
[139.9023,40.7147],
[139.8098,40.6452],
[139.7965,40.6058],
[139.8042,40.568],
[139.8236,40.5476],
[139.876,40.5263],
[139.8665,40.4372],
[139.877,40.4056],
[139.8985,40.3807],
[139.9576,40.3379],
[139.9067,40.1363],
[139.8607,40.0646],
[139.8102,40.0206],
[139.7707,40.0333],
[139.7469,40.0568],
[139.7238,40.0671],
[139.6898,40.0692],
[139.6539,40.0553],
[139.6364,40.0337],
[139.6296,39.9999],
[139.6376,39.9379],
[139.653,39.8981],
[139.6865,39.8371],
[139.729,39.8096],
[139.8299,39.8106],
[139.8786,39.8205],
[139.913,39.8431],
[139.9303,39.8381],
[139.9616,39.7978],
[139.9675,39.7647],
[139.9868,39.7238],
[139.9915,39.5978],
[139.9511,39.4031],
[139.9215,39.3414],
[139.8695,39.3192],
[139.8424,39.2804],
[139.8257,39.2098],
[139.8319,39.1815],
[139.805,39.1276],
[139.8029,39.0804],
[139.7872,39.0303],
[139.749,38.9656],
[139.6909,38.8134],
[139.637,38.7649],
[139.5732,38.7223],
[139.5206,38.66],
[139.4819,38.585],
[139.4782,38.5547],
[139.3919,38.4157],
[139.372,38.2413],
[139.3586,38.2147],
[139.3585,38.1892],
[139.3453,38.1691],
[139.2928,38.1127],
[139.2113,38.0506],
[139.1472,38.0262],
[139.016,37.9941],
[138.9787,37.9623],
[138.8492,37.8964],
[138.7726,37.8373],
[138.743,37.8003],
[138.7125,37.7243],
[138.7089,37.6896],
[138.6609,37.5996],
[138.603,37.5564],
[138.5633,37.5131],
[138.488,37.4094],
[138.3954,37.3663],
[138.2499,37.2522],
[138.2079,37.2284],
[138.1561,37.2158],
[138.1025,37.2268],
[138.0642,37.2203],
[137.9979,37.1718],
[137.8784,37.1117],
[137.6292,37.0344],
[137.4808,37.0074],
[137.4159,36.9823],
[137.3853,36.9641],
[137.3629,36.9351],
[137.3547,36.8846],
[137.3284,36.8353],
[137.2992,36.8138],
[137.197,36.8116],
[137.1079,36.8379],
[137.0599,36.8687],
[137.1156,36.9519],
[137.1124,37.0428],
[137.1193,37.1081],
[137.1068,37.178],
[137.1597,37.2479],
[137.2531,37.2526],
[137.3228,37.2982],
[137.3363,37.3427],
[137.3156,37.3924],
[137.3844,37.4024],
[137.409,37.4182],
[137.4229,37.4404],
[137.4234,37.4719],
[137.4035,37.5386],
[137.3509,37.5788],
[137.3022,37.5882],
[137.2609,37.5843],
[137.1904,37.559],
[137.0891,37.5375],
[137.0364,37.5026],
[136.9237,37.4533],
[136.8723,37.4593],
[136.7918,37.4422],
[136.7142,37.4026],
[136.6845,37.3745],
[136.6589,37.3263],
[136.6589,37.2824],
[136.6428,37.2642],
[136.6074,37.1755],
[136.6119,37.1318],
[136.6294,37.1067],
[136.6573,37.0897],
[136.6627,37.0395],
[136.6812,36.9948],
[136.7005,36.9745],
[136.6838,36.9312],
[136.7001,36.8971],
[136.647,36.7806],
[136.5945,36.7084],
[136.5352,36.6501],
[136.4904,36.584],
[136.4467,36.5488],
[136.3817,36.4682],
[136.2917,36.4021],
[136.249,36.3856],
[136.2167,36.3468],
[136.1691,36.3103],
[136.0945,36.3009],
[136.0621,36.2772],
[136.0545,36.2528],
[136.0631,36.2233],
[136.0586,36.2154],
[135.9951,36.1545],
[135.9478,36.0567],
[135.9059,36.0206],
[135.8926,35.9881],
[135.8964,35.9582],
[135.9301,35.9189],
[135.9345,35.8687],
[135.9931,35.8103],
[135.9294,35.7763],
[135.8976,35.7457],
[135.8904,35.7162],
[135.9045,35.6656],
[135.834,35.6956],
[135.7869,35.6906],
[135.7469,35.6621],
[135.7397,35.6424],
[135.7426,35.6193],
[135.7117,35.6181],
[135.668,35.5978],
[135.6314,35.5919],
[135.5806,35.5646],
[135.5657,35.5854],
[135.5452,35.5971],
[135.5309,35.6369],
[135.4857,35.6586],
[135.5019,35.7151],
[135.4939,35.7384],
[135.4782,35.7544],
[135.4441,35.7664],
[135.4068,35.7607],
[135.383,35.7433],
[135.3673,35.7105],
[135.3335,35.7599],
[135.2752,35.811],
[135.2231,35.8294],
[135.0449,35.7877],
[135.0077,35.7518],
[134.9454,35.7359],
[134.9115,35.7116],
[134.8695,35.7202],
[134.8354,35.7128],
[134.7685,35.7246],
[134.6626,35.7189],
[134.6113,35.707],
[134.526,35.7205],
[134.342,35.6586],
[134.2752,35.6422],
[134.2224,35.6046],
[134.0967,35.5792],
[134.0604,35.5767],
[134.0117,35.59],
[133.855,35.5567],
[133.6462,35.5704],
[133.6104,35.5844],
[133.5784,35.5858],
[133.4962,35.5701],
[133.4286,35.5473],
[133.3857,35.511],
[133.3521,35.5163],
[133.3809,35.5465],
[133.3866,35.5711],
[133.3769,35.5955],
[133.3502,35.617],
[133.2477,35.6357],
[133.1729,35.6282],
[133.1467,35.646],
[133.0892,35.6594],
[133.06,35.6514],
[133.0128,35.6263],
[132.9786,35.5963],
[132.9358,35.5854],
[132.9117,35.5677],
[132.8169,35.5542],
[132.7513,35.5276],
[132.7013,35.5216],
[132.6715,35.5016],
[132.6127,35.4868],
[132.5789,35.4622],
[132.5607,35.4283],
[132.5693,35.3903],
[132.6055,35.3652],
[132.5897,35.3342],
[132.4969,35.2994],
[132.4188,35.2481],
[132.3798,35.2355],
[132.3212,35.1608],
[132.2825,35.1344],
[132.2618,35.1038],
[132.192,35.0733],
[132.002,34.9437],
[131.9575,34.9007],
[131.939,34.8681],
[131.8999,34.8591],
[131.8746,34.8811],
[131.8313,34.8896],
[131.8059,34.8859],
[131.7809,34.8711],
[131.7662,34.833],
[131.7803,34.8045],
[131.8128,34.7871],
[131.7986,34.7477],
[131.7275,34.7285],
[131.5621,34.7269],
[131.5298,34.7033],
[131.5224,34.6838],
[131.5253,34.6621],
[131.4941,34.6223],
[131.4665,34.6234],
[131.4377,34.6126],
[131.4217,34.5969],
[131.4141,34.5741],
[131.3674,34.5754],
[131.3304,34.5568],
[131.2799,34.5687],
[131.2438,34.5605],
[131.2145,34.5324],
[131.2101,34.4855],
[131.2038,34.4827],
[131.1571,34.482],
[131.1232,34.4681],
[131.067,34.4757],
[131.0376,34.4705],
[131.0015,34.4913],
[130.9625,34.4927],
[130.9292,34.4786],
[130.8795,34.4264],
[130.8507,34.4252],
[130.8241,34.4124],
[130.7882,34.3821],
[130.7768,34.3527],
[130.811,34.2701],
[130.8465,34.2266],
[130.8303,34.208],
[130.8271,34.175],
[130.8152,34.1596],
[130.7661,34.167],
[130.7287,34.1492],
[130.7119,34.1108],
[130.7271,34.0731],
[130.6931,34.0648],
[130.6549,34.0315],
[130.644,34.0069],
[130.6489,33.9806],
[130.6014,33.9361],
[130.5496,33.9439],
[130.5026,33.9652],
[130.4456,33.9712],
[130.3917,33.9612],
[130.3651,33.9483],
[130.351,33.9313],
[130.3428,33.8978],
[130.3576,33.8645],
[130.3898,33.842],
[130.3831,33.8203],
[130.3501,33.8198],
[130.3115,33.8004],
[130.2979,33.7774],
[130.2993,33.7438],
[130.267,33.7389],
[130.2214,33.7473],
[130.1975,33.7416],
[130.1678,33.7182],
[130.1457,33.6824],
[130.1138,33.6712],
[130.0941,33.6481],
[130.0116,33.6177],
[129.9872,33.5948],
[129.9675,33.5957],
[129.9615,33.6209],
[129.944,33.642],
[129.8683,33.6731],
[129.8262,33.6651],
[129.7957,33.6316],
[129.7572,33.6379],
[129.7144,33.6296],
[129.6876,33.6079],
[129.6801,33.5711],
[129.6943,33.5386],
[129.7186,33.5204],
[129.6716,33.5017],
[129.6182,33.4348],
[129.6097,33.4362],
[129.635,33.4641],
[129.6451,33.5002],
[129.628,33.5332],
[129.5837,33.5569],
[129.6114,33.5764],
[129.6227,33.6003],
[129.6182,33.6289],
[129.6021,33.6489],
[129.6402,33.6477],
[129.6694,33.6625],
[129.7021,33.6544],
[129.735,33.6574],
[129.8166,33.6899],
[129.84,33.7065],
[129.8578,33.7428],
[129.863,33.7911],
[129.833,33.8307],
[129.8301,33.8599],
[129.8151,33.8823],
[129.7011,33.9236],
[129.6573,33.9204],
[129.6266,33.9039],
[129.5988,33.8573],
[129.5833,33.7828],
[129.5636,33.7429],
[129.5608,33.6891],
[129.5798,33.6602],
[129.5409,33.6611],
[129.5061,33.6428],
[129.4925,33.6198],
[129.4908,33.5936],
[129.5,33.5744],
[129.5217,33.5573],
[129.4763,33.5325],
[129.4392,33.4986],
[129.4037,33.49],
[129.3678,33.4648],
[129.3332,33.3597],
[129.3404,33.3347],
[129.3655,33.3131],
[129.2984,33.2941],
[129.2751,33.2583],
[129.2792,33.2182],
[129.2682,33.1801],
[129.2863,33.1473],
[129.3697,33.1186],
[129.4398,33.1313],
[129.4641,33.0999],
[129.504,33.0821],
[129.4995,33.0597],
[129.4866,33.0507],
[129.46,33.069],
[129.4304,33.076],
[129.3931,33.0668],
[129.3464,33.0752],
[129.3062,33.0601],
[129.261,33.0773],
[129.2121,33.0714],
[129.1826,33.0862],
[129.2079,33.1835],
[129.2026,33.2331],
[129.2136,33.2608],
[129.2407,33.2887],
[129.242,33.32],
[129.2227,33.346],
[129.1945,33.3579],
[129.0971,33.3525],
[129.0296,33.314],
[128.9949,33.2639],
[128.9618,33.2432],
[128.9024,33.2452],
[128.8398,33.1995],
[128.8288,33.1747],
[128.8309,33.1429],
[128.8575,33.1086],
[128.9044,33.1001],
[128.9319,33.1069],
[128.9577,33.1241],
[129.0294,33.1128],
[129.0247,33.0915],
[128.965,33.0459],
[128.9164,32.9736],
[128.8871,32.9566],
[128.8617,32.9256],
[128.7896,32.8754],
[128.7727,32.8511],
[128.7408,32.828],
[128.7072,32.8584],
[128.6596,32.8625],
[128.6227,32.8417],
[128.5948,32.7981],
[128.5513,32.7756],
[128.5335,32.7531],
[128.527,32.7226]
]
],
[
[
[128.663,34.5461],
[128.6655,34.5241],
[128.6943,34.4899],
[128.7456,34.4805],
[128.79,34.5046],
[128.8004,34.5236],
[128.8011,34.548],
[128.774,34.5838],
[128.7173,34.5942],
[128.6878,34.5831],
[128.6709,34.5667],
[128.663,34.5461]
]
],
[
[
[128.8193,27.8168],
[128.836,27.7624],
[128.8227,27.7377],
[128.821,27.712],
[128.8887,27.6247],
[128.9397,27.6073],
[129.0179,27.6255],
[129.0549,27.6653],
[129.0896,27.734],
[129.0982,27.7597],
[129.0936,27.7896],
[129.0334,27.8454],
[129.0348,27.8916],
[129.0128,27.93],
[128.9755,27.9444],
[128.9013,27.9468],
[128.867,27.9358],
[128.8422,27.915],
[128.8203,27.8548],
[128.8193,27.8168]
]
],
[
[
[128.9092,28.7989],
[128.9207,28.7692],
[128.9421,28.7506],
[128.9642,28.7424],
[129.0093,28.7413],
[129.0357,28.7516],
[129.0574,28.7729],
[129.0649,28.7921],
[129.065,28.8415],
[129.0382,28.8801],
[129.0069,28.8915],
[128.9766,28.8884],
[128.9518,28.8728],
[128.9379,28.8493],
[128.9167,28.8298],
[128.9092,28.7989]
]
],
[
[
[129.076,28.2416],
[129.1053,28.2037],
[129.1062,28.1717],
[129.0898,28.1478],
[129.0873,28.1271],
[129.1089,28.0878],
[129.0871,28.0475],
[129.0832,28.0178],
[129.1085,27.9757],
[129.1532,27.963],
[129.1936,27.9724],
[129.2274,27.95],
[129.2673,27.9477],
[129.2926,27.9604],
[129.3251,27.992],
[129.335,28.0127],
[129.3759,28.0364],
[129.3943,28.0574],
[129.4284,28.0781],
[129.4401,28.115],
[129.4657,28.1486],
[129.5061,28.1634],
[129.5262,28.1819],
[129.538,28.2135],
[129.5255,28.2498],
[129.5841,28.2738],
[129.6459,28.3469],
[129.696,28.3536],
[129.743,28.3817],
[129.7669,28.4074],
[129.7784,28.4336],
[129.7784,28.4865],
[129.7543,28.5177],
[129.7436,28.5551],
[129.7248,28.5745],
[129.6978,28.584],
[129.6682,28.5809],
[129.6413,28.568],
[129.5959,28.5291],
[129.5069,28.5033],
[129.4677,28.4652],
[129.4337,28.4611],
[129.4052,28.4409],
[129.3165,28.4162],
[129.2698,28.3833],
[129.217,28.363],
[129.1575,28.3543],
[129.1357,28.3373],
[129.1209,28.3079],
[129.0812,28.282],
[129.076,28.2416]
]
],
[
[
[129.0989,34.142],
[129.1005,34.1032],
[129.1226,34.0635],
[129.1943,34.0333],
[129.2364,34.0327],
[129.2816,34.0513],
[129.3338,34.099],
[129.3596,34.1494],
[129.364,34.1791],
[129.3857,34.2045],
[129.3892,34.2251],
[129.4354,34.2527],
[129.4746,34.2982],
[129.4787,34.3688],
[129.4509,34.4369],
[129.4694,34.4553],
[129.5127,34.4986],
[129.534,34.5435],
[129.563,34.6602],
[129.5611,34.6892],
[129.539,34.7235],
[129.506,34.7465],
[129.4593,34.7629],
[129.4189,34.762],
[129.3846,34.7475],
[129.3434,34.7051],
[129.2789,34.6928],
[129.2515,34.663],
[129.2489,34.6378],
[129.219,34.5718],
[129.2203,34.5452],
[129.2352,34.5234],
[129.2063,34.4784],
[129.2016,34.4131],
[129.1441,34.3546],
[129.1122,34.2296],
[129.0989,34.142]
]
],
[
[
[129.1277,29.1711],
[129.132,29.1302],
[129.1654,29.0959],
[129.1974,29.0793],
[129.2267,29.0752],
[129.2589,29.0861],
[129.2811,29.116],
[129.2816,29.1604],
[129.2726,29.1851],
[129.251,29.2035],
[129.2138,29.214],
[129.1567,29.2025],
[129.1277,29.1711]
]
],
[
[
[129.2611,29.205],
[129.2928,29.1745],
[129.3393,29.1673],
[129.3893,29.1882],
[129.4058,29.2113],
[129.4084,29.2371],
[129.3986,29.2594],
[129.3773,29.2775],
[129.348,29.2847],
[129.3076,29.2812],
[129.2807,29.2699],
[129.2626,29.2494],
[129.2611,29.205]
]
],
[
[
[129.3541,31.1842],
[129.3622,31.1149],
[129.3804,31.0937],
[129.4022,31.0835],
[129.4321,31.0819],
[129.4602,31.0926],
[129.4787,31.1127],
[129.4845,31.1342],
[129.5069,31.1502],
[129.5337,31.1758],
[129.5384,31.2147],
[129.5221,31.2507],
[129.4856,31.2705],
[129.4483,31.2679],
[129.4031,31.2436],
[129.3541,31.1842]
]
],
[
[
[129.3606,30.8157],
[129.3872,30.7806],
[129.4101,30.7722],
[129.44,30.773],
[129.4668,30.7861],
[129.4822,30.806],
[129.5128,30.8212],
[129.531,30.8485],
[129.5285,30.8798],
[129.5039,30.9082],
[129.4692,30.9181],
[129.4346,30.9119],
[129.3928,30.8922],
[129.3724,30.8714],
[129.3606,30.8157]
]
],
[
[
[129.4614,29.6961],
[129.4635,29.6753],
[129.4776,29.6524],
[129.5276,29.6225],
[129.5564,29.6234],
[129.5822,29.6362],
[129.5977,29.6574],
[129.6016,29.6933],
[129.594,29.7176],
[129.5748,29.7372],
[129.5281,29.7503],
[129.4847,29.7339],
[129.4614,29.6961]
]
],
[
[
[129.4679,29.9172],
[129.4727,29.881],
[129.5022,29.8491],
[129.5344,29.8408],
[129.5704,29.8423],
[129.6099,29.8244],
[129.6629,29.8401],
[129.678,29.8592],
[129.6833,29.8846],
[129.6733,29.9123],
[129.652,29.9303],
[129.6034,29.9365],
[129.5806,29.9568],
[129.5306,29.9693],
[129.4959,29.9608],
[129.473,29.9375],
[129.4679,29.9172]
]
],
[
[
[129.5229,29.4515],
[129.5564,29.4042],
[129.5832,29.393],
[129.6139,29.3922],
[129.6476,29.4013],
[129.6681,29.4199],
[129.6787,29.4465],
[129.6774,29.4674],
[129.6616,29.5005],
[129.6438,29.5167],
[129.6166,29.5293],
[129.5862,29.5312],
[129.5401,29.5041],
[129.5263,29.4836],
[129.5229,29.4515]
]
],
[
[
[129.5936,31.6455],
[129.6095,31.6114],
[129.6451,31.5804],
[129.6739,31.5713],
[129.7109,31.5727],
[129.7414,31.5792],
[129.7724,31.6001],
[129.7938,31.6312],
[129.8032,31.6697],
[129.8273,31.6912],
[129.8436,31.7225],
[129.8775,31.7485],
[129.962,31.7753],
[129.9938,31.8068],
[130.0341,31.8282],
[130.0496,31.8617],
[130.0364,31.8965],
[130.0122,31.9127],
[129.9728,31.9238],
[129.8974,31.9244],
[129.8541,31.9399],
[129.8053,31.9308],
[129.759,31.8847],
[129.7517,31.8645],
[129.7555,31.8387],
[129.7307,31.8208],
[129.7175,31.7864],
[129.6686,31.7675],
[129.6507,31.7528],
[129.6273,31.7035],
[129.5985,31.6714],
[129.5936,31.6455]
]
],
[
[
[129.6178,29.6324],
[129.6486,29.5741],
[129.6704,29.5566],
[129.7023,29.5492],
[129.7309,29.5525],
[129.7803,29.5947],
[129.7975,29.6208],
[129.8038,29.667],
[129.7924,29.6999],
[129.7711,29.7179],
[129.7418,29.7251],
[129.6924,29.7195],
[129.6367,29.6937],
[129.6186,29.6733],
[129.6178,29.6324]
]
],
[
[
[129.6701,31.4489],
[129.6845,31.4142],
[129.7266,31.3946],
[129.7679,31.4028],
[129.7886,31.4213],
[129.7966,31.4414],
[129.7949,31.4626],
[129.7799,31.4855],
[129.7541,31.4997],
[129.7285,31.5024],
[129.6851,31.4834],
[129.6701,31.4489]
]
],
[
[
[129.7745,29.8571],
[129.7809,29.8285],
[129.838,29.7711],
[129.8962,29.7598],
[129.9302,29.7651],
[129.9671,29.7921],
[129.9783,29.8211],
[129.9744,29.8417],
[129.9423,29.8963],
[129.973,29.9043],
[129.9994,29.93],
[130.0066,29.9787],
[129.9515,30.051],
[129.9239,30.0604],
[129.8884,30.0558],
[129.8601,30.0364],
[129.8442,29.999],
[129.8407,29.9709],
[129.8527,29.9395],
[129.809,29.9275],
[129.782,29.8961],
[129.7745,29.8571]
]
],
[
[
[129.8404,30.8278],
[129.8706,30.7775],
[129.9326,30.7579],
[129.9862,30.7719],
[130.0186,30.8015],
[130.0272,30.8379],
[130.0141,30.8679],
[129.9777,30.8954],
[129.949,30.9049],
[129.9065,30.9021],
[129.863,30.8801],
[129.8471,30.8637],
[129.8404,30.8278]
]
],
[
[
[129.8541,28.3117],
[129.8589,28.2819],
[129.8758,28.2573],
[129.9148,28.229],
[129.9511,28.2219],
[129.991,28.2327],
[130.0156,28.2493],
[130.0729,28.3157],
[130.0932,28.3529],
[130.088,28.3912],
[130.0582,28.4198],
[130.0144,28.4321],
[129.9728,28.4197],
[129.9294,28.381],
[129.8858,28.3645],
[129.864,28.3421],
[129.8541,28.3117]
]
],
[
[
[129.9658,33.8578],
[129.9896,33.8216],
[130.0373,33.8068],
[130.0863,33.8247],
[130.1016,33.8449],
[130.1065,33.8695],
[130.0991,33.8953],
[130.0839,33.9132],
[130.059,33.9265],
[130.0256,33.9296],
[129.9954,33.9195],
[129.9775,33.9033],
[129.9658,33.8578]
]
],
[
[
[129.9858,30.0457],
[130.0032,30.0078],
[130.0525,29.9897],
[130.0984,30.0052],
[130.1218,30.0403],
[130.1254,30.062],
[130.1162,30.0883],
[130.0949,30.1062],
[130.0655,30.1134],
[130.0144,30.0957],
[129.9909,30.066],
[129.9858,30.0457]
]
],
[
[
[130.0312,34.2397],
[130.0408,34.2131],
[130.0653,34.1904],
[130.0892,34.1785],
[130.1207,34.1756],
[130.1679,34.1983],
[130.1814,34.2389],
[130.1622,34.2866],
[130.1415,34.3001],
[130.1088,34.3062],
[130.0774,34.301],
[130.0519,34.2853],
[130.0354,34.2612],
[130.0312,34.2397]
]
],
[
[
[130.0843,30.4709],
[130.11,30.4414],
[130.1764,30.3819],
[130.2148,30.3698],
[130.3029,30.3935],
[130.3214,30.4136],
[130.3275,30.4423],
[130.3134,30.4814],
[130.2724,30.5127],
[130.2133,30.546],
[130.1772,30.5527],
[130.1135,30.5372],
[130.0857,30.5095],
[130.0843,30.4709]
]
],
[
[
[130.2004,30.7911],
[130.2025,30.7646],
[130.2142,30.7457],
[130.2643,30.7207],
[130.3117,30.7265],
[130.3476,30.7355],
[130.3741,30.7568],
[130.4418,30.7454],
[130.477,30.754],
[130.5065,30.791],
[130.5027,30.8336],
[130.4771,30.857],
[130.4267,30.8736],
[130.392,30.87],
[130.3607,30.8561],
[130.2784,30.8589],
[130.2221,30.8316],
[130.2004,30.7911]
]
],
[
[
[130.317,30.3836],
[130.3262,30.3283],
[130.3754,30.2285],
[130.4144,30.1925],
[130.4684,30.1819],
[130.5433,30.1764],
[130.6363,30.2065],
[130.7101,30.2811],
[130.7314,30.3605],
[130.729,30.3967],
[130.7048,30.4272],
[130.6375,30.4565],
[130.5838,30.4907],
[130.5041,30.5226],
[130.4793,30.5211],
[130.4246,30.5004],
[130.3896,30.4511],
[130.3552,30.4394],
[130.3347,30.4216],
[130.317,30.3836]
]
],
[
[
[130.723,37.5173],
[130.7415,37.4665],
[130.7755,37.4263],
[130.8746,37.403],
[130.9161,37.4123],
[130.9397,37.4328],
[130.9776,37.4587],
[130.9858,37.4912],
[131.0076,37.5229],
[131.005,37.554],
[130.9814,37.5781],
[130.9328,37.5986],
[130.889,37.6029],
[130.7586,37.5692],
[130.7282,37.5433],
[130.723,37.5173]
]
],
[
[
[130.7733,30.732],
[130.7814,30.6995],
[130.8217,30.6752],
[130.8815,30.6763],
[130.8768,30.6434],
[130.8889,30.6127],
[130.8893,30.5956],
[130.8561,30.5402],
[130.8002,30.5012],
[130.7863,30.4733],
[130.8021,30.4038],
[130.7976,30.357],
[130.8372,30.303],
[130.8669,30.2932],
[130.8957,30.2941],
[130.9379,30.3178],
[130.9993,30.3218],
[131.0276,30.3472],
[131.0433,30.4017],
[131.0336,30.4769],
[131.0463,30.505],
[131.0866,30.5372],
[131.1121,30.594],
[131.1189,30.6537],
[131.1355,30.6864],
[131.1339,30.751],
[131.1449,30.7912],
[131.1255,30.8347],
[131.1181,30.8608],
[131.102,30.88],
[131.08,30.8908],
[131.0443,30.8933],
[130.9841,30.8598],
[130.9473,30.8096],
[130.9285,30.7634],
[130.9,30.8066],
[130.8629,30.821],
[130.8269,30.8149],
[130.7879,30.7787],
[130.7733,30.732]
]
],
[
[
[131.062,34.8071],
[131.0701,34.7428],
[131.0904,34.7197],
[131.1188,34.7061],
[131.1588,34.7031],
[131.1896,34.7108],
[131.2176,34.7339],
[131.2293,34.7581],
[131.2314,34.786],
[131.2198,34.811],
[131.1552,34.8512],
[131.1292,34.8548],
[131.097,34.8472],
[131.0773,34.8327],
[131.062,34.8071]
]
],
[
[
[131.1227,24.4699],
[131.1419,24.4261],
[131.1657,24.412],
[131.192,24.408],
[131.2367,24.4274],
[131.2516,24.4535],
[131.2528,24.4773],
[131.2453,24.497],
[131.2254,24.5153],
[131.1782,24.526],
[131.1376,24.5085],
[131.1227,24.4699]
]
],
[
[
[131.1528,25.8178],
[131.1717,25.7871],
[131.2146,25.7651],
[131.2674,25.7682],
[131.3074,25.7978],
[131.3295,25.8403],
[131.3253,25.8769],
[131.3569,25.8886],
[131.3758,25.9077],
[131.3888,25.9582],
[131.3782,25.9818],
[131.3514,26.0031],
[131.2736,26.0142],
[131.2476,26.0042],
[131.2298,25.9844],
[131.2235,25.9561],
[131.2303,25.9256],
[131.1876,25.9104],
[131.1679,25.8922],
[131.1528,25.8178]
]
],
[
[
[131.7937,37.2401],
[131.7985,37.2196],
[131.8381,37.1886],
[131.8669,37.1839],
[131.9033,37.1902],
[131.9239,37.2031],
[131.9382,37.2254],
[131.939,37.2491],
[131.9298,37.2686],
[131.8849,37.2986],
[131.8329,37.2953],
[131.8008,37.2666],
[131.7937,37.2401]
]
],
[
[
[132.8801,36.0655],
[132.8965,36.032],
[132.9391,36.0085],
[132.9748,35.9597],
[133.0157,35.9419],
[133.0858,35.9435],
[133.1339,35.9678],
[133.144,35.9865],
[133.1432,36.0117],
[133.1782,36.0258],
[133.2019,36.045],
[133.2268,36.0833],
[133.2323,36.1055],
[133.2633,36.104],
[133.361,36.1221],
[133.389,36.1382],
[133.43,36.1868],
[133.4493,36.2621],
[133.4474,36.2823],
[133.4086,36.3332],
[133.3214,36.396],
[133.2934,36.407],
[133.2673,36.4071],
[133.1921,36.374],
[133.1253,36.3138],
[133.1153,36.2595],
[133.1212,36.1987],
[133.0059,36.1857],
[132.9512,36.1605],
[132.9249,36.1434],
[132.8933,36.1061],
[132.8801,36.0655]
]
],
[
[
[136.0084,20.4361],
[136.0089,20.4095],
[136.0226,20.3863],
[136.0463,20.3719],
[136.0716,20.3682],
[136.1156,20.3787],
[136.1386,20.4141],
[136.1315,20.453],
[136.0956,20.4783],
[136.0402,20.4731],
[136.0179,20.4556],
[136.0084,20.4361]
]
],
[
[
[136.8418,37.8462],
[136.8632,37.8084],
[136.9026,37.7914],
[136.9478,37.7981],
[136.9779,37.818],
[136.991,37.8394],
[136.992,37.8652],
[136.9769,37.89],
[136.9468,37.9062],
[136.9135,37.9091],
[136.8851,37.9018],
[136.8561,37.8816],
[136.8418,37.8462]
]
],
[
[
[138.1344,37.8205],
[138.1491,37.7881],
[138.1741,37.7698],
[138.2158,37.7558],
[138.2767,37.7527],
[138.3201,37.771],
[138.3923,37.7842],
[138.5295,37.8768],
[138.5534,37.8958],
[138.5731,37.9432],
[138.6107,37.9913],
[138.6351,38.0445],
[138.6396,38.0781],
[138.6252,38.1107],
[138.5937,38.1337],
[138.5544,38.1407],
[138.5167,38.1311],
[138.5479,38.1718],
[138.5699,38.2346],
[138.5859,38.3354],
[138.5764,38.355],
[138.5525,38.3731],
[138.4965,38.3907],
[138.4697,38.3913],
[138.4118,38.3619],
[138.3767,38.3046],
[138.3448,38.2881],
[138.3167,38.2537],
[138.2727,38.2294],
[138.185,38.1175],
[138.1474,38.0204],
[138.1638,37.962],
[138.2146,37.9204],
[138.2146,37.8957],
[138.1553,37.8698],
[138.1374,37.8416],
[138.1344,37.8205]
]
],
[
[
[138.7586,33.9344],
[138.7885,33.9004],
[138.8368,33.8966],
[138.8565,33.9063],
[138.8724,33.9257],
[138.8723,33.9622],
[138.8418,33.9915],
[138.7962,33.9935],
[138.7648,33.9716],
[138.7586,33.9344]
]
],
[
[
[139.0124,34.1911],
[139.0165,34.1648],
[139.0375,34.1422],
[139.0686,34.1334],
[139.1042,34.1418],
[139.154,34.14],
[139.224,34.1638],
[139.2489,34.1886],
[139.2519,34.219],
[139.2413,34.2407],
[139.2074,34.2675],
[139.2429,34.2743],
[139.31,34.2835],
[139.327,34.2962],
[139.3377,34.3171],
[139.3346,34.3731],
[139.3468,34.3985],
[139.3431,34.4403],
[139.355,34.4663],
[139.3437,34.5011],
[139.3502,34.5306],
[139.3233,34.569],
[139.2868,34.5828],
[139.2484,34.5783],
[139.2179,34.554],
[139.2099,34.5119],
[139.2303,34.4563],
[139.2035,34.423],
[139.1886,34.3822],
[139.1405,34.343],
[139.135,34.3162],
[139.146,34.2908],
[139.1025,34.2805],
[139.0873,34.2664],
[139.0739,34.2365],
[139.0268,34.2169],
[139.0124,34.1911]
]
],
[
[
[139.1496,38.4352],
[139.1646,38.4059],
[139.1949,38.3881],
[139.2332,38.3846],
[139.2669,38.3965],
[139.3122,38.4354],
[139.3317,38.4885],
[139.3243,38.5129],
[139.3082,38.5296],
[139.2795,38.5432],
[139.2456,38.5453],
[139.2045,38.5294],
[139.1682,38.4913],
[139.1547,38.4681],
[139.1496,38.4352]
]
],
[
[
[139.2418,33.6389],
[139.2649,33.611],
[139.3071,33.6026],
[139.3425,33.6185],
[139.3556,33.6387],
[139.3572,33.6584],
[139.3496,33.6764],
[139.3294,33.6936],
[139.2843,33.6992],
[139.2454,33.6723],
[139.2418,33.6389]
]
],
[
[
[139.262,41.5184],
[139.2772,41.4665],
[139.3232,41.4427],
[139.3823,41.4481],
[139.4227,41.4613],
[139.4499,41.4882],
[139.4557,41.5192],
[139.441,41.5486],
[139.4115,41.5712],
[139.3779,41.5787],
[139.3234,41.5786],
[139.2831,41.5594],
[139.262,41.5184]
]
],
[
[
[139.2938,34.7035],
[139.3212,34.6694],
[139.3535,34.6505],
[139.3823,34.6387],
[139.4266,34.6339],
[139.464,34.6403],
[139.5008,34.6743],
[139.5068,34.7177],
[139.5013,34.7616],
[139.4861,34.7933],
[139.4518,34.824],
[139.3791,34.8462],
[139.3396,34.843],
[139.3111,34.8221],
[139.2944,34.7965],
[139.2938,34.7035]
]
],
[
[
[139.3187,34.048],
[139.3245,34.025],
[139.3383,34.0099],
[139.3843,33.9963],
[139.417,34.0032],
[139.4382,34.0215],
[139.4804,34.001],
[139.5468,34.0002],
[139.6024,34.0334],
[139.6211,34.064],
[139.6259,34.0991],
[139.6174,34.1252],
[139.5831,34.1579],
[139.5319,34.1734],
[139.4599,34.1609],
[139.4346,34.1375],
[139.418,34.0863],
[139.3908,34.0962],
[139.3567,34.0921],
[139.3296,34.0744],
[139.3187,34.048]
]
],
[
[
[139.332,42.1775],
[139.3411,42.1398],
[139.3388,42.1029],
[139.3527,42.0556],
[139.3929,42.0155],
[139.4296,42.0006],
[139.4704,42.0029],
[139.5316,42.034],
[139.5644,42.0645],
[139.5866,42.1067],
[139.5906,42.1635],
[139.6228,42.1927],
[139.632,42.2127],
[139.6326,42.2524],
[139.6091,42.2946],
[139.5729,42.3103],
[139.5292,42.308],
[139.4937,42.2857],
[139.403,42.2627],
[139.354,42.2266],
[139.332,42.1775]
]
],
[
[
[139.4556,39.1702],
[139.4889,39.1346],
[139.5264,39.1252],
[139.5823,39.1364],
[139.6217,39.1664],
[139.634,39.1903],
[139.6278,39.2205],
[139.5955,39.251],
[139.5581,39.2633],
[139.5243,39.26],
[139.5018,39.2488],
[139.4584,39.2062],
[139.4556,39.1702]
]
],
[
[
[139.5071,10.0314],
[139.5147,10.0142],
[139.5423,10],
[139.8498,10],
[139.8512,10.0304],
[139.8378,10.0507],
[139.8031,10.0642],
[139.7784,10.119],
[139.7337,10.1426],
[139.6716,10.1386],
[139.5861,10.1014],
[139.5192,10.0628],
[139.5071,10.0314]
]
],
[
[
[139.5182,33.8691],
[139.5318,33.8357],
[139.553,33.8179],
[139.6216,33.803],
[139.6487,33.8098],
[139.67,33.8256],
[139.6851,33.8472],
[139.6896,33.8755],
[139.6797,33.9025],
[139.6522,33.9319],
[139.6009,33.95],
[139.5679,33.9433],
[139.5447,33.9289],
[139.5235,33.9],
[139.5182,33.8691]
]
],
[
[
[139.6176,33.1215],
[139.6388,33.0861],
[139.6727,33.0678],
[139.7194,33.0686],
[139.7362,33.0396],
[139.7613,33.0223],
[139.8116,33.0004],
[139.8376,32.9975],
[139.8647,33.0044],
[139.8873,33.0252],
[139.9155,33.0702],
[139.9123,33.1197],
[139.884,33.1547],
[139.8426,33.1695],
[139.8064,33.1997],
[139.7677,33.2096],
[139.733,33.2059],
[139.698,33.1844],
[139.6471,33.1792],
[139.6189,33.1503],
[139.6176,33.1215]
]
],
[
[
[139.6962,32.4482],
[139.7118,32.4174],
[139.74,32.4],
[139.77,32.3933],
[139.7978,32.398],
[139.825,32.4169],
[139.8391,32.4421],
[139.8374,32.4702],
[139.7987,32.5117],
[139.7492,32.5231],
[139.7076,32.5016],
[139.6965,32.4767],
[139.6962,32.4482]
]
],
[
[
[139.7005,42.3467],
[139.7043,42.2419],
[139.7194,42.2171],
[139.7509,42.1929],
[139.8172,42.1737],
[139.8388,42.1325],
[139.8676,42.1023],
[139.9098,42.084],
[139.9822,42.0748],
[140.0488,41.9819],
[140.0677,41.9259],
[140.0518,41.8592],
[140.0125,41.8348],
[140.0022,41.7858],
[139.9392,41.707],
[139.915,41.6153],
[139.9227,41.5319],
[139.9762,41.4302],
[140.0578,41.374],
[140.13,41.3729],
[140.1748,41.3475],
[140.2223,41.3485],
[140.2775,41.3841],
[140.3178,41.4396],
[140.4202,41.4634],
[140.4678,41.4862],
[140.4959,41.5092],
[140.5122,41.545],
[140.4978,41.5944],
[140.5027,41.6455],
[140.5466,41.6519],
[140.6538,41.7076],
[140.6822,41.695],
[140.724,41.6921],
[140.7566,41.7001],
[140.7787,41.716],
[140.8826,41.6951],
[140.9127,41.6723],
[140.9581,41.6588],
[141.0479,41.6647],
[141.1164,41.696],
[141.1488,41.731],
[141.2142,41.749],
[141.2422,41.7704],
[141.2559,41.7923],
[141.2555,41.8291],
[141.2042,41.8855],
[141.1378,41.926],
[141.0302,41.9495],
[140.9556,42.0264],
[140.8913,42.0647],
[140.8663,42.1018],
[140.8374,42.1222],
[140.8107,42.1563],
[140.7599,42.186],
[140.7046,42.1956],
[140.5857,42.1643],
[140.5084,42.2098],
[140.4461,42.2623],
[140.4072,42.2773],
[140.3625,42.2792],
[140.3496,42.2913],
[140.3529,42.3277],
[140.3782,42.4039],
[140.4272,42.4733],
[140.4968,42.5348],
[140.5694,42.5168],
[140.6719,42.5357],
[140.6953,42.5193],
[140.7291,42.4659],
[140.8195,42.417],
[140.8371,42.3644],
[140.8948,42.2847],
[140.9316,42.2573],
[140.9842,42.2466],
[141.0494,42.2618],
[141.1855,42.3898],
[141.2698,42.4237],
[141.3729,42.4907],
[141.4686,42.5367],
[141.5979,42.5724],
[141.6545,42.5768],
[141.7471,42.5661],
[141.855,42.536],
[141.9911,42.441],
[142.0595,42.4191],
[142.135,42.4147],
[142.2468,42.3291],
[142.3553,42.2712],
[142.3991,42.2585],
[142.4587,42.2191],
[142.5482,42.1926],
[142.6208,42.1525],
[142.7258,42.1243],
[142.7844,42.0949],
[142.9103,42.0772],
[142.9575,42.0441],
[143.0736,41.999],
[143.1182,41.9413],
[143.1924,41.888],
[143.2312,41.8739],
[143.2655,41.8746],
[143.309,41.8995],
[143.3192,41.9268],
[143.3128,41.9566],
[143.3783,42.0343],
[143.3905,42.1306],
[143.4085,42.1903],
[143.3857,42.2522],
[143.428,42.3612],
[143.4784,42.4347],
[143.5697,42.5334],
[143.6751,42.6284],
[143.7978,42.7215],
[143.9693,42.8364],
[144.1076,42.9038],
[144.2089,42.9409],
[144.2823,42.9539],
[144.3376,42.9235],
[144.4654,42.8905],
[144.6067,42.8983],
[144.7587,42.8806],
[144.8949,42.8976],
[144.9423,42.9296],
[144.9872,42.9323],
[145.0639,42.9529],
[145.0847,42.9671],
[145.104,42.9941],
[145.1409,43.0017],
[145.2125,43.0345],
[145.2364,43.0588],
[145.2383,43.0893],
[145.2878,43.1153],
[145.4328,43.1335],
[145.4594,43.1148],
[145.5065,43.1073],
[145.5589,43.123],
[145.592,43.1559],
[145.6325,43.1632],
[145.669,43.1863],
[145.6821,43.2101],
[145.6813,43.2468],
[145.7165,43.2575],
[145.7387,43.2785],
[145.8109,43.2867],
[145.8661,43.3329],
[145.898,43.3294],
[145.9291,43.3365],
[145.9732,43.3117],
[146.0139,43.3083],
[146.0592,43.323],
[146.0928,43.3631],
[146.1704,43.3579],
[146.203,43.3656],
[146.2276,43.3839],
[146.2537,43.4244],
[146.2485,43.4521],
[146.2649,43.4746],
[146.2653,43.5023],
[146.2783,43.5311],
[146.2711,43.5561],
[146.2526,43.5733],
[146.3267,43.5661],
[146.3434,43.5319],
[146.3786,43.5142],
[146.4601,43.5194],
[146.4908,43.5319],
[146.5114,43.5575],
[146.5127,43.5781],
[146.4984,43.6193],
[146.4731,43.6435],
[146.4227,43.6533],
[146.4033,43.6734],
[146.3498,43.6978],
[146.3159,43.7048],
[146.2869,43.7011],
[146.219,43.6649],
[146.2022,43.6472],
[146.199,43.6122],
[146.2254,43.5838],
[146.1926,43.5852],
[146.1343,43.6022],
[146.0493,43.5816],
[146.0085,43.5635],
[145.9882,43.5369],
[145.9917,43.506],
[146.0208,43.4795],
[145.9573,43.5107],
[145.8551,43.5123],
[145.8229,43.502],
[145.8011,43.4841],
[145.7888,43.4469],
[145.7473,43.4532],
[145.7024,43.4385],
[145.6301,43.4417],
[145.5813,43.4088],
[145.5352,43.3898],
[145.4567,43.3356],
[145.4343,43.3397],
[145.3515,43.4111],
[145.3208,43.4954],
[145.3742,43.5057],
[145.4105,43.5334],
[145.4217,43.5729],
[145.407,43.6063],
[145.3865,43.6302],
[145.3565,43.6479],
[145.2412,43.6716],
[145.1971,43.6899],
[145.1367,43.7819],
[145.1615,43.8303],
[145.1696,43.8891],
[145.2025,43.9343],
[145.2972,44.0247],
[145.3139,44.0548],
[145.3236,44.1057],
[145.3831,44.1579],
[145.4341,44.241],
[145.4381,44.2713],
[145.4187,44.3431],
[145.4044,44.3719],
[145.3851,44.3869],
[145.3336,44.4028],
[145.2731,44.3867],
[145.2412,44.3447],
[145.1651,44.2767],
[145.1354,44.2282],
[145.069,44.2007],
[144.9738,44.1428],
[144.9263,44.0954],
[144.8879,44.0772],
[144.8435,44.0326],
[144.7973,44.0106],
[144.7745,43.9876],
[144.7234,43.9741],
[144.6338,43.9683],
[144.519,43.9765],
[144.3938,43.9995],
[144.3673,44.0092],
[144.3449,44.0476],
[144.3244,44.0644],
[144.3248,44.1178],
[144.3047,44.147],
[144.2833,44.1604],
[144.2494,44.1673],
[144.1731,44.1608],
[144.1041,44.1797],
[143.9415,44.2015],
[143.733,44.2538],
[143.5751,44.3044],
[143.4392,44.3621],
[143.3944,44.4128],
[143.2995,44.4502],
[143.2619,44.4819],
[143.1305,44.5456],
[143.104,44.571],
[143.0351,44.6049],
[142.9778,44.6668],
[142.7877,44.7981],
[142.7158,44.8762],
[142.7031,44.9016],
[142.6558,44.9442],
[142.6323,44.9959],
[142.5591,45.0905],
[142.4955,45.126],
[142.2218,45.3744],
[142.1115,45.4348],
[142.0858,45.4784],
[142.0388,45.5065],
[142.0096,45.5483],
[141.9663,45.5689],
[141.9268,45.571],
[141.8762,45.5619],
[141.8379,45.5442],
[141.8042,45.5022],
[141.7987,45.4694],
[141.7816,45.4623],
[141.7262,45.4615],
[141.7013,45.4844],
[141.6512,45.5015],
[141.6153,45.4984],
[141.5866,45.484],
[141.5693,45.4598],
[141.5631,45.4309],
[141.5656,45.3937],
[141.5779,45.3618],
[141.5512,45.3392],
[141.5392,45.2991],
[141.4989,45.2501],
[141.4938,45.2151],
[141.5026,45.1677],
[141.6191,44.9757],
[141.7033,44.7715],
[141.7185,44.6542],
[141.7152,44.605],
[141.6914,44.5483],
[141.6817,44.4597],
[141.6522,44.4285],
[141.6115,44.3614],
[141.5858,44.3453],
[141.5744,44.3266],
[141.573,44.3013],
[141.5861,44.2501],
[141.5892,44.1762],
[141.5823,44.138],
[141.5888,44.0483],
[141.5866,44.0197],
[141.5584,43.9663],
[141.5538,43.9417],
[141.5301,43.9126],
[141.4071,43.8817],
[141.3352,43.8459],
[141.313,43.8237],
[141.2638,43.7465],
[141.2594,43.6938],
[141.282,43.6319],
[141.3098,43.5891],
[141.2922,43.5539],
[141.2882,43.5168],
[141.2999,43.4836],
[141.3289,43.4533],
[141.3571,43.4058],
[141.3445,43.3443],
[141.3295,43.3258],
[141.2731,43.2691],
[141.1846,43.2148],
[141.1609,43.205],
[141.0976,43.2274],
[141.083,43.2649],
[141.0252,43.2922],
[140.967,43.2902],
[140.8871,43.2674],
[140.8581,43.2726],
[140.8228,43.2669],
[140.7615,43.2989],
[140.7072,43.3081],
[140.6849,43.3318],
[140.6077,43.3719],
[140.5759,43.4008],
[140.4944,43.4259],
[140.4327,43.4212],
[140.3922,43.3894],
[140.314,43.3828],
[140.2874,43.3659],
[140.276,43.347],
[140.2811,43.3135],
[140.2574,43.247],
[140.2564,43.2099],
[140.3016,43.1488],
[140.3634,43.1136],
[140.4411,43.0173],
[140.3575,42.9753],
[140.3033,42.9076],
[140.2493,42.8603],
[140.2024,42.8795],
[140.1452,42.8706],
[140.121,42.8519],
[140.0774,42.7914],
[140.0354,42.7722],
[140.0034,42.7428],
[139.9143,42.7411],
[139.8718,42.729],
[139.8232,42.7046],
[139.757,42.6421],
[139.7481,42.6222],
[139.7492,42.5916],
[139.776,42.4676],
[139.7651,42.4258],
[139.7005,42.3467]
]
],
[
[
[139.7154,41.378],
[139.7172,41.341],
[139.7583,41.3063],
[139.8051,41.2968],
[139.8563,41.3121],
[139.8816,41.3355],
[139.889,41.3648],
[139.8781,41.3933],
[139.8522,41.4122],
[139.8084,41.4211],
[139.7589,41.4136],
[139.7303,41.3982],
[139.7154,41.378]
]
],
[
[
[139.8555,31.8992],
[139.8638,31.8589],
[139.8988,31.8356],
[139.9453,31.8384],
[139.9783,31.8698],
[139.9761,31.911],
[139.9605,31.9285],
[139.9337,31.9406],
[139.8839,31.9337],
[139.8555,31.8992]
]
],
[
[
[139.9922,31.4463],
[140.0039,31.4075],
[140.043,31.3881],
[140.0884,31.3979],
[140.1038,31.4123],
[140.1121,31.4348],
[140.0976,31.471],
[140.0591,31.4892],
[140.0149,31.4797],
[139.9922,31.4463]
]
],
[
[
[140.2278,30.487],
[140.2324,30.4641],
[140.2679,30.4296],
[140.2976,30.4221],
[140.3287,30.4266],
[140.3673,30.458],
[140.374,30.4853],
[140.3679,30.5086],
[140.3499,30.5305],
[140.3257,30.5431],
[140.2717,30.5401],
[140.2331,30.5062],
[140.2278,30.487]
]
],
[
[
[140.2857,29.7805],
[140.3083,29.7522],
[140.3506,29.7433],
[140.3856,29.7596],
[140.3986,29.7807],
[140.4,29.8005],
[140.3772,29.834],
[140.3329,29.8435],
[140.3069,29.8339],
[140.2917,29.8191],
[140.2857,29.7805]
]
],
[
[
[140.8099,27.2539],
[140.8147,27.2251],
[140.8445,27.1927],
[140.8875,27.1854],
[140.9144,27.1934],
[140.9344,27.2097],
[140.9476,27.2325],
[140.9494,27.2578],
[140.9363,27.2851],
[140.9162,27.3018],
[140.8854,27.3103],
[140.857,27.3062],
[140.831,27.2926],
[140.8152,27.2737],
[140.8099,27.2539]
]
],
[
[
[140.8914,45.4778],
[140.8962,45.4371],
[140.9156,45.4034],
[140.9162,45.3494],
[140.9451,45.2731],
[140.9643,45.2447],
[141.0103,45.2224],
[141.0677,45.2274],
[141.0621,45.1826],
[141.0769,45.1411],
[141.1218,45.1001],
[141.188,45.0609],
[141.2589,45.0477],
[141.3282,45.0733],
[141.3847,45.1233],
[141.3988,45.1515],
[141.3887,45.2059],
[141.3648,45.2434],
[141.3163,45.2772],
[141.2161,45.3077],
[141.1648,45.306],
[141.1213,45.281],
[141.1302,45.3222],
[141.1271,45.4004],
[141.135,45.4264],
[141.1094,45.4765],
[141.0664,45.5072],
[140.9819,45.5289],
[140.9382,45.5268],
[140.9054,45.5086],
[140.8914,45.4778]
]
],
[
[
[141.1332,46.2833],
[141.1409,46.2057],
[141.1649,46.1847],
[141.2107,46.1717],
[141.2593,46.1734],
[141.3125,46.1939],
[141.3374,46.2206],
[141.3414,46.2545],
[141.3067,46.3182],
[141.2478,46.3453],
[141.2155,46.3448],
[141.1679,46.3298],
[141.143,46.3095],
[141.1332,46.2833]
]
],
[
[
[141.2158,25.4134],
[141.2415,25.3754],
[141.2939,25.3661],
[141.3198,25.3764],
[141.3437,25.399],
[141.3504,25.4428],
[141.3395,25.4721],
[141.3206,25.491],
[141.2945,25.501],
[141.2661,25.5005],
[141.227,25.4737],
[141.2158,25.4446],
[141.2158,25.4134]
]
],
[
[
[141.2187,44.4312],
[141.2252,44.3962],
[141.2656,44.3673],
[141.32,44.362],
[141.3704,44.38],
[141.434,44.3768],
[141.4838,44.3967],
[141.5017,44.4288],
[141.4857,44.4739],
[141.4664,44.4889],
[141.4328,44.4985],
[141.3598,44.4889],
[141.3021,44.4926],
[141.2467,44.4637],
[141.2187,44.4312]
]
],
[
[
[141.2252,24.7443],
[141.2357,24.7187],
[141.2561,24.7008],
[141.2881,24.6938],
[141.3419,24.7027],
[141.3887,24.7416],
[141.4049,24.7696],
[141.4049,24.8034],
[141.3878,24.8391],
[141.3634,24.8603],
[141.3114,24.868],
[141.2559,24.8499],
[141.2336,24.8271],
[141.2252,24.7443]
]
],
[
[
[141.3964,24.2475],
[141.3972,24.2185],
[141.4121,24.1919],
[141.4391,24.1748],
[141.4677,24.1725],
[141.4944,24.1806],
[141.516,24.1988],
[141.5422,24.2685],
[141.5318,24.3083],
[141.4935,24.3296],
[141.4699,24.3285],
[141.445,24.3162],
[141.4039,24.2672],
[141.3964,24.2475]
]
],
[
[
[141.7301,46.5963],
[141.7341,46.5187],
[141.7531,46.4454],
[141.8105,46.3001],
[141.8119,46.2633],
[141.8519,46.095],
[141.8524,46.0795],
[141.8364,46.0527],
[141.8398,46.026],
[141.9068,45.972],
[141.9708,45.8924],
[142.0238,45.8541],
[142.0576,45.8411],
[142.1026,45.8419],
[142.1299,45.8525],
[142.152,45.8736],
[142.1663,45.9093],
[142.1649,45.9567],
[142.2251,45.9785],
[142.2546,46.0113],
[142.2686,46.0631],
[142.3115,46.1537],
[142.3261,46.2639],
[142.3689,46.3536],
[142.4257,46.4359],
[142.514,46.6144],
[142.5359,46.6369],
[142.5903,46.663],
[142.6645,46.6751],
[142.6735,46.6355],
[142.6953,46.592],
[142.7201,46.5686],
[142.7568,46.5536],
[142.8271,46.5532],
[142.8988,46.5705],
[142.9512,46.5543],
[143.0753,46.5412],
[143.1469,46.5475],
[143.1967,46.519],
[143.2612,46.452],
[143.2523,46.4223],
[143.2598,46.3829],
[143.3135,46.2808],
[143.3429,46.2039],
[143.329,46.1685],
[143.3299,46.1331],
[143.3139,46.0849],
[143.3399,45.9964],
[143.3847,45.9673],
[143.444,45.9684],
[143.483,45.9934],
[143.5459,46.1012],
[143.5374,46.1751],
[143.5649,46.1958],
[143.5904,46.2475],
[143.6258,46.2748],
[143.6409,46.3163],
[143.6777,46.3388],
[143.6955,46.3731],
[143.6906,46.4046],
[143.645,46.4361],
[143.6153,46.504],
[143.6052,46.5757],
[143.5912,46.6023],
[143.5964,46.63],
[143.5773,46.6761],
[143.587,46.7184],
[143.5672,46.7656],
[143.5563,46.8214],
[143.5399,46.8504],
[143.5049,46.8832],
[143.4658,46.9006],
[143.434,46.9046],
[143.3707,46.8879],
[143.3517,46.871],
[143.3436,46.849],
[143.3348,46.8492],
[143.2599,46.8732],
[143.2082,46.9164],
[143.1742,46.9329],
[143.1679,46.9768],
[143.1017,47.0885],
[143.1166,47.1303],
[143.0862,47.271],
[143.0321,47.3342],
[143.0099,47.3759],
[142.9852,47.398],
[142.8917,47.4528],
[142.8138,47.482],
[142.7375,47.5456],
[142.6561,47.6583],
[142.6152,47.7727],
[142.602,47.7915],
[142.5983,47.8297],
[142.6061,47.8695],
[142.5944,47.897],
[142.6078,47.9431],
[142.6065,47.9866],
[142.6282,48.0176],
[142.6355,48.095],
[142.6854,48.1967],
[142.7012,48.2608],
[142.7316,48.303],
[142.7814,48.4034],
[142.8123,48.5156],
[142.8646,48.6191],
[142.9149,48.7027],
[143.0375,48.859],
[143.0602,48.905],
[143.0585,48.9855],
[143.0296,49.0214],
[143.0233,49.049],
[143.0491,49.0989],
[143.1212,49.1567],
[143.1763,49.1891],
[143.3802,49.252],
[143.4461,49.2616],
[143.5866,49.2672],
[143.778,49.254],
[144.0467,49.1985],
[144.0804,49.1819],
[144.1747,49.1047],
[144.2161,49.0542],
[144.2826,49.0024],
[144.3758,48.9567],
[144.4773,48.8801],
[144.5153,48.8272],
[144.5799,48.7641],
[144.5771,48.7031],
[144.5977,48.6674],
[144.5934,48.6336],
[144.6113,48.611],
[144.6578,48.5939],
[144.7083,48.5974],
[144.7583,48.5905],
[144.8005,48.6027],
[144.8254,48.6282],
[144.8209,48.6691],
[144.7795,48.6968],
[144.7517,48.7342],
[144.7776,48.7596],
[144.7836,48.7799],
[144.7565,48.831],
[144.7648,48.8638],
[144.7586,48.8839],
[144.7128,48.9265],
[144.4762,49.0546],
[144.4654,49.0882],
[144.4304,49.1348],
[144.3963,49.2075],
[144.3671,49.2475],
[144.3191,49.3665],
[144.3197,49.3971],
[144.3005,49.434],
[144.3001,49.4695],
[144.3113,49.5044],
[144.3036,49.5305],
[144.2039,49.6412],
[144.1951,49.6786],
[144.1969,49.7577],
[144.0894,49.9359],
[144.0682,49.9824],
[144.0689,50],
[144.0635,50],
[142.0655,50],
[142.0599,49.9999],
[142.0697,49.9893],
[142.0489,49.9528],
[142.0613,49.9051],
[142.0568,49.8723],
[142.084,49.7949],
[142.0724,49.7412],
[142.0767,49.6586],
[142.0623,49.598],
[142.0672,49.5648],
[142.0589,49.4998],
[142.0481,49.4678],
[142.0241,49.4394],
[141.9939,49.3394],
[141.9864,49.2811],
[142.0033,49.224],
[141.9856,49.1908],
[141.9523,49.1563],
[141.9462,49.1268],
[141.9563,49.0847],
[141.927,49.019],
[141.9185,48.9628],
[141.8846,48.9272],
[141.8897,48.8878],
[141.8338,48.8624],
[141.8084,48.8417],
[141.7772,48.8023],
[141.7684,48.7607],
[141.7913,48.6713],
[141.8319,48.6097],
[141.8439,48.5762],
[142.0169,48.3873],
[142.0695,48.3047],
[142.0715,48.2401],
[142.0886,48.2011],
[142.085,48.1338],
[142.097,48.0337],
[142.1201,47.978],
[142.0979,47.9481],
[142.0194,47.8839],
[142.0053,47.8573],
[141.9992,47.8223],
[141.9332,47.7242],
[141.9234,47.6878],
[141.8814,47.6274],
[141.8861,47.5967],
[141.8771,47.5253],
[141.8879,47.4795],
[141.8877,47.4386],
[141.9147,47.364],
[141.8906,47.3198],
[141.8877,47.285],
[141.8977,47.2649],
[141.9677,47.1931],
[141.9771,47.1542],
[141.9771,47.0886],
[141.953,47.0435],
[141.9502,47.0092],
[141.92,46.9377],
[141.8446,46.824],
[141.7846,46.7152],
[141.7691,46.6487],
[141.7383,46.6223],
[141.7301,46.5963]
]
],
[
[
[142.0306,27.7133],
[142.0666,27.6578],
[142.1057,27.624],
[142.1345,27.5829],
[142.1869,27.5677],
[142.2275,27.5848],
[142.2458,27.6258],
[142.2361,27.6566],
[142.1616,27.7573],
[142.1312,27.7702],
[142.0736,27.7719],
[142.0378,27.7479],
[142.0306,27.7133]
]
],
[
[
[142.0554,26.595],
[142.0666,26.5718],
[142.0849,26.5578],
[142.0888,26.5298],
[142.1175,26.4969],
[142.1616,26.4895],
[142.1909,26.5006],
[142.2266,26.5017],
[142.2679,26.5222],
[142.288,26.5401],
[142.2966,26.5636],
[142.2942,26.5888],
[142.2783,26.6128],
[142.2388,26.6338],
[142.2409,26.6721],
[142.2138,26.7272],
[142.1819,26.7552],
[142.1398,26.7719],
[142.0861,26.7658],
[142.0693,26.7519],
[142.0568,26.7256],
[142.0593,26.6908],
[142.0794,26.6493],
[142.0579,26.6209],
[142.0554,26.595]
]
],
[
[
[142.0955,27.1091],
[142.1012,27.0894],
[142.1186,27.0706],
[142.1161,27.0249],
[142.1274,27.0018],
[142.1601,26.9829],
[142.2037,26.9881],
[142.2484,26.9832],
[142.2834,26.9999],
[142.2965,27.0215],
[142.2959,27.0625],
[142.3076,27.0965],
[142.2996,27.1207],
[142.2591,27.1709],
[142.2409,27.2293],
[142.2192,27.2455],
[142.1907,27.2506],
[142.1541,27.2396],
[142.1291,27.2176],
[142.0955,27.1091]
]
],
[
[
[142.1412,27.4863],
[142.1724,27.4427],
[142.198,27.4337],
[142.2249,27.4356],
[142.2693,27.4668],
[142.2775,27.4901],
[142.2742,27.5143],
[142.239,27.5487],
[142.2108,27.556],
[142.1843,27.5529],
[142.1485,27.5289],
[142.1412,27.4863]
]
],
[
[
[144.8356,20.5546],
[144.8364,20.5308],
[144.8477,20.5093],
[144.8871,20.4882],
[144.9245,20.4967],
[144.9492,20.5368],
[144.9496,20.5596],
[144.9397,20.5802],
[144.9034,20.6006],
[144.8577,20.5889],
[144.8356,20.5546]
]
],
[
[
[145.067,14.1282],
[145.0678,14.1092],
[145.0932,14.0736],
[145.1713,14.0605],
[145.2212,14.0683],
[145.3234,14.1334],
[145.3407,14.1911],
[145.3311,14.2179],
[145.3122,14.2354],
[145.2543,14.2507],
[145.2199,14.2459],
[145.1317,14.21],
[145.0799,14.158],
[145.067,14.1282]
]
],
[
[
[145.1569,20.0339],
[145.1591,20.0048],
[145.1883,19.9691],
[145.2339,19.9635],
[145.2735,19.9861],
[145.2883,20.0125],
[145.2868,20.038],
[145.2555,20.0766],
[145.2055,20.0822],
[145.1811,20.0709],
[145.1637,20.0512],
[145.1569,20.0339]
]
],
[
[
[145.3202,43.8293],
[145.3435,43.7678],
[145.3397,43.7386],
[145.3507,43.7079],
[145.3918,43.671],
[145.4218,43.6613],
[145.4568,43.6611],
[145.4752,43.6225],
[145.5027,43.6034],
[145.5457,43.596],
[145.5883,43.607],
[145.6166,43.6279],
[145.6308,43.6588],
[145.6542,43.8272],
[145.6859,43.8502],
[145.7421,43.8586],
[145.8388,43.8955],
[145.8606,43.927],
[145.8705,43.9638],
[145.9131,43.9723],
[145.9436,43.9964],
[145.9511,44.0171],
[145.9459,44.0444],
[145.9724,44.0689],
[145.9828,44.0954],
[146.0313,44.1189],
[146.1016,44.1358],
[146.1229,44.1584],
[146.1374,44.2056],
[146.244,44.2168],
[146.3361,44.2284],
[146.4221,44.2814],
[146.4404,44.3075],
[146.4712,44.2994],
[146.5118,44.301],
[146.5778,44.3324],
[146.6048,44.3556],
[146.6315,44.414],
[146.6595,44.4425],
[146.6642,44.4642],
[146.6569,44.4855],
[146.6267,44.5096],
[146.5818,44.5177],
[146.5445,44.5094],
[146.4896,44.4807],
[146.3602,44.472],
[146.3026,44.4971],
[146.2706,44.5264],
[146.2002,44.5694],
[146.1534,44.5743],
[146.0879,44.556],
[146.019,44.5086],
[145.9876,44.4542],
[145.9367,44.4105],
[145.9267,44.3897],
[145.9292,44.3665],
[145.9148,44.3405],
[145.8352,44.2909],
[145.7753,44.2163],
[145.6839,44.1404],
[145.6647,44.1126],
[145.6569,44.0797],
[145.6241,44.0667],
[145.6018,44.0403],
[145.5496,44.0176],
[145.4724,43.9608],
[145.413,43.9383],
[145.3824,43.8964],
[145.3369,43.8707],
[145.3202,43.8293]
]
],
[
[
[145.3386,19.6984],
[145.3517,19.6535],
[145.3877,19.632],
[145.4348,19.64],
[145.4667,19.677],
[145.4691,19.7027],
[145.4595,19.7287],
[145.4416,19.746],
[145.4177,19.755],
[145.3864,19.7549],
[145.3641,19.7449],
[145.3508,19.7313],
[145.3386,19.6984]
]
],
[
[
[145.4901,14.8342],
[145.5049,14.8098],
[145.5264,14.7953],
[145.5821,14.8008],
[145.6204,14.8288],
[145.6312,14.8536],
[145.6292,14.8763],
[145.6737,14.8896],
[145.7034,14.9271],
[145.7235,15.0071],
[145.7104,15.055],
[145.7484,15.0448],
[145.776,15.0541],
[145.7893,15.068],
[145.8033,15.1074],
[145.8372,15.1402],
[145.8436,15.1679],
[145.8323,15.1964],
[145.871,15.2367],
[145.8828,15.2719],
[145.8694,15.3081],
[145.844,15.3335],
[145.8157,15.3406],
[145.7874,15.3345],
[145.7342,15.2903],
[145.6987,15.2903],
[145.6735,15.276],
[145.6608,15.2507],
[145.6608,15.1911],
[145.6454,15.155],
[145.6144,15.1442],
[145.5683,15.1007],
[145.5347,15.0438],
[145.5337,14.9874],
[145.5772,14.9367],
[145.5783,14.9167],
[145.5302,14.904],
[145.5041,14.8855],
[145.4918,14.8624],
[145.4901,14.8342]
]
],
[
[
[145.5835,18.7731],
[145.5915,18.7391],
[145.6202,18.6981],
[145.6493,18.6812],
[145.6785,18.6796],
[145.7166,18.6975],
[145.7364,18.7229],
[145.7435,18.7464],
[145.7492,18.7789],
[145.7426,18.8077],
[145.7183,18.8363],
[145.6823,18.8577],
[145.6456,18.8606],
[145.6209,18.8496],
[145.5879,18.7976],
[145.5835,18.7731]
]
],
[
[
[145.5872,16.3793],
[145.5918,16.322],
[145.6256,16.2893],
[145.6826,16.2844],
[145.7287,16.2931],
[145.7583,16.3148],
[145.773,16.3469],
[145.7659,16.3813],
[145.7396,16.4078],
[145.713,16.4172],
[145.6492,16.4204],
[145.6188,16.4134],
[145.5872,16.3793]
]
],
[
[
[145.6554,18.0567],
[145.6595,18.0246],
[145.6878,17.9998],
[145.7366,18.0009],
[145.7723,18.024],
[145.7943,18.0539],
[145.8335,18.0691],
[145.8495,18.1139],
[145.856,18.1569],
[145.8381,18.1989],
[145.8046,18.2156],
[145.7524,18.2121],
[145.713,18.1799],
[145.7064,18.1306],
[145.6809,18.114],
[145.6655,18.0919],
[145.6554,18.0567]
]
],
[
[
[145.7179,16.7177],
[145.7194,16.693],
[145.7355,16.6634],
[145.7684,16.6442],
[145.7966,16.6459],
[145.8178,16.6567],
[145.8318,16.6709],
[145.841,16.6968],
[145.831,16.7399],
[145.7916,16.7644],
[145.7661,16.7643],
[145.7432,16.7544],
[145.7179,16.7177]
]
],
[
[
[145.766,17.6047],
[145.7805,17.5575],
[145.8206,17.5318],
[145.8678,17.5435],
[145.8902,17.566],
[145.8997,17.5917],
[145.8986,17.6186],
[145.8862,17.6435],
[145.8667,17.661],
[145.8434,17.6688],
[145.7909,17.6569],
[145.7733,17.6347],
[145.766,17.6047]
]
],
[
[
[145.7826,17.3315],
[145.7872,17.2839],
[145.8268,17.2505],
[145.8462,17.2476],
[145.8738,17.2567],
[145.8977,17.2916],
[145.8957,17.3364],
[145.8793,17.3574],
[145.8564,17.3701],
[145.8128,17.366],
[145.7826,17.3315]
]
],
[
[
[146.0022,16.0172],
[146.0107,15.9771],
[146.034,15.9602],
[146.0534,15.9572],
[146.081,15.9665],
[146.0967,15.9825],
[146.116,16.018],
[146.1056,16.0571],
[146.0728,16.0764],
[146.0314,16.0666],
[146.0022,16.0172]
]
],
[
[
[146.5089,43.8169],
[146.5159,43.774],
[146.5091,43.7475],
[146.5217,43.7118],
[146.5675,43.6711],
[146.6111,43.6469],
[146.6549,43.6425],
[146.7095,43.6554],
[146.7639,43.6847],
[146.8445,43.7019],
[146.8792,43.7341],
[146.9595,43.7703],
[146.9819,43.7953],
[146.9976,43.8484],
[146.978,43.8834],
[146.8749,43.9421],
[146.8081,43.9466],
[146.7278,43.9228],
[146.6669,43.8846],
[146.5915,43.8756],
[146.5381,43.8502],
[146.5089,43.8169]
]
],
[
[
[146.7834,44.4448],
[146.8037,44.4064],
[146.842,44.3841],
[146.8832,44.3743],
[146.9556,44.3704],
[147.0025,44.3827],
[147.052,44.4177],
[147.094,44.4908],
[147.1142,44.5088],
[147.1779,44.5068],
[147.2658,44.5332],
[147.3233,44.5778],
[147.3407,44.6208],
[147.3906,44.6714],
[147.4162,44.6823],
[147.4511,44.7118],
[147.5353,44.7404],
[147.5679,44.7677],
[147.6242,44.7915],
[147.7294,44.905],
[147.788,44.8903],
[147.9489,44.9176],
[147.9876,44.9447],
[148.0395,44.9671],
[148.0858,45.0182],
[148.1191,45.0375],
[148.1476,45.0686],
[148.2398,45.1084],
[148.3462,45.1718],
[148.5195,45.2018],
[148.5586,45.2211],
[148.5869,45.2525],
[148.6432,45.2744],
[148.6872,45.28],
[148.7766,45.2734],
[148.8873,45.2976],
[148.908,45.3136],
[148.9552,45.3773],
[148.9556,45.404],
[148.9337,45.4393],
[148.9613,45.4703],
[148.9685,45.496],
[148.9624,45.5312],
[148.9286,45.5716],
[148.8539,45.6044],
[148.7571,45.6122],
[148.625,45.5931],
[148.5934,45.5782],
[148.5647,45.5446],
[148.5252,45.531],
[148.4941,45.4983],
[148.4252,45.4598],
[148.3803,45.3893],
[148.3581,45.3747],
[148.3167,45.359],
[148.2797,45.3318],
[148.1462,45.315],
[148.0856,45.3178],
[148.0753,45.357],
[148.0538,45.3848],
[148.0396,45.437],
[148.0181,45.4599],
[147.9475,45.4894],
[147.8813,45.4882],
[147.8328,45.4609],
[147.7765,45.382],
[147.7722,45.3606],
[147.79,45.2702],
[147.6827,45.2377],
[147.6371,45.1925],
[147.6179,45.1518],
[147.5111,45.1749],
[147.4796,45.1716],
[147.4451,45.156],
[147.427,45.1384],
[147.4199,45.1173],
[147.4277,45.091],
[147.4487,45.071],
[147.4343,45.031],
[147.3952,45.0131],
[147.3363,44.9568],
[147.2263,44.9167],
[147.1899,44.8803],
[147.1153,44.8839],
[147.0663,44.8711],
[147.0438,44.8562],
[147.0202,44.8194],
[147.0279,44.7819],
[147.0516,44.7492],
[147.1071,44.7182],
[147.0872,44.7061],
[147.0318,44.719],
[146.9502,44.7074],
[146.924,44.6961],
[146.8907,44.668],
[146.866,44.6339],
[146.854,44.6012],
[146.8591,44.5653],
[146.8104,44.5306],
[146.7915,44.5013],
[146.7834,44.4448]
]
],
[
[
[149.3144,45.5744],
[149.3306,45.544],
[149.3673,45.5255],
[149.5402,45.5202],
[149.6969,45.5746],
[149.7849,45.634],
[149.843,45.6847],
[149.9144,45.732],
[149.9647,45.7488],
[149.9872,45.767],
[150,45.7693],
[150,46.1338],
[149.929,46.1015],
[149.9133,46.0831],
[149.9081,46.0616],
[149.8296,46.0097],
[149.7611,45.9218],
[149.7334,45.9096],
[149.6927,45.912],
[149.646,45.9031],
[149.5918,45.873],
[149.5527,45.8308],
[149.511,45.7999],
[149.4659,45.7306],
[149.3784,45.683],
[149.3657,45.6634],
[149.3659,45.6383],
[149.3249,45.6052],
[149.3144,45.5744]
]
]
]}
}
